datetime,open,high,low,close,volume
2026-06-08 09:15:00,14.82,14.98,14.78,14.97,50238776
2026-06-08 09:20:00,14.98,14.98,14.9,14.9,18847147
2026-06-08 09:25:00,14.91,14.96,14.88,14.95,13241866
2026-06-08 09:30:00,14.95,15.02,14.92,14.98,18137624
2026-06-08 09:35:00,14.97,14.98,14.91,14.97,7741152
2026-06-08 09:40:00,14.96,14.97,14.92,14.94,4441059
2026-06-08 09:45:00,14.95,15.0,14.93,14.94,7138646
2026-06-08 09:50:00,14.94,15.01,14.92,14.99,20449781
2026-06-08 09:55:00,15.0,15.04,14.95,14.98,11987509
2026-06-08 10:00:00,14.97,14.98,14.95,14.95,3203919
2026-06-08 10:05:00,14.95,14.96,14.93,14.96,5670621
2026-06-08 10:10:00,14.96,14.98,14.95,14.97,3025405
2026-06-08 10:15:00,14.96,14.98,14.96,14.96,1682122
2026-06-08 10:20:00,14.96,14.98,14.94,14.94,2844694
2026-06-08 10:25:00,14.95,14.95,14.89,14.91,14528247
2026-06-08 10:30:00,14.91,15.0,14.91,14.99,7562177
2026-06-08 10:35:00,14.99,14.99,14.96,14.97,2562449
2026-06-08 10:40:00,14.97,14.99,14.96,14.96,1977488
2026-06-08 10:45:00,14.97,14.98,14.95,14.96,1538340
2026-06-08 10:50:00,14.97,14.97,14.95,14.96,1028213
2026-06-08 10:55:00,14.96,14.96,14.95,14.96,954009
2026-06-08 11:00:00,14.95,14.97,14.95,14.97,826811
2026-06-08 11:05:00,14.96,14.97,14.95,14.95,739629
2026-06-08 11:10:00,14.95,14.96,14.93,14.94,2051743
2026-06-08 11:15:00,14.93,14.95,14.93,14.93,3198326
2026-06-08 11:20:00,14.94,14.95,14.93,14.94,1092227
2026-06-08 11:25:00,14.93,14.94,14.93,14.94,1353930
2026-06-08 11:30:00,14.93,14.94,14.91,14.91,3698544
2026-06-08 11:35:00,14.91,14.93,14.91,14.92,1487286
2026-06-08 11:40:00,14.93,14.94,14.92,14.93,998728
2026-06-08 11:45:00,14.92,14.93,14.92,14.93,1188152
2026-06-08 11:50:00,14.92,14.94,14.92,14.94,819249
2026-06-08 11:55:00,14.93,14.95,14.93,14.94,811443
2026-06-08 12:00:00,14.95,14.95,14.93,14.95,1752269
2026-06-08 12:05:00,14.94,14.95,14.92,14.94,2218676
2026-06-08 12:10:00,14.93,14.95,14.92,14.94,2057155
2026-06-08 12:15:00,14.93,14.94,14.93,14.93,576054
2026-06-08 12:20:00,14.94,14.94,14.93,14.93,688605
2026-06-08 12:25:00,14.94,14.94,14.93,14.94,1097549
2026-06-08 12:30:00,14.93,14.94,14.93,14.94,1126686
2026-06-08 12:35:00,14.93,14.94,14.93,14.94,664248
2026-06-08 12:40:00,14.94,14.94,14.92,14.92,1089073
2026-06-08 12:45:00,14.92,14.93,14.92,14.93,964861
2026-06-08 12:50:00,14.92,14.96,14.92,14.94,4923615
2026-06-08 12:55:00,14.94,14.95,14.93,14.93,949691
2026-06-08 13:00:00,14.93,14.94,14.87,14.89,8085693
2026-06-08 13:05:00,14.89,14.92,14.88,14.9,2091039
2026-06-08 13:10:00,14.9,14.92,14.89,14.91,2758203
2026-06-08 13:15:00,14.91,14.93,14.91,14.93,2304408
2026-06-08 13:20:00,14.93,14.93,14.91,14.91,863234
2026-06-08 13:25:00,14.91,14.92,14.9,14.92,1255938
2026-06-08 13:30:00,14.91,14.92,14.89,14.9,3234369
2026-06-08 13:35:00,14.89,14.9,14.88,14.89,4497317
2026-06-08 13:40:00,14.88,14.89,14.86,14.87,3831257
2026-06-08 13:45:00,14.87,14.89,14.86,14.88,3231263
2026-06-08 13:50:00,14.88,14.89,14.86,14.87,2807399
2026-06-08 13:55:00,14.86,14.87,14.83,14.84,6736214
2026-06-08 14:00:00,14.84,14.86,14.83,14.84,4797188
2026-06-08 14:05:00,14.84,14.85,14.8,14.8,6909483
2026-06-08 14:10:00,14.8,14.82,14.8,14.81,3649392
2026-06-08 14:15:00,14.82,14.83,14.66,14.7,20452485
2026-06-08 14:20:00,14.69,14.72,14.62,14.67,13341556
2026-06-08 14:25:00,14.66,14.69,14.58,14.61,15838981
2026-06-08 14:30:00,14.6,14.62,14.55,14.57,10576946
2026-06-08 14:35:00,14.58,14.65,14.57,14.59,10064894
2026-06-08 14:40:00,14.59,14.63,14.58,14.61,6320386
2026-06-08 14:45:00,14.61,14.62,14.57,14.59,8956582
2026-06-08 14:50:00,14.6,14.61,14.54,14.55,12793355
2026-06-08 14:55:00,14.55,14.6,14.54,14.6,11237009
2026-06-08 15:00:00,14.6,14.6,14.52,14.53,12024154
2026-06-08 15:05:00,14.53,14.54,14.46,14.46,23138327
2026-06-08 15:10:00,14.45,14.49,14.45,14.46,15992062
2026-06-08 15:15:00,14.46,14.47,14.35,14.36,32314379
2026-06-08 15:20:00,14.35,14.37,14.31,14.33,32765311
2026-06-08 15:25:00,14.34,14.36,14.26,14.35,30768737
2026-06-09 09:15:00,14.8,14.85,14.42,14.61,147747966
2026-06-09 09:20:00,14.62,14.68,14.56,14.6,40253506
2026-06-09 09:25:00,14.59,14.61,14.48,14.55,30049002
2026-06-09 09:30:00,14.55,14.59,14.47,14.57,18617181
2026-06-09 09:35:00,14.56,14.64,14.55,14.6,8519188
2026-06-09 09:40:00,14.6,14.75,14.56,14.7,26622390
2026-06-09 09:45:00,14.71,14.72,14.58,14.61,24709532
2026-06-09 09:50:00,14.6,14.67,14.6,14.64,6557534
2026-06-09 09:55:00,14.64,14.7,14.61,14.67,9723328
2026-06-09 10:00:00,14.66,14.71,14.59,14.6,11334006
2026-06-09 10:05:00,14.6,14.63,14.55,14.57,11435544
2026-06-09 10:10:00,14.56,14.6,14.51,14.55,11264099
2026-06-09 10:15:00,14.55,14.56,14.48,14.55,12258354
2026-06-09 10:20:00,14.55,14.57,14.52,14.54,8731631
2026-06-09 10:25:00,14.54,14.68,14.52,14.65,13660015
2026-06-09 10:30:00,14.64,14.69,14.62,14.63,10375304
2026-06-09 10:35:00,14.63,14.63,14.59,14.59,3897414
2026-06-09 10:40:00,14.6,14.61,14.57,14.61,2731216
2026-06-09 10:45:00,14.6,14.63,14.58,14.58,4061859
2026-06-09 10:50:00,14.59,14.6,14.57,14.58,4397272
2026-06-09 10:55:00,14.58,14.61,14.58,14.59,2855199
2026-06-09 11:00:00,14.59,14.6,14.58,14.6,1299118
2026-06-09 11:05:00,14.58,14.6,14.49,14.49,15734402
2026-06-09 11:10:00,14.5,14.51,14.45,14.45,10946844
2026-06-09 11:15:00,14.46,14.48,14.43,14.47,8586944
2026-06-09 11:20:00,14.47,14.48,14.41,14.42,9570737
2026-06-09 11:25:00,14.41,14.42,14.37,14.39,13093472
2026-06-09 11:30:00,14.39,14.4,14.33,14.38,9216165
2026-06-09 11:35:00,14.38,14.41,14.37,14.38,4863322
2026-06-09 11:40:00,14.39,14.39,14.28,14.34,17789434
2026-06-09 11:45:00,14.33,14.39,14.31,14.37,12259776
2026-06-09 11:50:00,14.36,14.38,14.34,14.37,5100018
2026-06-09 11:55:00,14.38,14.47,14.36,14.47,10260708
2026-06-09 12:00:00,14.46,14.48,14.42,14.42,8041331
2026-06-09 12:05:00,14.42,14.44,14.38,14.4,6231829
2026-06-09 12:10:00,14.39,14.44,14.39,14.41,5436458
2026-06-09 12:15:00,14.43,14.43,14.4,14.41,3916999
2026-06-09 12:20:00,14.42,14.42,14.38,14.39,3035591
2026-06-09 12:25:00,14.39,14.44,14.39,14.42,3591314
2026-06-09 12:30:00,14.43,14.45,14.42,14.44,3628460
2026-06-09 12:35:00,14.44,14.44,14.42,14.43,3119542
2026-06-09 12:40:00,14.42,14.46,14.42,14.45,6420271
2026-06-09 12:45:00,14.46,14.48,14.45,14.47,5096936
2026-06-09 12:50:00,14.47,14.48,14.42,14.42,3794816
2026-06-09 12:55:00,14.42,14.43,14.38,14.39,4291677
2026-06-09 13:00:00,14.39,14.4,14.38,14.38,2607901
2026-06-09 13:05:00,14.39,14.4,14.37,14.37,2176541
2026-06-09 13:10:00,14.38,14.39,14.37,14.37,2140902
2026-06-09 13:15:00,14.38,14.4,14.37,14.39,2153988
2026-06-09 13:20:00,14.38,14.39,14.34,14.34,4017746
2026-06-09 13:25:00,14.34,14.35,14.21,14.25,16566470
2026-06-09 13:30:00,14.24,14.3,14.24,14.3,10314265
2026-06-09 13:35:00,14.3,14.3,14.26,14.27,5197815
2026-06-09 13:40:00,14.26,14.33,14.25,14.28,5855141
2026-06-09 13:45:00,14.28,14.29,14.12,14.15,19332179
2026-06-09 13:50:00,14.13,14.18,14.1,14.18,14136262
2026-06-09 13:55:00,14.18,14.23,14.12,14.12,11890153
2026-06-09 14:00:00,14.12,14.14,14.1,14.11,9939176
2026-06-09 14:05:00,14.11,14.18,14.1,14.17,8364787
2026-06-09 14:10:00,14.17,14.19,14.14,14.15,8124344
2026-06-09 14:15:00,14.15,14.15,14.11,14.13,6451119
2026-06-09 14:20:00,14.12,14.14,14.03,14.11,23891285
2026-06-09 14:25:00,14.12,14.16,14.09,14.15,10561425
2026-06-09 14:30:00,14.14,14.16,14.11,14.13,10694161
2026-06-09 14:35:00,14.14,14.14,14.11,14.11,5485646
2026-06-09 14:40:00,14.13,14.19,14.12,14.13,18809014
2026-06-09 14:45:00,14.13,14.14,14.07,14.11,10962136
2026-06-09 14:50:00,14.11,14.16,14.09,14.16,7891982
2026-06-09 14:55:00,14.16,14.2,14.16,14.18,14525473
2026-06-09 15:00:00,14.2,14.2,14.11,14.13,12800453
2026-06-09 15:05:00,14.14,14.19,14.14,14.16,18672155
2026-06-09 15:10:00,14.17,14.19,14.17,14.17,13806953
2026-06-09 15:15:00,14.18,14.18,14.13,14.15,27495915
2026-06-09 15:20:00,14.15,14.15,14.1,14.11,26049854
2026-06-09 15:25:00,14.12,14.23,14.08,14.21,32759636
2026-06-10 09:15:00,14.2,14.21,13.9,13.92,74603978
2026-06-10 09:20:00,13.91,13.95,13.84,13.93,37644063
2026-06-10 09:25:00,13.92,13.93,13.86,13.88,16283600
2026-06-10 09:30:00,13.89,13.91,13.87,13.9,8898033
2026-06-10 09:35:00,13.89,13.97,13.83,13.96,29531858
2026-06-10 09:40:00,13.97,14.07,13.96,14.03,40244801
2026-06-10 09:45:00,14.04,14.06,13.94,13.96,15438085
2026-06-10 09:50:00,13.96,13.98,13.94,13.94,4364993
2026-06-10 09:55:00,13.95,13.98,13.94,13.95,3499239
2026-06-10 10:00:00,13.96,13.96,13.93,13.94,4485026
2026-06-10 10:05:00,13.94,13.97,13.9,13.96,8654191
2026-06-10 10:10:00,13.97,13.97,13.88,13.88,6993405
2026-06-10 10:15:00,13.88,13.9,13.88,13.9,4635341
2026-06-10 10:20:00,13.9,13.91,13.89,13.9,3023453
2026-06-10 10:25:00,13.9,13.95,13.88,13.92,7964012
2026-06-10 10:30:00,13.91,13.99,13.91,13.98,15015248
2026-06-10 10:35:00,13.98,14.04,13.95,13.96,19971167
2026-06-10 10:40:00,13.94,13.98,13.94,13.98,4547448
2026-06-10 10:45:00,13.98,13.98,13.97,13.97,1235533
2026-06-10 10:50:00,13.97,13.98,13.96,13.97,1946674
2026-06-10 10:55:00,13.96,14.03,13.96,14.01,7528853
2026-06-10 11:00:00,14.02,14.07,14.01,14.05,13374685
2026-06-10 11:05:00,14.06,14.06,14.01,14.04,11574832
2026-06-10 11:10:00,14.05,14.06,14.0,14.04,17189470
2026-06-10 11:15:00,14.04,14.04,14.01,14.01,3472725
2026-06-10 11:20:00,14.01,14.02,13.99,14.01,9072768
2026-06-10 11:25:00,14.02,14.02,14.0,14.0,6232653
2026-06-10 11:30:00,14.01,14.02,13.99,13.99,25174212
2026-06-10 11:35:00,13.99,14.0,13.98,13.98,3853177
2026-06-10 11:40:00,13.99,14.01,13.98,14.0,6514868
2026-06-10 11:45:00,13.99,14.03,13.99,14.02,8480413
2026-06-10 11:50:00,14.02,14.04,14.01,14.03,3090984
2026-06-10 11:55:00,14.03,14.04,14.01,14.02,3194962
2026-06-10 12:00:00,14.02,14.02,13.98,13.98,4098489
2026-06-10 12:05:00,13.99,13.99,13.94,13.94,10556308
2026-06-10 12:10:00,13.95,13.96,13.93,13.94,3416694
2026-06-10 12:15:00,13.93,13.94,13.91,13.93,4491462
2026-06-10 12:20:00,13.93,13.95,13.92,13.92,2709693
2026-06-10 12:25:00,13.92,13.93,13.9,13.91,3355631
2026-06-10 12:30:00,13.91,13.92,13.9,13.91,3477345
2026-06-10 12:35:00,13.92,13.92,13.91,13.91,2630638
2026-06-10 12:40:00,13.91,13.92,13.88,13.88,3503298
2026-06-10 12:45:00,13.88,13.91,13.87,13.9,3833505
2026-06-10 12:50:00,13.89,13.92,13.89,13.92,2099333
2026-06-10 12:55:00,13.92,13.93,13.9,13.91,1771968
2026-06-10 13:00:00,13.91,13.94,13.91,13.92,3886225
2026-06-10 13:05:00,13.92,13.94,13.92,13.92,2686088
2026-06-10 13:10:00,13.92,13.93,13.91,13.91,2085629
2026-06-10 13:15:00,13.92,13.92,13.9,13.9,1982962
2026-06-10 13:20:00,13.9,13.91,13.88,13.88,2812375
2026-06-10 13:25:00,13.88,13.92,13.88,13.92,4925332
2026-06-10 13:30:00,13.92,13.92,13.88,13.88,7319560
2026-06-10 13:35:00,13.89,13.89,13.84,13.85,8712259
2026-06-10 13:40:00,13.86,13.89,13.85,13.88,5430326
2026-06-10 13:45:00,13.87,13.88,13.85,13.86,3214596
2026-06-10 13:50:00,13.86,13.86,13.83,13.83,7608692
2026-06-10 13:55:00,13.83,13.85,13.75,13.78,18636831
2026-06-10 14:00:00,13.79,13.81,13.76,13.8,12096772
2026-06-10 14:05:00,13.8,13.85,13.79,13.82,7974618
2026-06-10 14:10:00,13.81,13.82,13.78,13.79,3631814
2026-06-10 14:15:00,13.79,13.79,13.76,13.79,6463217
2026-06-10 14:20:00,13.79,13.85,13.78,13.84,8906334
2026-06-10 14:25:00,13.84,13.85,13.8,13.82,6957202
2026-06-10 14:30:00,13.82,13.83,13.8,13.82,4107874
2026-06-10 14:35:00,13.82,13.86,13.78,13.84,11191383
2026-06-10 14:40:00,13.84,13.84,13.81,13.82,4912289
2026-06-10 14:45:00,13.82,13.84,13.82,13.82,5389173
2026-06-10 14:50:00,13.81,13.83,13.8,13.81,5237553
2026-06-10 14:55:00,13.81,13.84,13.8,13.82,5000607
2026-06-10 15:00:00,13.83,13.83,13.78,13.78,8581395
2026-06-10 15:05:00,13.78,13.86,13.78,13.86,16796575
2026-06-10 15:10:00,13.87,13.99,13.84,13.88,26420229
2026-06-10 15:15:00,13.88,13.92,13.86,13.89,20604145
2026-06-10 15:20:00,13.9,13.95,13.88,13.89,22325883
2026-06-10 15:25:00,13.88,13.9,13.84,13.87,17471233
2026-06-11 09:15:00,13.78,13.92,13.73,13.89,40289953
2026-06-11 09:20:00,13.9,14.03,13.9,14.0,21933488
2026-06-11 09:25:00,13.99,14.05,13.95,14.0,16520515
2026-06-11 09:30:00,14.0,14.0,13.94,13.94,6361157
2026-06-11 09:35:00,13.95,14.0,13.94,13.97,5830978
2026-06-11 09:40:00,13.97,14.0,13.96,13.99,6563957
2026-06-11 09:45:00,13.99,14.02,13.98,13.99,8138346
2026-06-11 09:50:00,14.0,14.0,13.96,13.99,4824977
2026-06-11 09:55:00,13.99,14.0,13.93,13.96,7265767
2026-06-11 10:00:00,13.95,14.03,13.95,13.98,12542478
2026-06-11 10:05:00,13.99,14.01,13.97,13.99,3190915
2026-06-11 10:10:00,14.0,14.15,13.98,14.14,25101410
2026-06-11 10:15:00,14.13,14.25,14.13,14.24,29800165
2026-06-11 10:20:00,14.24,14.24,14.17,14.19,15955736
2026-06-11 10:25:00,14.19,14.31,14.13,14.31,28586831
2026-06-11 10:30:00,14.31,14.4,14.3,14.38,31821482
2026-06-11 10:35:00,14.37,14.49,14.32,14.37,36141054
2026-06-11 10:40:00,14.36,14.39,14.32,14.32,9110303
2026-06-11 10:45:00,14.32,14.37,14.31,14.33,7790658
2026-06-11 10:50:00,14.33,14.42,14.32,14.42,9939681
2026-06-11 10:55:00,14.41,14.43,14.34,14.37,15101349
2026-06-11 11:00:00,14.38,14.47,14.36,14.43,17164699
2026-06-11 11:05:00,14.42,14.49,14.41,14.45,31357953
2026-06-11 11:10:00,14.46,14.46,14.36,14.41,8717681
2026-06-11 11:15:00,14.4,14.41,14.36,14.37,4017933
2026-06-11 11:20:00,14.38,14.42,14.37,14.42,5057357
2026-06-11 11:25:00,14.41,14.48,14.41,14.47,7693450
2026-06-11 11:30:00,14.47,14.49,14.43,14.43,9347631
2026-06-11 11:35:00,14.44,14.48,14.42,14.45,12349856
2026-06-11 11:40:00,14.44,14.45,14.42,14.44,5528233
2026-06-11 11:45:00,14.43,14.46,14.43,14.44,7131366
2026-06-11 11:50:00,14.43,14.43,14.38,14.39,6079047
2026-06-11 11:55:00,14.38,14.45,14.36,14.41,7544558
2026-06-11 12:00:00,14.41,14.44,14.39,14.41,3051480
2026-06-11 12:05:00,14.42,14.42,14.38,14.38,2733962
2026-06-11 12:10:00,14.38,14.44,14.36,14.42,7704906
2026-06-11 12:15:00,14.43,14.44,14.4,14.42,7492021
2026-06-11 12:20:00,14.41,14.43,14.4,14.43,4036447
2026-06-11 12:25:00,14.43,14.44,14.41,14.42,3606106
2026-06-11 12:30:00,14.43,14.48,14.42,14.47,8951260
2026-06-11 12:35:00,14.47,14.47,14.39,14.41,9212349
2026-06-11 12:40:00,14.41,14.42,14.4,14.41,1747105
2026-06-11 12:45:00,14.42,14.42,14.34,14.36,8582556
2026-06-11 12:50:00,14.35,14.37,14.34,14.36,4757461
2026-06-11 12:55:00,14.35,14.38,14.34,14.38,3671820
2026-06-11 13:00:00,14.38,14.39,14.35,14.35,3312895
2026-06-11 13:05:00,14.36,14.39,14.35,14.37,2225174
2026-06-11 13:10:00,14.36,14.38,14.34,14.38,4196211
2026-06-11 13:15:00,14.39,14.4,14.38,14.39,5017437
2026-06-11 13:20:00,14.39,14.42,14.38,14.4,7563771
2026-06-11 13:25:00,14.4,14.4,14.34,14.35,5819288
2026-06-11 13:30:00,14.35,14.42,14.35,14.39,6270312
2026-06-11 13:35:00,14.41,14.41,14.38,14.39,3736771
2026-06-11 13:40:00,14.38,14.41,14.38,14.39,5052748
2026-06-11 13:45:00,14.39,14.42,14.38,14.39,6117154
2026-06-11 13:50:00,14.4,14.43,14.39,14.43,7770986
2026-06-11 13:55:00,14.42,14.45,14.42,14.43,10408277
2026-06-11 14:00:00,14.44,14.44,14.42,14.42,3970064
2026-06-11 14:05:00,14.43,14.43,14.36,14.36,5237511
2026-06-11 14:10:00,14.38,14.42,14.37,14.38,10296559
2026-06-11 14:15:00,14.37,14.39,14.36,14.38,10431046
2026-06-11 14:20:00,14.38,14.4,14.36,14.36,5273749
2026-06-11 14:25:00,14.37,14.39,14.36,14.39,4418487
2026-06-11 14:30:00,14.38,14.4,14.37,14.39,6580591
2026-06-11 14:35:00,14.39,14.42,14.36,14.39,14818966
2026-06-11 14:40:00,14.38,14.39,14.38,14.38,4385060
2026-06-11 14:45:00,14.39,14.39,14.27,14.29,15002290
2026-06-11 14:50:00,14.29,14.3,14.15,14.22,30378723
2026-06-11 14:55:00,14.23,14.27,14.21,14.22,14298460
2026-06-11 15:00:00,14.23,14.24,14.17,14.17,10461725
2026-06-11 15:05:00,14.17,14.18,14.11,14.15,17045016
2026-06-11 15:10:00,14.14,14.18,14.14,14.17,7335930
2026-06-11 15:15:00,14.18,14.2,14.17,14.18,12626478
2026-06-11 15:20:00,14.18,14.19,14.16,14.18,16015292
2026-06-11 15:25:00,14.18,14.24,14.18,14.23,14276544
2026-06-12 09:15:00,14.44,14.59,14.21,14.52,57689579
2026-06-12 09:20:00,14.53,14.67,14.5,14.59,48903757
2026-06-12 09:25:00,14.6,14.62,14.56,14.57,11725892
2026-06-12 09:30:00,14.57,14.57,14.49,14.55,17845657
2026-06-12 09:35:00,14.55,14.57,14.55,14.56,6937366
2026-06-12 09:40:00,14.57,14.59,14.54,14.55,5517825
2026-06-12 09:45:00,14.56,14.58,14.55,14.57,4607169
2026-06-12 09:50:00,14.57,14.63,14.56,14.57,14446729
2026-06-12 09:55:00,14.57,14.59,14.55,14.56,3513153
2026-06-12 10:00:00,14.57,14.59,14.53,14.59,7332251
2026-06-12 10:05:00,14.59,14.64,14.58,14.62,10649933
2026-06-12 10:10:00,14.61,14.62,14.59,14.59,3229359
2026-06-12 10:15:00,14.6,14.6,14.57,14.58,3152042
2026-06-12 10:20:00,14.58,14.64,14.58,14.61,8221758
2026-06-12 10:25:00,14.61,14.61,14.58,14.58,2136769
2026-06-12 10:30:00,14.59,14.6,14.56,14.56,2900843
2026-06-12 10:35:00,14.56,14.59,14.56,14.58,3889029
2026-06-12 10:40:00,14.57,14.58,14.56,14.58,1844604
2026-06-12 10:45:00,14.57,14.58,14.52,14.57,7308823
2026-06-12 10:50:00,14.56,14.57,14.52,14.55,53456895
2026-06-12 10:55:00,14.55,14.57,14.54,14.57,3721769
2026-06-12 11:00:00,14.56,14.57,14.56,14.57,1572428
2026-06-12 11:05:00,14.56,14.58,14.56,14.57,2547841
2026-06-12 11:10:00,14.58,14.63,14.57,14.61,9718789
2026-06-12 11:15:00,14.61,14.62,14.57,14.57,3765075
2026-06-12 11:20:00,14.57,14.6,14.57,14.58,1890474
2026-06-12 11:25:00,14.58,14.59,14.56,14.57,2771107
2026-06-12 11:30:00,14.57,14.63,14.56,14.61,6954123
2026-06-12 11:35:00,14.61,14.61,14.59,14.6,1654671
2026-06-12 11:40:00,14.6,14.64,14.6,14.62,4927530
2026-06-12 11:45:00,14.61,14.65,14.6,14.62,4866850
2026-06-12 11:50:00,14.62,14.72,14.6,14.7,22053954
2026-06-12 11:55:00,14.7,14.82,14.68,14.79,22203025
2026-06-12 12:00:00,14.79,14.84,14.77,14.82,22182664
2026-06-12 12:05:00,14.82,14.91,14.8,14.86,28745047
2026-06-12 12:10:00,14.87,14.99,14.85,14.95,30781483
2026-06-12 12:15:00,14.94,14.95,14.88,14.88,15424285
2026-06-12 12:20:00,14.89,14.94,14.86,14.93,14503128
2026-06-12 12:25:00,14.94,14.97,14.9,14.96,10428817
2026-06-12 12:30:00,14.95,14.99,14.94,14.98,16398084
2026-06-12 12:35:00,14.97,14.98,14.89,14.89,12273066
2026-06-12 12:40:00,14.89,14.9,14.8,14.8,18042785
2026-06-12 12:45:00,14.81,14.87,14.79,14.84,9656973
2026-06-12 12:50:00,14.83,14.89,14.83,14.89,3721334
2026-06-12 12:55:00,14.88,14.94,14.87,14.9,12789456
2026-06-12 13:00:00,14.89,14.91,14.89,14.91,2315338
2026-06-12 13:05:00,14.9,14.96,14.9,14.96,10391359
2026-06-12 13:10:00,14.95,14.96,14.92,14.94,8356992
2026-06-12 13:15:00,14.95,14.95,14.9,14.91,5060730
2026-06-12 13:20:00,14.9,14.93,14.9,14.92,4104325
2026-06-12 13:25:00,14.92,14.94,14.91,14.94,5547576
2026-06-12 13:30:00,14.94,14.95,14.92,14.95,8948314
2026-06-12 13:35:00,14.94,14.95,14.9,14.91,11645326
2026-06-12 13:40:00,14.92,14.94,14.88,14.92,7411061
2026-06-12 13:45:00,14.91,14.92,14.9,14.91,2554570
2026-06-12 13:50:00,14.92,14.94,14.91,14.92,3165475
2026-06-12 13:55:00,14.93,14.95,14.92,14.94,4429388
2026-06-12 14:00:00,14.93,14.95,14.89,14.92,7219082
2026-06-12 14:05:00,14.91,14.95,14.89,14.94,11889593
2026-06-12 14:10:00,14.93,14.95,14.92,14.94,4658315
2026-06-12 14:15:00,14.94,14.98,14.93,14.97,11812797
2026-06-12 14:20:00,14.98,15.05,14.95,15.04,44157596
2026-06-12 14:25:00,15.04,15.09,15.03,15.08,25457471
2026-06-12 14:30:00,15.07,15.08,15.03,15.05,16733605
2026-06-12 14:35:00,15.05,15.07,15.05,15.06,8764595
2026-06-12 14:40:00,15.07,15.08,15.04,15.05,11226356
2026-06-12 14:45:00,15.05,15.06,14.99,14.99,14320195
2026-06-12 14:50:00,15.01,15.01,14.92,14.94,14718026
2026-06-12 14:55:00,14.94,14.97,14.92,14.92,13013360
2026-06-12 15:00:00,14.92,14.94,14.88,14.92,12878051
2026-06-12 15:05:00,14.92,14.94,14.91,14.91,10213986
2026-06-12 15:10:00,14.91,14.95,14.91,14.93,9837999
2026-06-12 15:15:00,14.93,14.95,14.88,14.89,28810897
2026-06-12 15:20:00,14.89,14.9,14.86,14.87,22645219
2026-06-12 15:25:00,14.87,14.9,14.85,14.88,25663220
2026-06-15 09:15:00,15.34,15.34,14.94,15.1,119724376
2026-06-15 09:20:00,15.09,15.1,15.0,15.03,30725274
2026-06-15 09:25:00,15.03,15.07,14.97,15.05,26835643
2026-06-15 09:30:00,15.04,15.15,15.04,15.14,18114065
2026-06-15 09:35:00,15.15,15.21,15.12,15.2,27345114
2026-06-15 09:40:00,15.2,15.22,15.17,15.21,12360834
2026-06-15 09:45:00,15.21,15.23,15.2,15.2,9568059
2026-06-15 09:50:00,15.2,15.21,15.15,15.15,7349177
2026-06-15 09:55:00,15.15,15.15,15.07,15.08,13069977
2026-06-15 10:00:00,15.09,15.14,15.09,15.1,5919072
2026-06-15 10:05:00,15.1,15.11,15.06,15.06,6671390
2026-06-15 10:10:00,15.07,15.09,15.06,15.08,3561384
2026-06-15 10:15:00,15.08,15.08,15.06,15.08,3248283
2026-06-15 10:20:00,15.08,15.09,15.07,15.09,3339775
2026-06-15 10:25:00,15.08,15.09,15.06,15.08,4085441
2026-06-15 10:30:00,15.09,15.12,15.07,15.09,6970210
2026-06-15 10:35:00,15.1,15.11,15.05,15.07,6158360
2026-06-15 10:40:00,15.07,15.09,15.06,15.08,2074395
2026-06-15 10:45:00,15.07,15.1,15.07,15.09,2534304
2026-06-15 10:50:00,15.09,15.1,15.06,15.06,4861963
2026-06-15 10:55:00,15.07,15.09,15.02,15.03,9568779
2026-06-15 11:00:00,15.03,15.07,15.03,15.04,5179117
2026-06-15 11:05:00,15.04,15.05,15.03,15.04,2339400
2026-06-15 11:10:00,15.05,15.05,15.02,15.04,2981337
2026-06-15 11:15:00,15.04,15.06,15.03,15.06,7838990
2026-06-15 11:20:00,15.06,15.08,15.06,15.08,3331757
2026-06-15 11:25:00,15.08,15.08,15.06,15.06,3104560
2026-06-15 11:30:00,15.07,15.07,15.05,15.06,1900483
2026-06-15 11:35:00,15.06,15.06,15.04,15.06,2282545
2026-06-15 11:40:00,15.06,15.07,15.05,15.06,1309935
2026-06-15 11:45:00,15.06,15.07,15.04,15.06,3604308
2026-06-15 11:50:00,15.05,15.06,15.03,15.04,3602512
2026-06-15 11:55:00,15.03,15.12,15.03,15.12,8195663
2026-06-15 12:00:00,15.12,15.12,15.07,15.09,2805142
2026-06-15 12:05:00,15.08,15.1,15.06,15.06,5304134
2026-06-15 12:10:00,15.07,15.09,15.06,15.09,3296008
2026-06-15 12:15:00,15.08,15.09,15.06,15.07,1666433
2026-06-15 12:20:00,15.08,15.08,15.06,15.06,2496623
2026-06-15 12:25:00,15.06,15.07,15.05,15.06,1852140
2026-06-15 12:30:00,15.05,15.07,15.03,15.03,4678804
2026-06-15 12:35:00,15.04,15.05,15.03,15.04,2684587
2026-06-15 12:40:00,15.05,15.06,15.04,15.05,1267011
2026-06-15 12:45:00,15.04,15.06,15.04,15.05,740373
2026-06-15 12:50:00,15.04,15.06,15.04,15.05,1344823
2026-06-15 12:55:00,15.04,15.05,15.04,15.04,1153576
2026-06-15 13:00:00,15.05,15.05,15.04,15.04,553920
2026-06-15 13:05:00,15.04,15.05,15.04,15.04,939489
2026-06-15 13:10:00,15.05,15.08,15.04,15.07,2576302
2026-06-15 13:15:00,15.08,15.08,15.04,15.05,1857806
2026-06-15 13:20:00,15.06,15.06,15.05,15.05,557776
2026-06-15 13:25:00,15.06,15.06,15.05,15.06,881127
2026-06-15 13:30:00,15.05,15.06,15.02,15.04,3148987
2026-06-15 13:35:00,15.04,15.06,15.03,15.05,2352484
2026-06-15 13:40:00,15.04,15.05,15.04,15.05,661745
2026-06-15 13:45:00,15.04,15.07,15.03,15.06,4004557
2026-06-15 13:50:00,15.07,15.08,15.06,15.06,2435577
2026-06-15 13:55:00,15.07,15.07,15.05,15.07,1394969
2026-06-15 14:00:00,15.07,15.07,15.04,15.05,1202898
2026-06-15 14:05:00,15.06,15.06,15.04,15.04,1684180
2026-06-15 14:10:00,15.04,15.06,15.04,15.06,946954
2026-06-15 14:15:00,15.05,15.06,15.05,15.06,1520873
2026-06-15 14:20:00,15.05,15.07,15.05,15.05,1686034
2026-06-15 14:25:00,15.06,15.06,15.05,15.05,1824980
2026-06-15 14:30:00,15.06,15.06,15.04,15.04,2230638
2026-06-15 14:35:00,15.05,15.06,15.04,15.04,2154297
2026-06-15 14:40:00,15.05,15.06,14.97,15.01,16047822
2026-06-15 14:45:00,15.0,15.05,15.0,15.03,8102957
2026-06-15 14:50:00,15.04,15.04,15.01,15.02,3818233
2026-06-15 14:55:00,15.03,15.04,15.01,15.02,3669794
2026-06-15 15:00:00,15.01,15.03,14.98,15.01,8293412
2026-06-15 15:05:00,15.01,15.02,14.97,14.97,9026088
2026-06-15 15:10:00,14.97,14.98,14.95,14.95,13181648
2026-06-15 15:15:00,14.96,14.98,14.95,14.96,19524056
2026-06-15 15:20:00,14.97,14.97,14.93,14.96,26427125
2026-06-15 15:25:00,14.96,14.96,14.91,14.92,20287946
2026-06-16 09:15:00,14.98,15.02,14.91,14.93,41520372
2026-06-16 09:20:00,14.92,14.93,14.83,14.85,24336867
2026-06-16 09:25:00,14.85,14.98,14.85,14.9,22585951
2026-06-16 09:30:00,14.89,14.9,14.81,14.82,12787735
2026-06-16 09:35:00,14.82,14.87,14.81,14.82,9197373
2026-06-16 09:40:00,14.82,14.82,14.7,14.72,23608822
2026-06-16 09:45:00,14.72,14.72,14.57,14.61,34975150
2026-06-16 09:50:00,14.61,14.64,14.56,14.58,22552975
2026-06-16 09:55:00,14.57,14.64,14.57,14.62,9936394
2026-06-16 10:00:00,14.62,14.66,14.61,14.66,8701244
2026-06-16 10:05:00,14.66,14.67,14.62,14.65,6289591
2026-06-16 10:10:00,14.65,14.65,14.6,14.62,4788238
2026-06-16 10:15:00,14.61,14.63,14.6,14.63,2485569
2026-06-16 10:20:00,14.63,14.68,14.62,14.67,6201114
2026-06-16 10:25:00,14.66,14.69,14.65,14.69,4669427
2026-06-16 10:30:00,14.69,14.76,14.68,14.75,7941763
2026-06-16 10:35:00,14.76,14.78,14.75,14.77,7185884
2026-06-16 10:40:00,14.77,14.81,14.74,14.75,10592937
2026-06-16 10:45:00,14.75,14.75,14.73,14.74,1823335
2026-06-16 10:50:00,14.75,14.75,14.74,14.74,1844857
2026-06-16 10:55:00,14.75,14.76,14.74,14.75,1212652
2026-06-16 11:00:00,14.74,14.75,14.72,14.73,4037868
2026-06-16 11:05:00,14.73,14.73,14.68,14.69,3920978
2026-06-16 11:10:00,14.68,14.7,14.68,14.7,2047421
2026-06-16 11:15:00,14.69,14.75,14.69,14.69,6040980
2026-06-16 11:20:00,14.7,14.71,14.68,14.7,2452356
2026-06-16 11:25:00,14.71,14.72,14.7,14.7,758998
2026-06-16 11:30:00,14.71,14.71,14.67,14.71,2288788
2026-06-16 11:35:00,14.71,14.71,14.67,14.69,2750676
2026-06-16 11:40:00,14.69,14.69,14.63,14.66,3878507
2026-06-16 11:45:00,14.65,14.66,14.62,14.65,3799836
2026-06-16 11:50:00,14.64,14.65,14.63,14.63,1634586
2026-06-16 11:55:00,14.64,14.65,14.63,14.65,1545258
2026-06-16 12:00:00,14.65,14.65,14.58,14.61,8582682
2026-06-16 12:05:00,14.61,14.62,14.6,14.61,1321995
2026-06-16 12:10:00,14.62,14.63,14.61,14.62,1200373
2026-06-16 12:15:00,14.63,14.64,14.62,14.64,1262650
2026-06-16 12:20:00,14.64,14.64,14.62,14.62,1910754
2026-06-16 12:25:00,14.62,14.64,14.62,14.64,748238
2026-06-16 12:30:00,14.63,14.64,14.62,14.63,1075814
2026-06-16 12:35:00,14.63,14.64,14.62,14.63,1177655
2026-06-16 12:40:00,14.63,14.64,14.62,14.63,796910
2026-06-16 12:45:00,14.64,14.64,14.62,14.63,851950
2026-06-16 12:50:00,14.63,14.63,14.61,14.63,1219114
2026-06-16 12:55:00,14.62,14.63,14.62,14.63,572499
2026-06-16 13:00:00,14.62,14.63,14.62,14.62,809005
2026-06-16 13:05:00,14.62,14.64,14.62,14.64,718938
2026-06-16 13:10:00,14.63,14.65,14.62,14.63,1915705
2026-06-16 13:15:00,14.63,14.68,14.62,14.67,3904137
2026-06-16 13:20:00,14.66,14.68,14.66,14.67,2101516
2026-06-16 13:25:00,14.66,14.72,14.64,14.7,9603733
2026-06-16 13:30:00,14.71,14.72,14.65,14.69,6623926
2026-06-16 13:35:00,14.69,14.71,14.66,14.68,4571310
2026-06-16 13:40:00,14.68,14.68,14.62,14.65,7148516
2026-06-16 13:45:00,14.65,14.67,14.62,14.65,5500907
2026-06-16 13:50:00,14.65,14.67,14.62,14.62,4632184
2026-06-16 13:55:00,14.62,14.66,14.61,14.62,6674213
2026-06-16 14:00:00,14.62,14.67,14.62,14.63,6702163
2026-06-16 14:05:00,14.64,14.66,14.63,14.65,1571344
2026-06-16 14:10:00,14.65,14.67,14.65,14.67,7178616
2026-06-16 14:15:00,14.66,14.67,14.65,14.65,1038621
2026-06-16 14:20:00,14.66,14.66,14.64,14.64,1321314
2026-06-16 14:25:00,14.64,14.67,14.64,14.66,2420797
2026-06-16 14:30:00,14.67,14.67,14.66,14.67,1153638
2026-06-16 14:35:00,14.66,14.67,14.65,14.65,840848
2026-06-16 14:40:00,14.66,14.66,14.64,14.66,2496681
2026-06-16 14:45:00,14.66,14.67,14.63,14.67,5319324
2026-06-16 14:50:00,14.67,14.68,14.65,14.68,4370145
2026-06-16 14:55:00,14.68,14.68,14.67,14.68,2656361
2026-06-16 15:00:00,14.68,14.68,14.65,14.65,3564523
2026-06-16 15:05:00,14.66,14.69,14.65,14.69,9087444
2026-06-16 15:10:00,14.68,14.69,14.65,14.66,7489674
2026-06-16 15:15:00,14.66,14.66,14.61,14.62,17427509
2026-06-16 15:20:00,14.62,14.63,14.55,14.58,20898558
2026-06-16 15:25:00,14.59,14.63,14.55,14.62,18115891
2026-06-17 09:15:00,14.55,14.64,14.52,14.56,32004831
2026-06-17 09:20:00,14.55,14.62,14.51,14.51,16420976
2026-06-17 09:25:00,14.51,14.55,14.5,14.54,8513256
2026-06-17 09:30:00,14.54,14.55,14.53,14.55,4886499
2026-06-17 09:35:00,14.55,14.55,14.45,14.54,15894155
2026-06-17 09:40:00,14.54,14.6,14.53,14.59,6788479
2026-06-17 09:45:00,14.58,14.65,14.58,14.63,14724170
2026-06-17 09:50:00,14.64,14.79,14.63,14.74,18460554
2026-06-17 09:55:00,14.75,14.83,14.74,14.81,20789027
2026-06-17 10:00:00,14.81,14.84,14.75,14.77,21108712
2026-06-17 10:05:00,14.76,14.92,14.76,14.89,19753311
2026-06-17 10:10:00,14.9,14.94,14.88,14.88,12913581
2026-06-17 10:15:00,14.87,14.92,14.86,14.9,9153756
2026-06-17 10:20:00,14.9,15.05,14.89,14.98,22829758
2026-06-17 10:25:00,14.98,15.04,14.94,15.01,18820757
2026-06-17 10:30:00,15.02,15.04,14.94,15.01,16989831
2026-06-17 10:35:00,15.0,15.01,14.96,14.97,4561951
2026-06-17 10:40:00,14.96,14.97,14.93,14.94,7121861
2026-06-17 10:45:00,14.94,14.96,14.91,14.95,4110951
2026-06-17 10:50:00,14.94,14.95,14.91,14.91,4087762
2026-06-17 10:55:00,14.91,14.93,14.88,14.91,4986743
2026-06-17 11:00:00,14.92,14.92,14.9,14.92,1981680
2026-06-17 11:05:00,14.91,14.92,14.91,14.91,1563712
2026-06-17 11:10:00,14.92,14.92,14.91,14.91,1958510
2026-06-17 11:15:00,14.91,14.92,14.88,14.89,4806059
2026-06-17 11:20:00,14.9,14.9,14.88,14.88,3201930
2026-06-17 11:25:00,14.89,14.91,14.88,14.9,3112183
2026-06-17 11:30:00,14.91,14.91,14.89,14.89,1262875
2026-06-17 11:35:00,14.9,14.9,14.86,14.87,3819180
2026-06-17 11:40:00,14.87,14.87,14.84,14.85,4035406
2026-06-17 11:45:00,14.85,14.86,14.85,14.86,958639
2026-06-17 11:50:00,14.85,14.89,14.85,14.88,1830442
2026-06-17 11:55:00,14.89,14.9,14.86,14.88,2211796
2026-06-17 12:00:00,14.87,14.88,14.85,14.86,1009091
2026-06-17 12:05:00,14.86,14.87,14.85,14.86,1836115
2026-06-17 12:10:00,14.86,14.86,14.85,14.86,838588
2026-06-17 12:15:00,14.86,14.88,14.85,14.87,1278640
2026-06-17 12:20:00,14.87,14.88,14.86,14.87,1123383
2026-06-17 12:25:00,14.86,14.88,14.86,14.87,1422962
2026-06-17 12:30:00,14.87,14.87,14.86,14.87,966031
2026-06-17 12:35:00,14.87,14.87,14.82,14.83,4588585
2026-06-17 12:40:00,14.82,14.86,14.82,14.84,2490270
2026-06-17 12:45:00,14.85,14.86,14.84,14.85,1414130
2026-06-17 12:50:00,14.86,14.86,14.84,14.85,1017984
2026-06-17 12:55:00,14.85,14.85,14.82,14.82,2729686
2026-06-17 13:00:00,14.82,14.83,14.81,14.82,2207466
2026-06-17 13:05:00,14.82,14.85,14.81,14.82,3990021
2026-06-17 13:10:00,14.81,14.83,14.8,14.82,1984745
2026-06-17 13:15:00,14.82,14.82,14.78,14.79,5179242
2026-06-17 13:20:00,14.78,14.82,14.77,14.81,3284999
2026-06-17 13:25:00,14.82,14.86,14.81,14.86,3989705
2026-06-17 13:30:00,14.85,14.88,14.84,14.88,2550382
2026-06-17 13:35:00,14.88,14.88,14.86,14.87,2032344
2026-06-17 13:40:00,14.88,14.88,14.85,14.86,2124954
2026-06-17 13:45:00,14.86,14.88,14.83,14.87,7129452
2026-06-17 13:50:00,14.87,14.9,14.86,14.9,5399017
2026-06-17 13:55:00,14.89,14.91,14.87,14.9,2358479
2026-06-17 14:00:00,14.9,14.91,14.87,14.88,3726306
2026-06-17 14:05:00,14.88,14.94,14.87,14.93,10226745
2026-06-17 14:10:00,14.93,14.96,14.92,14.95,6430654
2026-06-17 14:15:00,14.94,14.95,14.89,14.91,12462870
2026-06-17 14:20:00,14.91,14.92,14.9,14.91,1944565
2026-06-17 14:25:00,14.92,14.93,14.87,14.87,3386885
2026-06-17 14:30:00,14.87,14.9,14.86,14.87,2589741
2026-06-17 14:35:00,14.88,14.88,14.87,14.88,997794
2026-06-17 14:40:00,14.87,14.9,14.87,14.89,1962063
2026-06-17 14:45:00,14.9,14.9,14.86,14.86,2476488
2026-06-17 14:50:00,14.87,14.88,14.86,14.88,2768803
2026-06-17 14:55:00,14.87,14.9,14.86,14.9,2200490
2026-06-17 15:00:00,14.9,14.93,14.89,14.92,10751606
2026-06-17 15:05:00,14.91,14.92,14.91,14.92,6473823
2026-06-17 15:10:00,14.91,14.92,14.89,14.9,8222892
2026-06-17 15:15:00,14.9,14.95,14.9,14.94,14386129
2026-06-17 15:20:00,14.94,14.95,14.93,14.94,15499291
2026-06-17 15:25:00,14.95,14.95,14.9,14.9,14449581
2026-06-18 09:15:00,14.99,15.0,14.93,14.97,15569188
2026-06-18 09:20:00,14.97,14.98,14.92,14.94,8523866
2026-06-18 09:25:00,14.94,14.96,14.93,14.94,5271298
2026-06-18 09:30:00,14.92,14.97,14.91,14.95,8285478
2026-06-18 09:35:00,14.94,14.95,14.91,14.91,5132241
2026-06-18 09:40:00,14.92,14.97,14.91,14.93,10109352
2026-06-18 09:45:00,14.94,14.94,14.92,14.93,3237103
2026-06-18 09:50:00,14.94,14.94,14.92,14.94,1829136
2026-06-18 09:55:00,14.93,14.93,14.91,14.91,2917800
2026-06-18 10:00:00,14.92,14.92,14.87,14.88,6588814
2026-06-18 10:05:00,14.89,14.91,14.88,14.91,2043816
2026-06-18 10:10:00,14.91,14.93,14.91,14.93,2223702
2026-06-18 10:15:00,14.93,14.93,14.9,14.9,1543245
2026-06-18 10:20:00,14.9,14.91,14.88,14.88,1539076
2026-06-18 10:25:00,14.89,14.9,14.85,14.85,4182318
2026-06-18 10:30:00,14.86,14.89,14.85,14.89,1943419
2026-06-18 10:35:00,14.89,14.89,14.86,14.87,1563955
2026-06-18 10:40:00,14.86,14.89,14.85,14.87,2029636
2026-06-18 10:45:00,14.88,14.9,14.87,14.89,1393097
2026-06-18 10:50:00,14.9,14.9,14.88,14.89,842327
2026-06-18 10:55:00,14.9,14.9,14.88,14.9,811461
2026-06-18 11:00:00,14.9,14.9,14.88,14.88,1439659
2026-06-18 11:05:00,14.88,14.89,14.87,14.87,1053551
2026-06-18 11:10:00,14.87,14.88,14.86,14.87,2574014
2026-06-18 11:15:00,14.87,14.88,14.86,14.86,1021538
2026-06-18 11:20:00,14.87,14.87,14.85,14.86,1465971
2026-06-18 11:25:00,14.86,14.89,14.85,14.87,2356456
2026-06-18 11:30:00,14.88,14.91,14.87,14.9,3035285
2026-06-18 11:35:00,14.9,14.91,14.89,14.89,1554427
2026-06-18 11:40:00,14.9,14.91,14.89,14.9,9486758
2026-06-18 11:45:00,14.91,14.91,14.87,14.88,975805
2026-06-18 11:50:00,14.89,14.89,14.84,14.87,5834679
2026-06-18 11:55:00,14.87,14.88,14.86,14.87,1263957
2026-06-18 12:00:00,14.88,14.88,14.81,14.84,7164690
2026-06-18 12:05:00,14.84,14.85,14.83,14.84,1737548
2026-06-18 12:10:00,14.85,14.85,14.84,14.85,716157
2026-06-18 12:15:00,14.84,14.85,14.82,14.83,2528740
2026-06-18 12:20:00,14.83,14.85,14.83,14.85,1139722
2026-06-18 12:25:00,14.84,14.85,14.84,14.84,342713
2026-06-18 12:30:00,14.84,14.89,14.84,14.89,2526733
2026-06-18 12:35:00,14.88,14.89,14.86,14.87,1658173
2026-06-18 12:40:00,14.86,14.87,14.86,14.86,466999
2026-06-18 12:45:00,14.86,14.87,14.86,14.86,600557
2026-06-18 12:50:00,14.87,14.87,14.86,14.87,631025
2026-06-18 12:55:00,14.86,14.89,14.86,14.88,1976769
2026-06-18 13:00:00,14.87,14.88,14.84,14.86,1670649
2026-06-18 13:05:00,14.86,14.86,14.82,14.83,2784799
2026-06-18 13:10:00,14.83,14.85,14.82,14.83,1155541
2026-06-18 13:15:00,14.83,14.84,14.81,14.83,2106879
2026-06-18 13:20:00,14.84,14.84,14.83,14.84,443790
2026-06-18 13:25:00,14.84,14.86,14.83,14.85,1738487
2026-06-18 13:30:00,14.85,14.89,14.85,14.88,4258515
2026-06-18 13:35:00,14.87,14.9,14.87,14.9,3199032
2026-06-18 13:40:00,14.9,14.98,14.89,14.94,17037055
2026-06-18 13:45:00,14.95,15.02,14.93,14.97,17779115
2026-06-18 13:50:00,14.97,14.98,14.94,14.94,4206644
2026-06-18 13:55:00,14.94,14.97,14.89,14.9,7067563
2026-06-18 14:00:00,14.91,14.91,14.89,14.89,5400818
2026-06-18 14:05:00,14.89,14.9,14.86,14.88,11636855
2026-06-18 14:10:00,14.89,14.9,14.88,14.9,1640039
2026-06-18 14:15:00,14.89,14.9,14.88,14.89,2045050
2026-06-18 14:20:00,14.9,14.91,14.87,14.91,2096114
2026-06-18 14:25:00,14.91,14.92,14.89,14.9,1103216
2026-06-18 14:30:00,14.9,14.9,14.88,14.89,1530063
2026-06-18 14:35:00,14.9,14.94,14.89,14.93,2446941
2026-06-18 14:40:00,14.93,14.93,14.91,14.92,1261722
2026-06-18 14:45:00,14.91,14.92,14.89,14.9,1816229
2026-06-18 14:50:00,14.9,14.93,14.89,14.91,2905122
2026-06-18 14:55:00,14.92,14.96,14.91,14.96,7833445
2026-06-18 15:00:00,14.97,14.99,14.95,14.98,9921209
2026-06-18 15:05:00,14.99,15.01,14.98,14.99,14269263
2026-06-18 15:10:00,14.99,15.0,14.96,14.99,11200393
2026-06-18 15:15:00,14.99,15.05,14.97,15.04,20696415
2026-06-18 15:20:00,15.04,15.06,15.01,15.01,16715355
2026-06-18 15:25:00,15.02,15.08,15.01,15.05,22489023
2026-06-19 09:15:00,14.98,15.16,14.97,15.07,29648715
2026-06-19 09:20:00,15.07,15.09,15.04,15.06,8392923
2026-06-19 09:25:00,15.06,15.08,15.04,15.05,8264743
2026-06-19 09:30:00,15.05,15.05,15.02,15.04,4813902
2026-06-19 09:35:00,15.03,15.03,15.01,15.01,5999424
2026-06-19 09:40:00,15.03,15.04,15.0,15.0,5185699
2026-06-19 09:45:00,15.01,15.01,14.94,14.98,11985165
2026-06-19 09:50:00,14.97,15.02,14.97,15.02,2885888
2026-06-19 09:55:00,15.02,15.02,14.98,14.98,3616985
2026-06-19 10:00:00,14.98,14.99,14.97,14.97,1906679
2026-06-19 10:05:00,14.97,14.99,14.96,14.96,6069443
2026-06-19 10:10:00,14.96,15.0,14.95,14.99,4354482
2026-06-19 10:15:00,14.99,15.0,14.97,14.98,2647406
2026-06-19 10:20:00,14.98,14.99,14.97,14.99,1122984
2026-06-19 10:25:00,14.98,14.99,14.96,14.97,1844192
2026-06-19 10:30:00,14.96,14.97,14.92,14.95,6959566
2026-06-19 10:35:00,14.95,14.97,14.93,14.96,2307643
2026-06-19 10:40:00,14.96,14.97,14.94,14.95,2356296
2026-06-19 10:45:00,14.96,14.97,14.95,14.96,1230242
2026-06-19 10:50:00,14.96,14.96,14.94,14.95,1551494
2026-06-19 10:55:00,14.95,14.99,14.93,14.98,3169105
2026-06-19 11:00:00,14.99,15.02,14.98,15.0,7413263
2026-06-19 11:05:00,15.01,15.02,15.0,15.0,2077249
2026-06-19 11:10:00,15.01,15.14,15.0,15.08,32220113
2026-06-19 11:15:00,15.09,15.09,15.04,15.05,9158616
2026-06-19 11:20:00,15.05,15.07,15.05,15.07,2850132
2026-06-19 11:25:00,15.06,15.09,15.06,15.08,2896960
2026-06-19 11:30:00,15.08,15.09,15.06,15.08,2643970
2026-06-19 11:35:00,15.07,15.08,15.05,15.06,1914859
2026-06-19 11:40:00,15.05,15.07,15.04,15.05,2755124
2026-06-19 11:45:00,15.05,15.05,15.03,15.03,2834562
2026-06-19 11:50:00,15.03,15.04,15.01,15.02,5538958
2026-06-19 11:55:00,15.01,15.04,15.01,15.02,1888343
2026-06-19 12:00:00,15.04,15.04,15.02,15.04,728343
2026-06-19 12:05:00,15.04,15.04,15.01,15.03,2043868
2026-06-19 12:10:00,15.03,15.03,15.01,15.03,1362524
2026-06-19 12:15:00,15.03,15.04,15.02,15.03,1145105
2026-06-19 12:20:00,15.03,15.03,15.01,15.02,1369438
2026-06-19 12:25:00,15.03,15.03,15.0,15.01,2216925
2026-06-19 12:30:00,15.01,15.02,15.0,15.0,1024113
2026-06-19 12:35:00,15.01,15.02,15.0,15.0,955938
2026-06-19 12:40:00,15.01,15.01,14.98,14.99,2206458
2026-06-19 12:45:00,14.98,15.0,14.98,14.99,1094183
2026-06-19 12:50:00,14.98,14.99,14.97,14.98,1857676
2026-06-19 12:55:00,14.99,15.0,14.97,14.99,2433574
2026-06-19 13:00:00,14.98,14.99,14.95,14.96,4198713
2026-06-19 13:05:00,14.95,14.96,14.94,14.94,5434599
2026-06-19 13:10:00,14.95,14.95,14.93,14.94,1919542
2026-06-19 13:15:00,14.94,14.95,14.93,14.94,1397065
2026-06-19 13:20:00,14.94,14.96,14.92,14.94,5208088
2026-06-19 13:25:00,14.93,14.96,14.93,14.95,1402018
2026-06-19 13:30:00,14.96,14.96,14.95,14.96,1448451
2026-06-19 13:35:00,14.96,14.97,14.95,14.96,1312665
2026-06-19 13:40:00,14.95,14.96,14.94,14.95,1303349
2026-06-19 13:45:00,14.94,14.96,14.94,14.95,1089534
2026-06-19 13:50:00,14.95,14.96,14.91,14.93,5883133
2026-06-19 13:55:00,14.92,14.95,14.92,14.94,1599040
2026-06-19 14:00:00,14.95,14.95,14.93,14.94,942934
2026-06-19 14:05:00,14.95,14.96,14.94,14.95,1445043
2026-06-19 14:10:00,14.94,14.96,14.94,14.95,1044602
2026-06-19 14:15:00,14.95,15.0,14.94,15.0,9893378
2026-06-19 14:20:00,14.99,15.0,14.93,14.93,5900690
2026-06-19 14:25:00,14.94,14.95,14.91,14.92,9176838
2026-06-19 14:30:00,14.92,14.93,14.91,14.92,1588125
2026-06-19 14:35:00,14.93,14.94,14.92,14.92,3180670
2026-06-19 14:40:00,14.91,14.93,14.9,14.92,4431831
2026-06-19 14:45:00,14.92,14.92,14.9,14.91,2925983
2026-06-19 14:50:00,14.91,14.92,14.83,14.86,9571631
2026-06-19 14:55:00,14.85,14.86,14.83,14.85,6595606
2026-06-19 15:00:00,14.85,14.95,14.84,14.92,19971410
2026-06-19 15:05:00,14.91,14.95,14.91,14.94,15273576
2026-06-19 15:10:00,14.94,14.95,14.93,14.94,11394232
2026-06-19 15:15:00,14.94,14.95,14.93,14.93,18759091
2026-06-19 15:20:00,14.93,14.95,14.92,14.94,18367523
2026-06-19 15:25:00,14.94,14.94,14.87,14.89,32876504
2026-06-22 09:15:00,14.98,15.03,14.86,14.96,28658527
2026-06-22 09:20:00,14.97,14.98,14.94,14.95,6084528
2026-06-22 09:25:00,14.95,14.96,14.9,14.91,8810127
2026-06-22 09:30:00,14.91,14.95,14.9,14.95,4904684
2026-06-22 09:35:00,14.95,14.95,14.92,14.94,2634606
2026-06-22 09:40:00,14.93,14.95,14.92,14.93,2542365
2026-06-22 09:45:00,14.93,14.94,14.89,14.9,6730958
2026-06-22 09:50:00,14.9,14.93,14.89,14.91,4691713
2026-06-22 09:55:00,14.91,15.0,14.91,14.98,16051244
2026-06-22 10:00:00,14.98,14.99,14.96,14.97,3921871
2026-06-22 10:05:00,14.96,14.97,14.94,14.96,2174480
2026-06-22 10:10:00,14.96,14.97,14.95,14.96,1714870
2026-06-22 10:15:00,14.96,14.97,14.95,14.96,955513
2026-06-22 10:20:00,14.96,14.96,14.93,14.95,2233162
2026-06-22 10:25:00,14.95,14.95,14.9,14.9,4688993
2026-06-22 10:30:00,14.91,14.94,14.89,14.94,4619274
2026-06-22 10:35:00,14.93,14.94,14.91,14.91,1645936
2026-06-22 10:40:00,14.92,14.92,14.89,14.91,5448244
2026-06-22 10:45:00,14.92,14.92,14.9,14.91,1743406
2026-06-22 10:50:00,14.9,14.91,14.88,14.89,2762541
2026-06-22 10:55:00,14.89,14.91,14.88,14.89,3001097
2026-06-22 11:00:00,14.89,14.9,14.88,14.88,1990144
2026-06-22 11:05:00,14.88,14.9,14.88,14.88,1091416
2026-06-22 11:10:00,14.89,14.9,14.87,14.9,3279640
2026-06-22 11:15:00,14.9,14.92,14.89,14.91,1719843
2026-06-22 11:20:00,14.91,14.94,14.91,14.92,7885122
2026-06-22 11:25:00,14.91,14.93,14.91,14.92,4384610
2026-06-22 11:30:00,14.92,14.94,14.91,14.93,1788387
2026-06-22 11:35:00,14.93,14.93,14.92,14.92,627620
2026-06-22 11:40:00,14.92,14.93,14.92,14.93,642786
2026-06-22 11:45:00,14.92,14.94,14.92,14.94,1492553
2026-06-22 11:50:00,14.93,14.94,14.92,14.92,1448265
2026-06-22 11:55:00,14.93,14.94,14.92,14.94,1389245
2026-06-22 12:00:00,14.93,14.94,14.93,14.94,302905
2026-06-22 12:05:00,14.93,14.94,14.93,14.93,563136
2026-06-22 12:10:00,14.93,14.94,14.92,14.92,420095
2026-06-22 12:15:00,14.93,14.93,14.92,14.92,520290
2026-06-22 12:20:00,14.93,14.93,14.92,14.92,724545
2026-06-22 12:25:00,14.92,14.94,14.92,14.92,1093176
2026-06-22 12:30:00,14.93,14.93,14.92,14.92,467028
2026-06-22 12:35:00,14.93,14.93,14.92,14.93,899603
2026-06-22 12:40:00,14.92,14.93,14.92,14.92,406044
2026-06-22 12:45:00,14.93,14.94,14.92,14.92,1980222
2026-06-22 12:50:00,14.92,14.93,14.92,14.92,638221
2026-06-22 12:55:00,14.92,14.94,14.92,14.94,1147600
2026-06-22 13:00:00,14.94,14.96,14.93,14.95,3167474
2026-06-22 13:05:00,14.94,14.95,14.94,14.95,362902
2026-06-22 13:10:00,14.94,14.95,14.93,14.94,1409326
2026-06-22 13:15:00,14.95,14.95,14.93,14.93,262205
2026-06-22 13:20:00,14.94,14.94,14.93,14.93,473680
2026-06-22 13:25:00,14.94,14.95,14.93,14.94,1512757
2026-06-22 13:30:00,14.95,14.95,14.92,14.93,1231414
2026-06-22 13:35:00,14.93,14.94,14.92,14.92,1273832
2026-06-22 13:40:00,14.93,14.93,14.9,14.9,1989863
2026-06-22 13:45:00,14.9,14.91,14.9,14.91,777653
2026-06-22 13:50:00,14.9,14.91,14.87,14.88,5994464
2026-06-22 13:55:00,14.87,14.9,14.87,14.9,2432285
2026-06-22 14:00:00,14.9,14.9,14.89,14.9,633148
2026-06-22 14:05:00,14.89,14.9,14.89,14.89,692293
2026-06-22 14:10:00,14.89,14.9,14.89,14.89,638767
2026-06-22 14:15:00,14.89,14.9,14.89,14.9,574587
2026-06-22 14:20:00,14.89,14.9,14.89,14.89,1050065
2026-06-22 14:25:00,14.89,14.9,14.88,14.89,830016
2026-06-22 14:30:00,14.9,14.9,14.87,14.88,1945934
2026-06-22 14:35:00,14.87,14.89,14.87,14.88,1277085
2026-06-22 14:40:00,14.89,14.9,14.88,14.89,2268647
2026-06-22 14:45:00,14.89,14.91,14.89,14.91,1437628
2026-06-22 14:50:00,14.91,14.91,14.9,14.91,1382938
2026-06-22 14:55:00,14.9,14.91,14.87,14.88,2648033
2026-06-22 15:00:00,14.9,14.9,14.87,14.87,3968854
2026-06-22 15:05:00,14.87,14.9,14.86,14.89,5769014
2026-06-22 15:10:00,14.89,14.9,14.87,14.87,3827570
2026-06-22 15:15:00,14.88,14.88,14.82,14.84,12853733
2026-06-22 15:20:00,14.84,14.85,14.8,14.81,22121231
2026-06-22 15:25:00,14.81,14.81,14.75,14.79,18596496
2026-06-23 09:15:00,14.84,14.87,14.73,14.76,28171520
2026-06-23 09:20:00,14.77,14.88,14.77,14.87,14107136
2026-06-23 09:25:00,14.87,14.92,14.86,14.9,13412569
2026-06-23 09:30:00,14.89,14.97,14.89,14.91,14383022
2026-06-23 09:35:00,14.92,14.92,14.85,14.87,8833932
2026-06-23 09:40:00,14.87,14.9,14.84,14.89,7493782
2026-06-23 09:45:00,14.89,14.92,14.87,14.91,5478948
2026-06-23 09:50:00,14.91,14.91,14.87,14.88,4891977
2026-06-23 09:55:00,14.87,14.88,14.85,14.85,3918831
2026-06-23 10:00:00,14.86,14.87,14.85,14.86,1735774
2026-06-23 10:05:00,14.85,14.87,14.84,14.87,3531032
2026-06-23 10:10:00,14.86,14.87,14.83,14.83,3321011
2026-06-23 10:15:00,14.83,14.85,14.83,14.85,1644436
2026-06-23 10:20:00,14.84,14.85,14.83,14.84,1342762
2026-06-23 10:25:00,14.83,14.85,14.81,14.82,3594772
2026-06-23 10:30:00,14.81,14.84,14.79,14.83,5396414
2026-06-23 10:35:00,14.83,14.85,14.83,14.84,1397234
2026-06-23 10:40:00,14.85,14.85,14.84,14.84,646072
2026-06-23 10:45:00,14.84,14.84,14.81,14.82,1986001
2026-06-23 10:50:00,14.82,14.84,14.81,14.84,2603725
2026-06-23 10:55:00,14.84,14.85,14.82,14.84,2483301
2026-06-23 11:00:00,14.84,14.84,14.82,14.82,2185000
2026-06-23 11:05:00,14.82,14.85,14.82,14.84,1198210
2026-06-23 11:10:00,14.85,14.86,14.84,14.85,2964175
2026-06-23 11:15:00,14.86,14.86,14.85,14.86,973834
2026-06-23 11:20:00,14.85,14.86,14.84,14.85,1861818
2026-06-23 11:25:00,14.85,14.85,14.83,14.84,2259839
2026-06-23 11:30:00,14.84,14.84,14.81,14.82,6152261
2026-06-23 11:35:00,14.81,14.82,14.75,14.76,12843578
2026-06-23 11:40:00,14.77,14.78,14.72,14.73,7617063
2026-06-23 11:45:00,14.72,14.73,14.7,14.72,6010771
2026-06-23 11:50:00,14.7,14.72,14.67,14.68,4928644
2026-06-23 11:55:00,14.67,14.69,14.63,14.66,10581284
2026-06-23 12:00:00,14.66,14.69,14.64,14.66,12183853
2026-06-23 12:05:00,14.66,14.66,14.63,14.65,3040299
2026-06-23 12:10:00,14.64,14.66,14.64,14.65,2910828
2026-06-23 12:15:00,14.65,14.65,14.61,14.63,6705900
2026-06-23 12:20:00,14.63,14.64,14.6,14.6,4975809
2026-06-23 12:25:00,14.61,14.66,14.59,14.65,7112142
2026-06-23 12:30:00,14.66,14.68,14.64,14.65,5979784
2026-06-23 12:35:00,14.64,14.67,14.64,14.66,1751789
2026-06-23 12:40:00,14.67,14.67,14.64,14.64,1980684
2026-06-23 12:45:00,14.65,14.65,14.58,14.6,9777797
2026-06-23 12:50:00,14.6,14.61,14.55,14.57,7624409
2026-06-23 12:55:00,14.56,14.58,14.55,14.57,2654616
2026-06-23 13:00:00,14.56,14.6,14.56,14.58,2451577
2026-06-23 13:05:00,14.59,14.6,14.58,14.59,1753220
2026-06-23 13:10:00,14.58,14.6,14.53,14.53,5804883
2026-06-23 13:15:00,14.54,14.55,14.52,14.53,5072091
2026-06-23 13:20:00,14.53,14.57,14.52,14.54,5700443
2026-06-23 13:25:00,14.54,14.55,14.53,14.54,1691621
2026-06-23 13:30:00,14.53,14.54,14.48,14.5,9802479
2026-06-23 13:35:00,14.5,14.54,14.41,14.48,18871911
2026-06-23 13:40:00,14.48,14.52,14.46,14.51,6849823
2026-06-23 13:45:00,14.51,14.53,14.48,14.49,9812686
2026-06-23 13:50:00,14.49,14.52,14.46,14.47,7599507
2026-06-23 13:55:00,14.47,14.48,14.45,14.47,1777507
2026-06-23 14:00:00,14.46,14.49,14.45,14.48,1635591
2026-06-23 14:05:00,14.49,14.5,14.46,14.49,1852588
2026-06-23 14:10:00,14.5,14.53,14.49,14.53,2186261
2026-06-23 14:15:00,14.53,14.55,14.51,14.52,3377504
2026-06-23 14:20:00,14.51,14.55,14.51,14.54,2197935
2026-06-23 14:25:00,14.55,14.55,14.53,14.54,1651061
2026-06-23 14:30:00,14.53,14.54,14.53,14.54,1322953
2026-06-23 14:35:00,14.53,14.54,14.51,14.53,2845380
2026-06-23 14:40:00,14.52,14.56,14.52,14.56,2862437
2026-06-23 14:45:00,14.56,14.56,14.53,14.54,2094774
2026-06-23 14:50:00,14.54,14.55,14.53,14.54,1184511
2026-06-23 14:55:00,14.54,14.54,14.52,14.53,2236936
2026-06-23 15:00:00,14.54,14.54,14.46,14.48,7405468
2026-06-23 15:05:00,14.48,14.52,14.47,14.51,7240332
2026-06-23 15:10:00,14.51,14.51,14.49,14.5,5718140
2026-06-23 15:15:00,14.5,14.51,14.42,14.43,13934094
2026-06-23 15:20:00,14.44,14.44,14.4,14.42,18645343
2026-06-23 15:25:00,14.42,14.45,14.41,14.44,17537311
2026-06-24 09:15:00,14.47,14.59,14.46,14.57,20740063
2026-06-24 09:20:00,14.56,14.57,14.48,14.49,11099563
2026-06-24 09:25:00,14.48,14.48,14.41,14.45,11857248
2026-06-24 09:30:00,14.44,14.45,14.36,14.36,11144839
2026-06-24 09:35:00,14.36,14.37,14.31,14.32,9710494
2026-06-24 09:40:00,14.32,14.34,14.23,14.24,15550843
2026-06-24 09:45:00,14.23,14.25,14.22,14.22,8829627
2026-06-24 09:50:00,14.23,14.3,14.21,14.3,10574288
2026-06-24 09:55:00,14.3,14.3,14.25,14.28,6450428
2026-06-24 10:00:00,14.28,14.3,14.26,14.27,4769830
2026-06-24 10:05:00,14.28,14.29,14.27,14.28,1861315
2026-06-24 10:10:00,14.28,14.28,14.25,14.26,3374780
2026-06-24 10:15:00,14.25,14.26,14.16,14.19,20138279
2026-06-24 10:20:00,14.19,14.28,14.18,14.26,6751194
2026-06-24 10:25:00,14.26,14.29,14.24,14.24,4009281
2026-06-24 10:30:00,14.25,14.27,14.21,14.24,9611222
2026-06-24 10:35:00,14.24,14.25,14.23,14.25,1264066
2026-06-24 10:40:00,14.24,14.27,14.23,14.27,2684338
2026-06-24 10:45:00,14.24,14.28,14.22,14.25,3331064
2026-06-24 10:50:00,14.25,14.27,14.23,14.23,4531583
2026-06-24 10:55:00,14.24,14.25,14.22,14.23,2925461
2026-06-24 11:00:00,14.23,14.23,14.22,14.22,1380972
2026-06-24 11:05:00,14.23,14.29,14.22,14.28,5437717
2026-06-24 11:10:00,14.29,14.33,14.26,14.33,9656628
2026-06-24 11:15:00,14.33,14.34,14.3,14.32,7546436
2026-06-24 11:20:00,14.33,14.41,14.31,14.39,10001903
2026-06-24 11:25:00,14.38,14.47,14.38,14.42,19764754
2026-06-24 11:30:00,14.43,14.47,14.41,14.46,8831036
2026-06-24 11:35:00,14.46,14.49,14.45,14.48,7641348
2026-06-24 11:40:00,14.49,14.49,14.43,14.44,6150334
2026-06-24 11:45:00,14.45,14.47,14.43,14.47,5335097
2026-06-24 11:50:00,14.46,14.53,14.46,14.51,7194536
2026-06-24 11:55:00,14.5,14.54,14.5,14.52,4445928
2026-06-24 12:00:00,14.51,14.55,14.51,14.53,4548730
2026-06-24 12:05:00,14.53,14.54,14.48,14.48,3399727
2026-06-24 12:10:00,14.48,14.52,14.46,14.5,5461226
2026-06-24 12:15:00,14.49,14.53,14.48,14.5,4846704
2026-06-24 12:20:00,14.51,14.52,14.5,14.51,1322858
2026-06-24 12:25:00,14.52,14.52,14.49,14.49,2018742
2026-06-24 12:30:00,14.5,14.51,14.48,14.5,2675286
2026-06-24 12:35:00,14.5,14.52,14.49,14.5,3038152
2026-06-24 12:40:00,14.5,14.52,14.45,14.47,11733219
2026-06-24 12:45:00,14.47,14.48,14.46,14.47,662658
2026-06-24 12:50:00,14.46,14.48,14.46,14.47,1385550
2026-06-24 12:55:00,14.47,14.49,14.44,14.47,3169943
2026-06-24 13:00:00,14.46,14.47,14.46,14.46,677337
2026-06-24 13:05:00,14.47,14.47,14.45,14.46,1268766
2026-06-24 13:10:00,14.45,14.47,14.45,14.46,1379583
2026-06-24 13:15:00,14.47,14.5,14.46,14.48,2471074
2026-06-24 13:20:00,14.49,14.49,14.48,14.49,523040
2026-06-24 13:25:00,14.48,14.49,14.48,14.49,583344
2026-06-24 13:30:00,14.48,14.5,14.47,14.5,1752755
2026-06-24 13:35:00,14.49,14.51,14.47,14.47,3297803
2026-06-24 13:40:00,14.47,14.48,14.47,14.48,828716
2026-06-24 13:45:00,14.47,14.48,14.45,14.47,1823858
2026-06-24 13:50:00,14.46,14.47,14.46,14.46,785216
2026-06-24 13:55:00,14.46,14.48,14.45,14.45,4047912
2026-06-24 14:00:00,14.46,14.46,14.42,14.43,3004038
2026-06-24 14:05:00,14.42,14.45,14.39,14.43,9066333
2026-06-24 14:10:00,14.43,14.45,14.43,14.45,620291
2026-06-24 14:15:00,14.44,14.45,14.44,14.45,742744
2026-06-24 14:20:00,14.44,14.45,14.41,14.41,1276397
2026-06-24 14:25:00,14.41,14.44,14.41,14.42,2042539
2026-06-24 14:30:00,14.43,14.43,14.39,14.4,2256715
2026-06-24 14:35:00,14.39,14.4,14.38,14.38,3892864
2026-06-24 14:40:00,14.39,14.43,14.38,14.42,6910323
2026-06-24 14:45:00,14.41,14.42,14.39,14.39,1745525
2026-06-24 14:50:00,14.39,14.42,14.39,14.41,2805620
2026-06-24 14:55:00,14.4,14.42,14.39,14.4,3758610
2026-06-24 15:00:00,14.4,14.4,14.34,14.35,7876477
2026-06-24 15:05:00,14.34,14.35,14.32,14.33,8006624
2026-06-24 15:10:00,14.33,14.34,14.3,14.31,10240049
2026-06-24 15:15:00,14.3,14.34,14.3,14.31,10882898
2026-06-24 15:20:00,14.31,14.32,14.27,14.28,17271929
2026-06-24 15:25:00,14.28,14.31,14.27,14.31,14783557
2026-06-25 09:15:00,14.38,14.45,14.33,14.36,22750972
2026-06-25 09:20:00,14.35,14.36,14.3,14.35,6617723
2026-06-25 09:25:00,14.34,14.36,14.25,14.26,9532747
2026-06-25 09:30:00,14.26,14.28,14.23,14.28,4838996
2026-06-25 09:35:00,14.27,14.3,14.26,14.28,4717148
2026-06-25 09:40:00,14.29,14.3,14.28,14.3,3040990
2026-06-25 09:45:00,14.3,14.3,14.27,14.28,2148908
2026-06-25 09:50:00,14.29,14.3,14.25,14.26,4558768
2026-06-25 09:55:00,14.25,14.27,14.24,14.27,3380428
2026-06-25 10:00:00,14.26,14.28,14.26,14.28,2269607
2026-06-25 10:05:00,14.27,14.28,14.23,14.25,6074216
2026-06-25 10:10:00,14.24,14.26,14.24,14.26,1630991
2026-06-25 10:15:00,14.25,14.26,14.22,14.23,4139268
2026-06-25 10:20:00,14.22,14.27,14.22,14.24,8587698
2026-06-25 10:25:00,14.25,14.26,14.19,14.22,10738339
2026-06-25 10:30:00,14.22,14.24,14.22,14.23,2399679
2026-06-25 10:35:00,14.24,14.25,14.21,14.23,4575552
2026-06-25 10:40:00,14.22,14.23,14.21,14.21,2820320
2026-06-25 10:45:00,14.21,14.23,14.21,14.21,2386028
2026-06-25 10:50:00,14.23,14.23,14.18,14.19,4060039
2026-06-25 10:55:00,14.18,14.2,14.17,14.19,3626564
2026-06-25 11:00:00,14.19,14.2,14.19,14.2,1901644
2026-06-25 11:05:00,14.2,14.22,14.19,14.21,2674179
2026-06-25 11:10:00,14.22,14.25,14.21,14.25,2336508
2026-06-25 11:15:00,14.24,14.25,14.22,14.24,2104053
2026-06-25 11:20:00,14.23,14.24,14.23,14.24,974230
2026-06-25 11:25:00,14.23,14.25,14.23,14.23,1161080
2026-06-25 11:30:00,14.24,14.24,14.22,14.23,10707381
2026-06-25 11:35:00,14.22,14.23,14.22,14.23,498897
2026-06-25 11:40:00,14.23,14.23,14.21,14.22,1016734
2026-06-25 11:45:00,14.22,14.22,14.18,14.19,3000231
2026-06-25 11:50:00,14.19,14.19,14.18,14.19,2166132
2026-06-25 11:55:00,14.18,14.22,14.18,14.22,1699443
2026-06-25 12:00:00,14.22,14.22,14.19,14.19,764782
2026-06-25 12:05:00,14.19,14.2,14.18,14.2,1443341
2026-06-25 12:10:00,14.19,14.21,14.19,14.2,1364197
2026-06-25 12:15:00,14.2,14.21,14.18,14.19,2099140
2026-06-25 12:20:00,14.18,14.19,14.16,14.17,3602656
2026-06-25 12:25:00,14.16,14.17,14.15,14.16,4277354
2026-06-25 12:30:00,14.15,14.16,14.11,14.12,9014858
2026-06-25 12:35:00,14.12,14.13,14.11,14.13,2499486
2026-06-25 12:40:00,14.13,14.13,14.11,14.11,1458842
2026-06-25 12:45:00,14.11,14.12,14.08,14.11,6297438
2026-06-25 12:50:00,14.11,14.12,14.09,14.11,2385615
2026-06-25 12:55:00,14.12,14.12,14.1,14.11,1240556
2026-06-25 13:00:00,14.11,14.11,14.09,14.1,1780466
2026-06-25 13:05:00,14.11,14.11,14.1,14.11,930030
2026-06-25 13:10:00,14.11,14.11,14.09,14.09,1875690
2026-06-25 13:15:00,14.1,14.1,14.09,14.09,1522571
2026-06-25 13:20:00,14.1,14.11,14.09,14.11,1969827
2026-06-25 13:25:00,14.11,14.11,14.08,14.08,1465285
2026-06-25 13:30:00,14.09,14.09,14.08,14.08,1218389
2026-06-25 13:35:00,14.09,14.09,14.06,14.06,2727217
2026-06-25 13:40:00,14.07,14.07,14.05,14.06,2783388
2026-06-25 13:45:00,14.06,14.07,14.01,14.06,8298181
2026-06-25 13:50:00,14.05,14.07,14.01,14.01,3947770
2026-06-25 13:55:00,14.02,14.03,14.01,14.02,3794838
2026-06-25 14:00:00,14.02,14.03,13.98,14.02,11202487
2026-06-25 14:05:00,14.03,14.04,14.01,14.04,3839339
2026-06-25 14:10:00,14.04,14.1,14.03,14.06,6652791
2026-06-25 14:15:00,14.06,14.07,14.04,14.06,1889251
2026-06-25 14:20:00,14.07,14.12,14.06,14.12,4017360
2026-06-25 14:25:00,14.11,14.16,14.11,14.16,6635651
2026-06-25 14:30:00,14.15,14.21,14.15,14.2,6885816
2026-06-25 14:35:00,14.2,14.21,14.1,14.12,8816866
2026-06-25 14:40:00,14.11,14.14,14.08,14.09,4929608
2026-06-25 14:45:00,14.1,14.15,14.09,14.14,3835299
2026-06-25 14:50:00,14.13,14.14,14.1,14.11,1680655
2026-06-25 14:55:00,14.1,14.12,14.08,14.08,4234535
2026-06-25 15:00:00,14.09,14.09,14.05,14.05,6423170
2026-06-25 15:05:00,14.05,14.13,14.05,14.11,13272724
2026-06-25 15:10:00,14.11,14.12,14.1,14.1,4216052
2026-06-25 15:15:00,14.11,14.11,14.06,14.08,10245585
2026-06-25 15:20:00,14.09,14.09,14.03,14.04,15553081
2026-06-25 15:25:00,14.05,14.05,14.02,14.04,14999657
2026-06-29 09:15:00,14.1,14.12,14.0,14.01,20872553
2026-06-29 09:20:00,14.0,14.04,13.91,13.93,14730720
2026-06-29 09:25:00,13.92,13.97,13.88,13.92,22450342
2026-06-29 09:30:00,13.92,13.94,13.83,13.89,14746920
2026-06-29 09:35:00,13.88,13.97,13.87,13.93,10470811
2026-06-29 09:40:00,13.94,13.95,13.89,13.92,7306804
2026-06-29 09:45:00,13.93,13.97,13.88,13.96,8867320
2026-06-29 09:50:00,13.96,13.99,13.95,13.98,5342677
2026-06-29 09:55:00,13.98,14.03,13.98,14.02,11892647
2026-06-29 10:00:00,14.01,14.04,14.0,14.01,5217735
2026-06-29 10:05:00,14.02,14.05,14.01,14.02,7364093
2026-06-29 10:10:00,14.02,14.03,14.0,14.02,4002076
2026-06-29 10:15:00,14.01,14.02,13.98,14.0,5633870
2026-06-29 10:20:00,14.0,14.02,13.99,14.02,3034848
2026-06-29 10:25:00,14.01,14.03,14.01,14.01,2371513
2026-06-29 10:30:00,14.02,14.02,13.99,14.0,2463612
2026-06-29 10:35:00,13.99,14.01,13.98,13.98,3083562
2026-06-29 10:40:00,13.99,14.0,13.98,14.0,2159931
2026-06-29 10:45:00,14.0,14.01,13.98,13.98,2659613
2026-06-29 10:50:00,13.99,13.99,13.96,13.97,3851916
2026-06-29 10:55:00,13.97,13.99,13.97,13.98,2629681
2026-06-29 11:00:00,13.99,14.02,13.98,14.0,3408994
2026-06-29 11:05:00,14.01,14.02,13.99,14.01,3238051
2026-06-29 11:10:00,14.01,14.05,14.01,14.03,4887720
2026-06-29 11:15:00,14.02,14.07,14.02,14.06,7560003
2026-06-29 11:20:00,14.07,14.07,14.04,14.05,6142961
2026-06-29 11:25:00,14.06,14.08,14.04,14.08,3253632
2026-06-29 11:30:00,14.07,14.09,14.03,14.04,6511996
2026-06-29 11:35:00,14.04,14.07,14.03,14.04,4645085
2026-06-29 11:40:00,14.05,14.06,14.04,14.05,4798009
2026-06-29 11:45:00,14.06,14.07,14.05,14.05,3477683
2026-06-29 11:50:00,14.06,14.06,14.04,14.05,3106485
2026-06-29 11:55:00,14.05,14.05,14.03,14.03,2935274
2026-06-29 12:00:00,14.03,14.07,14.03,14.06,3359230
2026-06-29 12:05:00,14.07,14.07,14.05,14.06,2763449
2026-06-29 12:10:00,14.07,14.07,14.05,14.06,2887019
2026-06-29 12:15:00,14.05,14.07,14.04,14.04,3294498
2026-06-29 12:20:00,14.04,14.06,14.04,14.05,4195126
2026-06-29 12:25:00,14.05,14.06,14.02,14.04,7964804
2026-06-29 12:30:00,14.03,14.04,14.02,14.04,3323634
2026-06-29 12:35:00,14.04,14.05,14.03,14.04,4242433
2026-06-29 12:40:00,14.05,14.05,14.03,14.05,4004443
2026-06-29 12:45:00,14.05,14.06,14.03,14.05,3401685
2026-06-29 12:50:00,14.05,14.06,14.04,14.06,3545053
2026-06-29 12:55:00,14.06,14.13,14.05,14.12,9837665
2026-06-29 13:00:00,14.12,14.19,14.11,14.15,12430368
2026-06-29 13:05:00,14.15,14.18,14.13,14.17,8221595
2026-06-29 13:10:00,14.16,14.17,14.13,14.14,6179976
2026-06-29 13:15:00,14.15,14.17,14.13,14.13,6610983
2026-06-29 13:20:00,14.14,14.16,14.12,14.14,5353696
2026-06-29 13:25:00,14.15,14.15,14.13,14.15,3963961
2026-06-29 13:30:00,14.14,14.17,14.13,14.16,4776621
2026-06-29 13:35:00,14.15,14.25,14.15,14.25,12874580
2026-06-29 13:40:00,14.25,14.25,14.22,14.24,9987816
2026-06-29 13:45:00,14.25,14.27,14.24,14.26,11408044
2026-06-29 13:50:00,14.26,14.26,14.23,14.25,8576527
2026-06-29 13:55:00,14.24,14.26,14.22,14.25,11812973
2026-06-29 14:00:00,14.24,14.29,14.22,14.29,10007977
2026-06-29 14:05:00,14.29,14.31,14.27,14.29,12623192
2026-06-29 14:10:00,14.29,14.32,14.28,14.31,11715888
2026-06-29 14:15:00,14.3,14.32,14.29,14.31,10421626
2026-06-29 14:20:00,14.3,14.32,14.27,14.27,10892726
2026-06-29 14:25:00,14.27,14.3,14.27,14.3,9807157
2026-06-29 14:30:00,14.29,14.32,14.28,14.31,7929253
2026-06-29 14:35:00,14.32,14.33,14.29,14.3,13048963
2026-06-29 14:40:00,14.31,14.32,14.28,14.28,18107690
2026-06-29 14:45:00,14.27,14.27,14.21,14.23,17085778
2026-06-29 14:50:00,14.22,14.25,14.2,14.24,9058407
2026-06-29 14:55:00,14.24,14.27,14.24,14.25,10170442
2026-06-29 15:00:00,14.25,14.47,14.25,14.45,96952326
2026-06-29 15:05:00,14.43,14.48,14.37,14.45,86901284
2026-06-29 15:10:00,14.45,14.5,14.39,14.48,82572823
2026-06-29 15:15:00,14.48,14.49,14.42,14.43,104141646
2026-06-29 15:20:00,14.44,14.49,14.39,14.47,96369382
2026-06-29 15:25:00,14.47,14.51,14.35,14.37,57895907
2026-06-30 09:15:00,14.45,14.45,14.37,14.38,21138171
2026-06-30 09:20:00,14.39,14.39,14.29,14.3,12367742
2026-06-30 09:25:00,14.31,14.36,14.3,14.34,20660888
2026-06-30 09:30:00,14.35,14.58,14.33,14.52,30378040
2026-06-30 09:35:00,14.51,14.56,14.48,14.49,12713206
2026-06-30 09:40:00,14.5,14.63,14.47,14.57,15741513
2026-06-30 09:45:00,14.56,14.61,14.53,14.58,10952267
2026-06-30 09:50:00,14.58,14.58,14.46,14.47,8943165
2026-06-30 09:55:00,14.48,14.52,14.47,14.51,4520079
2026-06-30 10:00:00,14.52,14.52,14.48,14.48,3033586
2026-06-30 10:05:00,14.48,14.52,14.45,14.51,9406213
2026-06-30 10:10:00,14.51,14.53,14.48,14.5,3109900
2026-06-30 10:15:00,14.5,14.51,14.48,14.49,1834900
2026-06-30 10:20:00,14.49,14.5,14.46,14.48,6147187
2026-06-30 10:25:00,14.48,14.48,14.43,14.46,3303501
2026-06-30 10:30:00,14.46,14.46,14.43,14.46,1694126
2026-06-30 10:35:00,14.46,14.56,14.46,14.49,11129118
2026-06-30 10:40:00,14.49,14.5,14.45,14.5,3200354
2026-06-30 10:45:00,14.5,14.52,14.48,14.5,2193698
2026-06-30 10:50:00,14.5,14.52,14.49,14.51,1936227
2026-06-30 10:55:00,14.52,14.52,14.5,14.52,1478833
2026-06-30 11:00:00,14.52,14.53,14.48,14.49,3074849
2026-06-30 11:05:00,14.5,14.51,14.48,14.49,1285798
2026-06-30 11:10:00,14.49,14.57,14.48,14.56,5715476
2026-06-30 11:15:00,14.56,14.57,14.51,14.53,2737172
2026-06-30 11:20:00,14.53,14.57,14.52,14.57,3135222
2026-06-30 11:25:00,14.56,14.57,14.53,14.53,2001220
2026-06-30 11:30:00,14.53,14.54,14.49,14.49,4234267
2026-06-30 11:35:00,14.5,14.5,14.44,14.46,5497503
2026-06-30 11:40:00,14.45,14.46,14.42,14.43,5625720
2026-06-30 11:45:00,14.42,14.47,14.41,14.46,4965403
2026-06-30 11:50:00,14.46,14.49,14.45,14.47,1803133
2026-06-30 11:55:00,14.47,14.48,14.45,14.47,1946931
2026-06-30 12:00:00,14.46,14.5,14.46,14.5,2093862
2026-06-30 12:05:00,14.49,14.49,14.47,14.47,893270
2026-06-30 12:10:00,14.48,14.48,14.46,14.47,439363
2026-06-30 12:15:00,14.46,14.48,14.46,14.48,737056
2026-06-30 12:20:00,14.47,14.49,14.47,14.49,887693
2026-06-30 12:25:00,14.48,14.49,14.46,14.48,1332849
2026-06-30 12:30:00,14.47,14.48,14.45,14.46,1656582
2026-06-30 12:35:00,14.46,14.49,14.46,14.48,1813528
2026-06-30 12:40:00,14.47,14.5,14.47,14.49,2788102
2026-06-30 12:45:00,14.5,14.52,14.49,14.5,3035858
2026-06-30 12:50:00,14.5,14.51,14.47,14.47,1441381
2026-06-30 12:55:00,14.48,14.51,14.47,14.5,1763932
2026-06-30 13:00:00,14.51,14.52,14.48,14.51,1915019
2026-06-30 13:05:00,14.5,14.51,14.49,14.5,1478384
2026-06-30 13:10:00,14.51,14.51,14.49,14.51,744336
2026-06-30 13:15:00,14.5,14.51,14.49,14.5,467485
2026-06-30 13:20:00,14.5,14.5,14.48,14.5,1921668
2026-06-30 13:25:00,14.49,14.55,14.49,14.53,7470595
2026-06-30 13:30:00,14.53,14.54,14.52,14.53,1660980
2026-06-30 13:35:00,14.53,14.56,14.52,14.53,5770471
2026-06-30 13:40:00,14.53,14.58,14.52,14.57,8983078
2026-06-30 13:45:00,14.56,14.59,14.55,14.57,3541884
2026-06-30 13:50:00,14.58,14.58,14.55,14.55,3622223
2026-06-30 13:55:00,14.56,14.56,14.53,14.55,7715761
2026-06-30 14:00:00,14.55,14.58,14.55,14.56,3270770
2026-06-30 14:05:00,14.56,14.6,14.56,14.6,9270353
2026-06-30 14:10:00,14.59,14.6,14.56,14.56,4619357
2026-06-30 14:15:00,14.57,14.58,14.55,14.56,3004506
2026-06-30 14:20:00,14.56,14.58,14.54,14.56,2705239
2026-06-30 14:25:00,14.57,14.59,14.56,14.58,5404052
2026-06-30 14:30:00,14.58,14.58,14.52,14.54,10048338
2026-06-30 14:35:00,14.55,14.55,14.5,14.52,8713697
2026-06-30 14:40:00,14.52,14.53,14.48,14.49,9778677
2026-06-30 14:45:00,14.49,14.52,14.48,14.5,6718716
2026-06-30 14:50:00,14.49,14.53,14.48,14.51,13151064
2026-06-30 14:55:00,14.51,14.54,14.44,14.53,26024812
2026-06-30 15:00:00,14.52,14.53,14.45,14.47,12846835
2026-06-30 15:05:00,14.46,14.5,14.46,14.47,7792842
2026-06-30 15:10:00,14.48,14.48,14.44,14.44,14985973
2026-06-30 15:15:00,14.45,14.45,14.43,14.44,17485751
2026-06-30 15:20:00,14.44,14.48,14.44,14.48,20590469
2026-06-30 15:25:00,14.47,14.48,14.44,14.45,16183913
2026-07-01 09:15:00,14.46,14.55,14.43,14.5,17768395
2026-07-01 09:20:00,14.5,14.5,14.42,14.42,11304031
2026-07-01 09:25:00,14.42,14.44,14.41,14.42,6279410
2026-07-01 09:30:00,14.43,14.49,14.42,14.48,3867244
2026-07-01 09:35:00,14.47,14.5,14.45,14.46,4940614
2026-07-01 09:40:00,14.46,14.49,14.42,14.42,5367933
2026-07-01 09:45:00,14.41,14.44,14.38,14.39,9216493
2026-07-01 09:50:00,14.39,14.41,14.39,14.41,4696678
2026-07-01 09:55:00,14.41,14.43,14.37,14.38,4910375
2026-07-01 10:00:00,14.39,14.4,14.36,14.36,3419744
2026-07-01 10:05:00,14.37,14.41,14.35,14.4,2649734
2026-07-01 10:10:00,14.4,14.44,14.4,14.41,2307701
2026-07-01 10:15:00,14.42,14.44,14.41,14.43,1613788
2026-07-01 10:20:00,14.43,14.44,14.43,14.43,1097903
2026-07-01 10:25:00,14.44,14.47,14.42,14.45,4494534
2026-07-01 10:30:00,14.46,14.49,14.45,14.48,2623853
2026-07-01 10:35:00,14.47,14.5,14.47,14.49,2659715
2026-07-01 10:40:00,14.49,14.5,14.46,14.48,3558454
2026-07-01 10:45:00,14.47,14.53,14.47,14.51,5166732
2026-07-01 10:50:00,14.52,14.54,14.51,14.54,2739372
2026-07-01 10:55:00,14.54,14.55,14.5,14.53,5698374
2026-07-01 11:00:00,14.54,14.55,14.51,14.53,2790765
2026-07-01 11:05:00,14.53,14.53,14.51,14.53,983595
2026-07-01 11:10:00,14.52,14.55,14.52,14.55,2589420
2026-07-01 11:15:00,14.55,14.55,14.52,14.52,4157401
2026-07-01 11:20:00,14.52,14.62,14.52,14.62,6155921
2026-07-01 11:25:00,14.62,14.67,14.53,14.61,23736369
2026-07-01 11:30:00,14.61,14.67,14.59,14.6,10044127
2026-07-01 11:35:00,14.61,14.63,14.6,14.62,3281440
2026-07-01 11:40:00,14.62,14.84,14.61,14.84,28498488
2026-07-01 11:45:00,14.83,14.85,14.64,14.66,17355642
2026-07-01 11:50:00,14.67,14.69,14.66,14.68,6464827
2026-07-01 11:55:00,14.68,14.69,14.66,14.68,3001114
2026-07-01 12:00:00,14.68,14.69,14.67,14.68,2930775
2026-07-01 12:05:00,14.68,14.69,14.67,14.68,1510413
2026-07-01 12:10:00,14.68,14.71,14.64,14.7,14162882
2026-07-01 12:15:00,14.69,14.72,14.68,14.71,2339409
2026-07-01 12:20:00,14.72,14.8,14.7,14.79,7862416
2026-07-01 12:25:00,14.79,14.84,14.76,14.81,15519258
2026-07-01 12:30:00,14.83,14.85,14.8,14.83,8237411
2026-07-01 12:35:00,14.84,14.84,14.77,14.79,7485788
2026-07-01 12:40:00,14.79,14.79,14.75,14.76,4423923
2026-07-01 12:45:00,14.75,14.76,14.68,14.7,6542511
2026-07-01 12:50:00,14.71,14.72,14.69,14.69,3287509
2026-07-01 12:55:00,14.69,14.71,14.69,14.7,2465313
2026-07-01 13:00:00,14.7,14.7,14.64,14.66,4611146
2026-07-01 13:05:00,14.66,14.68,14.65,14.67,2091734
2026-07-01 13:10:00,14.68,14.68,14.62,14.67,6310842
2026-07-01 13:15:00,14.66,14.7,14.66,14.69,1288337
2026-07-01 13:20:00,14.69,14.69,14.66,14.67,1780594
2026-07-01 13:25:00,14.66,14.68,14.66,14.67,1205597
2026-07-01 13:30:00,14.65,14.67,14.64,14.66,2601841
2026-07-01 13:35:00,14.66,14.68,14.66,14.68,744980
2026-07-01 13:40:00,14.67,14.69,14.66,14.67,1378674
2026-07-01 13:45:00,14.68,14.69,14.67,14.67,1178955
2026-07-01 13:50:00,14.68,14.73,14.67,14.71,4354158
2026-07-01 13:55:00,14.7,14.76,14.7,14.74,5245272
2026-07-01 14:00:00,14.75,14.75,14.7,14.73,2553923
2026-07-01 14:05:00,14.74,14.75,14.7,14.72,3448340
2026-07-01 14:10:00,14.72,14.72,14.66,14.66,3450706
2026-07-01 14:15:00,14.66,14.68,14.64,14.66,2878789
2026-07-01 14:20:00,14.66,14.66,14.61,14.63,2253241
2026-07-01 14:25:00,14.63,14.63,14.56,14.59,8146401
2026-07-01 14:30:00,14.59,14.7,14.58,14.7,9704296
2026-07-01 14:35:00,14.7,14.7,14.65,14.66,2376665
2026-07-01 14:40:00,14.65,14.7,14.65,14.67,3181123
2026-07-01 14:45:00,14.68,14.68,14.66,14.67,1642481
2026-07-01 14:50:00,14.66,14.68,14.65,14.67,4416912
2026-07-01 14:55:00,14.68,14.68,14.65,14.66,1987410
2026-07-01 15:00:00,14.66,14.68,14.65,14.67,3247336
2026-07-01 15:05:00,14.66,14.71,14.66,14.68,6924547
2026-07-01 15:10:00,14.67,14.68,14.65,14.67,4639482
2026-07-01 15:15:00,14.66,14.67,14.65,14.66,8353533
2026-07-01 15:20:00,14.65,14.66,14.6,14.61,15716580
2026-07-01 15:25:00,14.61,14.65,14.6,14.61,12269676
2026-07-02 09:15:00,14.68,14.75,14.54,14.57,25551807
2026-07-02 09:20:00,14.57,14.58,14.44,14.52,25123784
2026-07-02 09:25:00,14.52,14.59,14.51,14.54,9931931
2026-07-02 09:30:00,14.54,14.55,14.5,14.52,6054347
2026-07-02 09:35:00,14.52,14.58,14.52,14.57,3799890
2026-07-02 09:40:00,14.57,14.57,14.52,14.52,3732426
2026-07-02 09:45:00,14.52,14.54,14.49,14.51,4298269
2026-07-02 09:50:00,14.52,14.53,14.51,14.52,2679099
2026-07-02 09:55:00,14.53,14.55,14.52,14.54,1759067
2026-07-02 10:00:00,14.54,14.55,14.51,14.52,2532851
2026-07-02 10:05:00,14.51,14.53,14.51,14.53,2406499
2026-07-02 10:10:00,14.54,14.56,14.5,14.52,4815502
2026-07-02 10:15:00,14.51,14.53,14.51,14.53,1299362
2026-07-02 10:20:00,14.52,14.54,14.49,14.5,4447776
2026-07-02 10:25:00,14.5,14.54,14.49,14.5,9220005
2026-07-02 10:30:00,14.51,14.52,14.5,14.51,1358659
2026-07-02 10:35:00,14.51,14.53,14.5,14.53,1962735
2026-07-02 10:40:00,14.53,14.53,14.51,14.52,395431
2026-07-02 10:45:00,14.52,14.52,14.51,14.52,788093
2026-07-02 10:50:00,14.51,14.52,14.48,14.48,2286249
2026-07-02 10:55:00,14.49,14.5,14.48,14.49,3159929
2026-07-02 11:00:00,14.49,14.55,14.48,14.53,9831231
2026-07-02 11:05:00,14.53,14.55,14.52,14.54,2578091
2026-07-02 11:10:00,14.54,14.54,14.52,14.53,1213604
2026-07-02 11:15:00,14.53,14.53,14.51,14.52,1109859
2026-07-02 11:20:00,14.53,14.53,14.51,14.52,766357
2026-07-02 11:25:00,14.52,14.53,14.51,14.51,413703
2026-07-02 11:30:00,14.51,14.52,14.51,14.51,666470
2026-07-02 11:35:00,14.51,14.54,14.49,14.51,4615831
2026-07-02 11:40:00,14.51,14.52,14.5,14.51,736331
2026-07-02 11:45:00,14.52,14.52,14.51,14.52,735359
2026-07-02 11:50:00,14.51,14.52,14.51,14.52,588460
2026-07-02 11:55:00,14.51,14.55,14.51,14.54,1289692
2026-07-02 12:00:00,14.54,14.55,14.52,14.55,942059
2026-07-02 12:05:00,14.55,14.55,14.53,14.54,1024323
2026-07-02 12:10:00,14.53,14.54,14.52,14.52,531893
2026-07-02 12:15:00,14.53,14.54,14.52,14.53,806707
2026-07-02 12:20:00,14.54,14.54,14.52,14.53,833343
2026-07-02 12:25:00,14.53,14.55,14.52,14.55,3829837
2026-07-02 12:30:00,14.54,14.55,14.49,14.49,6737673
2026-07-02 12:35:00,14.5,14.5,14.43,14.47,7959933
2026-07-02 12:40:00,14.47,14.48,14.44,14.45,2968184
2026-07-02 12:45:00,14.45,14.45,14.4,14.42,6232052
2026-07-02 12:50:00,14.41,14.44,14.41,14.43,3114491
2026-07-02 12:55:00,14.43,14.45,14.42,14.43,2368366
2026-07-02 13:00:00,14.43,14.45,14.42,14.45,970322
2026-07-02 13:05:00,14.45,14.45,14.44,14.45,617683
2026-07-02 13:10:00,14.44,14.49,14.44,14.46,2178053
2026-07-02 13:15:00,14.47,14.47,14.44,14.45,1656319
2026-07-02 13:20:00,14.46,14.47,14.45,14.47,1403250
2026-07-02 13:25:00,14.48,14.48,14.46,14.47,948259
2026-07-02 13:30:00,14.47,14.47,14.45,14.45,750574
2026-07-02 13:35:00,14.46,14.49,14.45,14.47,2289250
2026-07-02 13:40:00,14.48,14.48,14.46,14.48,1509859
2026-07-02 13:45:00,14.48,14.48,14.46,14.47,485987
2026-07-02 13:50:00,14.47,14.48,14.46,14.47,5290943
2026-07-02 13:55:00,14.46,14.47,14.46,14.47,2059949
2026-07-02 14:00:00,14.47,14.47,14.46,14.47,454660
2026-07-02 14:05:00,14.47,14.48,14.46,14.47,1225309
2026-07-02 14:10:00,14.48,14.48,14.46,14.46,837141
2026-07-02 14:15:00,14.46,14.47,14.46,14.46,635949
2026-07-02 14:20:00,14.47,14.47,14.45,14.45,819667
2026-07-02 14:25:00,14.45,14.47,14.45,14.45,2126836
2026-07-02 14:30:00,14.46,14.46,14.45,14.45,1235614
2026-07-02 14:35:00,14.46,14.53,14.45,14.49,8873239
2026-07-02 14:40:00,14.49,14.49,14.46,14.47,1512222
2026-07-02 14:45:00,14.47,14.5,14.46,14.49,2587579
2026-07-02 14:50:00,14.5,14.54,14.49,14.51,6270595
2026-07-02 14:55:00,14.51,14.52,14.49,14.51,2009175
2026-07-02 15:00:00,14.52,14.53,14.5,14.51,4517542
2026-07-02 15:05:00,14.53,14.57,14.52,14.54,13359886
2026-07-02 15:10:00,14.54,14.54,14.49,14.5,6563235
2026-07-02 15:15:00,14.49,14.5,14.47,14.47,9997923
2026-07-02 15:20:00,14.47,14.48,14.44,14.45,12806880
2026-07-02 15:25:00,14.45,14.45,14.42,14.43,11943455
2026-07-03 09:15:00,14.5,14.54,14.37,14.45,26285907
2026-07-03 09:20:00,14.46,14.46,14.4,14.42,10707670
2026-07-03 09:25:00,14.43,14.47,14.41,14.43,10387059
2026-07-03 09:30:00,14.42,14.45,14.38,14.41,8002919
2026-07-03 09:35:00,14.41,14.43,14.4,14.43,3102792
2026-07-03 09:40:00,14.43,14.43,14.41,14.41,3017383
2026-07-03 09:45:00,14.42,14.48,14.39,14.48,10534817
2026-07-03 09:50:00,14.48,14.53,14.47,14.51,11903789
2026-07-03 09:55:00,14.5,14.53,14.49,14.5,5875340
2026-07-03 10:00:00,14.49,14.51,14.48,14.5,2951783
2026-07-03 10:05:00,14.49,14.52,14.48,14.5,3570885
2026-07-03 10:10:00,14.5,14.51,14.47,14.47,2733387
2026-07-03 10:15:00,14.47,14.48,14.45,14.45,2752884
2026-07-03 10:20:00,14.45,14.46,14.44,14.45,2640067
2026-07-03 10:25:00,14.44,14.48,14.44,14.46,1182925
2026-07-03 10:30:00,14.47,14.49,14.46,14.49,2005862
2026-07-03 10:35:00,14.48,14.58,14.48,14.53,9795635
2026-07-03 10:40:00,14.54,14.54,14.51,14.52,1887596
2026-07-03 10:45:00,14.51,14.52,14.5,14.51,810773
2026-07-03 10:50:00,14.51,14.52,14.5,14.51,853823
2026-07-03 10:55:00,14.5,14.51,14.48,14.5,1425901
2026-07-03 11:00:00,14.51,14.51,14.48,14.48,1821290
2026-07-03 11:05:00,14.47,14.48,14.42,14.45,6957418
2026-07-03 11:10:00,14.43,14.45,14.41,14.42,4423306
2026-07-03 11:15:00,14.41,14.44,14.41,14.44,807662
2026-07-03 11:20:00,14.44,14.44,14.41,14.42,2562575
2026-07-03 11:25:00,14.42,14.44,14.41,14.43,2205663
2026-07-03 11:30:00,14.43,14.43,14.42,14.42,2152866
2026-07-03 11:35:00,14.41,14.42,14.38,14.39,6167037
2026-07-03 11:40:00,14.4,14.42,14.39,14.41,1529984
2026-07-03 11:45:00,14.4,14.42,14.4,14.41,963900
2026-07-03 11:50:00,14.4,14.42,14.4,14.42,1122813
2026-07-03 11:55:00,14.41,14.42,14.41,14.42,675540
2026-07-03 12:00:00,14.41,14.45,14.41,14.45,1956458
2026-07-03 12:05:00,14.44,14.45,14.44,14.44,760319
2026-07-03 12:10:00,14.44,14.45,14.43,14.44,1158534
2026-07-03 12:15:00,14.44,14.44,14.42,14.44,1482825
2026-07-03 12:20:00,14.43,14.44,14.42,14.42,570160
2026-07-03 12:25:00,14.42,14.44,14.42,14.43,596108
2026-07-03 12:30:00,14.43,14.44,14.41,14.42,755521
2026-07-03 12:35:00,14.42,14.43,14.4,14.41,762420
2026-07-03 12:40:00,14.4,14.41,14.39,14.4,2189586
2026-07-03 12:45:00,14.4,14.43,14.39,14.42,1492252
2026-07-03 12:50:00,14.43,14.45,14.42,14.43,2221369
2026-07-03 12:55:00,14.43,14.44,14.41,14.42,499100
2026-07-03 13:00:00,14.42,14.42,14.4,14.41,659544
2026-07-03 13:05:00,14.41,14.42,14.37,14.38,3475945
2026-07-03 13:10:00,14.38,14.41,14.38,14.4,1452528
2026-07-03 13:15:00,14.4,14.41,14.39,14.4,925962
2026-07-03 13:20:00,14.41,14.41,14.39,14.39,636541
2026-07-03 13:25:00,14.4,14.4,14.38,14.39,1109560
2026-07-03 13:30:00,14.4,14.4,14.34,14.37,6916632
2026-07-03 13:35:00,14.36,14.38,14.34,14.38,3086412
2026-07-03 13:40:00,14.37,14.38,14.36,14.37,1450536
2026-07-03 13:45:00,14.36,14.37,14.35,14.36,1408233
2026-07-03 13:50:00,14.36,14.38,14.36,14.37,1202953
2026-07-03 13:55:00,14.36,14.37,14.35,14.37,1693552
2026-07-03 14:00:00,14.36,14.37,14.35,14.37,1004236
2026-07-03 14:05:00,14.36,14.38,14.36,14.38,1148586
2026-07-03 14:10:00,14.38,14.41,14.37,14.39,2768077
2026-07-03 14:15:00,14.4,14.4,14.36,14.36,2498112
2026-07-03 14:20:00,14.36,14.36,14.32,14.33,3781405
2026-07-03 14:25:00,14.33,14.34,14.32,14.33,919282
2026-07-03 14:30:00,14.32,14.36,14.32,14.35,4148916
2026-07-03 14:35:00,14.35,14.37,14.33,14.36,2788134
2026-07-03 14:40:00,14.36,14.4,14.33,14.36,10522098
2026-07-03 14:45:00,14.36,14.38,14.35,14.37,1579759
2026-07-03 14:50:00,14.36,14.38,14.34,14.36,4287594
2026-07-03 14:55:00,14.35,14.35,14.28,14.28,8437250
2026-07-03 15:00:00,14.28,14.35,14.28,14.32,8578392
2026-07-03 15:05:00,14.32,14.34,14.31,14.31,8297897
2026-07-03 15:10:00,14.31,14.32,14.28,14.29,4626269
2026-07-03 15:15:00,14.29,14.3,14.22,14.23,15025501
2026-07-03 15:20:00,14.23,14.24,14.2,14.23,20054850
2026-07-03 15:25:00,14.24,14.24,14.2,14.22,16080388
2026-07-06 09:15:00,14.22,14.53,14.21,14.53,26204848
2026-07-06 09:20:00,14.52,14.54,14.38,14.39,28339584
2026-07-06 09:25:00,14.39,14.45,14.36,14.38,10947584
2026-07-06 09:30:00,14.42,14.42,14.31,14.31,10159066
2026-07-06 09:35:00,14.32,14.35,14.3,14.35,6050202
2026-07-06 09:40:00,14.35,14.4,14.34,14.37,4102061
2026-07-06 09:45:00,14.37,14.38,14.25,14.34,19900106
2026-07-06 09:50:00,14.34,14.41,14.33,14.4,6021053
2026-07-06 09:55:00,14.41,14.42,14.33,14.33,4514562
2026-07-06 10:00:00,14.35,14.36,14.33,14.33,1683875
2026-07-06 10:05:00,14.34,14.34,14.32,14.33,1313426
2026-07-06 10:10:00,14.33,14.33,14.3,14.31,1677157
2026-07-06 10:15:00,14.31,14.35,14.3,14.35,2435529
2026-07-06 10:20:00,14.35,14.35,14.29,14.32,2896271
2026-07-06 10:25:00,14.31,14.33,14.3,14.3,1855732
2026-07-06 10:30:00,14.31,14.32,14.28,14.29,2146699
2026-07-06 10:35:00,14.28,14.3,14.28,14.29,1267593
2026-07-06 10:40:00,14.28,14.3,14.26,14.28,2904436
2026-07-06 10:45:00,14.28,14.3,14.28,14.3,1139640
2026-07-06 10:50:00,14.3,14.3,14.29,14.29,659154
2026-07-06 10:55:00,14.3,14.3,14.28,14.29,1300165
2026-07-06 11:00:00,14.29,14.3,14.28,14.29,1460629
2026-07-06 11:05:00,14.25,14.3,14.25,14.28,2795279
2026-07-06 11:10:00,14.27,14.28,14.26,14.28,1030093
2026-07-06 11:15:00,14.28,14.3,14.26,14.28,1927760
2026-07-06 11:20:00,14.28,14.32,14.28,14.3,2852378
2026-07-06 11:25:00,14.31,14.31,14.29,14.31,1474106
2026-07-06 11:30:00,14.31,14.33,14.3,14.31,1126241
2026-07-06 11:35:00,14.31,14.32,14.26,14.27,3827234
2026-07-06 11:40:00,14.27,14.29,14.25,14.29,4606634
2026-07-06 11:45:00,14.29,14.29,14.26,14.26,805745
2026-07-06 11:50:00,14.26,14.28,14.25,14.25,1554784
2026-07-06 11:55:00,14.26,14.27,14.25,14.26,974102
2026-07-06 12:00:00,14.26,14.27,14.22,14.26,3027319
2026-07-06 12:05:00,14.25,14.26,14.25,14.26,731163
2026-07-06 12:10:00,14.26,14.26,14.23,14.24,7307735
2026-07-06 12:15:00,14.25,14.26,14.19,14.2,10080557
2026-07-06 12:20:00,14.2,14.22,14.19,14.2,2232097
2026-07-06 12:25:00,14.21,14.21,14.2,14.2,704736
2026-07-06 12:30:00,14.21,14.24,14.2,14.22,2674934
2026-07-06 12:35:00,14.23,14.23,14.2,14.21,2050524
2026-07-06 12:40:00,14.21,14.21,14.19,14.19,1472657
2026-07-06 12:45:00,14.2,14.2,14.19,14.2,696182
2026-07-06 12:50:00,14.2,14.21,14.19,14.19,1301681
2026-07-06 12:55:00,14.2,14.2,14.18,14.19,1318032
2026-07-06 13:00:00,14.19,14.2,14.18,14.2,800240
2026-07-06 13:05:00,14.19,14.21,14.19,14.21,624108
2026-07-06 13:10:00,14.2,14.24,14.2,14.23,1549888
2026-07-06 13:15:00,14.22,14.24,14.21,14.22,1272640
2026-07-06 13:20:00,14.21,14.22,14.2,14.22,867871
2026-07-06 13:25:00,14.22,14.23,14.2,14.23,1424402
2026-07-06 13:30:00,14.23,14.24,14.19,14.19,2157706
2026-07-06 13:35:00,14.19,14.22,14.18,14.21,2542171
2026-07-06 13:40:00,14.22,14.22,14.15,14.18,5152166
2026-07-06 13:45:00,14.18,14.18,14.16,14.17,975176
2026-07-06 13:50:00,14.17,14.17,14.15,14.16,805138
2026-07-06 13:55:00,14.15,14.16,14.15,14.15,837771
2026-07-06 14:00:00,14.16,14.17,14.15,14.17,858747
2026-07-06 14:05:00,14.16,14.2,14.16,14.2,1873068
2026-07-06 14:10:00,14.2,14.21,14.19,14.21,1510862
2026-07-06 14:15:00,14.21,14.21,14.2,14.2,1055537
2026-07-06 14:20:00,14.2,14.21,14.19,14.2,627757
2026-07-06 14:25:00,14.2,14.2,14.18,14.19,734829
2026-07-06 14:30:00,14.19,14.19,14.18,14.19,559511
2026-07-06 14:35:00,14.19,14.19,14.17,14.17,1053490
2026-07-06 14:40:00,14.16,14.18,14.15,14.16,1646707
2026-07-06 14:45:00,14.15,14.16,14.12,14.13,2908621
2026-07-06 14:50:00,14.13,14.17,14.13,14.15,2589951
2026-07-06 14:55:00,14.15,14.16,14.14,14.15,1417660
2026-07-06 15:00:00,14.14,14.17,14.14,14.15,2372621
2026-07-06 15:05:00,14.15,14.17,14.15,14.15,3878252
2026-07-06 15:10:00,14.15,14.16,14.14,14.15,6590901
2026-07-06 15:15:00,14.15,14.16,14.06,14.07,12054473
2026-07-06 15:20:00,14.08,14.08,14.06,14.06,12941606
2026-07-06 15:25:00,14.06,14.1,14.05,14.09,10672452
2026-07-07 09:15:00,14.15,14.15,13.85,13.95,35703830
2026-07-07 09:20:00,13.96,14.03,13.94,13.95,9508028
2026-07-07 09:25:00,13.95,13.97,13.91,13.93,5775522
2026-07-07 09:30:00,13.93,13.93,13.89,13.9,8054496
2026-07-07 09:35:00,13.9,13.95,13.89,13.91,3781842
2026-07-07 09:40:00,13.91,13.93,13.9,13.91,3080176
2026-07-07 09:45:00,13.91,13.94,13.88,13.89,4753031
2026-07-07 09:50:00,13.89,13.94,13.88,13.94,3170805
2026-07-07 09:55:00,13.94,13.95,13.9,13.9,2581977
2026-07-07 10:00:00,13.89,13.9,13.85,13.85,5818471
2026-07-07 10:05:00,13.86,13.92,13.82,13.86,11980387
2026-07-07 10:10:00,13.85,13.87,13.84,13.85,3409110
2026-07-07 10:15:00,13.84,13.86,13.83,13.86,3538846
2026-07-07 10:20:00,13.85,13.88,13.85,13.85,1681669
2026-07-07 10:25:00,13.86,13.87,13.82,13.83,3687974
2026-07-07 10:30:00,13.83,13.87,13.81,13.87,7804547
2026-07-07 10:35:00,13.87,13.91,13.86,13.9,2726981
2026-07-07 10:40:00,13.91,13.92,13.87,13.87,15746226
2026-07-07 10:45:00,13.88,13.9,13.87,13.89,3177468
2026-07-07 10:50:00,13.89,13.9,13.87,13.88,2314644
2026-07-07 10:55:00,13.87,13.88,13.86,13.87,868385
2026-07-07 11:00:00,13.87,13.89,13.86,13.87,4056736
2026-07-07 11:05:00,13.86,13.9,13.86,13.88,2580605
2026-07-07 11:10:00,13.88,13.89,13.86,13.88,1989837
2026-07-07 11:15:00,13.87,13.88,13.86,13.87,1043507
2026-07-07 11:20:00,13.86,13.87,13.85,13.86,1011489
2026-07-07 11:25:00,13.85,13.88,13.85,13.87,864999
2026-07-07 11:30:00,13.87,13.94,13.87,13.93,5432012
2026-07-07 11:35:00,13.94,14.02,13.94,13.99,11835946
2026-07-07 11:40:00,14.0,14.01,13.97,14.0,3887482
2026-07-07 11:45:00,14.01,14.03,13.96,13.98,13695476
2026-07-07 11:50:00,13.97,14.05,13.97,14.05,3641156
2026-07-07 11:55:00,14.05,14.05,13.99,14.0,6320877
2026-07-07 12:00:00,14.01,14.03,14.0,14.03,2381773
2026-07-07 12:05:00,14.02,14.04,13.99,14.01,2369101
2026-07-07 12:10:00,14.0,14.01,13.95,13.95,2543481
2026-07-07 12:15:00,13.96,13.97,13.93,13.96,3913220
2026-07-07 12:20:00,13.96,13.97,13.94,13.96,1389920
2026-07-07 12:25:00,13.96,13.97,13.95,13.96,1358068
2026-07-07 12:30:00,13.96,13.97,13.9,13.91,2936650
2026-07-07 12:35:00,13.9,13.93,13.89,13.92,3591463
2026-07-07 12:40:00,13.92,13.92,13.88,13.89,4794322
2026-07-07 12:45:00,13.89,13.9,13.88,13.89,1181148
2026-07-07 12:50:00,13.89,13.9,13.81,13.81,8805813
2026-07-07 12:55:00,13.82,13.83,13.76,13.78,11615966
2026-07-07 13:00:00,13.78,13.79,13.76,13.77,3875854
2026-07-07 13:05:00,13.77,13.8,13.76,13.8,5965811
2026-07-07 13:10:00,13.8,13.81,13.78,13.8,2868033
2026-07-07 13:15:00,13.8,13.8,13.77,13.79,2120228
2026-07-07 13:20:00,13.79,13.79,13.77,13.78,1560105
2026-07-07 13:25:00,13.78,13.83,13.78,13.81,2667704
2026-07-07 13:30:00,13.81,13.84,13.81,13.83,1219675
2026-07-07 13:35:00,13.83,13.83,13.81,13.81,944661
2026-07-07 13:40:00,13.82,13.83,13.81,13.82,2172089
2026-07-07 13:45:00,13.83,13.83,13.81,13.83,773205
2026-07-07 13:50:00,13.82,13.84,13.81,13.81,2105200
2026-07-07 13:55:00,13.81,13.82,13.8,13.8,732095
2026-07-07 14:00:00,13.81,13.82,13.8,13.81,1031695
2026-07-07 14:05:00,13.8,13.81,13.8,13.81,871542
2026-07-07 14:10:00,13.8,13.82,13.8,13.82,658023
2026-07-07 14:15:00,13.82,13.82,13.8,13.82,961468
2026-07-07 14:20:00,13.82,13.82,13.78,13.79,2747170
2026-07-07 14:25:00,13.79,13.83,13.78,13.83,7459677
2026-07-07 14:30:00,13.83,13.83,13.81,13.81,827351
2026-07-07 14:35:00,13.81,13.86,13.81,13.82,19172519
2026-07-07 14:40:00,13.82,13.84,13.81,13.83,3498049
2026-07-07 14:45:00,13.83,13.87,13.83,13.85,2943636
2026-07-07 14:50:00,13.84,13.87,13.83,13.86,4501471
2026-07-07 14:55:00,13.85,13.87,13.85,13.87,3535054
2026-07-07 15:00:00,13.86,13.88,13.84,13.87,10571476
2026-07-07 15:05:00,13.87,13.88,13.85,13.86,7169867
2026-07-07 15:10:00,13.86,13.87,13.83,13.83,8402852
2026-07-07 15:15:00,13.84,13.84,13.8,13.81,12240014
2026-07-07 15:20:00,13.82,13.9,13.8,13.9,12925945
2026-07-07 15:25:00,13.9,13.95,13.89,13.93,11828339
2026-07-08 09:15:00,13.84,14.03,13.81,13.96,27084921
2026-07-08 09:20:00,13.96,13.99,13.91,13.96,9207787
2026-07-08 09:25:00,13.97,14.05,13.92,14.05,15199548
2026-07-08 09:30:00,14.05,14.08,14.02,14.07,12915274
2026-07-08 09:35:00,14.08,14.13,14.06,14.13,9386227
2026-07-08 09:40:00,14.13,14.16,14.03,14.06,11675752
2026-07-08 09:45:00,14.07,14.08,14.04,14.06,3165230
2026-07-08 09:50:00,14.05,14.09,14.04,14.05,4553168
2026-07-08 09:55:00,14.04,14.07,14.04,14.06,1574620
2026-07-08 10:00:00,14.05,14.06,14.02,14.03,4032703
2026-07-08 10:05:00,14.02,14.07,14.0,14.06,6404797
2026-07-08 10:10:00,14.07,14.13,14.06,14.12,4770987
2026-07-08 10:15:00,14.12,14.13,14.09,14.11,3012817
2026-07-08 10:20:00,14.1,14.12,14.09,14.1,3204965
2026-07-08 10:25:00,14.11,14.14,14.09,14.12,4486197
2026-07-08 10:30:00,14.11,14.15,14.09,14.12,5128947
2026-07-08 10:35:00,14.13,14.13,14.1,14.13,3032631
2026-07-08 10:40:00,14.12,14.14,14.11,14.12,2805504
2026-07-08 10:45:00,14.11,14.12,14.1,14.11,720691
2026-07-08 10:50:00,14.1,14.15,14.1,14.14,4868428
2026-07-08 10:55:00,14.15,14.15,14.12,14.14,2052592
2026-07-08 11:00:00,14.14,14.19,14.13,14.16,10145436
2026-07-08 11:05:00,14.15,14.2,14.15,14.18,6423931
2026-07-08 11:10:00,14.19,14.19,14.15,14.15,3607485
2026-07-08 11:15:00,14.16,14.17,14.15,14.16,1219636
2026-07-08 11:20:00,14.16,14.17,14.15,14.15,1519483
2026-07-08 11:25:00,14.16,14.23,14.15,14.21,6320316
2026-07-08 11:30:00,14.21,14.22,14.19,14.22,4032310
2026-07-08 11:35:00,14.22,14.22,14.18,14.18,1999013
2026-07-08 11:40:00,14.19,14.2,14.18,14.19,973197
2026-07-08 11:45:00,14.19,14.22,14.18,14.2,2096651
2026-07-08 11:50:00,14.2,14.2,14.18,14.19,1311129
2026-07-08 11:55:00,14.18,14.19,14.16,14.18,2073622
2026-07-08 12:00:00,14.18,14.18,14.15,14.16,1873848
2026-07-08 12:05:00,14.15,14.17,14.15,14.16,1204603
2026-07-08 12:10:00,14.15,14.16,14.15,14.16,450312
2026-07-08 12:15:00,14.15,14.16,14.15,14.15,669355
2026-07-08 12:20:00,14.16,14.21,14.16,14.18,3728247
2026-07-08 12:25:00,14.18,14.22,14.18,14.21,3295812
2026-07-08 12:30:00,14.22,14.22,14.19,14.19,1905791
2026-07-08 12:35:00,14.19,14.24,14.19,14.23,4951945
2026-07-08 12:40:00,14.22,14.24,14.21,14.22,1853052
2026-07-08 12:45:00,14.23,14.23,14.22,14.22,1000065
2026-07-08 12:50:00,14.22,14.24,14.22,14.23,2564587
2026-07-08 12:55:00,14.23,14.27,14.23,14.24,6601158
2026-07-08 13:00:00,14.25,14.25,14.23,14.23,1507439
2026-07-08 13:05:00,14.23,14.24,14.22,14.23,4333813
2026-07-08 13:10:00,14.22,14.24,14.22,14.23,1964949
2026-07-08 13:15:00,14.24,14.26,14.23,14.24,1991802
2026-07-08 13:20:00,14.24,14.25,14.22,14.24,2592729
2026-07-08 13:25:00,14.23,14.24,14.23,14.23,1041186
2026-07-08 13:30:00,14.24,14.24,14.23,14.23,1801399
2026-07-08 13:35:00,14.23,14.24,14.21,14.22,3693322
2026-07-08 13:40:00,14.22,14.23,14.2,14.2,1256995
2026-07-08 13:45:00,14.21,14.21,14.16,14.17,3767981
2026-07-08 13:50:00,14.17,14.19,14.11,14.11,7921095
2026-07-08 13:55:00,14.11,14.12,14.07,14.08,8067897
2026-07-08 14:00:00,14.07,14.09,14.02,14.05,8749685
2026-07-08 14:05:00,14.05,14.07,14.01,14.01,12559385
2026-07-08 14:10:00,14.02,14.04,13.99,14.01,11691464
2026-07-08 14:15:00,14.01,14.04,13.98,14.03,9825235
2026-07-08 14:20:00,14.02,14.04,13.98,14.0,7530147
2026-07-08 14:25:00,13.99,14.01,13.95,13.96,8534174
2026-07-08 14:30:00,13.96,14.01,13.95,13.98,9728233
2026-07-08 14:35:00,13.97,13.98,13.93,13.93,5108826
2026-07-08 14:40:00,13.93,13.94,13.91,13.94,6012885
2026-07-08 14:45:00,13.93,13.94,13.9,13.91,4814842
2026-07-08 14:50:00,13.91,13.91,13.83,13.85,10786070
2026-07-08 14:55:00,13.85,13.88,13.83,13.85,4905332
2026-07-08 15:00:00,13.83,13.95,13.83,13.88,11419239
2026-07-08 15:05:00,13.88,13.92,13.88,13.9,6362193
2026-07-08 15:10:00,13.9,13.91,13.87,13.89,6379693
2026-07-08 15:15:00,13.89,13.98,13.89,13.98,12134456
2026-07-08 15:20:00,13.98,14.0,13.95,13.98,16809820
2026-07-08 15:25:00,13.99,13.99,13.91,13.93,9829630
2026-07-09 09:15:00,13.99,14.05,13.98,14.03,12767516
2026-07-09 09:20:00,14.02,14.04,13.97,14.04,9513709
2026-07-09 09:25:00,14.04,14.04,13.98,14.01,6569089
2026-07-09 09:30:00,14.02,14.03,13.98,14.0,3785420
2026-07-09 09:35:00,14.01,14.14,14.0,14.12,11777917
2026-07-09 09:40:00,14.11,14.14,14.09,14.12,6566272
2026-07-09 09:45:00,14.13,14.15,14.11,14.13,3954388
2026-07-09 09:50:00,14.14,14.14,14.1,14.11,1802483
2026-07-09 09:55:00,14.1,14.11,14.05,14.07,5849053
2026-07-09 10:00:00,14.08,14.1,14.07,14.09,1337649
2026-07-09 10:05:00,14.1,14.14,14.09,14.13,3641867
2026-07-09 10:10:00,14.14,14.14,14.12,14.14,1285114
2026-07-09 10:15:00,14.13,14.14,14.1,14.1,2079644
2026-07-09 10:20:00,14.09,14.11,14.08,14.09,2022560
2026-07-09 10:25:00,14.1,14.1,14.06,14.08,3127974
2026-07-09 10:30:00,14.09,14.09,14.07,14.07,1227093
2026-07-09 10:35:00,14.07,14.08,14.03,14.07,4015798
2026-07-09 10:40:00,14.07,14.14,14.06,14.12,4001979
2026-07-09 10:45:00,14.11,14.13,14.09,14.1,2577976
2026-07-09 10:50:00,14.1,14.11,14.09,14.1,587195
2026-07-09 10:55:00,14.1,14.1,14.06,14.07,1256150
2026-07-09 11:00:00,14.08,14.09,14.05,14.08,1604682
2026-07-09 11:05:00,14.09,14.09,14.05,14.07,1302165
2026-07-09 11:10:00,14.05,14.07,14.04,14.05,2055525
2026-07-09 11:15:00,14.06,14.06,14.04,14.04,668977
2026-07-09 11:20:00,14.05,14.05,14.04,14.05,651138
2026-07-09 11:25:00,14.04,14.1,14.04,14.1,2077710
2026-07-09 11:30:00,14.09,14.1,14.08,14.09,1696126
2026-07-09 11:35:00,14.08,14.1,14.07,14.09,1909177
2026-07-09 11:40:00,14.09,14.13,14.09,14.11,1703618
2026-07-09 11:45:00,14.12,14.12,14.1,14.11,1229060
2026-07-09 11:50:00,14.11,14.12,14.08,14.08,1650001
2026-07-09 11:55:00,14.08,14.1,14.07,14.09,1364590
2026-07-09 12:00:00,14.09,14.12,14.08,14.11,1079927
2026-07-09 12:05:00,14.11,14.12,14.09,14.09,755753
2026-07-09 12:10:00,14.09,14.1,14.08,14.09,713396
2026-07-09 12:15:00,14.1,14.1,14.08,14.09,932864
2026-07-09 12:20:00,14.08,14.09,14.08,14.08,604439
2026-07-09 12:25:00,14.08,14.1,14.08,14.09,699051
2026-07-09 12:30:00,14.08,14.09,14.07,14.09,1007025
2026-07-09 12:35:00,14.09,14.09,14.08,14.08,370259
2026-07-09 12:40:00,14.08,14.09,14.07,14.08,609368
2026-07-09 12:45:00,14.07,14.08,14.06,14.07,887868
2026-07-09 12:50:00,14.07,14.1,14.07,14.09,2249808
2026-07-09 12:55:00,14.09,14.1,14.09,14.09,375744
2026-07-09 13:00:00,14.09,14.1,14.08,14.08,1066390
2026-07-09 13:05:00,14.09,14.11,14.08,14.1,1147000
2026-07-09 13:10:00,14.11,14.11,14.1,14.1,520851
2026-07-09 13:15:00,14.11,14.12,14.09,14.1,2704127
2026-07-09 13:20:00,14.1,14.1,14.08,14.09,646999
2026-07-09 13:25:00,14.09,14.09,14.08,14.09,664885
2026-07-09 13:30:00,14.09,14.12,14.07,14.11,1994494
2026-07-09 13:35:00,14.11,14.13,14.11,14.11,3288490
2026-07-09 13:40:00,14.11,14.12,14.1,14.11,1752850
2026-07-09 13:45:00,14.11,14.12,14.1,14.11,835228
2026-07-09 13:50:00,14.11,14.11,14.1,14.1,505195
2026-07-09 13:55:00,14.11,14.11,14.1,14.11,320297
2026-07-09 14:00:00,14.1,14.12,14.09,14.1,2285036
2026-07-09 14:05:00,14.1,14.11,14.1,14.1,617074
2026-07-09 14:10:00,14.1,14.11,14.1,14.1,951817
2026-07-09 14:15:00,14.11,14.11,14.1,14.1,915594
2026-07-09 14:20:00,14.1,14.11,14.09,14.09,898396
2026-07-09 14:25:00,14.09,14.11,14.07,14.07,2050661
2026-07-09 14:30:00,14.08,14.1,14.07,14.09,11605862
2026-07-09 14:35:00,14.08,14.09,14.07,14.07,1023580
2026-07-09 14:40:00,14.07,14.08,14.05,14.08,3080873
2026-07-09 14:45:00,14.07,14.09,14.07,14.07,1262096
2026-07-09 14:50:00,14.08,14.08,14.07,14.08,2313572
2026-07-09 14:55:00,14.07,14.08,14.06,14.06,1763776
2026-07-09 15:00:00,14.07,14.07,14.03,14.05,5951750
2026-07-09 15:05:00,14.04,14.05,14.03,14.04,3462070
2026-07-09 15:10:00,14.04,14.05,14.03,14.04,3508401
2026-07-09 15:15:00,14.04,14.05,14.03,14.04,6784023
2026-07-09 15:20:00,14.05,14.05,14.03,14.05,7827252
2026-07-09 15:25:00,14.04,14.08,14.03,14.05,7954370
2026-07-10 09:15:00,14.15,14.16,14.09,14.09,13660654
2026-07-10 09:20:00,14.09,14.13,14.07,14.1,7465952
2026-07-10 09:25:00,14.1,14.1,14.03,14.09,9153660
2026-07-10 09:30:00,14.08,14.1,14.06,14.08,3934204
2026-07-10 09:35:00,14.08,14.08,14.04,14.05,4589723
2026-07-10 09:40:00,14.05,14.05,14.02,14.03,4452943
2026-07-10 09:45:00,14.04,14.08,14.03,14.07,1960650
2026-07-10 09:50:00,14.07,14.08,14.06,14.07,2516237
2026-07-10 09:55:00,14.07,14.11,14.06,14.1,4532643
2026-07-10 10:00:00,14.11,14.12,14.09,14.1,3102406
2026-07-10 10:05:00,14.09,14.12,14.09,14.09,2696241
2026-07-10 10:10:00,14.1,14.12,14.09,14.12,1733808
2026-07-10 10:15:00,14.11,14.15,14.1,14.1,4971300
2026-07-10 10:20:00,14.11,14.13,14.1,14.13,1206953
2026-07-10 10:25:00,14.13,14.13,14.11,14.12,1419520
2026-07-10 10:30:00,14.12,14.12,14.09,14.11,1976957
2026-07-10 10:35:00,14.1,14.13,14.1,14.13,2881728
2026-07-10 10:40:00,14.12,14.24,14.12,14.22,15369286
2026-07-10 10:45:00,14.22,14.23,14.19,14.21,6754715
2026-07-10 10:50:00,14.22,14.22,14.19,14.21,2945093
2026-07-10 10:55:00,14.2,14.23,14.2,14.21,3179524
2026-07-10 11:00:00,14.22,14.23,14.2,14.22,4100458
2026-07-10 11:05:00,14.23,14.3,14.22,14.25,15987203
2026-07-10 11:10:00,14.25,14.3,14.23,14.28,7410405
2026-07-10 11:15:00,14.29,14.29,14.24,14.26,3385398
2026-07-10 11:20:00,14.26,14.29,14.26,14.28,2739891
2026-07-10 11:25:00,14.29,14.33,14.28,14.28,10618514
2026-07-10 11:30:00,14.29,14.29,14.25,14.25,2026051
2026-07-10 11:35:00,14.26,14.27,14.24,14.25,2631004
2026-07-10 11:40:00,14.26,14.26,14.24,14.24,1667258
2026-07-10 11:45:00,14.25,14.26,14.23,14.25,2457545
2026-07-10 11:50:00,14.25,14.25,14.22,14.23,1199263
2026-07-10 11:55:00,14.22,14.23,14.21,14.22,1655696
2026-07-10 12:00:00,14.22,14.24,14.21,14.24,1876227
2026-07-10 12:05:00,14.23,14.24,14.22,14.23,630490
2026-07-10 12:10:00,14.22,14.23,14.21,14.22,1245457
2026-07-10 12:15:00,14.21,14.23,14.21,14.23,1012676
2026-07-10 12:20:00,14.22,14.23,14.21,14.23,536828
2026-07-10 12:25:00,14.23,14.23,14.21,14.21,990554
2026-07-10 12:30:00,14.21,14.22,14.18,14.19,3331948
2026-07-10 12:35:00,14.18,14.19,14.17,14.17,2207206
2026-07-10 12:40:00,14.17,14.22,14.16,14.21,4185444
2026-07-10 12:45:00,14.21,14.23,14.21,14.21,964430
2026-07-10 12:50:00,14.21,14.22,14.18,14.18,2805939
2026-07-10 12:55:00,14.18,14.19,14.18,14.19,726703
2026-07-10 13:00:00,14.18,14.2,14.17,14.18,1292239
2026-07-10 13:05:00,14.19,14.2,14.18,14.18,1790828
2026-07-10 13:10:00,14.18,14.19,14.17,14.19,1349882
2026-07-10 13:15:00,14.19,14.19,14.17,14.18,911272
2026-07-10 13:20:00,14.18,14.18,14.17,14.17,1404591
2026-07-10 13:25:00,14.18,14.19,14.17,14.19,554562
2026-07-10 13:30:00,14.18,14.22,14.17,14.21,3823950
2026-07-10 13:35:00,14.21,14.23,14.2,14.21,2138107
2026-07-10 13:40:00,14.21,14.21,14.19,14.2,673412
2026-07-10 13:45:00,14.21,14.21,14.18,14.19,1361489
2026-07-10 13:50:00,14.19,14.2,14.18,14.2,1034033
2026-07-10 13:55:00,14.19,14.2,14.18,14.19,485145
2026-07-10 14:00:00,14.18,14.19,14.15,14.16,3646147
2026-07-10 14:05:00,14.15,14.17,14.15,14.17,1430824
2026-07-10 14:10:00,14.16,14.16,14.15,14.16,990422
2026-07-10 14:15:00,14.15,14.16,14.12,14.16,10897442
2026-07-10 14:20:00,14.16,14.16,14.15,14.15,757866
2026-07-10 14:25:00,14.15,14.16,14.13,14.15,3664273
2026-07-10 14:30:00,14.16,14.18,14.14,14.18,1664554
2026-07-10 14:35:00,14.17,14.18,14.16,14.17,780265
2026-07-10 14:40:00,14.16,14.18,14.16,14.16,1418630
2026-07-10 14:45:00,14.16,14.18,14.16,14.17,1969522
2026-07-10 14:50:00,14.17,14.19,14.17,14.18,1132173
2026-07-10 14:55:00,14.19,14.2,14.18,14.2,1550127
2026-07-10 15:00:00,14.2,14.2,14.17,14.17,4668514
2026-07-10 15:05:00,14.18,14.18,14.17,14.18,2130844
2026-07-10 15:10:00,14.18,14.2,14.17,14.19,6353421
2026-07-10 15:15:00,14.2,14.22,14.18,14.2,8842484
2026-07-10 15:20:00,14.21,14.23,14.18,14.19,14060391
2026-07-10 15:25:00,14.19,14.2,14.17,14.18,12150991
2026-07-13 09:15:00,14.1,14.17,14.05,14.07,19531472
2026-07-13 09:20:00,14.08,14.12,14.01,14.03,20356202
2026-07-13 09:25:00,14.03,14.04,13.99,14.03,9178292
2026-07-13 09:30:00,14.03,14.06,14.02,14.04,5025666
2026-07-13 09:35:00,14.04,14.04,14.0,14.0,5775253
2026-07-13 09:40:00,14.01,14.02,14.0,14.02,4540675
2026-07-13 09:45:00,14.01,14.03,13.98,14.0,6436557
2026-07-13 09:50:00,14.0,14.01,13.97,14.01,2970287
2026-07-13 09:55:00,14.01,14.03,14.0,14.02,1867665
2026-07-13 10:00:00,14.02,14.03,14.01,14.02,2443880
2026-07-13 10:05:00,14.01,14.03,14.01,14.02,1737156
2026-07-13 10:10:00,14.03,14.03,14.01,14.01,1207053
2026-07-13 10:15:00,14.01,14.03,14.0,14.01,3533547
2026-07-13 10:20:00,14.01,14.03,14.0,14.01,1734788
2026-07-13 10:25:00,14.02,14.03,14.01,14.03,578539
2026-07-13 10:30:00,14.03,14.04,14.01,14.02,3316916
2026-07-13 10:35:00,14.03,14.03,14.01,14.01,1354331
2026-07-13 10:40:00,14.01,14.03,14.01,14.02,633966
2026-07-13 10:45:00,14.02,14.02,13.96,13.97,5817459
2026-07-13 10:50:00,13.98,14.0,13.96,13.96,3541048
2026-07-13 10:55:00,13.97,13.99,13.96,13.97,3752053
2026-07-13 11:00:00,13.97,13.97,13.95,13.96,2385679
2026-07-13 11:05:00,13.96,13.98,13.96,13.98,989002
2026-07-13 11:10:00,13.97,13.99,13.96,13.96,1898878
2026-07-13 11:15:00,13.96,13.96,13.95,13.96,2334537
2026-07-13 11:20:00,13.96,13.97,13.95,13.97,593298
2026-07-13 11:25:00,13.97,14.0,13.93,13.97,12544928
2026-07-13 11:30:00,13.98,13.99,13.97,13.99,536941
2026-07-13 11:35:00,14.0,14.02,14.0,14.01,1649643
2026-07-13 11:40:00,14.02,14.02,13.97,13.99,3622496
2026-07-13 11:45:00,13.98,13.99,13.97,13.98,425944
2026-07-13 11:50:00,13.98,13.99,13.94,13.96,1892965
2026-07-13 11:55:00,13.96,13.96,13.95,13.96,821543
2026-07-13 12:00:00,13.96,13.96,13.95,13.96,404799
2026-07-13 12:05:00,13.95,13.96,13.94,13.94,1343495
2026-07-13 12:10:00,13.95,13.97,13.94,13.96,1495793
2026-07-13 12:15:00,13.96,13.98,13.96,13.98,742048
2026-07-13 12:20:00,13.98,13.98,13.96,13.97,929983
2026-07-13 12:25:00,13.97,13.97,13.96,13.97,419631
2026-07-13 12:30:00,13.97,13.97,13.96,13.97,505708
2026-07-13 12:35:00,13.96,13.97,13.96,13.97,290051
2026-07-13 12:40:00,13.97,13.97,13.96,13.97,438078
2026-07-13 12:45:00,13.97,13.99,13.96,13.99,1811981
2026-07-13 12:50:00,13.98,14.0,13.98,14.0,1334396
2026-07-13 12:55:00,14.0,14.0,13.99,14.0,870270
2026-07-13 13:00:00,14.0,14.0,13.98,14.0,2508592
2026-07-13 13:05:00,14.0,14.0,13.98,13.99,1166764
2026-07-13 13:10:00,14.0,14.0,13.98,14.0,777960
2026-07-13 13:15:00,13.99,14.0,13.98,13.98,414104
2026-07-13 13:20:00,13.98,13.99,13.97,13.97,1408075
2026-07-13 13:25:00,13.98,13.98,13.93,13.96,4007874
2026-07-13 13:30:00,13.96,13.97,13.96,13.97,684958
2026-07-13 13:35:00,13.96,13.98,13.96,13.97,960248
2026-07-13 13:40:00,13.97,13.98,13.96,13.97,323347
2026-07-13 13:45:00,13.97,13.98,13.96,13.98,588059
2026-07-13 13:50:00,13.98,13.98,13.96,13.97,822391
2026-07-13 13:55:00,13.96,13.98,13.96,13.98,981922
2026-07-13 14:00:00,13.98,13.98,13.97,13.98,357412
2026-07-13 14:05:00,13.97,13.98,13.97,13.97,382925
2026-07-13 14:10:00,13.98,13.98,13.96,13.98,873546
2026-07-13 14:15:00,13.97,13.98,13.97,13.97,471303
2026-07-13 14:20:00,13.97,14.0,13.97,13.99,3212977
2026-07-13 14:25:00,13.99,14.01,13.99,14.0,3528021
2026-07-13 14:30:00,13.99,14.0,13.98,13.99,1048273
2026-07-13 14:35:00,13.99,13.99,13.97,13.97,1155542
2026-07-13 14:40:00,13.97,13.98,13.97,13.98,659142
2026-07-13 14:45:00,13.98,14.02,13.97,14.01,6450024
2026-07-13 14:50:00,14.01,14.04,14.0,14.02,7147264
2026-07-13 14:55:00,14.02,14.03,14.01,14.01,2541560
2026-07-13 15:00:00,14.02,14.02,13.99,14.01,3867683
2026-07-13 15:05:00,14.0,14.01,13.98,13.98,5536455
2026-07-13 15:10:00,13.99,13.99,13.96,13.97,4568386
2026-07-13 15:15:00,13.97,13.98,13.95,13.96,9295346
2026-07-13 15:20:00,13.96,13.97,13.94,13.95,10167099
2026-07-13 15:25:00,13.95,13.96,13.94,13.95,11841052
2026-07-14 09:15:00,13.93,13.98,13.87,13.9,18115514
2026-07-14 09:20:00,13.9,14.13,13.86,14.12,52782053
2026-07-14 09:25:00,14.11,14.16,14.06,14.06,13738866
2026-07-14 09:30:00,14.06,14.08,14.04,14.06,4426811
2026-07-14 09:35:00,14.05,14.06,14.01,14.04,5934638
2026-07-14 09:40:00,14.03,14.06,14.01,14.05,2520788
2026-07-14 09:45:00,14.06,14.06,14.01,14.03,3148238
2026-07-14 09:50:00,14.02,14.03,13.95,13.98,5905370
2026-07-14 09:55:00,13.98,14.01,13.97,13.99,2630196
2026-07-14 10:00:00,14.0,14.0,13.92,13.94,5264361
2026-07-14 10:05:00,13.94,13.97,13.93,13.96,5400462
2026-07-14 10:10:00,13.96,13.98,13.95,13.97,1481029
2026-07-14 10:15:00,13.96,13.98,13.94,13.95,2633155
2026-07-14 10:20:00,13.95,13.97,13.94,13.96,1123206
2026-07-14 10:25:00,13.96,13.96,13.94,13.96,1122930
2026-07-14 10:30:00,13.96,13.98,13.94,13.97,3068483
2026-07-14 10:35:00,13.97,13.97,13.94,13.95,1122154
2026-07-14 10:40:00,13.96,13.96,13.93,13.95,1697675
2026-07-14 10:45:00,13.96,13.97,13.95,13.96,1036278
2026-07-14 10:50:00,13.97,13.97,13.92,13.93,3878715
2026-07-14 10:55:00,13.93,13.94,13.91,13.91,1872331
2026-07-14 11:00:00,13.92,13.94,13.91,13.92,826178
2026-07-14 11:05:00,13.92,13.94,13.9,13.91,4704347
2026-07-14 11:10:00,13.91,13.95,13.91,13.93,1772103
2026-07-14 11:15:00,13.94,13.95,13.93,13.94,800072
2026-07-14 11:20:00,13.93,13.95,13.93,13.94,777534
2026-07-14 11:25:00,13.94,13.95,13.93,13.93,487049
2026-07-14 11:30:00,13.94,13.95,13.93,13.93,768334
2026-07-14 11:35:00,13.94,13.94,13.89,13.9,4059632
2026-07-14 11:40:00,13.91,13.91,13.88,13.9,2640238
2026-07-14 11:45:00,13.9,13.91,13.88,13.9,1430053
2026-07-14 11:50:00,13.9,13.91,13.89,13.9,1272171
2026-07-14 11:55:00,13.89,13.9,13.85,13.9,6031174
2026-07-14 12:00:00,13.88,13.91,13.88,13.89,1970687
2026-07-14 12:05:00,13.89,13.89,13.87,13.88,1987100
2026-07-14 12:10:00,13.88,13.89,13.87,13.88,697482
2026-07-14 12:15:00,13.88,13.88,13.87,13.88,1425124
2026-07-14 12:20:00,13.88,13.88,13.85,13.86,1925970
2026-07-14 12:25:00,13.86,13.86,13.82,13.84,4859824
2026-07-14 12:30:00,13.83,13.87,13.83,13.86,1688868
2026-07-14 12:35:00,13.85,13.86,13.83,13.86,2300268
2026-07-14 12:40:00,13.85,13.87,13.85,13.87,682002
2026-07-14 12:45:00,13.86,13.87,13.85,13.86,396834
2026-07-14 12:50:00,13.86,13.89,13.85,13.86,6055363
2026-07-14 12:55:00,13.87,13.88,13.86,13.86,412217
2026-07-14 13:00:00,13.87,13.87,13.86,13.87,291783
2026-07-14 13:05:00,13.87,13.87,13.86,13.87,572837
2026-07-14 13:10:00,13.87,13.87,13.84,13.85,1744688
2026-07-14 13:15:00,13.86,13.86,13.84,13.84,638951
2026-07-14 13:20:00,13.85,13.86,13.84,13.86,1384662
2026-07-14 13:25:00,13.85,13.87,13.85,13.86,1069331
2026-07-14 13:30:00,13.87,13.87,13.84,13.85,1148837
2026-07-14 13:35:00,13.84,13.86,13.82,13.82,2053197
2026-07-14 13:40:00,13.82,13.84,13.82,13.84,997290
2026-07-14 13:45:00,13.84,13.87,13.84,13.86,1235613
2026-07-14 13:50:00,13.86,13.86,13.84,13.85,472392
2026-07-14 13:55:00,13.86,13.87,13.84,13.84,1094072
2026-07-14 14:00:00,13.84,13.86,13.84,13.85,1093364
2026-07-14 14:05:00,13.86,13.87,13.84,13.86,850987
2026-07-14 14:10:00,13.85,13.87,13.85,13.86,642149
2026-07-14 14:15:00,13.87,13.87,13.84,13.84,625241
2026-07-14 14:20:00,13.84,13.85,13.83,13.84,762662
2026-07-14 14:25:00,13.83,13.84,13.76,13.78,10419956
2026-07-14 14:30:00,13.79,13.8,13.78,13.78,2174507
2026-07-14 14:35:00,13.78,13.8,13.78,13.8,1091017
2026-07-14 14:40:00,13.79,13.8,13.78,13.78,1049739
2026-07-14 14:45:00,13.79,13.79,13.74,13.76,9962281
2026-07-14 14:50:00,13.75,13.79,13.75,13.76,6801226
2026-07-14 14:55:00,13.77,13.82,13.76,13.8,6356259
2026-07-14 15:00:00,13.81,13.83,13.79,13.82,3314278
2026-07-14 15:05:00,13.83,13.89,13.82,13.87,10757847
2026-07-14 15:10:00,13.86,13.87,13.8,13.82,5920568
2026-07-14 15:15:00,13.81,13.82,13.8,13.81,7173710
2026-07-14 15:20:00,13.8,13.85,13.8,13.84,9726938
2026-07-14 15:25:00,13.83,13.88,13.82,13.86,8563226
2026-07-15 09:15:00,13.9,14.02,13.89,13.99,14291315
2026-07-15 09:20:00,14.0,14.05,14.0,14.04,9718018
2026-07-15 09:25:00,14.03,14.04,14.0,14.03,5032345
2026-07-15 09:30:00,14.03,14.04,13.97,14.0,4894816
2026-07-15 09:35:00,13.99,14.0,13.96,13.98,3117564
2026-07-15 09:40:00,13.98,14.0,13.96,13.98,4375084
2026-07-15 09:45:00,13.97,13.98,13.96,13.97,1152215
2026-07-15 09:50:00,13.98,13.99,13.97,13.98,1226171
2026-07-15 09:55:00,13.97,13.99,13.97,13.97,1743352
2026-07-15 10:00:00,13.98,13.98,13.96,13.97,946284
2026-07-15 10:05:00,13.97,13.97,13.95,13.96,1136422
2026-07-15 10:10:00,13.95,13.96,13.91,13.93,8523973
2026-07-15 10:15:00,13.93,13.93,13.92,13.93,733521
2026-07-15 10:20:00,13.93,13.93,13.92,13.92,1191782
2026-07-15 10:25:00,13.93,13.93,13.87,13.88,5423424
2026-07-15 10:30:00,13.89,13.89,13.88,13.89,1009514
2026-07-15 10:35:00,13.89,13.91,13.88,13.9,1860694
2026-07-15 10:40:00,13.91,13.92,13.9,13.91,732451
2026-07-15 10:45:00,13.91,13.91,13.89,13.9,2487837
2026-07-15 10:50:00,13.9,13.9,13.89,13.9,448399
2026-07-15 10:55:00,13.89,13.9,13.88,13.89,1753564
2026-07-15 11:00:00,13.9,13.9,13.89,13.9,972189
2026-07-15 11:05:00,13.89,13.91,13.89,13.9,904322
2026-07-15 11:10:00,13.89,13.9,13.88,13.89,1188883
2026-07-15 11:15:00,13.88,13.9,13.86,13.87,1924534
2026-07-15 11:20:00,13.86,13.86,13.81,13.85,5739147
2026-07-15 11:25:00,13.85,13.85,13.83,13.84,1492704
2026-07-15 11:30:00,13.83,13.85,13.83,13.85,553446
2026-07-15 11:35:00,13.84,13.85,13.79,13.81,6222215
2026-07-15 11:40:00,13.81,13.82,13.78,13.79,3625971
2026-07-15 11:45:00,13.79,13.8,13.78,13.8,1743242
2026-07-15 11:50:00,13.79,13.8,13.72,13.72,8210860
2026-07-15 11:55:00,13.73,13.74,13.69,13.7,7014721
2026-07-15 12:00:00,13.7,13.74,13.7,13.72,4151310
2026-07-15 12:05:00,13.73,13.74,13.7,13.7,3720316
2026-07-15 12:10:00,13.7,13.72,13.69,13.71,2125616
2026-07-15 12:15:00,13.71,13.72,13.7,13.71,2315460
2026-07-15 12:20:00,13.71,13.73,13.71,13.73,1782171
2026-07-15 12:25:00,13.73,13.74,13.7,13.71,2672203
2026-07-15 12:30:00,13.7,13.71,13.66,13.69,5412955
2026-07-15 12:35:00,13.68,13.7,13.67,13.7,2163267
2026-07-15 12:40:00,13.69,13.71,13.69,13.7,1199156
2026-07-15 12:45:00,13.71,13.71,13.7,13.7,1391350
2026-07-15 12:50:00,13.7,13.71,13.67,13.67,2683673
2026-07-15 12:55:00,13.67,13.68,13.61,13.64,8341077
2026-07-15 13:00:00,13.63,13.67,13.63,13.65,3064319
2026-07-15 13:05:00,13.64,13.65,13.57,13.58,10015776
2026-07-15 13:10:00,13.58,13.59,13.55,13.57,8662773
2026-07-15 13:15:00,13.58,13.63,13.57,13.63,2518746
2026-07-15 13:20:00,13.63,13.65,13.57,13.59,2692174
2026-07-15 13:25:00,13.59,13.62,13.58,13.61,2166064
2026-07-15 13:30:00,13.62,13.63,13.61,13.63,592900
2026-07-15 13:35:00,13.62,13.63,13.59,13.6,2297284
2026-07-15 13:40:00,13.59,13.6,13.52,13.54,7991181
2026-07-15 13:45:00,13.55,13.55,13.51,13.54,5409579
2026-07-15 13:50:00,13.54,13.55,13.52,13.52,4583401
2026-07-15 13:55:00,13.53,13.55,13.51,13.53,4874713
2026-07-15 14:00:00,13.52,13.55,13.51,13.54,3310678
2026-07-15 14:05:00,13.55,13.58,13.53,13.58,6169888
2026-07-15 14:10:00,13.58,13.59,13.57,13.58,2280700
2026-07-15 14:15:00,13.59,13.6,13.58,13.59,1834441
2026-07-15 14:20:00,13.6,13.62,13.59,13.61,3590871
2026-07-15 14:25:00,13.61,13.62,13.58,13.58,1696153
2026-07-15 14:30:00,13.59,13.59,13.56,13.58,2760698
2026-07-15 14:35:00,13.58,13.6,13.57,13.58,1219922
2026-07-15 14:40:00,13.59,13.6,13.58,13.59,1568967
2026-07-15 14:45:00,13.59,13.6,13.57,13.58,1849309
2026-07-15 14:50:00,13.58,13.59,13.57,13.59,2454507
2026-07-15 14:55:00,13.59,13.59,13.56,13.56,4583592
2026-07-15 15:00:00,13.57,13.58,13.55,13.56,4533663
2026-07-15 15:05:00,13.57,13.65,13.57,13.61,12426432
2026-07-15 15:10:00,13.6,13.63,13.6,13.61,5615935
2026-07-15 15:15:00,13.61,13.68,13.58,13.67,18989263
2026-07-15 15:20:00,13.68,13.78,13.65,13.77,25350132
2026-07-15 15:25:00,13.76,13.81,13.75,13.79,17580283
2026-07-16 09:15:00,13.79,14.05,13.78,13.97,33456938
2026-07-16 09:20:00,13.96,14.0,13.77,13.77,24531572
2026-07-16 09:25:00,13.78,13.83,13.76,13.78,8089266
2026-07-16 09:30:00,13.79,13.8,13.77,13.77,5582115
2026-07-16 09:35:00,13.78,13.8,13.76,13.8,4042317
2026-07-16 09:40:00,13.8,13.88,13.79,13.85,10415809
2026-07-16 09:45:00,13.85,14.01,13.85,13.92,16150866
2026-07-16 09:50:00,13.92,13.92,13.84,13.86,6520695
2026-07-16 09:55:00,13.87,13.93,13.86,13.92,2920969
2026-07-16 10:00:00,13.93,13.93,13.89,13.9,1952257
2026-07-16 10:05:00,13.89,13.93,13.88,13.91,2818776
2026-07-16 10:10:00,13.91,13.94,13.89,13.92,3157770
2026-07-16 10:15:00,13.91,13.93,13.91,13.92,1192472
2026-07-16 10:20:00,13.91,13.92,13.9,13.9,1185308
2026-07-16 10:25:00,13.9,13.91,13.86,13.88,2171046
2026-07-16 10:30:00,13.89,13.92,13.88,13.92,688545
2026-07-16 10:35:00,13.92,13.92,13.89,13.89,1793924
2026-07-16 10:40:00,13.9,13.93,13.89,13.9,1851158
2026-07-16 10:45:00,13.9,13.91,13.89,13.91,1122193
2026-07-16 10:50:00,13.9,13.91,13.89,13.9,1260362
2026-07-16 10:55:00,13.9,13.91,13.89,13.9,694085
2026-07-16 11:00:00,13.9,13.92,13.89,13.89,1895906
2026-07-16 11:05:00,13.89,13.9,13.88,13.89,1383727
2026-07-16 11:10:00,13.9,13.9,13.88,13.88,834169
2026-07-16 11:15:00,13.89,13.89,13.87,13.87,557232
2026-07-16 11:20:00,13.87,13.88,13.86,13.87,2987843
2026-07-16 11:25:00,13.87,13.87,13.86,13.86,920584
2026-07-16 11:30:00,13.86,13.96,13.85,13.94,15001108
2026-07-16 11:35:00,13.95,13.96,13.92,13.95,5842108
2026-07-16 11:40:00,13.95,13.95,13.91,13.91,2724204
2026-07-16 11:45:00,13.92,13.92,13.9,13.92,3538293
2026-07-16 11:50:00,13.91,13.94,13.9,13.91,7559084
2026-07-16 11:55:00,13.9,13.91,13.9,13.9,1066761
2026-07-16 12:00:00,13.9,13.92,13.9,13.91,3073260
2026-07-16 12:05:00,13.91,13.92,13.91,13.92,268157
2026-07-16 12:10:00,13.91,13.92,13.9,13.91,501264
2026-07-16 12:15:00,13.91,13.91,13.89,13.91,1140104
2026-07-16 12:20:00,13.9,13.93,13.9,13.92,2093841
2026-07-16 12:25:00,13.92,13.99,13.92,13.97,7455693
2026-07-16 12:30:00,13.98,13.98,13.92,13.92,3743090
2026-07-16 12:35:00,13.92,13.94,13.92,13.94,733770
2026-07-16 12:40:00,13.93,13.94,13.9,13.91,2662878
2026-07-16 12:45:00,13.9,13.94,13.9,13.91,2001566
2026-07-16 12:50:00,13.91,13.92,13.9,13.9,885199
2026-07-16 12:55:00,13.9,13.92,13.87,13.87,3289423
2026-07-16 13:00:00,13.88,13.89,13.87,13.88,1063973
2026-07-16 13:05:00,13.89,13.89,13.88,13.89,367280
2026-07-16 13:10:00,13.88,13.89,13.87,13.88,1220396
2026-07-16 13:15:00,13.89,13.89,13.87,13.88,1995103
2026-07-16 13:20:00,13.89,13.89,13.85,13.86,2714485
2026-07-16 13:25:00,13.86,13.87,13.83,13.84,2052856
2026-07-16 13:30:00,13.85,13.85,13.82,13.82,1685613
2026-07-16 13:35:00,13.83,13.83,13.79,13.79,2820418
2026-07-16 13:40:00,13.79,13.8,13.78,13.79,3111961
2026-07-16 13:45:00,13.79,13.83,13.78,13.82,3671077
2026-07-16 13:50:00,13.82,13.87,13.82,13.86,3457840
2026-07-16 13:55:00,13.86,13.87,13.84,13.86,2382479
2026-07-16 14:00:00,13.86,13.86,13.82,13.84,2221478
2026-07-16 14:05:00,13.83,13.86,13.82,13.85,2165879
2026-07-16 14:10:00,13.85,13.86,13.84,13.86,1126148
2026-07-16 14:15:00,13.85,13.96,13.85,13.94,7908415
2026-07-16 14:20:00,13.94,13.95,13.91,13.92,1939194
2026-07-16 14:25:00,13.91,13.97,13.91,13.95,5051468
2026-07-16 14:30:00,13.95,13.96,13.92,13.92,1804483
2026-07-16 14:35:00,13.93,13.93,13.9,13.93,1854007
2026-07-16 14:40:00,13.93,13.94,13.9,13.9,2050535
2026-07-16 14:45:00,13.9,13.92,13.9,13.91,727729
2026-07-16 14:50:00,13.92,13.92,13.9,13.9,1995174
2026-07-16 14:55:00,13.91,13.92,13.9,13.9,1126572
2026-07-16 15:00:00,13.9,13.92,13.86,13.9,4486816
2026-07-16 15:05:00,13.9,13.92,13.89,13.9,3731085
2026-07-16 15:10:00,13.91,13.91,13.88,13.88,3605431
2026-07-16 15:15:00,13.88,13.9,13.87,13.9,6168667
2026-07-16 15:20:00,13.9,13.91,13.88,13.91,8685102
2026-07-16 15:25:00,13.9,13.92,13.87,13.88,12054495
2026-07-17 09:15:00,13.83,13.89,13.78,13.8,15073160
2026-07-17 09:20:00,13.81,13.81,13.76,13.79,6406550
2026-07-17 09:25:00,13.79,13.83,13.77,13.8,4985354
2026-07-17 09:30:00,13.79,13.83,13.79,13.82,2740354
2026-07-17 09:35:00,13.82,13.91,13.79,13.9,6805993
2026-07-17 09:40:00,13.89,13.91,13.86,13.87,5338196
2026-07-17 09:45:00,13.88,13.89,13.85,13.87,3688123
2026-07-17 09:50:00,13.9,13.97,13.87,13.94,9514242
2026-07-17 09:55:00,13.95,13.95,13.87,13.89,4487225
2026-07-17 10:00:00,13.88,13.9,13.86,13.87,2936508
2026-07-17 10:05:00,13.86,13.89,13.86,13.87,1966877
2026-07-17 10:10:00,13.88,13.91,13.87,13.9,2182948
2026-07-17 10:15:00,13.9,13.91,13.9,13.9,842472
2026-07-17 10:20:00,13.9,13.93,13.9,13.9,2712919
2026-07-17 10:25:00,13.91,13.91,13.86,13.87,2127575
2026-07-17 10:30:00,13.86,13.9,13.86,13.89,2919694
2026-07-17 10:35:00,13.9,13.97,13.89,13.94,5953673
2026-07-17 10:40:00,13.94,14.0,13.93,13.99,10869475
2026-07-17 10:45:00,14.0,14.0,13.95,13.97,4818692
2026-07-17 10:50:00,13.97,13.98,13.94,13.96,2716628
2026-07-17 10:55:00,13.96,13.97,13.94,13.96,3022346
2026-07-17 11:00:00,13.96,13.97,13.95,13.96,2214694
2026-07-17 11:05:00,13.96,13.99,13.95,13.98,7492566
2026-07-17 11:10:00,13.98,13.99,13.94,13.94,3948531
2026-07-17 11:15:00,13.95,13.97,13.93,13.97,3074063
2026-07-17 11:20:00,13.96,13.98,13.93,13.94,1978466
2026-07-17 11:25:00,13.95,13.95,13.92,13.93,3518991
2026-07-17 11:30:00,13.92,13.93,13.91,13.92,1399714
2026-07-17 11:35:00,13.91,13.93,13.89,13.9,3087308
2026-07-17 11:40:00,13.89,13.92,13.89,13.91,1854215
2026-07-17 11:45:00,13.92,13.93,13.9,13.91,829159
2026-07-17 11:50:00,13.9,13.91,13.9,13.91,921664
2026-07-17 11:55:00,13.9,13.91,13.88,13.89,1096101
2026-07-17 12:00:00,13.88,13.89,13.87,13.88,2860322
2026-07-17 12:05:00,13.87,13.89,13.81,13.82,7158249
2026-07-17 12:10:00,13.82,13.85,13.81,13.85,3120608
2026-07-17 12:15:00,13.85,13.85,13.82,13.82,1320795
2026-07-17 12:20:00,13.82,13.85,13.81,13.82,2502806
2026-07-17 12:25:00,13.81,13.84,13.81,13.84,1914284
2026-07-17 12:30:00,13.83,13.84,13.79,13.79,3466455
2026-07-17 12:35:00,13.81,13.81,13.79,13.8,1731867
2026-07-17 12:40:00,13.81,13.82,13.77,13.8,3570982
2026-07-17 12:45:00,13.81,13.82,13.8,13.81,888003
2026-07-17 12:50:00,13.82,13.82,13.8,13.81,842158
2026-07-17 12:55:00,13.81,13.81,13.8,13.81,493920
2026-07-17 13:00:00,13.81,13.81,13.8,13.8,373217
2026-07-17 13:05:00,13.8,13.81,13.79,13.8,938339
2026-07-17 13:10:00,13.79,13.82,13.79,13.81,1780405
2026-07-17 13:15:00,13.81,13.82,13.8,13.81,1013901
2026-07-17 13:20:00,13.82,13.82,13.8,13.81,979324
2026-07-17 13:25:00,13.81,13.81,13.8,13.81,677213
2026-07-17 13:30:00,13.8,13.82,13.8,13.81,456589
2026-07-17 13:35:00,13.8,13.81,13.78,13.79,1014770
2026-07-17 13:40:00,13.78,13.78,13.76,13.77,2871220
2026-07-17 13:45:00,13.77,13.77,13.74,13.75,2935796
2026-07-17 13:50:00,13.74,13.77,13.73,13.76,1838242
2026-07-17 13:55:00,13.76,13.78,13.75,13.77,1944526
2026-07-17 14:00:00,13.77,13.78,13.75,13.76,1481401
2026-07-17 14:05:00,13.76,13.77,13.75,13.76,1533348
2026-07-17 14:10:00,13.75,13.76,13.74,13.76,1202386
2026-07-17 14:15:00,13.76,13.78,13.74,13.74,12448989
2026-07-17 14:20:00,13.74,13.75,13.72,13.73,2632486
2026-07-17 14:25:00,13.74,13.77,13.73,13.74,2410688
2026-07-17 14:30:00,13.74,13.76,13.73,13.75,1831151
2026-07-17 14:35:00,13.74,13.77,13.74,13.76,2819741
2026-07-17 14:40:00,13.77,13.77,13.75,13.75,1156119
2026-07-17 14:45:00,13.76,13.77,13.75,13.76,1376068
2026-07-17 14:50:00,13.77,13.78,13.76,13.77,1278286
2026-07-17 14:55:00,13.76,13.77,13.76,13.76,3154840
2026-07-17 15:00:00,13.77,13.78,13.76,13.77,14782697
2026-07-17 15:05:00,13.77,13.78,13.75,13.76,13728184
2026-07-17 15:10:00,13.77,13.77,13.74,13.75,5396876
2026-07-17 15:15:00,13.75,13.75,13.72,13.73,7785805
2026-07-17 15:20:00,13.72,13.73,13.71,13.72,9111743
2026-07-17 15:25:00,13.72,13.74,13.71,13.72,9662650
2026-07-20 09:15:00,13.71,13.78,13.66,13.7,15569196
2026-07-20 09:20:00,13.69,13.72,13.65,13.67,10507483
2026-07-20 09:25:00,13.67,13.68,13.59,13.61,8667830
2026-07-20 09:30:00,13.62,13.63,13.61,13.62,2376718
2026-07-20 09:35:00,13.62,13.63,13.6,13.61,2159327
2026-07-20 09:40:00,13.62,13.62,13.58,13.59,5449428
2026-07-20 09:45:00,13.6,13.62,13.59,13.61,2783740
2026-07-20 09:50:00,13.6,13.66,13.6,13.63,3717808
2026-07-20 09:55:00,13.64,13.64,13.58,13.61,3127531
2026-07-20 10:00:00,13.61,13.62,13.59,13.6,2488897
2026-07-20 10:05:00,13.61,13.61,13.57,13.58,4293610
2026-07-20 10:10:00,13.59,13.62,13.58,13.62,2303375
2026-07-20 10:15:00,13.61,13.63,13.61,13.61,1235640
2026-07-20 10:20:00,13.62,13.63,13.61,13.63,877555
2026-07-20 10:25:00,13.62,13.7,13.62,13.66,4819107
2026-07-20 10:30:00,13.66,13.71,13.66,13.67,12793878
2026-07-20 10:35:00,13.68,13.68,13.65,13.67,6571434
2026-07-20 10:40:00,13.67,13.71,13.66,13.7,7391409
2026-07-20 10:45:00,13.71,13.71,13.67,13.68,8096532
2026-07-20 10:50:00,13.68,13.68,13.67,13.67,876304
2026-07-20 10:55:00,13.67,13.7,13.66,13.68,3352976
2026-07-20 11:00:00,13.67,13.69,13.66,13.67,1558335
2026-07-20 11:05:00,13.67,13.7,13.66,13.68,1290865
2026-07-20 11:10:00,13.68,13.69,13.66,13.67,730010
2026-07-20 11:15:00,13.67,13.67,13.66,13.66,364245
2026-07-20 11:20:00,13.66,13.67,13.65,13.67,3028468
2026-07-20 11:25:00,13.67,13.7,13.59,13.63,7795267
2026-07-20 11:30:00,13.63,13.71,13.63,13.69,2897987
2026-07-20 11:35:00,13.69,13.7,13.63,13.65,3351835
2026-07-20 11:40:00,13.65,13.65,13.63,13.64,1643225
2026-07-20 11:45:00,13.65,13.65,13.63,13.63,899600
2026-07-20 11:50:00,13.64,13.64,13.61,13.62,2827791
2026-07-20 11:55:00,13.61,13.65,13.61,13.63,3509907
2026-07-20 12:00:00,13.64,13.65,13.63,13.64,4373059
2026-07-20 12:05:00,13.64,13.65,13.63,13.64,3086282
2026-07-20 12:10:00,13.65,13.65,13.63,13.64,569829
2026-07-20 12:15:00,13.65,13.67,13.64,13.67,1927870
2026-07-20 12:20:00,13.67,13.67,13.64,13.65,935262
2026-07-20 12:25:00,13.64,13.65,13.62,13.64,1092332
2026-07-20 12:30:00,13.64,13.64,13.59,13.6,3038976
2026-07-20 12:35:00,13.59,13.61,13.58,13.6,2232329
2026-07-20 12:40:00,13.6,13.61,13.56,13.59,4302439
2026-07-20 12:45:00,13.59,13.6,13.56,13.57,2803648
2026-07-20 12:50:00,13.56,13.6,13.56,13.6,8837296
2026-07-20 12:55:00,13.6,13.64,13.59,13.63,10516775
2026-07-20 13:00:00,13.63,13.64,13.6,13.63,3635917
2026-07-20 13:05:00,13.62,13.63,13.61,13.62,284755
2026-07-20 13:10:00,13.62,13.63,13.6,13.63,6191092
2026-07-20 13:15:00,13.62,13.64,13.61,13.62,1155810
2026-07-20 13:20:00,13.61,13.68,13.61,13.65,8408769
2026-07-20 13:25:00,13.65,13.65,13.64,13.65,493817
2026-07-20 13:30:00,13.65,13.65,13.63,13.63,394967
2026-07-20 13:35:00,13.64,13.66,13.63,13.63,3943992
2026-07-20 13:40:00,13.63,13.65,13.61,13.61,942511
2026-07-20 13:45:00,13.62,13.64,13.61,13.63,8147014
2026-07-20 13:50:00,13.64,13.64,13.61,13.62,1996963
2026-07-20 13:55:00,13.62,13.64,13.61,13.64,873960
2026-07-20 14:00:00,13.64,13.64,13.63,13.63,236546
2026-07-20 14:05:00,13.63,13.65,13.63,13.63,739241
2026-07-20 14:10:00,13.64,13.64,13.61,13.62,1416683
2026-07-20 14:15:00,13.62,13.63,13.58,13.6,3950760
2026-07-20 14:20:00,13.6,13.62,13.6,13.6,1969557
2026-07-20 14:25:00,13.61,13.61,13.57,13.58,2617584
2026-07-20 14:30:00,13.59,13.59,13.56,13.58,1715947
2026-07-20 14:35:00,13.58,13.58,13.52,13.54,4621494
2026-07-20 14:40:00,13.54,13.55,13.47,13.49,11127620
2026-07-20 14:45:00,13.49,13.5,13.42,13.47,8256928
2026-07-20 14:50:00,13.46,13.57,13.46,13.55,7761144
2026-07-20 14:55:00,13.54,13.56,13.54,13.56,2640224
2026-07-20 15:00:00,13.56,13.58,13.54,13.57,6510299
2026-07-20 15:05:00,13.56,13.57,13.53,13.54,5935005
2026-07-20 15:10:00,13.53,13.55,13.52,13.54,4387431
2026-07-20 15:15:00,13.54,13.55,13.49,13.5,10410451
2026-07-20 15:20:00,13.51,13.52,13.48,13.5,13619456
2026-07-20 15:25:00,13.49,13.51,13.46,13.49,15341553
2026-07-21 09:15:00,13.58,13.59,13.42,13.54,18554117
2026-07-21 09:20:00,13.54,13.54,13.51,13.51,3930765
2026-07-21 09:25:00,13.51,13.51,13.48,13.5,4051774
2026-07-21 09:30:00,13.5,13.5,13.44,13.45,4616131
2026-07-21 09:35:00,13.45,13.46,13.44,13.46,3882705
2026-07-21 09:40:00,13.45,13.48,13.44,13.47,3899034
2026-07-21 09:45:00,13.47,13.58,13.46,13.57,7283816
2026-07-21 09:50:00,13.62,13.67,13.6,13.63,20681392
2026-07-21 09:55:00,13.62,13.63,13.58,13.59,8006430
2026-07-21 10:00:00,13.58,13.62,13.56,13.6,9845319
2026-07-21 10:05:00,13.6,13.62,13.58,13.62,3951039
2026-07-21 10:10:00,13.61,13.64,13.57,13.58,7089864
2026-07-21 10:15:00,13.58,13.59,13.55,13.58,12748250
2026-07-21 10:20:00,13.58,13.59,13.57,13.59,1331637
2026-07-21 10:25:00,13.59,13.59,13.57,13.57,890874
2026-07-21 10:30:00,13.58,13.65,13.57,13.63,6489293
2026-07-21 10:35:00,13.63,13.65,13.58,13.6,8708600
2026-07-21 10:40:00,13.6,13.62,13.58,13.61,9970466
2026-07-21 10:45:00,13.61,13.62,13.56,13.59,2822712
2026-07-21 10:50:00,13.59,13.61,13.58,13.6,1293552
2026-07-21 10:55:00,13.6,13.61,13.56,13.57,1494650
2026-07-21 11:00:00,13.57,13.57,13.55,13.57,1482907
2026-07-21 11:05:00,13.57,13.59,13.56,13.59,1526227
2026-07-21 11:10:00,13.58,13.6,13.58,13.6,1071785
2026-07-21 11:15:00,13.6,13.6,13.56,13.57,1205641
2026-07-21 11:20:00,13.57,13.59,13.55,13.56,2437550
2026-07-21 11:25:00,13.57,13.59,13.55,13.56,1922901
2026-07-21 11:30:00,13.56,13.58,13.55,13.56,1524995
2026-07-21 11:35:00,13.57,13.59,13.56,13.58,909241
2026-07-21 11:40:00,13.57,13.59,13.56,13.57,1233807
2026-07-21 11:45:00,13.56,13.57,13.55,13.55,1069810
2026-07-21 11:50:00,13.56,13.56,13.54,13.54,996476
2026-07-21 11:55:00,13.55,13.55,13.51,13.51,2235739
2026-07-21 12:00:00,13.52,13.52,13.51,13.52,586097
2026-07-21 12:05:00,13.51,13.54,13.51,13.53,999302
2026-07-21 12:10:00,13.53,13.57,13.53,13.57,2267085
2026-07-21 12:15:00,13.57,13.57,13.55,13.56,717079
2026-07-21 12:20:00,13.56,13.56,13.55,13.56,717566
2026-07-21 12:25:00,13.55,13.56,13.55,13.56,405515
2026-07-21 12:30:00,13.56,13.56,13.55,13.56,618878
2026-07-21 12:35:00,13.55,13.56,13.54,13.54,740044
2026-07-21 12:40:00,13.55,13.55,13.53,13.54,900816
2026-07-21 12:45:00,13.54,13.55,13.53,13.53,882468
2026-07-21 12:50:00,13.54,13.54,13.52,13.53,895669
2026-07-21 12:55:00,13.53,13.61,13.52,13.58,4107426
2026-07-21 13:00:00,13.58,13.58,13.55,13.56,882439
2026-07-21 13:05:00,13.56,13.58,13.55,13.57,786375
2026-07-21 13:10:00,13.57,13.59,13.57,13.58,776518
2026-07-21 13:15:00,13.58,13.58,13.56,13.56,501582
2026-07-21 13:20:00,13.57,13.58,13.56,13.57,578973
2026-07-21 13:25:00,13.57,13.58,13.56,13.57,387008
2026-07-21 13:30:00,13.57,13.58,13.56,13.58,925225
2026-07-21 13:35:00,13.58,13.64,13.57,13.63,4441545
2026-07-21 13:40:00,13.62,13.65,13.62,13.63,2721361
2026-07-21 13:45:00,13.64,13.67,13.63,13.63,4866952
2026-07-21 13:50:00,13.63,13.64,13.62,13.62,630088
2026-07-21 13:55:00,13.62,13.63,13.58,13.59,2670431
2026-07-21 14:00:00,13.59,13.6,13.56,13.58,3601597
2026-07-21 14:05:00,13.57,13.58,13.57,13.58,438835
2026-07-21 14:10:00,13.58,13.58,13.56,13.56,2824955
2026-07-21 14:15:00,13.57,13.59,13.56,13.58,985055
2026-07-21 14:20:00,13.57,13.58,13.57,13.58,833303
2026-07-21 14:25:00,13.57,13.58,13.56,13.57,386370
2026-07-21 14:30:00,13.57,13.58,13.56,13.57,756500
2026-07-21 14:35:00,13.58,13.58,13.53,13.54,2142216
2026-07-21 14:40:00,13.54,13.54,13.53,13.54,650911
2026-07-21 14:45:00,13.53,13.54,13.52,13.54,2158764
2026-07-21 14:50:00,13.53,13.54,13.52,13.53,1627088
2026-07-21 14:55:00,13.53,13.53,13.5,13.52,2906287
2026-07-21 15:00:00,13.53,13.55,13.52,13.54,2529127
2026-07-21 15:05:00,13.54,13.54,13.51,13.51,3005770
2026-07-21 15:10:00,13.51,13.52,13.46,13.51,9676115
2026-07-21 15:15:00,13.51,13.52,13.47,13.48,5340742
2026-07-21 15:20:00,13.48,13.5,13.45,13.5,8910443
2026-07-21 15:25:00,13.5,13.51,13.48,13.5,5488903
2026-07-22 09:15:00,13.49,13.56,13.48,13.51,10240177
2026-07-22 09:20:00,13.52,13.53,13.5,13.5,4275480
2026-07-22 09:25:00,13.5,13.5,13.43,13.43,8460823
2026-07-22 09:30:00,13.44,13.45,13.41,13.43,7047806
2026-07-22 09:35:00,13.43,13.44,13.39,13.39,8329046
2026-07-22 09:40:00,13.38,13.43,13.38,13.4,5314975
2026-07-22 09:45:00,13.4,13.41,13.35,13.36,6043813
2026-07-22 09:50:00,13.36,13.36,13.27,13.27,11474558
2026-07-22 09:55:00,13.28,13.35,13.27,13.31,10725178
2026-07-22 10:00:00,13.32,13.38,13.3,13.35,5762451
2026-07-22 10:05:00,13.35,13.44,13.35,13.43,8146659
2026-07-22 10:10:00,13.44,13.44,13.37,13.39,16611473
2026-07-22 10:15:00,13.39,13.44,13.38,13.41,3987163
2026-07-22 10:20:00,13.41,13.43,13.37,13.38,2478821
2026-07-22 10:25:00,13.37,13.38,13.33,13.34,3336129
2026-07-22 10:30:00,13.34,13.37,13.32,13.32,3306032
2026-07-22 10:35:00,13.33,13.34,13.32,13.32,2777890
2026-07-22 10:40:00,13.32,13.33,13.31,13.32,2683677
2026-07-22 10:45:00,13.33,13.34,13.31,13.34,2132849
2026-07-22 10:50:00,13.33,13.39,13.33,13.37,11213507
2026-07-22 10:55:00,13.38,13.45,13.37,13.43,12686341
2026-07-22 11:00:00,13.42,13.44,13.4,13.42,7399661
2026-07-22 11:05:00,13.42,13.44,13.4,13.42,6279248
2026-07-22 11:10:00,13.43,13.44,13.41,13.41,5400664
2026-07-22 11:15:00,13.42,13.45,13.4,13.44,6798761
2026-07-22 11:20:00,13.45,13.48,13.43,13.47,5134912
2026-07-22 11:25:00,13.48,13.49,13.44,13.47,6417024
2026-07-22 11:30:00,13.48,13.48,13.43,13.44,2661881
2026-07-22 11:35:00,13.45,13.45,13.41,13.41,2514830
2026-07-22 11:40:00,13.42,13.43,13.41,13.43,861494
2026-07-22 11:45:00,13.43,13.47,13.42,13.43,2704071
2026-07-22 11:50:00,13.44,13.44,13.41,13.42,813926
2026-07-22 11:55:00,13.43,13.44,13.41,13.43,918327
2026-07-22 12:00:00,13.43,13.43,13.4,13.41,1546461
2026-07-22 12:05:00,13.4,13.41,13.37,13.38,2242324
2026-07-22 12:10:00,13.38,13.39,13.37,13.37,662487
2026-07-22 12:15:00,13.37,13.41,13.37,13.39,2225651
2026-07-22 12:20:00,13.4,13.42,13.37,13.41,2930142
2026-07-22 12:25:00,13.4,13.43,13.4,13.41,3952630
2026-07-22 12:30:00,13.4,13.42,13.38,13.39,1496445
2026-07-22 12:35:00,13.39,13.42,13.39,13.4,2316961
2026-07-22 12:40:00,13.4,13.52,13.39,13.49,10816543
2026-07-22 12:45:00,13.49,13.5,13.46,13.49,17485969
2026-07-22 12:50:00,13.48,13.49,13.47,13.47,2871979
2026-07-22 12:55:00,13.47,13.51,13.47,13.5,10429948
2026-07-22 13:00:00,13.5,13.5,13.47,13.47,1356619
2026-07-22 13:05:00,13.47,13.49,13.46,13.47,1277289
2026-07-22 13:10:00,13.46,13.47,13.44,13.45,3015474
2026-07-22 13:15:00,13.46,13.46,13.43,13.44,1448990
2026-07-22 13:20:00,13.43,13.45,13.43,13.45,1284798
2026-07-22 13:25:00,13.44,13.45,13.44,13.44,688850
2026-07-22 13:30:00,13.45,13.45,13.43,13.44,1772372
2026-07-22 13:35:00,13.44,13.45,13.43,13.45,409622
2026-07-22 13:40:00,13.45,13.45,13.43,13.44,1399607
2026-07-22 13:45:00,13.43,13.44,13.42,13.42,1078516
2026-07-22 13:50:00,13.43,13.5,13.42,13.5,4801433
2026-07-22 13:55:00,13.51,13.54,13.5,13.51,5062969
2026-07-22 14:00:00,13.52,13.57,13.5,13.53,7089548
2026-07-22 14:05:00,13.53,13.54,13.51,13.52,2178052
2026-07-22 14:10:00,13.52,13.53,13.48,13.51,6040181
2026-07-22 14:15:00,13.5,13.53,13.49,13.5,2033046
2026-07-22 14:20:00,13.5,13.52,13.49,13.51,1328100
2026-07-22 14:25:00,13.49,13.51,13.49,13.49,2366676
2026-07-22 14:30:00,13.5,13.51,13.49,13.51,1497985
2026-07-22 14:35:00,13.51,13.53,13.5,13.52,2377652
2026-07-22 14:40:00,13.53,13.54,13.5,13.52,3048813
2026-07-22 14:45:00,13.51,13.52,13.5,13.51,807785
2026-07-22 14:50:00,13.52,13.53,13.51,13.52,1046369
2026-07-22 14:55:00,13.51,13.52,13.5,13.51,2710690
2026-07-22 15:00:00,13.52,13.53,13.48,13.48,4610684
2026-07-22 15:05:00,13.5,13.54,13.49,13.53,8135811
2026-07-22 15:10:00,13.53,13.54,13.52,13.54,3063318
2026-07-22 15:15:00,13.53,13.56,13.52,13.53,7540599
2026-07-22 15:20:00,13.53,13.57,13.52,13.55,11186191
2026-07-22 15:25:00,13.56,13.6,13.55,13.59,11456219
2026-07-23 09:15:00,13.53,13.54,13.43,13.44,18970404
2026-07-23 09:20:00,13.44,13.52,13.44,13.48,6448043
2026-07-23 09:25:00,13.49,13.5,13.47,13.48,2988677
2026-07-23 09:30:00,13.49,13.49,13.43,13.44,4015019
2026-07-23 09:35:00,13.43,13.44,13.27,13.33,67654522
2026-07-23 09:40:00,13.33,13.33,13.29,13.31,8111673
2026-07-23 09:45:00,13.31,13.33,13.3,13.33,5308421
2026-07-23 09:50:00,13.33,13.33,13.29,13.31,5617085
2026-07-23 09:55:00,13.32,13.35,13.32,13.33,1700015
2026-07-23 10:00:00,13.34,13.36,13.32,13.34,3067955
2026-07-23 10:05:00,13.35,13.35,13.33,13.35,2881984
2026-07-23 10:10:00,13.35,13.35,13.29,13.3,4895694
2026-07-23 10:15:00,13.29,13.32,13.29,13.3,3116112
2026-07-23 10:20:00,13.3,13.31,13.28,13.29,2582877
2026-07-23 10:25:00,13.3,13.31,13.29,13.31,2220265
2026-07-23 10:30:00,13.3,13.31,13.29,13.3,2652556
2026-07-23 10:35:00,13.29,13.31,13.29,13.3,1897281
2026-07-23 10:40:00,13.29,13.32,13.29,13.31,1501683
2026-07-23 10:45:00,13.32,13.34,13.31,13.33,2211627
2026-07-23 10:50:00,13.33,13.35,13.33,13.34,2740004
2026-07-23 10:55:00,13.34,13.36,13.33,13.36,4852263
2026-07-23 11:00:00,13.36,13.37,13.35,13.37,1963414
2026-07-23 11:05:00,13.37,13.39,13.35,13.38,5045207
2026-07-23 11:10:00,13.38,13.5,13.38,13.46,19895382
2026-07-23 11:15:00,13.47,13.48,13.42,13.47,5623754
2026-07-23 11:20:00,13.47,13.47,13.41,13.41,2958496
2026-07-23 11:25:00,13.42,13.43,13.39,13.4,3685711
2026-07-23 11:30:00,13.4,13.4,13.38,13.39,2242072
2026-07-23 11:35:00,13.39,13.4,13.38,13.39,2728527
2026-07-23 11:40:00,13.39,13.44,13.38,13.42,3174364
2026-07-23 11:45:00,13.43,13.43,13.41,13.42,1012989
2026-07-23 11:50:00,13.42,13.44,13.41,13.41,2927029
2026-07-23 11:55:00,13.42,13.42,13.4,13.41,865915
2026-07-23 12:00:00,13.42,13.42,13.4,13.4,618274
2026-07-23 12:05:00,13.4,13.45,13.4,13.44,2646136
2026-07-23 12:10:00,13.44,13.45,13.42,13.43,2394341
2026-07-23 12:15:00,13.43,13.44,13.41,13.42,1084672
2026-07-23 12:20:00,13.42,13.43,13.41,13.42,1192417
2026-07-23 12:25:00,13.42,13.42,13.41,13.41,1169421
2026-07-23 12:30:00,13.42,13.42,13.4,13.41,1823929
2026-07-23 12:35:00,13.41,13.42,13.4,13.41,1806322
2026-07-23 12:40:00,13.41,13.41,13.38,13.38,3291741
2026-07-23 12:45:00,13.38,13.4,13.37,13.37,1007725
2026-07-23 12:50:00,13.38,13.38,13.34,13.35,2914500
2026-07-23 12:55:00,13.36,13.36,13.34,13.34,1653903
2026-07-23 13:00:00,13.35,13.35,13.33,13.34,1513436
2026-07-23 13:05:00,13.34,13.36,13.33,13.35,1853442
2026-07-23 13:10:00,13.35,13.35,13.34,13.34,440791
2026-07-23 13:15:00,13.35,13.35,13.31,13.32,2185563
2026-07-23 13:20:00,13.32,13.34,13.31,13.34,1145682
2026-07-23 13:25:00,13.33,13.35,13.32,13.34,1691675
2026-07-23 13:30:00,13.33,13.34,13.32,13.32,1405551
2026-07-23 13:35:00,13.32,13.36,13.32,13.36,2007575
2026-07-23 13:40:00,13.36,13.38,13.35,13.36,2728204
2026-07-23 13:45:00,13.36,13.37,13.34,13.35,684138
2026-07-23 13:50:00,13.35,13.36,13.33,13.33,1976380
2026-07-23 13:55:00,13.34,13.35,13.33,13.34,1055720
2026-07-23 14:00:00,13.33,13.35,13.32,13.33,1969194
2026-07-23 14:05:00,13.33,13.34,13.31,13.32,824521
2026-07-23 14:10:00,13.31,13.33,13.31,13.32,976624
2026-07-23 14:15:00,13.32,13.34,13.31,13.31,2020276
2026-07-23 14:20:00,13.31,13.32,13.31,13.31,495946
2026-07-23 14:25:00,13.32,13.33,13.26,13.26,6249350
2026-07-23 14:30:00,13.27,13.3,13.26,13.28,8255718
2026-07-23 14:35:00,13.29,13.31,13.27,13.27,11186001
2026-07-23 14:40:00,13.27,13.28,13.23,13.25,12496729
2026-07-23 14:45:00,13.25,13.26,13.24,13.25,2452174
2026-07-23 14:50:00,13.26,13.26,13.23,13.24,2808241
2026-07-23 14:55:00,13.25,13.25,13.23,13.24,1984006
2026-07-23 15:00:00,13.24,13.26,13.21,13.21,5935456
2026-07-23 15:05:00,13.22,13.24,13.21,13.21,4514820
2026-07-23 15:10:00,13.22,13.23,13.21,13.21,5039723
2026-07-23 15:15:00,13.22,13.23,13.18,13.21,17537946
2026-07-23 15:20:00,13.21,13.21,13.19,13.2,10916518
2026-07-23 15:25:00,13.2,13.22,13.18,13.2,11382946
2026-07-24 09:15:00,13.11,13.13,13.05,13.09,16727237
2026-07-24 09:20:00,13.09,13.14,12.97,13.01,24481121
2026-07-24 09:25:00,13.01,13.02,12.93,12.97,13478135
2026-07-24 09:30:00,12.98,13.03,12.97,12.98,7734716
2026-07-24 09:35:00,12.97,13.01,12.95,12.97,8574554
2026-07-24 09:40:00,12.96,12.97,12.9,12.93,14220507
2026-07-24 09:45:00,12.93,12.94,12.86,12.88,12066071
2026-07-24 09:50:00,12.87,12.88,12.78,12.8,30329190
2026-07-24 09:55:00,12.8,12.89,12.76,12.83,14649852
2026-07-24 10:00:00,12.84,12.85,12.8,12.81,6125299
2026-07-24 10:05:00,12.82,12.86,12.8,12.84,7190166
2026-07-24 10:10:00,12.84,12.85,12.81,12.82,2203565
2026-07-24 10:15:00,12.82,12.85,12.81,12.84,3786702
2026-07-24 10:20:00,12.84,12.85,12.81,12.83,3768733
2026-07-24 10:25:00,12.82,12.85,12.82,12.83,4166521
2026-07-24 10:30:00,12.84,12.84,12.82,12.83,1338656
2026-07-24 10:35:00,12.82,12.88,12.82,12.88,3467834
2026-07-24 10:40:00,12.88,12.9,12.86,12.88,2636300
2026-07-24 10:45:00,12.88,12.88,12.86,12.87,1745571
2026-07-24 10:50:00,12.87,12.87,12.85,12.86,1073996
2026-07-24 10:55:00,12.86,12.86,12.83,12.84,1681688
2026-07-24 11:00:00,12.83,12.85,12.82,12.85,1423613
2026-07-24 11:05:00,12.85,12.86,12.83,12.85,1889370
2026-07-24 11:10:00,12.85,12.87,12.84,12.84,847518
2026-07-24 11:15:00,12.85,12.89,12.84,12.89,1929122
2026-07-24 11:20:00,12.89,12.91,12.87,12.89,4061214
2026-07-24 11:25:00,12.88,12.9,12.87,12.88,4347661
2026-07-24 11:30:00,12.87,12.89,12.87,12.89,1100716
2026-07-24 11:35:00,12.88,12.92,12.85,12.9,7253713
2026-07-24 11:40:00,12.91,12.94,12.89,12.93,4115337
2026-07-24 11:45:00,12.92,12.96,12.92,12.94,4890720
2026-07-24 11:50:00,12.95,12.95,12.91,12.92,2348477
2026-07-24 11:55:00,12.91,12.92,12.9,12.91,1710843
2026-07-24 12:00:00,12.92,12.92,12.89,12.9,1699283
2026-07-24 12:05:00,12.91,12.92,12.89,12.9,1746459
2026-07-24 12:10:00,12.9,12.91,12.89,12.9,1866369
2026-07-24 12:15:00,12.89,12.9,12.89,12.9,576168
2026-07-24 12:20:00,12.9,12.9,12.89,12.9,651537
2026-07-24 12:25:00,12.9,12.94,12.89,12.92,2468695
2026-07-24 12:30:00,12.94,12.94,12.9,12.91,2006300
2026-07-24 12:35:00,12.92,12.92,12.9,12.91,2211518
2026-07-24 12:40:00,12.91,12.93,12.91,12.92,1350227
2026-07-24 12:45:00,12.93,12.93,12.91,12.92,753336
2026-07-24 12:50:00,12.93,12.96,12.92,12.96,4734410
2026-07-24 12:55:00,12.96,12.97,12.94,12.96,3011954
2026-07-24 13:00:00,12.96,12.96,12.93,12.93,1341958
2026-07-24 13:05:00,12.93,12.94,12.92,12.93,754603
2026-07-24 13:10:00,12.93,12.94,12.92,12.93,1385595
2026-07-24 13:15:00,12.94,12.95,12.92,12.94,986438
2026-07-24 13:20:00,12.95,12.95,12.93,12.94,954531
2026-07-24 13:25:00,12.94,12.96,12.93,12.95,1635609
2026-07-24 13:30:00,12.96,12.98,12.94,12.96,3358237
2026-07-24 13:35:00,12.97,12.97,12.94,12.96,2803539
2026-07-24 13:40:00,12.97,12.97,12.92,12.92,2058594
2026-07-24 13:45:00,12.92,12.94,12.91,12.92,3566515
2026-07-24 13:50:00,12.93,12.95,12.93,12.94,1129153
2026-07-24 13:55:00,12.93,12.95,12.93,12.94,1570549
2026-07-24 14:00:00,12.95,12.97,12.93,12.96,3707573
2026-07-24 14:05:00,12.96,13.03,12.95,13.01,9930067
2026-07-24 14:10:00,13.0,13.02,12.98,13.01,6889726
2026-07-24 14:15:00,13.01,13.03,13.01,13.01,4246930
2026-07-24 14:20:00,13.01,13.03,13.01,13.02,4050689
2026-07-24 14:25:00,13.02,13.02,12.96,12.97,4222147
2026-07-24 14:30:00,12.98,13.01,12.97,13.0,2490682
2026-07-24 14:35:00,13.0,13.03,12.99,13.02,3912518
2026-07-24 14:40:00,13.03,13.08,13.02,13.07,9977345
2026-07-24 14:45:00,13.07,13.18,13.05,13.13,15450017
2026-07-24 14:50:00,13.13,13.14,13.1,13.12,5709625
2026-07-24 14:55:00,13.11,13.14,13.1,13.12,4490051
2026-07-24 15:00:00,13.13,13.13,13.1,13.12,4636381
2026-07-24 15:05:00,13.12,13.14,13.1,13.11,4195445
2026-07-24 15:10:00,13.11,13.13,13.1,13.12,6349421
2026-07-24 15:15:00,13.13,13.17,13.12,13.15,9582858
2026-07-24 15:20:00,13.16,13.16,13.13,13.14,9271379
2026-07-24 15:25:00,13.14,13.17,13.12,13.13,10529401
2026-07-27 09:15:00,13.13,13.26,13.13,13.22,15992860
2026-07-27 09:20:00,13.23,13.23,13.16,13.17,4480774
2026-07-27 09:25:00,13.17,13.17,13.11,13.17,7697731
2026-07-27 09:30:00,13.17,13.19,13.14,13.18,9021098
2026-07-27 09:35:00,13.19,13.21,13.18,13.19,3185881
2026-07-27 09:40:00,13.2,13.21,13.18,13.2,3891315
2026-07-27 09:45:00,13.2,13.24,13.19,13.24,4110483
2026-07-27 09:50:00,13.23,13.25,13.22,13.23,2718803
2026-07-27 09:55:00,13.24,13.24,13.21,13.22,2671749
2026-07-27 10:00:00,13.23,13.23,13.21,13.21,789073
2026-07-27 10:05:00,13.21,13.23,13.21,13.21,6737435
2026-07-27 10:10:00,13.22,13.22,13.21,13.22,673712
2026-07-27 10:15:00,13.21,13.22,13.17,13.17,3040966
2026-07-27 10:20:00,13.17,13.18,13.13,13.14,4638886
2026-07-27 10:25:00,13.13,13.16,13.12,13.16,3541590
2026-07-27 10:30:00,13.15,13.16,13.15,13.16,621398
2026-07-27 10:35:00,13.15,13.16,13.12,13.13,3391979
2026-07-27 10:40:00,13.13,13.14,13.12,13.14,1446445
2026-07-27 10:45:00,13.13,13.14,13.03,13.07,11151102
2026-07-27 10:50:00,13.08,13.13,13.07,13.13,3449879
2026-07-27 10:55:00,13.13,13.14,13.11,13.13,1954895
2026-07-27 11:00:00,13.12,13.14,13.11,13.12,1901793
2026-07-27 11:05:00,13.13,13.14,13.12,13.13,1626378
2026-07-27 11:10:00,13.14,13.16,13.13,13.15,11150809
2026-07-27 11:15:00,13.14,13.18,13.14,13.17,1320964
2026-07-27 11:20:00,13.18,13.21,13.17,13.21,5530459
2026-07-27 11:25:00,13.2,13.21,13.18,13.18,1398487
2026-07-27 11:30:00,13.19,13.21,13.18,13.2,2773988
2026-07-27 11:35:00,13.19,13.2,13.16,13.16,2467205
2026-07-27 11:40:00,13.16,13.17,13.13,13.15,10632466
2026-07-27 11:45:00,13.15,13.17,13.14,13.16,1199269
2026-07-27 11:50:00,13.17,13.17,13.15,13.15,854139
2026-07-27 11:55:00,13.16,13.17,13.14,13.16,1022895
2026-07-27 12:00:00,13.16,13.17,13.14,13.15,327787
2026-07-27 12:05:00,13.14,13.16,13.14,13.16,534054
2026-07-27 12:10:00,13.15,13.16,13.14,13.14,411348
2026-07-27 12:15:00,13.14,13.16,13.14,13.14,520733
2026-07-27 12:20:00,13.15,13.15,13.13,13.15,1239244
2026-07-27 12:25:00,13.14,13.15,13.14,13.15,369774
2026-07-27 12:30:00,13.14,13.15,13.14,13.15,431010
2026-07-27 12:35:00,13.14,13.15,13.13,13.14,656935
2026-07-27 12:40:00,13.13,13.14,13.11,13.11,1146547
2026-07-27 12:45:00,13.12,13.12,13.11,13.11,949247
2026-07-27 12:50:00,13.11,13.12,13.11,13.12,377918
2026-07-27 12:55:00,13.11,13.13,13.11,13.12,759058
2026-07-27 13:00:00,13.11,13.13,13.11,13.12,585191
2026-07-27 13:05:00,13.11,13.12,13.1,13.1,1245930
2026-07-27 13:10:00,13.1,13.12,13.1,13.1,586110
2026-07-27 13:15:00,13.1,13.12,13.1,13.12,755974
2026-07-27 13:20:00,13.11,13.12,13.09,13.1,2395866
2026-07-27 13:25:00,13.1,13.12,13.1,13.11,1255916
2026-07-27 13:30:00,13.11,13.11,13.09,13.1,2370007
2026-07-27 13:35:00,13.1,13.11,13.09,13.1,3055009
2026-07-27 13:40:00,13.11,13.11,13.09,13.1,2666001
2026-07-27 13:45:00,13.1,13.11,13.06,13.08,4259791
2026-07-27 13:50:00,13.07,13.08,13.05,13.06,1859483
2026-07-27 13:55:00,13.05,13.07,13.05,13.07,1055975
2026-07-27 14:00:00,13.07,13.09,13.06,13.09,1363771
2026-07-27 14:05:00,13.08,13.09,13.06,13.08,1624213
2026-07-27 14:10:00,13.09,13.1,13.07,13.09,1427408
2026-07-27 14:15:00,13.08,13.11,13.08,13.09,1297073
2026-07-27 14:20:00,13.09,13.1,13.09,13.09,420572
2026-07-27 14:25:00,13.1,13.1,13.09,13.1,773728
2026-07-27 14:30:00,13.1,13.1,13.07,13.08,2079941
2026-07-27 14:35:00,13.08,13.09,13.08,13.09,335693
2026-07-27 14:40:00,13.08,13.1,13.08,13.09,760967
2026-07-27 14:45:00,13.09,13.11,13.08,13.09,2186118
2026-07-27 14:50:00,13.1,13.11,13.1,13.1,1727277
2026-07-27 14:55:00,13.11,13.12,13.1,13.12,2719673
2026-07-27 15:00:00,13.12,13.13,13.1,13.12,4780804
2026-07-27 15:05:00,13.12,13.13,13.1,13.11,6889952
2026-07-27 15:10:00,13.11,13.12,13.09,13.1,4684355
2026-07-27 15:15:00,13.09,13.1,13.05,13.05,9673688
2026-07-27 15:20:00,13.05,13.07,13.04,13.05,9943572
2026-07-27 15:25:00,13.04,13.09,13.02,13.06,26428680
2026-07-28 09:15:00,13.06,13.12,13.04,13.11,16089037
2026-07-28 09:20:00,13.11,13.14,13.07,13.09,6939414
2026-07-28 09:25:00,13.09,13.11,13.07,13.09,4098929
2026-07-28 09:30:00,13.09,13.09,13.05,13.07,7101714
2026-07-28 09:35:00,13.08,13.09,13.06,13.06,2665960
2026-07-28 09:40:00,13.07,13.08,13.05,13.07,2197921
2026-07-28 09:45:00,13.08,13.09,13.06,13.07,6164240
2026-07-28 09:50:00,13.08,13.08,13.04,13.07,4660861
2026-07-28 09:55:00,13.07,13.08,13.04,13.07,3288187
2026-07-28 10:00:00,13.07,13.07,13.03,13.04,3910538
2026-07-28 10:05:00,13.05,13.07,13.04,13.06,1684792
2026-07-28 10:10:00,13.07,13.1,13.06,13.07,4444054
2026-07-28 10:15:00,13.06,13.09,13.05,13.08,2462513
2026-07-28 10:20:00,13.07,13.09,13.06,13.08,1570431
2026-07-28 10:25:00,13.09,13.09,13.07,13.08,2734576
2026-07-28 10:30:00,13.08,13.09,13.06,13.07,5217587
2026-07-28 10:35:00,13.08,13.09,13.07,13.09,1238119
2026-07-28 10:40:00,13.08,13.09,13.06,13.06,3298366
2026-07-28 10:45:00,13.07,13.08,13.06,13.07,713100
2026-07-28 10:50:00,13.07,13.07,13.05,13.06,1495250
2026-07-28 10:55:00,13.05,13.08,13.05,13.06,924735
2026-07-28 11:00:00,13.07,13.07,13.06,13.07,538204
2026-07-28 11:05:00,13.06,13.07,13.06,13.07,1163784
2026-07-28 11:10:00,13.07,13.07,13.06,13.06,1215542
2026-07-28 11:15:00,13.07,13.13,13.06,13.09,8205329
2026-07-28 11:20:00,13.1,13.1,13.08,13.09,2032264
2026-07-28 11:25:00,13.1,13.13,13.09,13.12,3788523
2026-07-28 11:30:00,13.12,13.12,13.1,13.1,1566591
2026-07-28 11:35:00,13.1,13.11,13.1,13.1,495451
2026-07-28 11:40:00,13.1,13.11,13.08,13.09,2626511
2026-07-28 11:45:00,13.08,13.09,13.07,13.09,1262021
2026-07-28 11:50:00,13.09,13.09,13.06,13.06,2041427
2026-07-28 11:55:00,13.07,13.08,13.06,13.06,1162544
2026-07-28 12:00:00,13.07,13.07,13.04,13.06,3018063
2026-07-28 12:05:00,13.06,13.06,13.05,13.05,593699
2026-07-28 12:10:00,13.05,13.07,13.05,13.05,1084909
2026-07-28 12:15:00,13.06,13.06,13.04,13.05,5665365
2026-07-28 12:20:00,13.04,13.06,13.03,13.04,1795591
2026-07-28 12:25:00,13.05,13.05,13.03,13.04,1585562
2026-07-28 12:30:00,13.04,13.05,13.02,13.03,1603844
2026-07-28 12:35:00,13.02,13.03,13.01,13.03,2466331
2026-07-28 12:40:00,13.02,13.04,13.02,13.04,1051765
2026-07-28 12:45:00,13.03,13.04,13.02,13.02,797488
2026-07-28 12:50:00,13.03,13.04,13.02,13.04,2066237
2026-07-28 12:55:00,13.03,13.04,13.03,13.03,1749160
2026-07-28 13:00:00,13.03,13.04,13.02,13.02,870670
2026-07-28 13:05:00,13.03,13.03,13.01,13.03,2908275
2026-07-28 13:10:00,13.02,13.03,13.0,13.0,2120528
2026-07-28 13:15:00,13.01,13.01,12.98,13.0,3522698
2026-07-28 13:20:00,12.99,13.01,12.99,13.01,2189625
2026-07-28 13:25:00,13.01,13.01,12.98,12.99,2505062
2026-07-28 13:30:00,13.0,13.01,12.99,12.99,1009652
2026-07-28 13:35:00,13.0,13.01,12.98,13.0,4361427
2026-07-28 13:40:00,13.0,13.02,12.98,13.01,4955061
2026-07-28 13:45:00,13.01,13.02,12.96,12.96,6233916
2026-07-28 13:50:00,12.97,12.99,12.96,12.96,2892267
2026-07-28 13:55:00,12.97,13.01,12.96,12.99,5073168
2026-07-28 14:00:00,12.98,13.0,12.96,12.97,1689707
2026-07-28 14:05:00,12.98,12.98,12.93,12.94,3752069
2026-07-28 14:10:00,12.95,12.95,12.92,12.93,3028563
2026-07-28 14:15:00,12.93,12.95,12.92,12.93,9433464
2026-07-28 14:20:00,12.94,12.94,12.91,12.91,1810546
2026-07-28 14:25:00,12.91,12.92,12.9,12.9,2066932
2026-07-28 14:30:00,12.91,12.91,12.89,12.91,11233117
2026-07-28 14:35:00,12.89,12.92,12.89,12.91,4152718
2026-07-28 14:40:00,12.91,12.94,12.9,12.93,1626398
2026-07-28 14:45:00,12.93,12.95,12.92,12.93,4313916
2026-07-28 14:50:00,12.94,12.95,12.92,12.94,2594693
2026-07-28 14:55:00,12.93,12.95,12.91,12.94,9252827
2026-07-28 15:00:00,12.93,12.94,12.92,12.93,5563559
2026-07-28 15:05:00,12.92,12.97,12.92,12.97,16389429
2026-07-28 15:10:00,12.97,13.0,12.96,13.0,7679930
2026-07-28 15:15:00,12.99,13.0,12.97,12.98,8365644
2026-07-28 15:20:00,12.98,12.99,12.94,12.95,8921250
2026-07-28 15:25:00,12.94,12.95,12.91,12.93,11669366
2026-07-29 09:15:00,13.02,13.13,12.98,13.1,17456383
2026-07-29 09:20:00,13.09,13.19,13.08,13.14,14005899
2026-07-29 09:25:00,13.13,13.16,13.12,13.15,7037643
2026-07-29 09:30:00,13.15,13.16,13.13,13.15,3577360
2026-07-29 09:35:00,13.14,13.15,13.1,13.11,3566331
2026-07-29 09:40:00,13.11,13.13,13.07,13.12,9417431
2026-07-29 09:45:00,13.11,13.14,13.1,13.12,3641283
2026-07-29 09:50:00,13.13,13.14,13.1,13.1,2583381
2026-07-29 09:55:00,13.11,13.11,13.04,13.05,9382388
2026-07-29 10:00:00,13.05,13.06,13.03,13.04,6196400
2026-07-29 10:05:00,13.04,13.05,13.02,13.04,3660548
2026-07-29 10:10:00,13.04,13.04,13.02,13.03,4581840
2026-07-29 10:15:00,13.02,13.03,13.0,13.01,3634092
2026-07-29 10:20:00,13.02,13.02,12.97,12.99,5505724
2026-07-29 10:25:00,12.98,13.0,12.97,12.99,3056294
2026-07-29 10:30:00,12.99,13.0,12.98,12.99,3095639
2026-07-29 10:35:00,12.99,13.01,12.97,12.98,4491383
2026-07-29 10:40:00,12.98,12.99,12.96,12.98,2477863
2026-07-29 10:45:00,12.99,12.99,12.95,12.96,4523516
2026-07-29 10:50:00,12.96,12.99,12.95,12.99,2252522
2026-07-29 10:55:00,12.98,12.99,12.96,12.98,1235048
2026-07-29 11:00:00,12.97,12.99,12.97,12.98,1205598
2026-07-29 11:05:00,12.98,12.99,12.97,12.99,1805047
2026-07-29 11:10:00,12.99,13.0,12.98,12.98,840552
2026-07-29 11:15:00,12.99,12.99,12.97,12.98,1381685
2026-07-29 11:20:00,12.99,13.0,12.98,13.0,2402561
2026-07-29 11:25:00,13.0,13.0,12.98,12.99,1475844
2026-07-29 11:30:00,13.0,13.05,12.99,13.04,2806260
2026-07-29 11:35:00,13.04,13.05,13.03,13.04,1138156
2026-07-29 11:40:00,13.04,13.04,13.01,13.02,1954489
2026-07-29 11:45:00,13.02,13.02,13.01,13.01,409606
2026-07-29 11:50:00,13.02,13.02,13.0,13.01,1735963
2026-07-29 11:55:00,13.0,13.01,12.99,13.0,747000
2026-07-29 12:00:00,13.01,13.02,13.0,13.02,766498
2026-07-29 12:05:00,13.01,13.02,13.01,13.02,373932
2026-07-29 12:10:00,13.01,13.04,13.01,13.03,2666141
2026-07-29 12:15:00,13.03,13.04,13.01,13.01,1611151
2026-07-29 12:20:00,13.02,13.02,13.01,13.02,682333
2026-07-29 12:25:00,13.02,13.03,13.01,13.03,480799
2026-07-29 12:30:00,13.03,13.04,13.02,13.03,1055780
2026-07-29 12:35:00,13.03,13.05,13.02,13.05,2377640
2026-07-29 12:40:00,13.04,13.08,13.04,13.08,2661039
2026-07-29 12:45:00,13.08,13.08,13.05,13.05,1638348
2026-07-29 12:50:00,13.06,13.1,13.04,13.08,4580742
2026-07-29 12:55:00,13.08,13.09,13.06,13.07,1608994
2026-07-29 13:00:00,13.06,13.09,13.06,13.08,1723649
2026-07-29 13:05:00,13.09,13.1,13.07,13.08,2419270
2026-07-29 13:10:00,13.09,13.09,13.06,13.06,889675
2026-07-29 13:15:00,13.07,13.08,13.06,13.08,2202690
2026-07-29 13:20:00,13.07,13.08,13.04,13.05,4143542
2026-07-29 13:25:00,13.06,13.06,13.04,13.04,1202706
2026-07-29 13:30:00,13.05,13.05,13.04,13.05,338201
2026-07-29 13:35:00,13.04,13.05,13.03,13.03,796505
2026-07-29 13:40:00,13.04,13.04,13.0,13.0,2585977
2026-07-29 13:45:00,13.01,13.02,13.0,13.01,871891
2026-07-29 13:50:00,13.02,13.03,13.01,13.02,1667065
2026-07-29 13:55:00,13.01,13.02,12.99,12.99,2012853
2026-07-29 14:00:00,13.0,13.03,12.99,13.02,3220826
2026-07-29 14:05:00,13.01,13.02,12.99,13.01,2780997
2026-07-29 14:10:00,13.01,13.15,13.0,13.14,16878342
2026-07-29 14:15:00,13.15,13.18,13.11,13.14,10786312
2026-07-29 14:20:00,13.13,13.16,13.06,13.08,9500701
2026-07-29 14:25:00,13.06,13.09,13.06,13.07,2332727
2026-07-29 14:30:00,13.06,13.08,13.06,13.08,1828921
2026-07-29 14:35:00,13.08,13.09,13.05,13.06,3423219
2026-07-29 14:40:00,13.05,13.07,13.05,13.06,2004454
2026-07-29 14:45:00,13.07,13.09,13.06,13.09,1845744
2026-07-29 14:50:00,13.09,13.09,13.06,13.08,3675442
2026-07-29 14:55:00,13.08,13.09,13.07,13.09,2117556
2026-07-29 15:00:00,13.09,13.09,13.07,13.08,3236928
2026-07-29 15:05:00,13.08,13.08,13.05,13.05,3124327
2026-07-29 15:10:00,13.06,13.06,13.03,13.05,8176791
2026-07-29 15:15:00,13.06,13.06,13.04,13.05,6203745
2026-07-29 15:20:00,13.06,13.08,13.05,13.06,9706686
2026-07-29 15:25:00,13.06,13.08,13.05,13.07,8822410
2026-07-30 09:15:00,13.05,13.11,13.01,13.02,9047109
2026-07-30 09:20:00,13.02,13.11,12.99,13.07,10094968
2026-07-30 09:25:00,13.07,13.17,13.07,13.12,15803683
2026-07-30 09:30:00,13.12,13.18,13.09,13.13,13080065
2026-07-30 09:35:00,13.14,13.15,13.08,13.11,4673788
2026-07-30 09:40:00,13.12,13.12,13.08,13.08,4329838
2026-07-30 09:45:00,13.09,13.11,13.08,13.09,2954813
2026-07-30 09:50:00,13.08,13.14,13.08,13.1,2750244
2026-07-30 09:55:00,13.1,13.13,13.09,13.1,2584119
2026-07-30 10:00:00,13.1,13.1,13.05,13.07,7232734
2026-07-30 10:05:00,13.06,13.08,13.06,13.07,691908
2026-07-30 10:10:00,13.06,13.07,12.97,13.01,10618143
2026-07-30 10:15:00,13.0,13.02,12.98,12.98,3445422
2026-07-30 10:20:00,12.98,13.01,12.98,13.01,1763516
2026-07-30 10:25:00,13.0,13.02,13.0,13.01,2967448
2026-07-30 10:30:00,13.01,13.02,12.99,13.0,3157590
2026-07-30 10:35:00,13.0,13.03,12.99,13.0,2650204
2026-07-30 10:40:00,13.01,13.01,13.0,13.01,942214
2026-07-30 10:45:00,13.01,13.01,13.0,13.01,701929
2026-07-30 10:50:00,13.01,13.02,13.0,13.02,1082924
2026-07-30 10:55:00,13.02,13.02,13.0,13.01,1153455
2026-07-30 11:00:00,13.01,13.01,13.0,13.01,653932
2026-07-30 11:05:00,13.01,13.01,12.99,12.99,1370019
2026-07-30 11:10:00,12.99,13.02,12.99,13.01,1509165
2026-07-30 11:15:00,13.01,13.01,13.0,13.01,1209655
2026-07-30 11:20:00,13.01,13.01,13.0,13.0,382707
2026-07-30 11:25:00,13.0,13.02,13.0,13.01,1038247
2026-07-30 11:30:00,13.02,13.05,13.01,13.03,3058426
2026-07-30 11:35:00,13.04,13.04,13.02,13.02,894782
2026-07-30 11:40:00,13.02,13.03,13.02,13.03,413752
2026-07-30 11:45:00,13.03,13.03,13.0,13.0,1781934
2026-07-30 11:50:00,13.01,13.01,12.99,13.0,1110806
2026-07-30 11:55:00,12.99,13.0,12.98,12.99,1743803
2026-07-30 12:00:00,12.98,12.99,12.98,12.99,372031
2026-07-30 12:05:00,12.99,13.0,12.98,12.99,1126403
2026-07-30 12:10:00,12.98,12.99,12.94,12.97,6877426
2026-07-30 12:15:00,12.96,12.97,12.95,12.97,1196585
2026-07-30 12:20:00,12.97,12.98,12.95,12.96,1550128
2026-07-30 12:25:00,12.95,12.97,12.95,12.95,933903
2026-07-30 12:30:00,12.96,12.99,12.95,12.98,1842868
2026-07-30 12:35:00,12.97,12.99,12.97,12.97,540524
2026-07-30 12:40:00,12.98,12.99,12.97,12.99,604796
2026-07-30 12:45:00,12.99,13.02,12.98,13.02,2267140
2026-07-30 12:50:00,13.02,13.02,12.98,12.98,2003372
2026-07-30 12:55:00,12.98,12.99,12.98,12.99,698983
2026-07-30 13:00:00,12.99,12.99,12.95,12.97,2463203
2026-07-30 13:05:00,12.96,12.97,12.95,12.96,1143689
2026-07-30 13:10:00,12.96,12.97,12.92,12.93,3187938
2026-07-30 13:15:00,12.94,12.94,12.92,12.92,1789399
2026-07-30 13:20:00,12.93,12.94,12.92,12.93,973892
2026-07-30 13:25:00,12.94,12.94,12.92,12.92,1550406
2026-07-30 13:30:00,12.93,12.93,12.91,12.92,1931125
2026-07-30 13:35:00,12.93,12.94,12.9,12.92,4687326
2026-07-30 13:40:00,12.92,12.93,12.91,12.91,1161982
2026-07-30 13:45:00,12.91,12.93,12.9,12.91,3407542
2026-07-30 13:50:00,12.9,12.93,12.9,12.92,2087592
2026-07-30 13:55:00,12.93,12.94,12.91,12.92,2145847
2026-07-30 14:00:00,12.93,12.93,12.91,12.91,807153
2026-07-30 14:05:00,12.92,12.92,12.91,12.92,363048
2026-07-30 14:10:00,12.91,12.92,12.89,12.9,2603661
2026-07-30 14:15:00,12.89,12.9,12.88,12.9,2279288
2026-07-30 14:20:00,12.89,12.9,12.88,12.89,931362
2026-07-30 14:25:00,12.89,12.9,12.88,12.88,1488127
2026-07-30 14:30:00,12.89,12.9,12.88,12.89,1844991
2026-07-30 14:35:00,12.9,12.9,12.89,12.89,960051
2026-07-30 14:40:00,12.89,12.9,12.88,12.9,1343948
2026-07-30 14:45:00,12.89,12.9,12.89,12.9,1062095
2026-07-30 14:50:00,12.89,12.9,12.88,12.89,1147836
2026-07-30 14:55:00,12.9,12.9,12.88,12.88,1433419
2026-07-30 15:00:00,12.89,12.89,12.85,12.88,4877269
2026-07-30 15:05:00,12.87,12.89,12.87,12.88,2324294
2026-07-30 15:10:00,12.88,12.89,12.86,12.86,4591066
2026-07-30 15:15:00,12.86,12.89,12.85,12.86,12368756
2026-07-30 15:20:00,12.88,12.89,12.86,12.87,14426170
2026-07-30 15:25:00,12.88,12.9,12.86,12.88,11157192
2026-07-31 09:15:00,12.98,12.98,12.92,12.95,12486854
2026-07-31 09:20:00,12.95,13.0,12.93,12.99,6366068
2026-07-31 09:25:00,12.99,13.03,12.96,12.99,11773593
2026-07-31 09:30:00,12.98,13.0,12.94,12.97,7032279
2026-07-31 09:35:00,12.97,12.97,12.9,12.92,8403902
2026-07-31 09:40:00,12.92,12.97,12.92,12.96,7907622
2026-07-31 09:45:00,12.97,12.97,12.89,12.89,8324232
2026-07-31 09:50:00,12.89,12.93,12.86,12.87,14056286
2026-07-31 09:55:00,12.88,12.92,12.87,12.92,7790603
2026-07-31 10:00:00,12.91,12.94,12.89,12.92,32982376
2026-07-31 10:05:00,12.92,12.93,12.89,12.9,3887710
2026-07-31 10:10:00,12.9,12.91,12.89,12.9,4423031
2026-07-31 10:15:00,12.91,12.91,12.76,12.85,27583545
2026-07-31 10:20:00,12.84,12.94,12.83,12.92,5970808
2026-07-31 10:25:00,12.92,12.97,12.91,12.92,11843754
2026-07-31 10:30:00,12.91,12.92,12.87,12.89,4523144
2026-07-31 10:35:00,12.89,12.92,12.88,12.91,3061988
2026-07-31 10:40:00,12.9,12.92,12.89,12.9,2098817
2026-07-31 10:45:00,12.89,12.9,12.89,12.89,2738761
2026-07-31 10:50:00,12.9,12.94,12.89,12.93,16209791
2026-07-31 10:55:00,12.94,12.94,12.91,12.92,1226728
2026-07-31 11:00:00,12.92,12.92,12.91,12.91,307995
2026-07-31 11:05:00,12.92,12.92,12.9,12.92,1508909
2026-07-31 11:10:00,12.91,12.96,12.91,12.95,13527920
2026-07-31 11:15:00,12.96,12.96,12.93,12.93,1401592
2026-07-31 11:20:00,12.93,12.95,12.93,12.95,941779
2026-07-31 11:25:00,12.95,12.95,12.94,12.94,878252
2026-07-31 11:30:00,12.95,12.95,12.93,12.94,3255804
2026-07-31 11:35:00,12.95,12.95,12.93,12.95,1651677
2026-07-31 11:40:00,12.95,12.95,12.93,12.94,786069
2026-07-31 11:45:00,12.94,12.96,12.93,12.95,4617712
2026-07-31 11:50:00,12.95,12.96,12.95,12.95,6693497
2026-07-31 11:55:00,12.95,12.98,12.95,12.98,2557148
2026-07-31 12:00:00,12.97,13.03,12.97,13.03,8845767
2026-07-31 12:05:00,13.03,13.04,13.01,13.01,5423482
2026-07-31 12:10:00,13.01,13.05,13.01,13.04,3507875
2026-07-31 12:15:00,13.04,13.04,13.02,13.02,1071373
2026-07-31 12:20:00,13.03,13.03,13.0,13.02,1852089
2026-07-31 12:25:00,13.02,13.03,13.01,13.02,932604
2026-07-31 12:30:00,13.02,13.03,13.01,13.01,554200
2026-07-31 12:35:00,13.02,13.03,13.01,13.03,452936
2026-07-31 12:40:00,13.03,13.04,13.02,13.03,2452516
2026-07-31 12:45:00,13.03,13.03,13.01,13.02,1432240
2026-07-31 12:50:00,13.02,13.08,13.02,13.03,12016443
2026-07-31 12:55:00,13.03,13.04,13.02,13.03,1499749
2026-07-31 13:00:00,13.02,13.03,13.0,13.01,2136987
2026-07-31 13:05:00,13.01,13.01,13.0,13.0,5255693
2026-07-31 13:10:00,13.01,13.03,13.0,13.03,1418124
2026-07-31 13:15:00,13.02,13.03,13.02,13.02,437887
2026-07-31 13:20:00,13.03,13.03,13.01,13.01,621084
2026-07-31 13:25:00,13.02,13.02,13.01,13.02,977087
2026-07-31 13:30:00,13.01,13.02,13.0,13.0,1718656
2026-07-31 13:35:00,13.0,13.02,13.0,13.01,2741752
2026-07-31 13:40:00,13.0,13.03,13.0,13.02,14345743
2026-07-31 13:45:00,13.02,13.03,13.01,13.03,596616
2026-07-31 13:50:00,13.03,13.03,13.02,13.02,387244
2026-07-31 13:55:00,13.03,13.03,13.01,13.02,506700
2026-07-31 14:00:00,13.02,13.03,13.01,13.01,538799
2026-07-31 14:05:00,13.01,13.02,13.0,13.0,1986302
2026-07-31 14:10:00,13.01,13.02,13.0,13.02,1976423
2026-07-31 14:15:00,13.01,13.02,13.0,13.02,1248700
2026-07-31 14:20:00,13.01,13.02,13.01,13.02,1355198
2026-07-31 14:25:00,13.02,13.02,13.0,13.01,1369736
2026-07-31 14:30:00,13.02,13.02,13.0,13.01,2956969
2026-07-31 14:35:00,13.01,13.02,13.0,13.01,1112432
2026-07-31 14:40:00,13.0,13.01,12.97,12.98,3904123
2026-07-31 14:45:00,12.99,13.01,12.98,13.0,2491130
2026-07-31 14:50:00,13.0,13.02,12.99,13.01,2638460
2026-07-31 14:55:00,13.0,13.01,12.98,12.99,3703813
2026-07-31 15:00:00,12.98,13.0,12.98,12.99,2081859
2026-07-31 15:05:00,12.99,13.0,12.99,13.0,4686549
2026-07-31 15:10:00,13.0,13.02,12.99,13.02,7775353
2026-07-31 15:15:00,13.02,13.03,13.01,13.02,11789619
2026-07-31 15:20:00,13.01,13.03,13.0,13.01,15569961
2026-07-31 15:25:00,13.02,13.03,13.0,13.02,8774751
2026-08-03 09:15:00,13.01,13.07,13.0,13.03,14658136
2026-08-03 09:20:00,13.03,13.07,13.03,13.07,7481911
2026-08-03 09:25:00,13.06,13.11,13.04,13.05,6993005
2026-08-03 09:30:00,13.05,13.05,13.03,13.04,4532417
2026-08-03 09:35:00,13.04,13.05,13.02,13.04,2773871
2026-08-03 09:40:00,13.03,13.05,13.03,13.04,2191280
2026-08-03 09:45:00,13.04,13.05,12.99,13.02,5956265
2026-08-03 09:50:00,13.03,13.03,13.02,13.03,1140828
2026-08-03 09:55:00,13.03,13.03,13.02,13.02,768363
2026-08-03 10:00:00,13.03,13.05,13.02,13.05,1384654
2026-08-03 10:05:00,13.04,13.07,13.04,13.06,2327970
2026-08-03 10:10:00,13.06,13.06,13.04,13.05,1531468
2026-08-03 10:15:00,13.05,13.05,13.04,13.04,799389
2026-08-03 10:20:00,13.05,13.05,13.03,13.03,1421901
2026-08-03 10:25:00,13.04,13.05,13.03,13.04,970518
2026-08-03 10:30:00,13.04,13.05,13.03,13.05,682000
2026-08-03 10:35:00,13.04,13.05,13.01,13.04,2077802
2026-08-03 10:40:00,13.03,13.04,13.03,13.03,545136
2026-08-03 10:45:00,13.04,13.04,13.01,13.03,1378972
2026-08-03 10:50:00,13.03,13.03,13.02,13.02,638162
2026-08-03 10:55:00,13.02,13.03,13.02,13.03,440257
2026-08-03 11:00:00,13.02,13.04,13.02,13.04,2001513
2026-08-03 11:05:00,13.03,13.05,13.03,13.05,1093844
2026-08-03 11:10:00,13.04,13.05,13.02,13.03,884056
2026-08-03 11:15:00,13.02,13.03,13.0,13.03,2551953
2026-08-03 11:20:00,13.03,13.03,13.02,13.02,209690
2026-08-03 11:25:00,13.03,13.03,13.01,13.02,555289
2026-08-03 11:30:00,13.01,13.02,13.0,13.01,1159066
2026-08-03 11:35:00,13.01,13.02,13.0,13.02,2941059
2026-08-03 11:40:00,13.02,13.03,13.01,13.02,1319223
2026-08-03 11:45:00,13.03,13.03,13.01,13.02,1168389
2026-08-03 11:50:00,13.03,13.03,13.02,13.03,326477
2026-08-03 11:55:00,13.02,13.04,13.02,13.04,16245031
2026-08-03 12:00:00,13.04,13.04,13.03,13.04,694525
2026-08-03 12:05:00,13.03,13.04,13.03,13.03,504691
2026-08-03 12:10:00,13.03,13.04,13.02,13.03,1853535
2026-08-03 12:15:00,13.03,13.04,13.02,13.04,8611946
2026-08-03 12:20:00,13.04,13.04,13.03,13.03,657741
2026-08-03 12:25:00,13.03,13.04,13.03,13.03,1278235
2026-08-03 12:30:00,13.04,13.04,13.01,13.01,1512507
2026-08-03 12:35:00,13.02,13.02,12.95,12.96,5371443
2026-08-03 12:40:00,12.96,12.97,12.9,12.94,6715119
2026-08-03 12:45:00,12.94,12.95,12.9,12.93,18981693
2026-08-03 12:50:00,12.92,12.95,12.9,12.95,8568876
2026-08-03 12:55:00,12.95,12.95,12.93,12.94,2806525
2026-08-03 13:00:00,12.94,12.95,12.93,12.94,2013310
2026-08-03 13:05:00,12.93,12.95,12.92,12.93,2424553
2026-08-03 13:10:00,12.94,12.94,12.93,12.94,1232732
2026-08-03 13:15:00,12.93,12.95,12.93,12.94,2721804
2026-08-03 13:20:00,12.94,12.95,12.94,12.95,1467378
2026-08-03 13:25:00,12.94,12.95,12.94,12.95,936574
2026-08-03 13:30:00,12.95,12.95,12.94,12.95,665580
2026-08-03 13:35:00,12.94,12.96,12.94,12.96,687268
2026-08-03 13:40:00,12.96,12.98,12.94,12.97,2489522
2026-08-03 13:45:00,12.97,13.03,12.96,13.03,8749837
2026-08-03 13:50:00,13.02,13.03,12.97,12.98,4549004
2026-08-03 13:55:00,12.98,12.98,12.95,12.96,1026472
2026-08-03 14:00:00,12.95,12.97,12.95,12.97,960970
2026-08-03 14:05:00,12.97,12.97,12.95,12.96,4735892
2026-08-03 14:10:00,12.95,12.98,12.95,12.96,1432518
2026-08-03 14:15:00,12.96,12.97,12.95,12.96,825099
2026-08-03 14:20:00,12.96,12.96,12.95,12.96,2016901
2026-08-03 14:25:00,12.95,12.96,12.95,12.95,1380397
2026-08-03 14:30:00,12.96,12.96,12.95,12.96,2328611
2026-08-03 14:35:00,12.96,12.96,12.95,12.96,213745
2026-08-03 14:40:00,12.96,12.97,12.95,12.96,3566800
2026-08-03 14:45:00,12.95,12.96,12.93,12.93,1829058
2026-08-03 14:50:00,12.94,12.96,12.93,12.95,5645016
2026-08-03 14:55:00,12.94,12.95,12.94,12.94,1518620
2026-08-03 15:00:00,12.94,12.95,12.91,12.91,4056608
2026-08-03 15:05:00,12.91,12.92,12.87,12.87,8063514
2026-08-03 15:10:00,12.88,12.88,12.82,12.86,13950570
2026-08-03 15:15:00,12.86,12.86,12.86,12.86,26777
2026-08-03 15:20:00,12.86,12.86,12.86,12.86,0
2026-08-03 15:25:00,12.86,12.86,12.86,12.86,3548495
2026-08-04 09:15:00,12.89,12.92,12.85,12.86,14351696
2026-08-04 09:20:00,12.85,12.91,12.85,12.91,4951099
2026-08-04 09:25:00,12.91,13.04,12.9,12.98,20843712
2026-08-04 09:30:00,12.98,12.99,12.94,12.98,3341522
2026-08-04 09:35:00,12.98,13.05,12.97,13.01,10725679
2026-08-04 09:40:00,13.01,13.05,13.01,13.02,4071718
2026-08-04 09:45:00,13.02,13.02,12.95,12.97,4334067
2026-08-04 09:50:00,12.97,12.98,12.96,12.98,1536727
2026-08-04 09:55:00,12.97,12.98,12.96,12.97,1936154
2026-08-04 10:00:00,12.97,12.97,12.93,12.93,3415601
2026-08-04 10:05:00,12.93,12.94,12.91,12.91,2960085
2026-08-04 10:10:00,12.92,12.94,12.91,12.92,1226720
2026-08-04 10:15:00,12.92,12.95,12.92,12.95,1492984
2026-08-04 10:20:00,12.95,12.95,12.93,12.94,744316
2026-08-04 10:25:00,12.93,12.96,12.92,12.95,2375270
2026-08-04 10:30:00,12.96,12.96,12.93,12.94,1402501
2026-08-04 10:35:00,12.93,12.94,12.92,12.93,2003980
2026-08-04 10:40:00,12.92,12.93,12.92,12.93,302395
2026-08-04 10:45:00,12.93,12.93,12.92,12.93,352464
2026-08-04 10:50:00,12.92,12.93,12.91,12.92,2511833
2026-08-04 10:55:00,12.92,12.92,12.9,12.91,1933138
2026-08-04 11:00:00,12.92,12.92,12.9,12.91,1269345
2026-08-04 11:05:00,12.9,12.92,12.9,12.91,830585
2026-08-04 11:10:00,12.91,12.92,12.9,12.92,495403
2026-08-04 11:15:00,12.91,12.92,12.9,12.91,725133
2026-08-04 11:20:00,12.9,12.91,12.89,12.9,3295626
2026-08-04 11:25:00,12.89,12.9,12.87,12.88,1631665
2026-08-04 11:30:00,12.87,12.88,12.84,12.84,3238096
2026-08-04 11:35:00,12.84,12.85,12.82,12.84,5688336
2026-08-04 11:40:00,12.85,12.85,12.8,12.82,5898772
2026-08-04 11:45:00,12.82,12.82,12.78,12.8,9870269
2026-08-04 11:50:00,12.79,12.81,12.78,12.8,3553865
2026-08-04 11:55:00,12.8,12.8,12.77,12.77,6229584
2026-08-04 12:00:00,12.78,12.81,12.77,12.79,18334765
2026-08-04 12:05:00,12.78,12.8,12.78,12.79,1992218
2026-08-04 12:10:00,12.78,12.79,12.75,12.77,4305567
2026-08-04 12:15:00,12.77,12.78,12.76,12.78,2362408
2026-08-04 12:20:00,12.77,12.78,12.77,12.78,1321558
2026-08-04 12:25:00,12.78,12.78,12.77,12.78,1217353
2026-08-04 12:30:00,12.78,12.79,12.77,12.77,3559990
2026-08-04 12:35:00,12.78,12.8,12.77,12.8,1318507
2026-08-04 12:40:00,12.8,12.8,12.78,12.79,4047790
2026-08-04 12:45:00,12.78,12.79,12.78,12.79,838222
2026-08-04 12:50:00,12.79,12.79,12.78,12.79,663499
2026-08-04 12:55:00,12.78,12.79,12.76,12.78,1828665
2026-08-04 13:00:00,12.77,12.78,12.76,12.76,1068832
2026-08-04 13:05:00,12.76,12.78,12.76,12.78,1103734
2026-08-04 13:10:00,12.77,12.78,12.75,12.77,3361529
2026-08-04 13:15:00,12.76,12.78,12.73,12.76,16466512
2026-08-04 13:20:00,12.76,12.77,12.74,12.77,1443894
2026-08-04 13:25:00,12.76,12.78,12.75,12.77,2170571
2026-08-04 13:30:00,12.76,12.78,12.75,12.77,3131651
2026-08-04 13:35:00,12.78,12.78,12.75,12.78,1263370
2026-08-04 13:40:00,12.77,12.8,12.77,12.78,1717443
2026-08-04 13:45:00,12.79,12.79,12.78,12.79,623717
2026-08-04 13:50:00,12.78,12.79,12.76,12.77,1661343
2026-08-04 13:55:00,12.77,12.79,12.76,12.79,2673244
2026-08-04 14:00:00,12.78,12.82,12.78,12.81,20626589
2026-08-04 14:05:00,12.8,12.83,12.8,12.82,3852901
2026-08-04 14:10:00,12.82,12.82,12.81,12.82,3735514
2026-08-04 14:15:00,12.81,12.83,12.8,12.81,5406475
2026-08-04 14:20:00,12.81,12.81,12.78,12.79,2757127
2026-08-04 14:25:00,12.78,12.8,12.78,12.79,3285111
2026-08-04 14:30:00,12.78,12.78,12.77,12.78,2248396
2026-08-04 14:35:00,12.78,12.81,12.77,12.81,5316406
2026-08-04 14:40:00,12.81,12.82,12.79,12.82,4020947
2026-08-04 14:45:00,12.82,12.82,12.8,12.82,3051061
2026-08-04 14:50:00,12.82,12.87,12.8,12.86,15574507
2026-08-04 14:55:00,12.86,12.86,12.82,12.83,2925733
2026-08-04 15:00:00,12.83,12.83,12.79,12.8,3961432
2026-08-04 15:05:00,12.79,12.8,12.76,12.78,9761483
2026-08-04 15:10:00,12.79,12.81,12.76,12.8,10566442
2026-08-04 15:15:00,12.8,12.8,12.8,12.8,0
2026-08-04 15:20:00,12.8,12.8,12.8,12.8,0
2026-08-04 15:25:00,12.8,12.9,12.8,12.9,2734362
2026-08-05 09:15:00,12.91,12.95,12.83,12.93,19272559
2026-08-05 09:20:00,12.93,12.99,12.92,12.93,10947213
2026-08-05 09:25:00,12.93,12.93,12.9,12.9,7111098
2026-08-05 09:30:00,12.91,12.91,12.9,12.9,1563728
2026-08-05 09:35:00,12.91,12.93,12.9,12.92,2893936
2026-08-05 09:40:00,12.91,13.02,12.91,12.96,18252556
2026-08-05 09:45:00,12.97,13.04,12.96,12.99,8110394
2026-08-05 09:50:00,12.99,12.99,12.93,12.95,5041632
2026-08-05 09:55:00,12.95,12.98,12.95,12.97,2972774
2026-08-05 10:00:00,12.96,12.99,12.96,12.98,2084389
2026-08-05 10:05:00,12.99,12.99,12.96,12.97,1347868
2026-08-05 10:10:00,12.98,12.98,12.96,12.97,928765
2026-08-05 10:15:00,12.97,12.98,12.95,12.96,1236595
2026-08-05 10:20:00,12.95,12.97,12.95,12.96,1221006
2026-08-05 10:25:00,12.95,12.96,12.92,12.94,2872446
2026-08-05 10:30:00,12.94,12.94,12.92,12.92,1973562
2026-08-05 10:35:00,12.93,12.94,12.92,12.94,1041383
2026-08-05 10:40:00,12.93,12.96,12.93,12.96,1163488
2026-08-05 10:45:00,12.96,12.98,12.95,12.98,1251379
2026-08-05 10:50:00,12.98,13.0,12.97,13.0,2808663
2026-08-05 10:55:00,13.0,13.01,12.98,12.99,4878752
2026-08-05 11:00:00,13.0,13.0,12.98,12.99,1806137
2026-08-05 11:05:00,12.98,12.99,12.96,12.96,1055166
2026-08-05 11:10:00,12.96,12.97,12.95,12.95,1074303
2026-08-05 11:15:00,12.96,12.97,12.95,12.96,1500344
2026-08-05 11:20:00,12.95,12.98,12.95,12.97,1141960
2026-08-05 11:25:00,12.97,12.97,12.96,12.96,367874
2026-08-05 11:30:00,12.97,12.97,12.95,12.96,646194
2026-08-05 11:35:00,12.96,12.96,12.95,12.96,976127
2026-08-05 11:40:00,12.96,12.96,12.92,12.95,2540191
2026-08-05 11:45:00,12.95,12.95,12.91,12.92,1803056
2026-08-05 11:50:00,12.92,12.92,12.9,12.9,2551067
2026-08-05 11:55:00,12.91,12.91,12.87,12.88,2980023
2026-08-05 12:00:00,12.87,12.91,12.87,12.9,2059572
2026-08-05 12:05:00,12.9,12.9,12.89,12.9,1030237
2026-08-05 12:10:00,12.9,12.9,12.88,12.9,1032283
2026-08-05 12:15:00,12.9,12.9,12.87,12.88,2137493
2026-08-05 12:20:00,12.88,12.88,12.87,12.88,1307586
2026-08-05 12:25:00,12.87,12.89,12.85,12.85,2640037
2026-08-05 12:30:00,12.85,12.86,12.83,12.84,3943399
2026-08-05 12:35:00,12.84,12.84,12.82,12.84,1872471
2026-08-05 12:40:00,12.84,12.86,12.83,12.84,2169858
2026-08-05 12:45:00,12.84,12.85,12.83,12.84,1072932
2026-08-05 12:50:00,12.84,12.86,12.84,12.85,1456261
2026-08-05 12:55:00,12.84,12.88,12.84,12.87,1533113
2026-08-05 13:00:00,12.86,12.87,12.86,12.87,583526
2026-08-05 13:05:00,12.87,12.87,12.83,12.84,3084984
2026-08-05 13:10:00,12.85,12.87,12.84,12.86,1191981
2026-08-05 13:15:00,12.87,12.88,12.86,12.88,1559132
2026-08-05 13:20:00,12.87,12.88,12.86,12.87,882775
2026-08-05 13:25:00,12.86,12.87,12.86,12.86,463023
2026-08-05 13:30:00,12.86,12.88,12.86,12.87,548459
2026-08-05 13:35:00,12.86,12.87,12.86,12.87,474739
2026-08-05 13:40:00,12.86,12.88,12.84,12.85,1200937
2026-08-05 13:45:00,12.86,12.88,12.85,12.87,1488398
2026-08-05 13:50:00,12.86,12.87,12.84,12.84,1839653
2026-08-05 13:55:00,12.86,12.86,12.85,12.86,672641
2026-08-05 14:00:00,12.85,12.86,12.84,12.86,930609
2026-08-05 14:05:00,12.85,12.86,12.84,12.85,1102552
2026-08-05 14:10:00,12.85,12.86,12.84,12.85,552404
2026-08-05 14:15:00,12.84,12.85,12.82,12.83,2459607
2026-08-05 14:20:00,12.83,12.83,12.8,12.8,3088995
2026-08-05 14:25:00,12.8,12.82,12.8,12.81,3285642
2026-08-05 14:30:00,12.82,12.82,12.81,12.82,1073068
2026-08-05 14:35:00,12.81,12.84,12.81,12.83,1516278
2026-08-05 14:40:00,12.84,12.84,12.77,12.78,8221057
2026-08-05 14:45:00,12.78,12.8,12.77,12.79,1947165
2026-08-05 14:50:00,12.8,12.81,12.79,12.81,1911651
2026-08-05 14:55:00,12.81,12.83,12.8,12.83,3319253
2026-08-05 15:00:00,12.83,12.83,12.82,12.82,3202082
2026-08-05 15:05:00,12.83,12.83,12.8,12.82,5133567
2026-08-05 15:10:00,12.82,12.84,12.79,12.84,10120872
2026-08-05 15:15:00,12.84,12.84,12.84,12.84,15996
2026-08-05 15:20:00,12.84,12.84,12.84,12.84,0
2026-08-05 15:25:00,12.84,12.84,12.8,12.8,1870526
2026-08-06 09:15:00,12.89,12.89,12.8,12.83,14933677
2026-08-06 09:20:00,12.84,12.85,12.82,12.84,7048101
2026-08-06 09:25:00,12.83,12.84,12.81,12.84,3466123
2026-08-06 09:30:00,12.84,12.89,12.83,12.87,5537046
2026-08-06 09:35:00,12.86,12.87,12.84,12.87,2325205
2026-08-06 09:40:00,12.86,12.88,12.86,12.86,2726557
2026-08-06 09:45:00,12.86,12.87,12.85,12.86,2918494
2026-08-06 09:50:00,12.86,12.87,12.85,12.86,1646211
2026-08-06 09:55:00,12.86,12.86,12.85,12.86,1233472
2026-08-06 10:00:00,12.86,12.86,12.84,12.84,1374737
2026-08-06 10:05:00,12.85,12.9,12.84,12.9,6173085
2026-08-06 10:10:00,12.89,12.9,12.88,12.88,1303470
2026-08-06 10:15:00,12.88,12.89,12.85,12.85,2272054
2026-08-06 10:20:00,12.86,12.86,12.84,12.86,2958011
2026-08-06 10:25:00,12.86,12.86,12.81,12.81,3758747
2026-08-06 10:30:00,12.82,12.83,12.81,12.83,2333377
2026-08-06 10:35:00,12.83,12.83,12.81,12.83,2131639
2026-08-06 10:40:00,12.83,12.83,12.81,12.81,1522081
2026-08-06 10:45:00,12.82,12.82,12.78,12.79,3281663
2026-08-06 10:50:00,12.78,12.79,12.77,12.77,2572844
2026-08-06 10:55:00,12.78,12.78,12.77,12.77,1367529
2026-08-06 11:00:00,12.77,12.8,12.77,12.8,1462706
2026-08-06 11:05:00,12.79,12.8,12.78,12.78,1063604
2026-08-06 11:10:00,12.79,12.79,12.78,12.78,962985
2026-08-06 11:15:00,12.79,12.8,12.78,12.78,999607
2026-08-06 11:20:00,12.79,12.79,12.78,12.78,938180
2026-08-06 11:25:00,12.79,12.79,12.77,12.78,1836299
2026-08-06 11:30:00,12.77,12.78,12.75,12.76,2305861
2026-08-06 11:35:00,12.76,12.76,12.75,12.76,967144
2026-08-06 11:40:00,12.76,12.77,12.73,12.74,4135898
2026-08-06 11:45:00,12.74,12.74,12.72,12.73,1662275
2026-08-06 11:50:00,12.74,12.74,12.73,12.73,1510003
2026-08-06 11:55:00,12.73,12.75,12.73,12.75,1233458
2026-08-06 12:00:00,12.75,12.77,12.74,12.77,1166656
2026-08-06 12:05:00,12.77,12.77,12.75,12.76,1054669
2026-08-06 12:10:00,12.76,12.77,12.75,12.76,652290
2026-08-06 12:15:00,12.76,12.78,12.75,12.76,1223864
2026-08-06 12:20:00,12.77,12.78,12.76,12.77,1171581
2026-08-06 12:25:00,12.77,12.78,12.77,12.78,524876
2026-08-06 12:30:00,12.78,12.79,12.77,12.78,937393
2026-08-06 12:35:00,12.79,12.79,12.77,12.79,718517
2026-08-06 12:40:00,12.79,12.79,12.78,12.79,406869
2026-08-06 12:45:00,12.79,12.79,12.77,12.78,782602
2026-08-06 12:50:00,12.77,12.78,12.76,12.77,884705
2026-08-06 12:55:00,12.77,12.78,12.76,12.77,967116
2026-08-06 13:00:00,12.78,12.78,12.76,12.78,1096306
2026-08-06 13:05:00,12.77,12.78,12.76,12.76,705750
2026-08-06 13:10:00,12.77,12.78,12.76,12.77,394142
2026-08-06 13:15:00,12.77,12.77,12.75,12.76,2195798
2026-08-06 13:20:00,12.77,12.77,12.74,12.75,1591629
2026-08-06 13:25:00,12.74,12.75,12.73,12.75,892826
2026-08-06 13:30:00,12.75,12.75,12.74,12.75,435564
2026-08-06 13:35:00,12.75,12.75,12.73,12.73,1814886
2026-08-06 13:40:00,12.74,12.74,12.73,12.74,704653
2026-08-06 13:45:00,12.73,12.74,12.72,12.73,2616904
2026-08-06 13:50:00,12.73,12.73,12.7,12.72,4059893
2026-08-06 13:55:00,12.72,12.72,12.7,12.71,3523339
2026-08-06 14:00:00,12.71,12.74,12.69,12.74,8393461
2026-08-06 14:05:00,12.73,12.74,12.72,12.73,1130645
2026-08-06 14:10:00,12.72,12.73,12.71,12.72,801729
2026-08-06 14:15:00,12.72,12.72,12.71,12.71,1659802
2026-08-06 14:20:00,12.71,12.72,12.7,12.71,2164985
2026-08-06 14:25:00,12.72,12.72,12.7,12.71,3529403
2026-08-06 14:30:00,12.72,12.72,12.7,12.72,2255873
2026-08-06 14:35:00,12.72,12.73,12.71,12.71,2774045
2026-08-06 14:40:00,12.71,12.72,12.7,12.71,2449071
2026-08-06 14:45:00,12.71,12.72,12.7,12.71,4078648
2026-08-06 14:50:00,12.71,12.72,12.69,12.7,5527336
2026-08-06 14:55:00,12.69,12.7,12.67,12.69,4481226
2026-08-06 15:00:00,12.7,12.7,12.67,12.68,6288241
2026-08-06 15:05:00,12.69,12.69,12.65,12.67,15677107
2026-08-06 15:10:00,12.67,12.68,12.63,12.65,14905291
2026-08-06 15:15:00,12.65,12.65,12.65,12.65,555
2026-08-06 15:20:00,12.65,12.65,12.65,12.65,0
2026-08-06 15:25:00,12.65,12.65,12.63,12.63,4326753
2026-08-07 09:15:00,12.64,12.69,12.63,12.68,12309023
2026-08-07 09:20:00,12.68,12.69,12.62,12.66,8535110
2026-08-07 09:25:00,12.65,12.66,12.6,12.64,9337704
2026-08-07 09:30:00,12.65,12.67,12.64,12.64,3250089
2026-08-07 09:35:00,12.64,12.66,12.63,12.65,2654498
2026-08-07 09:40:00,12.65,12.68,12.65,12.68,2062888
2026-08-07 09:45:00,12.67,12.72,12.67,12.69,7884266
2026-08-07 09:50:00,12.69,12.7,12.69,12.7,1730024
2026-08-07 09:55:00,12.7,12.72,12.69,12.71,3726013
2026-08-07 10:00:00,12.71,12.71,12.68,12.68,3059490
2026-08-07 10:05:00,12.68,12.68,12.67,12.68,1030043
2026-08-07 10:10:00,12.68,12.68,12.66,12.67,1356619
2026-08-07 10:15:00,12.66,12.71,12.66,12.68,4360639
2026-08-07 10:20:00,12.69,12.7,12.68,12.7,843889
2026-08-07 10:25:00,12.69,12.72,12.69,12.69,2384381
2026-08-07 10:30:00,12.7,12.73,12.69,12.73,1662922
2026-08-07 10:35:00,12.73,12.74,12.71,12.74,1815515
2026-08-07 10:40:00,12.73,12.74,12.72,12.73,1012239
2026-08-07 10:45:00,12.73,12.73,12.72,12.72,630567
2026-08-07 10:50:00,12.72,12.73,12.72,12.72,1052492
2026-08-07 10:55:00,12.71,12.72,12.69,12.69,1193550
2026-08-07 11:00:00,12.7,12.7,12.69,12.69,834438
2026-08-07 11:05:00,12.7,12.7,12.68,12.68,1028937
2026-08-07 11:10:00,12.68,12.7,12.68,12.7,593460
2026-08-07 11:15:00,12.7,12.7,12.68,12.7,449629
2026-08-07 11:20:00,12.69,12.7,12.69,12.7,568255
2026-08-07 11:25:00,12.7,12.72,12.7,12.72,720246
2026-08-07 11:30:00,12.71,12.73,12.71,12.73,2130831
2026-08-07 11:35:00,12.73,12.73,12.71,12.73,1774633
2026-08-07 11:40:00,12.73,12.73,12.71,12.72,510334
2026-08-07 11:45:00,12.72,12.72,12.71,12.72,353215
2026-08-07 11:50:00,12.72,12.72,12.7,12.71,361356
2026-08-07 11:55:00,12.71,12.71,12.7,12.7,506727
2026-08-07 12:00:00,12.7,12.72,12.7,12.71,889482
2026-08-07 12:05:00,12.71,12.76,12.7,12.75,6487176
2026-08-07 12:10:00,12.75,12.76,12.7,12.71,2994048
2026-08-07 12:15:00,12.7,12.74,12.7,12.73,1036397
2026-08-07 12:20:00,12.74,12.8,12.73,12.78,8378936
2026-08-07 12:25:00,12.78,12.85,12.78,12.84,6342511
2026-08-07 12:30:00,12.85,12.88,12.81,12.86,7307973
2026-08-07 12:35:00,12.86,12.88,12.81,12.84,7375871
2026-08-07 12:40:00,12.83,12.84,12.82,12.82,2168129
2026-08-07 12:45:00,12.83,12.83,12.8,12.81,2460823
2026-08-07 12:50:00,12.81,12.81,12.79,12.8,2532505
2026-08-07 12:55:00,12.79,12.81,12.77,12.79,3105738
2026-08-07 13:00:00,12.79,12.8,12.79,12.8,882124
2026-08-07 13:05:00,12.8,12.82,12.78,12.81,1845897
2026-08-07 13:10:00,12.8,12.81,12.79,12.79,737843
2026-08-07 13:15:00,12.77,12.78,12.76,12.77,1997504
2026-08-07 13:20:00,12.78,12.78,12.77,12.77,531129
2026-08-07 13:25:00,12.78,12.8,12.77,12.8,1095205
2026-08-07 13:30:00,12.79,12.8,12.77,12.78,2217176
2026-08-07 13:35:00,12.77,12.78,12.74,12.74,2802540
2026-08-07 13:40:00,12.75,12.75,12.73,12.74,1439203
2026-08-07 13:45:00,12.74,12.74,12.73,12.73,1106710
2026-08-07 13:50:00,12.73,12.74,12.71,12.74,4064810
2026-08-07 13:55:00,12.73,12.74,12.71,12.72,2575355
2026-08-07 14:00:00,12.72,12.73,12.72,12.72,431833
2026-08-07 14:05:00,12.73,12.73,12.7,12.72,2322095
2026-08-07 14:10:00,12.71,12.72,12.71,12.72,1038814
2026-08-07 14:15:00,12.73,12.73,12.72,12.72,966282
2026-08-07 14:20:00,12.72,12.73,12.72,12.73,615599
2026-08-07 14:25:00,12.72,12.73,12.72,12.73,536710
2026-08-07 14:30:00,12.73,12.73,12.72,12.73,838575
2026-08-07 14:35:00,12.72,12.72,12.7,12.7,3617229
2026-08-07 14:40:00,12.71,12.71,12.69,12.69,3214091
2026-08-07 14:45:00,12.69,12.7,12.68,12.69,2723589
2026-08-07 14:50:00,12.69,12.71,12.66,12.67,4622567
2026-08-07 14:55:00,12.67,12.68,12.66,12.67,2236831
2026-08-07 15:00:00,12.68,12.74,12.67,12.73,4719582
2026-08-07 15:05:00,12.74,12.75,12.72,12.75,8287309
2026-08-07 15:10:00,12.75,12.78,12.73,12.74,12700037
2026-08-07 15:15:00,12.74,12.74,12.74,12.74,0
2026-08-07 15:20:00,12.74,12.74,12.74,12.74,0
2026-08-07 15:25:00,12.74,12.74,12.73,12.73,1400378
2026-08-10 09:15:00,12.92,12.92,12.78,12.82,26870635
2026-08-10 09:20:00,12.83,12.91,12.81,12.9,12076001
2026-08-10 09:25:00,12.9,12.93,12.86,12.91,9492252
2026-08-10 09:30:00,12.9,12.91,12.83,12.83,6147465
2026-08-10 09:35:00,12.82,12.82,12.77,12.79,11725557
2026-08-10 09:40:00,12.78,12.8,12.77,12.79,3531670
2026-08-10 09:45:00,12.79,12.81,12.78,12.8,2303612
2026-08-10 09:50:00,12.81,12.81,12.8,12.81,1486353
2026-08-10 09:55:00,12.81,12.82,12.8,12.81,3887322
2026-08-10 10:00:00,12.84,12.85,12.82,12.84,3419431
2026-08-10 10:05:00,12.83,12.85,12.82,12.84,2890052
2026-08-10 10:10:00,12.83,12.93,12.83,12.9,8390836
2026-08-10 10:15:00,12.9,12.93,12.9,12.92,4524791
2026-08-10 10:20:00,12.93,12.93,12.89,12.91,4523462
2026-08-10 10:25:00,12.91,12.91,12.9,12.91,1626662
2026-08-10 10:30:00,12.91,12.91,12.86,12.87,2068577
2026-08-10 10:35:00,12.86,12.88,12.86,12.87,2268890
2026-08-10 10:40:00,12.88,12.89,12.87,12.89,1064914
2026-08-10 10:45:00,12.88,12.9,12.88,12.88,1639284
2026-08-10 10:50:00,12.89,12.89,12.86,12.88,873716
2026-08-10 10:55:00,12.87,12.88,12.87,12.87,729107
2026-08-10 11:00:00,12.88,12.89,12.87,12.89,798255
2026-08-10 11:05:00,12.88,12.9,12.88,12.89,1605790
2026-08-10 11:10:00,12.89,12.98,12.88,12.95,13832588
2026-08-10 11:15:00,12.96,12.98,12.94,12.97,5051701
2026-08-10 11:20:00,12.97,12.97,12.93,12.94,4928026
2026-08-10 11:25:00,12.94,12.95,12.92,12.95,4498907
2026-08-10 11:30:00,12.95,12.95,12.93,12.94,2333729
2026-08-10 11:35:00,12.94,12.94,12.87,12.92,5148973
2026-08-10 11:40:00,12.92,12.92,12.88,12.9,2774507
2026-08-10 11:45:00,12.91,12.91,12.88,12.91,2784637
2026-08-10 11:50:00,12.91,12.92,12.87,12.91,4699202
2026-08-10 11:55:00,12.9,12.91,12.88,12.89,11952750
2026-08-10 12:00:00,12.9,12.94,12.89,12.92,4893074
2026-08-10 12:05:00,12.91,12.92,12.89,12.91,9790846
2026-08-10 12:10:00,12.9,12.94,12.9,12.93,2969383
2026-08-10 12:15:00,12.93,12.98,12.92,12.97,9291665
2026-08-10 12:20:00,12.97,13.0,12.96,12.99,7265463
2026-08-10 12:25:00,12.99,13.04,12.97,13.01,17211630
2026-08-10 12:30:00,13.02,13.05,13.01,13.03,8049588
2026-08-10 12:35:00,13.03,13.07,13.02,13.03,10161648
2026-08-10 12:40:00,13.03,13.04,13.0,13.03,9662713
2026-08-10 12:45:00,13.02,13.03,12.99,12.99,4988330
2026-08-10 12:50:00,13.0,13.02,12.99,13.02,1827505
2026-08-10 12:55:00,13.02,13.02,13.0,13.01,3066981
2026-08-10 13:00:00,13.02,13.02,12.94,12.95,11253986
2026-08-10 13:05:00,12.94,12.95,12.9,12.92,16202081
2026-08-10 13:10:00,12.92,12.98,12.92,12.96,4702979
2026-08-10 13:15:00,12.96,12.96,12.93,12.95,2878937
2026-08-10 13:20:00,12.94,12.96,12.94,12.94,654688
2026-08-10 13:25:00,12.95,12.96,12.94,12.95,692847
2026-08-10 13:30:00,12.96,12.96,12.95,12.95,844891
2026-08-10 13:35:00,12.96,12.97,12.95,12.96,1232934
2026-08-10 13:40:00,12.97,12.98,12.95,12.96,1894699
2026-08-10 13:45:00,12.95,12.97,12.95,12.96,973936
2026-08-10 13:50:00,12.97,12.98,12.96,12.98,1504305
2026-08-10 13:55:00,12.98,12.98,12.96,12.96,882066
2026-08-10 14:00:00,12.97,12.97,12.93,12.94,3618295
2026-08-10 14:05:00,12.93,12.95,12.93,12.95,2177011
2026-08-10 14:10:00,12.95,12.96,12.94,12.95,934382
2026-08-10 14:15:00,12.96,12.96,12.92,12.94,2645015
2026-08-10 14:20:00,12.93,12.94,12.93,12.94,1898875
2026-08-10 14:25:00,12.93,12.94,12.92,12.92,3349662
2026-08-10 14:30:00,12.92,12.94,12.92,12.94,2818433
2026-08-10 14:35:00,12.93,12.97,12.92,12.96,3290744
2026-08-10 14:40:00,12.96,12.96,12.94,12.95,3472693
2026-08-10 14:45:00,12.94,12.95,12.92,12.93,3414516
2026-08-10 14:50:00,12.93,12.96,12.92,12.95,8016537
2026-08-10 14:55:00,12.96,12.96,12.85,12.87,23075349
2026-08-10 15:00:00,12.87,12.91,12.85,12.89,12085575
2026-08-10 15:05:00,12.89,12.9,12.86,12.87,8594627
2026-08-10 15:10:00,12.87,12.9,12.81,12.82,19626793
2026-08-10 15:15:00,12.82,12.82,12.82,12.82,21162
2026-08-10 15:20:00,12.82,12.82,12.82,12.82,0
2026-08-10 15:25:00,12.82,12.92,12.82,12.92,4639869
2026-08-11 09:15:00,13.14,13.15,12.86,13.06,93915148
2026-08-11 09:20:00,13.07,13.1,12.99,13.0,16485133
2026-08-11 09:25:00,13.0,13.03,12.99,13.02,11259012
2026-08-11 09:30:00,13.02,13.16,13.02,13.13,31535805
2026-08-11 09:35:00,13.13,13.3,13.13,13.16,46330034
2026-08-11 09:40:00,13.15,13.17,13.06,13.11,26175425
2026-08-11 09:45:00,13.11,13.13,13.05,13.09,10456518
2026-08-11 09:50:00,13.09,13.09,13.03,13.04,11665783
2026-08-11 09:55:00,13.03,13.14,13.03,13.13,7615898
2026-08-11 10:00:00,13.13,13.14,13.09,13.11,7896286
2026-08-11 10:05:00,13.1,13.15,13.1,13.13,13463708
2026-08-11 10:10:00,13.13,13.13,13.1,13.1,6994344
2026-08-11 10:15:00,13.1,13.11,13.08,13.09,5455272
2026-08-11 10:20:00,13.09,13.13,13.08,13.12,12723721
2026-08-11 10:25:00,13.12,13.13,13.12,13.13,1147398
2026-08-11 10:30:00,13.12,13.14,13.11,13.12,11281496
2026-08-11 10:35:00,13.12,13.16,13.09,13.12,11221569
2026-08-11 10:40:00,13.13,13.25,13.1,13.23,17689092
2026-08-11 10:45:00,13.23,13.27,13.21,13.23,10721384
2026-08-11 10:50:00,13.23,13.28,13.22,13.24,15203955
2026-08-11 10:55:00,13.25,13.26,13.21,13.25,7787081
2026-08-11 11:00:00,13.25,13.25,13.18,13.19,5326525
2026-08-11 11:05:00,13.18,13.19,13.16,13.18,4171119
2026-08-11 11:10:00,13.17,13.18,13.16,13.17,2856128
2026-08-11 11:15:00,13.16,13.18,13.16,13.16,2697411
2026-08-11 11:20:00,13.17,13.19,13.16,13.18,1525718
2026-08-11 11:25:00,13.19,13.2,13.18,13.18,1261783
2026-08-11 11:30:00,13.19,13.24,13.18,13.23,3643081
2026-08-11 11:35:00,13.23,13.25,13.21,13.23,5442274
2026-08-11 11:40:00,13.24,13.29,13.22,13.25,13538672
2026-08-11 11:45:00,13.26,13.27,13.24,13.25,2769432
2026-08-11 11:50:00,13.24,13.25,13.21,13.22,3025365
2026-08-11 11:55:00,13.22,13.23,13.16,13.16,4263634
2026-08-11 12:00:00,13.16,13.17,13.05,13.05,21691211
2026-08-11 12:05:00,13.06,13.09,13.02,13.02,11607579
2026-08-11 12:10:00,13.02,13.06,12.97,13.04,14746450
2026-08-11 12:15:00,13.03,13.1,13.03,13.06,4542545
2026-08-11 12:20:00,13.05,13.07,13.05,13.07,2701972
2026-08-11 12:25:00,13.07,13.07,13.04,13.06,2023158
2026-08-11 12:30:00,13.07,13.08,13.06,13.07,900112
2026-08-11 12:35:00,13.08,13.08,13.05,13.06,1492591
2026-08-11 12:40:00,13.05,13.07,13.05,13.07,910727
2026-08-11 12:45:00,13.07,13.07,13.05,13.07,2107436
2026-08-11 12:50:00,13.07,13.07,13.03,13.04,3097294
2026-08-11 12:55:00,13.03,13.04,13.01,13.03,3039479
2026-08-11 13:00:00,13.03,13.03,12.99,13.02,5898964
2026-08-11 13:05:00,13.01,13.04,13.01,13.03,3530230
2026-08-11 13:10:00,13.04,13.04,13.03,13.04,2074869
2026-08-11 13:15:00,13.04,13.05,13.02,13.02,2045771
2026-08-11 13:20:00,13.03,13.04,13.02,13.04,858172
2026-08-11 13:25:00,13.04,13.05,13.03,13.05,1501121
2026-08-11 13:30:00,13.05,13.06,13.04,13.06,976453
2026-08-11 13:35:00,13.05,13.06,13.02,13.03,1970454
2026-08-11 13:40:00,13.03,13.05,13.03,13.05,782627
2026-08-11 13:45:00,13.04,13.05,13.03,13.04,526966
2026-08-11 13:50:00,13.03,13.05,13.03,13.03,618387
2026-08-11 13:55:00,13.04,13.05,13.02,13.03,1470309
2026-08-11 14:00:00,13.03,13.03,13.01,13.02,2580319
2026-08-11 14:05:00,13.01,13.02,12.95,12.99,11401225
2026-08-11 14:10:00,12.99,12.99,12.95,12.97,2970813
2026-08-11 14:15:00,12.96,12.97,12.94,12.95,4151065
2026-08-11 14:20:00,12.95,12.95,12.93,12.94,3135445
2026-08-11 14:25:00,12.95,12.95,12.88,12.9,10362669
2026-08-11 14:30:00,12.91,12.94,12.9,12.92,4909199
2026-08-11 14:35:00,12.91,12.92,12.85,12.88,9968454
2026-08-11 14:40:00,12.88,13.0,12.87,12.91,19385763
2026-08-11 14:45:00,12.91,12.94,12.9,12.9,4278754
2026-08-11 14:50:00,12.91,12.91,12.86,12.87,11933854
2026-08-11 14:55:00,12.87,12.89,12.86,12.88,5569233
2026-08-11 15:00:00,12.89,12.9,12.83,12.84,9161017
2026-08-11 15:05:00,12.85,12.9,12.83,12.87,16587202
2026-08-11 15:10:00,12.87,12.87,12.79,12.84,22447319
2026-08-11 15:15:00,12.84,12.84,12.84,12.84,106
2026-08-11 15:20:00,12.84,12.84,12.84,12.84,0
2026-08-11 15:25:00,12.84,12.84,12.84,12.84,0
2026-08-12 09:15:00,12.93,13.19,12.83,13.18,59535612
2026-08-12 09:20:00,13.17,13.22,13.11,13.18,25698069
2026-08-12 09:25:00,13.19,13.26,13.18,13.2,22895088
2026-08-12 09:30:00,13.19,13.21,13.13,13.16,9704061
2026-08-12 09:35:00,13.18,13.2,13.14,13.17,8552011
2026-08-12 09:40:00,13.18,13.2,13.15,13.16,6772247
2026-08-12 09:45:00,13.17,13.37,13.16,13.37,42433498
2026-08-12 09:50:00,13.38,13.56,13.34,13.55,64497381
2026-08-12 09:55:00,13.55,13.69,13.5,13.53,51327387
2026-08-12 10:00:00,13.54,13.54,13.45,13.51,21696988
2026-08-12 10:05:00,13.52,13.54,13.45,13.45,16006321
2026-08-12 10:10:00,13.45,13.51,13.45,13.49,11717621
2026-08-12 10:15:00,13.48,13.53,13.45,13.49,10828427
2026-08-12 10:20:00,13.49,13.52,13.44,13.45,10750912
2026-08-12 10:25:00,13.44,13.49,13.44,13.47,7418717
2026-08-12 10:30:00,13.47,13.55,13.46,13.51,17963517
2026-08-12 10:35:00,13.5,13.55,13.5,13.53,10389993
2026-08-12 10:40:00,13.52,13.53,13.48,13.48,3380388
2026-08-12 10:45:00,13.49,13.5,13.47,13.48,3505929
2026-08-12 10:50:00,13.48,13.5,13.47,13.48,3174187
2026-08-12 10:55:00,13.48,13.49,13.44,13.44,6628965
2026-08-12 11:00:00,13.44,13.48,13.4,13.4,6580891
2026-08-12 11:05:00,13.41,13.44,13.37,13.44,8324783
2026-08-12 11:10:00,13.44,13.44,13.39,13.4,6118631
2026-08-12 11:15:00,13.39,13.41,13.39,13.4,2054840
2026-08-12 11:20:00,13.41,13.41,13.27,13.28,22476749
2026-08-12 11:25:00,13.27,13.31,13.25,13.26,17643422
2026-08-12 11:30:00,13.27,13.29,13.25,13.27,7881737
2026-08-12 11:35:00,13.26,13.27,13.25,13.27,5313292
2026-08-12 11:40:00,13.26,13.27,13.23,13.24,4813708
2026-08-12 11:45:00,13.24,13.24,13.22,13.23,3141230
2026-08-12 11:50:00,13.23,13.25,13.21,13.25,6187680
2026-08-12 11:55:00,13.24,13.33,13.23,13.32,7343791
2026-08-12 12:00:00,13.31,13.33,13.3,13.3,4063547
2026-08-12 12:05:00,13.31,13.33,13.3,13.32,3628042
2026-08-12 12:10:00,13.33,13.35,13.3,13.3,6196742
2026-08-12 12:15:00,13.31,13.33,13.29,13.31,4103472
2026-08-12 12:20:00,13.3,13.31,13.26,13.27,2730875
2026-08-12 12:25:00,13.28,13.28,13.25,13.26,2199266
2026-08-12 12:30:00,13.25,13.28,13.25,13.27,1594777
2026-08-12 12:35:00,13.28,13.3,13.27,13.3,2203782
2026-08-12 12:40:00,13.29,13.31,13.18,13.18,10908391
2026-08-12 12:45:00,13.18,13.22,13.18,13.22,3418680
2026-08-12 12:50:00,13.21,13.23,13.2,13.21,2719665
2026-08-12 12:55:00,13.22,13.23,13.2,13.22,3317066
2026-08-12 13:00:00,13.21,13.24,13.19,13.23,10775761
2026-08-12 13:05:00,13.22,13.23,13.2,13.2,1273251
2026-08-12 13:10:00,13.2,13.23,13.16,13.18,17928738
2026-08-12 13:15:00,13.18,13.21,13.17,13.2,4590987
2026-08-12 13:20:00,13.2,13.23,13.18,13.2,3586220
2026-08-12 13:25:00,13.2,13.23,13.19,13.21,4476378
2026-08-12 13:30:00,13.2,13.24,13.19,13.2,2817093
2026-08-12 13:35:00,13.21,13.22,13.18,13.19,2620913
2026-08-12 13:40:00,13.18,13.19,13.18,13.19,1550766
2026-08-12 13:45:00,13.19,13.19,13.17,13.17,1810747
2026-08-12 13:50:00,13.18,13.18,13.15,13.15,3183063
2026-08-12 13:55:00,13.16,13.17,13.15,13.16,3093873
2026-08-12 14:00:00,13.17,13.17,13.14,13.15,4423527
2026-08-12 14:05:00,13.15,13.15,13.14,13.14,1903320
2026-08-12 14:10:00,13.15,13.18,13.14,13.17,4024906
2026-08-12 14:15:00,13.17,13.17,13.15,13.16,3290673
2026-08-12 14:20:00,13.17,13.17,13.16,13.17,1511664
2026-08-12 14:25:00,13.17,13.18,13.16,13.18,1249878
2026-08-12 14:30:00,13.17,13.2,13.17,13.19,4110572
2026-08-12 14:35:00,13.18,13.19,13.17,13.18,1574162
2026-08-12 14:40:00,13.18,13.19,13.16,13.18,8838181
2026-08-12 14:45:00,13.19,13.2,13.16,13.17,13359294
2026-08-12 14:50:00,13.17,13.24,13.16,13.24,14604738
2026-08-12 14:55:00,13.24,13.25,13.21,13.22,11905069
2026-08-12 15:00:00,13.21,13.24,13.2,13.22,19741648
2026-08-12 15:05:00,13.22,13.23,13.18,13.21,15013854
2026-08-12 15:10:00,13.2,13.4,13.2,13.33,34920826
2026-08-12 15:15:00,13.32,13.32,13.32,13.32,572373
2026-08-12 15:20:00,13.32,13.32,13.32,13.32,0
2026-08-12 15:25:00,13.32,13.5,13.32,13.5,11485295
2026-08-13 09:15:00,13.67,13.84,13.65,13.71,61619622
2026-08-13 09:20:00,13.7,13.88,13.67,13.83,45404510
2026-08-13 09:25:00,13.82,13.83,13.57,13.6,38018451
2026-08-13 09:30:00,13.59,13.61,13.52,13.55,25559866
2026-08-13 09:35:00,13.56,13.57,13.46,13.53,23735316
2026-08-13 09:40:00,13.54,13.66,13.52,13.58,15597176
2026-08-13 09:45:00,13.58,13.68,13.56,13.62,13552607
2026-08-13 09:50:00,13.63,13.66,13.6,13.65,16141075
2026-08-13 09:55:00,13.65,13.77,13.64,13.7,24437162
2026-08-13 10:00:00,13.71,13.83,13.7,13.78,31994765
2026-08-13 10:05:00,13.78,13.78,13.71,13.75,15810843
2026-08-13 10:10:00,13.75,13.82,13.75,13.78,13975393
2026-08-13 10:15:00,13.79,13.79,13.75,13.75,3349455
2026-08-13 10:20:00,13.76,13.76,13.74,13.76,2476179
2026-08-13 10:25:00,13.76,13.79,13.73,13.73,7614071
2026-08-13 10:30:00,13.74,13.77,13.71,13.75,3757442
2026-08-13 10:35:00,13.76,13.76,13.73,13.74,1704680
2026-08-13 10:40:00,13.74,13.77,13.73,13.76,4453107
2026-08-13 10:45:00,13.77,13.8,13.76,13.78,7748591
2026-08-13 10:50:00,13.77,13.79,13.73,13.74,6787328
2026-08-13 10:55:00,13.74,13.75,13.73,13.75,2271140
2026-08-13 11:00:00,13.75,13.75,13.71,13.71,4037137
2026-08-13 11:05:00,13.71,13.72,13.63,13.64,11740591
2026-08-13 11:10:00,13.64,13.67,13.6,13.61,11962082
2026-08-13 11:15:00,13.62,13.63,13.59,13.62,4811954
2026-08-13 11:20:00,13.62,13.63,13.59,13.62,3401174
2026-08-13 11:25:00,13.62,13.63,13.59,13.6,4917845
2026-08-13 11:30:00,13.59,13.61,13.59,13.6,1113322
2026-08-13 11:35:00,13.6,13.64,13.6,13.64,2079590
2026-08-13 11:40:00,13.63,13.64,13.61,13.62,3191146
2026-08-13 11:45:00,13.62,13.62,13.6,13.62,2628051
2026-08-13 11:50:00,13.62,13.64,13.61,13.64,2604797
2026-08-13 11:55:00,13.63,13.68,13.62,13.67,3637868
2026-08-13 12:00:00,13.66,13.68,13.65,13.66,4339468
2026-08-13 12:05:00,13.66,13.66,13.63,13.63,1530662
2026-08-13 12:10:00,13.63,13.66,13.63,13.64,2456551
2026-08-13 12:15:00,13.64,13.65,13.62,13.62,1103554
2026-08-13 12:20:00,13.63,13.67,13.62,13.65,2326213
2026-08-13 12:25:00,13.65,13.67,13.64,13.65,2389456
2026-08-13 12:30:00,13.65,13.65,13.62,13.63,1709758
2026-08-13 12:35:00,13.63,13.63,13.62,13.63,387213
2026-08-13 12:40:00,13.63,13.63,13.62,13.63,449543
2026-08-13 12:45:00,13.63,13.64,13.61,13.62,1875809
2026-08-13 12:50:00,13.61,13.63,13.6,13.61,1690767
2026-08-13 12:55:00,13.61,13.63,13.6,13.63,1384131
2026-08-13 13:00:00,13.63,13.64,13.62,13.62,1140211
2026-08-13 13:05:00,13.63,13.63,13.62,13.63,332592
2026-08-13 13:10:00,13.63,13.63,13.6,13.62,1870583
2026-08-13 13:15:00,13.62,13.62,13.59,13.59,2870474
2026-08-13 13:20:00,13.59,13.61,13.59,13.6,721379
2026-08-13 13:25:00,13.6,13.62,13.6,13.6,1356819
2026-08-13 13:30:00,13.6,13.62,13.6,13.6,1288591
2026-08-13 13:35:00,13.61,13.61,13.59,13.6,2119146
2026-08-13 13:40:00,13.59,13.6,13.58,13.59,1319742
2026-08-13 13:45:00,13.59,13.59,13.57,13.57,2687641
2026-08-13 13:50:00,13.58,13.58,13.56,13.56,1449524
2026-08-13 13:55:00,13.57,13.57,13.55,13.55,1816626
2026-08-13 14:00:00,13.56,13.56,13.53,13.54,2948299
2026-08-13 14:05:00,13.53,13.54,13.49,13.49,8396970
2026-08-13 14:10:00,13.5,13.55,13.49,13.55,4794468
2026-08-13 14:15:00,13.55,13.55,13.53,13.55,1510827
2026-08-13 14:20:00,13.54,13.55,13.53,13.53,1519022
2026-08-13 14:25:00,13.53,13.54,13.53,13.54,988685
2026-08-13 14:30:00,13.54,13.58,13.53,13.58,4417947
2026-08-13 14:35:00,13.57,13.58,13.54,13.55,3727740
2026-08-13 14:40:00,13.54,13.56,13.52,13.53,2419458
2026-08-13 14:45:00,13.53,13.54,13.53,13.53,1191239
2026-08-13 14:50:00,13.53,13.55,13.53,13.55,4245006
2026-08-13 14:55:00,13.54,13.55,13.52,13.52,7292809
2026-08-13 15:00:00,13.53,13.53,13.51,13.52,4282090
2026-08-13 15:05:00,13.52,13.54,13.51,13.52,16567550
2026-08-13 15:10:00,13.53,13.55,13.51,13.52,13912689
2026-08-13 15:15:00,13.52,13.52,13.52,13.52,7
2026-08-13 15:20:00,13.52,13.52,13.52,13.52,0
2026-08-13 15:25:00,13.52,13.52,13.51,13.51,2280161
2026-08-14 09:15:00,13.53,13.62,13.49,13.58,17759310
2026-08-14 09:20:00,13.58,13.6,13.55,13.56,9286124
2026-08-14 09:25:00,13.55,13.55,13.5,13.51,7352525
2026-08-14 09:30:00,13.51,13.54,13.51,13.52,5740908
2026-08-14 09:35:00,13.52,13.7,13.51,13.67,23842497
2026-08-14 09:40:00,13.68,13.85,13.66,13.78,56536190
2026-08-14 09:45:00,13.77,13.79,13.71,13.78,15334968
2026-08-14 09:50:00,13.78,13.78,13.72,13.72,7002011
2026-08-14 09:55:00,13.72,13.81,13.72,13.77,15534048
2026-08-14 10:00:00,13.78,13.78,13.74,13.76,5235357
2026-08-14 10:05:00,13.75,13.92,13.74,13.91,30130970
2026-08-14 10:10:00,13.91,14.0,13.87,13.99,45211663
2026-08-14 10:15:00,13.99,14.1,13.93,14.0,45771050
2026-08-14 10:20:00,13.99,14.14,13.99,14.14,35133870
2026-08-14 10:25:00,14.13,14.14,14.05,14.1,23104582
2026-08-14 10:30:00,14.11,14.12,14.01,14.05,13390553
2026-08-14 10:35:00,14.04,14.05,13.99,13.99,7106229
2026-08-14 10:40:00,13.98,14.0,13.97,13.99,6934114
2026-08-14 10:45:00,13.99,14.09,13.99,14.09,15565732
2026-08-14 10:50:00,14.08,14.12,14.04,14.1,17129071
2026-08-14 10:55:00,14.09,14.13,14.06,14.08,9615290
2026-08-14 11:00:00,14.09,14.1,14.06,14.08,4405343
2026-08-14 11:05:00,14.07,14.1,14.0,14.01,13340634
2026-08-14 11:10:00,14.0,14.03,13.96,14.02,11341483
2026-08-14 11:15:00,14.02,14.08,14.01,14.07,5116321
2026-08-14 11:20:00,14.07,14.11,14.06,14.09,18306483
2026-08-14 11:25:00,14.08,14.09,14.06,14.09,4302714
2026-08-14 11:30:00,14.08,14.09,14.07,14.07,4658700
2026-08-14 11:35:00,14.07,14.08,14.06,14.07,2603400
2026-08-14 11:40:00,14.06,14.08,14.05,14.07,3558290
2026-08-14 11:45:00,14.08,14.1,14.07,14.08,4862186
2026-08-14 11:50:00,14.07,14.08,14.06,14.07,2697586
2026-08-14 11:55:00,14.06,14.08,14.06,14.06,2915473
2026-08-14 12:00:00,14.06,14.07,14.03,14.05,4502133
2026-08-14 12:05:00,14.04,14.06,14.03,14.06,4909742
2026-08-14 12:10:00,14.06,14.12,14.05,14.1,11506136
2026-08-14 12:15:00,14.09,14.1,14.08,14.1,1932692
2026-08-14 12:20:00,14.09,14.1,14.08,14.09,1837656
2026-08-14 12:25:00,14.09,14.09,14.07,14.08,2636820
2026-08-14 12:30:00,14.07,14.09,14.06,14.07,2171860
2026-08-14 12:35:00,14.08,14.1,14.07,14.09,2432789
2026-08-14 12:40:00,14.1,14.1,14.07,14.07,2673358
2026-08-14 12:45:00,14.08,14.1,14.07,14.09,6905886
2026-08-14 12:50:00,14.09,14.1,14.07,14.08,1904761
2026-08-14 12:55:00,14.08,14.09,14.04,14.05,2883872
2026-08-14 13:00:00,14.05,14.06,14.04,14.05,2682226
2026-08-14 13:05:00,14.04,14.07,14.04,14.06,3338507
2026-08-14 13:10:00,14.07,14.07,14.05,14.06,1790054
2026-08-14 13:15:00,14.05,14.07,14.05,14.07,2119900
2026-08-14 13:20:00,14.06,14.07,14.06,14.07,921528
2026-08-14 13:25:00,14.06,14.08,14.05,14.06,3254579
2026-08-14 13:30:00,14.05,14.06,14.03,14.04,2148636
2026-08-14 13:35:00,14.03,14.06,14.02,14.05,3117872
2026-08-14 13:40:00,14.04,14.06,14.04,14.06,1846111
2026-08-14 13:45:00,14.06,14.09,14.05,14.08,2924914
2026-08-14 13:50:00,14.09,14.1,14.08,14.09,2810303
2026-08-14 13:55:00,14.1,14.12,14.09,14.11,5873062
2026-08-14 14:00:00,14.12,14.15,14.11,14.12,12243819
2026-08-14 14:05:00,14.12,14.16,14.1,14.13,13093232
2026-08-14 14:10:00,14.12,14.17,14.12,14.15,9107479
2026-08-14 14:15:00,14.16,14.16,14.12,14.12,8856359
2026-08-14 14:20:00,14.13,14.13,14.09,14.11,6581295
2026-08-14 14:25:00,14.1,14.11,14.08,14.1,5734395
2026-08-14 14:30:00,14.09,14.15,14.09,14.14,5959359
2026-08-14 14:35:00,14.14,14.15,14.13,14.15,5467273
2026-08-14 14:40:00,14.14,14.16,14.13,14.14,7809516
2026-08-14 14:45:00,14.14,14.15,14.12,14.13,4493468
2026-08-14 14:50:00,14.13,14.15,14.12,14.14,7317330
2026-08-14 14:55:00,14.14,14.16,14.11,14.14,21423591
2026-08-14 15:00:00,14.13,14.14,14.11,14.14,16878711
2026-08-14 15:05:00,14.14,14.15,14.08,14.14,37679531
2026-08-14 15:10:00,14.15,14.19,14.1,14.11,41736119
2026-08-14 15:15:00,14.1,14.1,14.1,14.1,10000
2026-08-14 15:20:00,14.1,14.1,14.1,14.1,0
2026-08-14 15:25:00,14.1,14.11,14.1,14.11,2181396
2026-08-17 09:15:00,14.11,14.14,13.94,13.97,32207426
2026-08-17 09:20:00,13.97,13.99,13.92,13.99,13947073
2026-08-17 09:25:00,13.99,14.06,13.99,14.02,8946837
2026-08-17 09:30:00,14.02,14.02,13.97,13.99,6924919
2026-08-17 09:35:00,14.0,14.02,13.98,14.02,2381641
2026-08-17 09:40:00,14.02,14.02,13.99,13.99,3727083
2026-08-17 09:45:00,14.0,14.0,13.95,13.97,3054864
2026-08-17 09:50:00,13.96,13.99,13.96,13.97,2276003
2026-08-17 09:55:00,13.98,13.99,13.97,13.97,2284543
2026-08-17 10:00:00,13.98,13.98,13.94,13.94,4802755
2026-08-17 10:05:00,13.95,13.95,13.94,13.95,2466959
2026-08-17 10:10:00,13.94,13.97,13.94,13.94,2746964
2026-08-17 10:15:00,13.94,13.99,13.94,13.95,6380817
2026-08-17 10:20:00,13.94,13.95,13.9,13.9,7572260
2026-08-17 10:25:00,13.91,13.91,13.88,13.89,4874230
2026-08-17 10:30:00,13.88,13.89,13.85,13.89,7849880
2026-08-17 10:35:00,13.88,13.89,13.87,13.88,1615396
2026-08-17 10:40:00,13.87,13.9,13.85,13.86,5253152
2026-08-17 10:45:00,13.87,13.87,13.84,13.86,3771872
2026-08-17 10:50:00,13.87,13.88,13.85,13.87,1869284
2026-08-17 10:55:00,13.88,13.89,13.83,13.84,6585687
2026-08-17 11:00:00,13.84,13.86,13.83,13.86,1998034
2026-08-17 11:05:00,13.86,13.87,13.85,13.87,1381978
2026-08-17 11:10:00,13.86,13.87,13.85,13.86,2169696
2026-08-17 11:15:00,13.85,13.87,13.85,13.87,738978
2026-08-17 11:20:00,13.87,13.87,13.81,13.81,5230620
2026-08-17 11:25:00,13.81,13.85,13.81,13.84,1704553
2026-08-17 11:30:00,13.84,13.85,13.82,13.84,2113181
2026-08-17 11:35:00,13.83,13.84,13.78,13.8,7448350
2026-08-17 11:40:00,13.8,13.81,13.78,13.79,3108507
2026-08-17 11:45:00,13.8,13.82,13.79,13.81,1353705
2026-08-17 11:50:00,13.8,13.83,13.8,13.82,2621487
2026-08-17 11:55:00,13.81,13.83,13.81,13.82,1402668
2026-08-17 12:00:00,13.82,13.84,13.81,13.84,1542536
2026-08-17 12:05:00,13.84,13.85,13.83,13.83,2147137
2026-08-17 12:10:00,13.83,13.86,13.83,13.85,2164937
2026-08-17 12:15:00,13.85,13.88,13.84,13.85,4522959
2026-08-17 12:20:00,13.85,13.86,13.83,13.85,2323276
2026-08-17 12:25:00,13.84,13.85,13.81,13.84,1676839
2026-08-17 12:30:00,13.84,13.85,13.84,13.84,771333
2026-08-17 12:35:00,13.85,13.86,13.84,13.86,1389786
2026-08-17 12:40:00,13.85,13.87,13.85,13.87,909271
2026-08-17 12:45:00,13.86,13.87,13.85,13.87,1463785
2026-08-17 12:50:00,13.86,13.87,13.86,13.87,878742
2026-08-17 12:55:00,13.87,13.87,13.85,13.86,1870162
2026-08-17 13:00:00,13.85,13.87,13.85,13.85,1415683
2026-08-17 13:05:00,13.85,13.86,13.85,13.86,1006829
2026-08-17 13:10:00,13.85,13.86,13.82,13.82,2511370
2026-08-17 13:15:00,13.82,13.85,13.8,13.8,4020047
2026-08-17 13:20:00,13.8,13.82,13.8,13.82,1504614
2026-08-17 13:25:00,13.81,13.82,13.76,13.77,6939386
2026-08-17 13:30:00,13.77,13.79,13.76,13.77,3354220
2026-08-17 13:35:00,13.78,13.79,13.76,13.77,4722059
2026-08-17 13:40:00,13.76,13.8,13.76,13.8,2878878
2026-08-17 13:45:00,13.79,13.8,13.77,13.78,3174628
2026-08-17 13:50:00,13.77,13.78,13.76,13.76,2205733
2026-08-17 13:55:00,13.77,13.77,13.75,13.76,3178640
2026-08-17 14:00:00,13.77,13.77,13.76,13.77,1640735
2026-08-17 14:05:00,13.76,13.79,13.76,13.78,2485358
2026-08-17 14:10:00,13.77,13.78,13.76,13.77,1260069
2026-08-17 14:15:00,13.77,13.78,13.76,13.78,934301
2026-08-17 14:20:00,13.78,13.79,13.75,13.76,2616825
2026-08-17 14:25:00,13.75,13.76,13.73,13.75,3171135
2026-08-17 14:30:00,13.74,13.78,13.74,13.78,4756310
2026-08-17 14:35:00,13.78,13.79,13.76,13.78,4887375
2026-08-17 14:40:00,13.78,13.8,13.77,13.8,2391607
2026-08-17 14:45:00,13.8,13.8,13.77,13.77,3255872
2026-08-17 14:50:00,13.78,13.79,13.75,13.76,5073708
2026-08-17 14:55:00,13.76,13.77,13.73,13.74,3989908
2026-08-17 15:00:00,13.74,13.75,13.72,13.73,8327432
2026-08-17 15:05:00,13.74,13.74,13.7,13.71,18820960
2026-08-17 15:10:00,13.72,13.72,13.66,13.71,19696197
2026-08-17 15:15:00,13.71,13.71,13.71,13.71,0
2026-08-17 15:20:00,13.71,13.71,13.71,13.71,0
2026-08-17 15:25:00,13.71,13.71,13.71,13.71,2979587
2026-08-18 09:15:00,13.65,13.74,13.5,13.63,93727977
2026-08-18 09:20:00,13.6,13.71,13.5,13.68,113186105
2026-08-18 09:25:00,13.72,13.73,13.64,13.7,34110207
2026-08-18 09:30:00,13.69,13.7,13.67,13.68,4212075
2026-08-18 09:35:00,13.68,13.8,13.68,13.78,11347725
2026-08-18 09:40:00,13.79,13.8,13.76,13.78,9063857
2026-08-18 09:45:00,13.79,13.79,13.75,13.78,4997271
2026-08-18 09:50:00,13.78,13.79,13.74,13.75,2811618
2026-08-18 09:55:00,13.74,13.84,13.72,13.84,13890189
2026-08-18 10:00:00,13.83,13.86,13.8,13.82,7026554
2026-08-18 10:05:00,13.81,13.84,13.81,13.83,3154064
2026-08-18 10:10:00,13.82,13.83,13.81,13.82,2032242
2026-08-18 10:15:00,13.81,13.82,13.76,13.77,3140462
2026-08-18 10:20:00,13.78,13.78,13.73,13.74,4538172
2026-08-18 10:25:00,13.74,13.79,13.73,13.76,3347056
2026-08-18 10:30:00,13.76,13.77,13.75,13.76,931526
2026-08-18 10:35:00,13.76,13.77,13.75,13.76,1000631
2026-08-18 10:40:00,13.76,13.77,13.75,13.76,956414
2026-08-18 10:45:00,13.76,13.77,13.75,13.76,1911891
2026-08-18 10:50:00,13.77,13.78,13.75,13.77,2040479
2026-08-18 10:55:00,13.77,13.83,13.77,13.79,8184092
2026-08-18 11:00:00,13.79,13.8,13.77,13.77,1444693
2026-08-18 11:05:00,13.78,13.82,13.77,13.8,7598539
2026-08-18 11:10:00,13.79,13.8,13.77,13.77,1111604
2026-08-18 11:15:00,13.78,13.82,13.76,13.81,3774407
2026-08-18 11:20:00,13.81,13.82,13.77,13.79,1292789
2026-08-18 11:25:00,13.78,13.85,13.78,13.84,5972563
2026-08-18 11:30:00,13.84,13.88,13.82,13.86,11556276
2026-08-18 11:35:00,13.85,13.86,13.83,13.84,2911886
2026-08-18 11:40:00,13.82,13.83,13.8,13.81,2111370
2026-08-18 11:45:00,13.82,13.83,13.8,13.81,1425940
2026-08-18 11:50:00,13.81,13.83,13.8,13.82,1284222
2026-08-18 11:55:00,13.81,13.83,13.81,13.82,950630
2026-08-18 12:00:00,13.81,13.82,13.79,13.81,3666680
2026-08-18 12:05:00,13.81,13.87,13.81,13.85,7065850
2026-08-18 12:10:00,13.84,13.88,13.84,13.88,6996795
2026-08-18 12:15:00,13.88,13.89,13.86,13.87,8034866
2026-08-18 12:20:00,13.86,13.88,13.86,13.88,1853999
2026-08-18 12:25:00,13.87,13.89,13.87,13.89,5907956
2026-08-18 12:30:00,13.88,13.89,13.87,13.88,2238629
2026-08-18 12:35:00,13.87,13.9,13.86,13.89,10943593
2026-08-18 12:40:00,13.88,13.89,13.87,13.89,1367854
2026-08-18 12:45:00,13.88,13.96,13.88,13.95,14334086
2026-08-18 12:50:00,13.94,13.95,13.92,13.93,7691911
2026-08-18 12:55:00,13.92,13.99,13.92,13.96,13311784
2026-08-18 13:00:00,13.96,13.97,13.92,13.93,3643870
2026-08-18 13:05:00,13.92,14.0,13.9,13.97,14606168
2026-08-18 13:10:00,13.96,14.0,13.96,13.98,12948923
2026-08-18 13:15:00,13.99,14.14,13.98,14.05,45679608
2026-08-18 13:20:00,14.05,14.11,14.01,14.1,13577783
2026-08-18 13:25:00,14.09,14.18,14.07,14.1,27027999
2026-08-18 13:30:00,14.09,14.15,14.08,14.13,13188280
2026-08-18 13:35:00,14.13,14.14,14.07,14.08,5915795
2026-08-18 13:40:00,14.07,14.08,14.02,14.04,7809316
2026-08-18 13:45:00,14.03,14.05,14.0,14.02,6235947
2026-08-18 13:50:00,14.01,14.03,13.98,14.01,5011649
2026-08-18 13:55:00,14.0,14.1,13.98,14.06,13281713
2026-08-18 14:00:00,14.07,14.07,14.03,14.06,2451173
2026-08-18 14:05:00,14.05,14.08,14.04,14.05,4126636
2026-08-18 14:10:00,14.04,14.06,14.02,14.05,5350918
2026-08-18 14:15:00,14.05,14.09,14.03,14.07,6109111
2026-08-18 14:20:00,14.07,14.11,14.05,14.1,5777164
2026-08-18 14:25:00,14.11,14.3,14.1,14.3,44731354
2026-08-18 14:30:00,14.29,14.31,14.21,14.23,15414561
2026-08-18 14:35:00,14.22,14.24,14.19,14.24,8696915
2026-08-18 14:40:00,14.23,14.25,14.2,14.23,8843558
2026-08-18 14:45:00,14.22,14.24,14.2,14.22,6247465
2026-08-18 14:50:00,14.21,14.23,14.18,14.19,7213100
2026-08-18 14:55:00,14.2,14.2,14.15,14.16,17376609
2026-08-18 15:00:00,14.17,14.18,14.14,14.16,15054988
2026-08-18 15:05:00,14.16,14.18,14.1,14.14,23502151
2026-08-18 15:10:00,14.15,14.17,14.08,14.09,23193555
2026-08-18 15:15:00,14.11,14.11,14.11,14.11,201714
2026-08-18 15:20:00,14.11,14.11,14.11,14.11,0
2026-08-18 15:25:00,14.11,14.12,14.11,14.12,5243992
2026-08-19 09:15:00,14.12,14.17,14.03,14.12,29229673
2026-08-19 09:20:00,14.13,14.22,14.05,14.05,37085799
2026-08-19 09:25:00,14.04,14.05,14.01,14.03,8903147
2026-08-19 09:30:00,14.03,14.05,14.01,14.03,5695651
2026-08-19 09:35:00,14.03,14.04,14.0,14.01,5301603
2026-08-19 09:40:00,14.02,14.02,13.97,13.99,8381654
2026-08-19 09:45:00,14.0,14.02,13.98,14.02,2727076
2026-08-19 09:50:00,14.01,14.05,14.0,14.0,4576629
2026-08-19 09:55:00,14.01,14.04,14.0,14.03,4057299
2026-08-19 10:00:00,14.03,14.03,13.98,14.0,4355529
2026-08-19 10:05:00,13.99,14.0,13.98,13.99,2158175
2026-08-19 10:10:00,13.98,14.02,13.98,14.01,2631085
2026-08-19 10:15:00,14.01,14.01,13.96,13.97,4257490
2026-08-19 10:20:00,13.96,13.99,13.95,13.98,4241315
2026-08-19 10:25:00,13.97,13.98,13.96,13.96,1148390
2026-08-19 10:30:00,13.97,13.98,13.93,13.94,3937951
2026-08-19 10:35:00,13.94,13.95,13.93,13.95,1131452
2026-08-19 10:40:00,13.94,13.95,13.93,13.93,2207366
2026-08-19 10:45:00,13.94,13.94,13.92,13.94,1418202
2026-08-19 10:50:00,13.94,13.95,13.92,13.93,3039960
2026-08-19 10:55:00,13.92,13.97,13.92,13.94,7636031
2026-08-19 11:00:00,13.94,13.95,13.9,13.91,4216294
2026-08-19 11:05:00,13.91,13.96,13.88,13.96,6533727
2026-08-19 11:10:00,13.95,13.96,13.92,13.95,2298457
2026-08-19 11:15:00,13.95,13.95,13.93,13.94,1271750
2026-08-19 11:20:00,13.93,13.97,13.93,13.95,3078224
2026-08-19 11:25:00,13.95,13.96,13.94,13.95,449573
2026-08-19 11:30:00,13.94,13.95,13.92,13.94,1127856
2026-08-19 11:35:00,13.94,13.95,13.92,13.94,1434142
2026-08-19 11:40:00,13.93,13.94,13.93,13.93,874289
2026-08-19 11:45:00,13.93,13.96,13.93,13.95,970138
2026-08-19 11:50:00,13.96,13.98,13.95,13.98,1979052
2026-08-19 11:55:00,13.97,13.98,13.96,13.97,1526443
2026-08-19 12:00:00,13.96,14.08,13.96,14.06,11472466
2026-08-19 12:05:00,14.06,14.08,14.04,14.06,6245402
2026-08-19 12:10:00,14.05,14.13,14.05,14.12,9049605
2026-08-19 12:15:00,14.11,14.12,14.09,14.1,3213456
2026-08-19 12:20:00,14.09,14.1,14.08,14.09,3607979
2026-08-19 12:25:00,14.09,14.12,14.08,14.08,3747051
2026-08-19 12:30:00,14.08,14.09,14.07,14.09,1555841
2026-08-19 12:35:00,14.09,14.1,14.08,14.09,1087700
2026-08-19 12:40:00,14.09,14.12,14.08,14.12,4357358
2026-08-19 12:45:00,14.11,14.12,14.09,14.09,1729924
2026-08-19 12:50:00,14.1,14.16,14.09,14.14,6825303
2026-08-19 12:55:00,14.13,14.15,14.12,14.14,2749851
2026-08-19 13:00:00,14.14,14.18,14.14,14.18,5383635
2026-08-19 13:05:00,14.18,14.18,14.14,14.15,3732301
2026-08-19 13:10:00,14.16,14.16,14.13,14.13,1957630
2026-08-19 13:15:00,14.13,14.14,14.11,14.12,1556368
2026-08-19 13:20:00,14.11,14.12,14.08,14.09,6150108
2026-08-19 13:25:00,14.09,14.1,14.09,14.09,1436548
2026-08-19 13:30:00,14.1,14.1,14.08,14.08,1808848
2026-08-19 13:35:00,14.09,14.09,14.08,14.09,1005403
2026-08-19 13:40:00,14.08,14.1,14.08,14.1,1444078
2026-08-19 13:45:00,14.09,14.12,14.09,14.1,3080896
2026-08-19 13:50:00,14.09,14.12,14.09,14.1,2005703
2026-08-19 13:55:00,14.09,14.11,14.06,14.07,4129632
2026-08-19 14:00:00,14.07,14.08,14.06,14.08,2211377
2026-08-19 14:05:00,14.07,14.08,14.07,14.08,533894
2026-08-19 14:10:00,14.08,14.08,14.06,14.06,1157152
2026-08-19 14:15:00,14.07,14.07,14.05,14.06,1336458
2026-08-19 14:20:00,14.05,14.06,14.03,14.05,5042473
2026-08-19 14:25:00,14.05,14.05,14.04,14.04,969787
2026-08-19 14:30:00,14.05,14.07,14.04,14.07,2629936
2026-08-19 14:35:00,14.06,14.1,14.06,14.07,2525154
2026-08-19 14:40:00,14.08,14.08,14.05,14.07,2283343
2026-08-19 14:45:00,14.07,14.08,14.05,14.07,2367366
2026-08-19 14:50:00,14.07,14.08,14.05,14.07,4329496
2026-08-19 14:55:00,14.07,14.07,14.05,14.05,1995600
2026-08-19 15:00:00,14.06,14.06,14.04,14.05,4608089
2026-08-19 15:05:00,14.05,14.05,14.02,14.04,11300261
2026-08-19 15:10:00,14.04,14.09,14.03,14.06,14686386
2026-08-19 15:15:00,14.06,14.06,14.06,14.06,45000
2026-08-19 15:20:00,14.06,14.06,14.06,14.06,0
2026-08-19 15:25:00,14.06,14.07,14.06,14.07,1857533
2026-08-20 09:15:00,14.14,14.19,14.08,14.09,23237445
2026-08-20 09:20:00,14.08,14.13,14.07,14.13,15149094
2026-08-20 09:25:00,14.13,14.13,14.05,14.06,10405423
2026-08-20 09:30:00,14.07,14.08,14.06,14.07,3516406
2026-08-20 09:35:00,14.07,14.08,14.04,14.04,5495031
2026-08-20 09:40:00,14.05,14.05,14.03,14.04,4731876
2026-08-20 09:45:00,14.04,14.04,14.01,14.02,3964807
2026-08-20 09:50:00,14.02,14.02,14.0,14.02,3290292
2026-08-20 09:55:00,14.01,14.03,14.0,14.01,4524697
2026-08-20 10:00:00,14.01,14.02,14.0,14.01,2755432
2026-08-20 10:05:00,14.02,14.02,13.97,13.99,7258012
2026-08-20 10:10:00,13.99,14.03,13.98,14.02,2344591
2026-08-20 10:15:00,14.02,14.03,13.99,14.01,2350913
2026-08-20 10:20:00,14.02,14.03,14.01,14.02,1386954
2026-08-20 10:25:00,14.03,14.04,14.02,14.03,2256992
2026-08-20 10:30:00,14.03,14.03,14.0,14.02,1839222
2026-08-20 10:35:00,14.03,14.03,14.02,14.02,735376
2026-08-20 10:40:00,14.03,14.05,14.01,14.04,2234309
2026-08-20 10:45:00,14.03,14.05,14.03,14.04,1392356
2026-08-20 10:50:00,14.04,14.04,14.01,14.04,2162289
2026-08-20 10:55:00,14.03,14.04,14.03,14.04,1842735
2026-08-20 11:00:00,14.04,14.04,14.02,14.03,1252946
2026-08-20 11:05:00,14.04,14.04,14.03,14.04,567105
2026-08-20 11:10:00,14.04,14.04,14.03,14.04,486462
2026-08-20 11:15:00,14.04,14.04,14.03,14.04,576255
2026-08-20 11:20:00,14.03,14.04,14.02,14.03,939431
2026-08-20 11:25:00,14.02,14.03,14.01,14.02,589918
2026-08-20 11:30:00,14.02,14.03,14.01,14.02,688234
2026-08-20 11:35:00,14.02,14.04,14.02,14.03,616493
2026-08-20 11:40:00,14.03,14.05,14.02,14.05,1202614
2026-08-20 11:45:00,14.05,14.05,14.04,14.04,673923
2026-08-20 11:50:00,14.04,14.05,14.03,14.04,1261205
2026-08-20 11:55:00,13.99,14.01,13.99,14.01,4727262
2026-08-20 12:00:00,14.01,14.03,13.99,14.01,1616115
2026-08-20 12:05:00,14.01,14.03,13.99,14.0,1021211
2026-08-20 12:10:00,14.0,14.01,13.99,14.0,4069619
2026-08-20 12:15:00,14.0,14.0,13.98,14.0,981837
2026-08-20 12:20:00,14.0,14.0,13.99,14.0,962214
2026-08-20 12:25:00,13.99,14.02,13.99,14.01,1035760
2026-08-20 12:30:00,14.02,14.02,14.0,14.01,1195606
2026-08-20 12:35:00,14.0,14.02,14.0,14.01,501320
2026-08-20 12:40:00,14.02,14.02,14.0,14.01,559554
2026-08-20 12:45:00,14.0,14.02,14.0,14.02,547958
2026-08-20 12:50:00,14.02,14.02,14.0,14.0,984387
2026-08-20 12:55:00,14.0,14.01,14.0,14.01,575772
2026-08-20 13:00:00,14.0,14.01,13.99,14.0,886299
2026-08-20 13:05:00,13.99,14.0,13.98,13.99,2357480
2026-08-20 13:10:00,13.99,14.0,13.98,13.99,653471
2026-08-20 13:15:00,14.0,14.01,13.99,14.0,1182053
2026-08-20 13:20:00,13.99,14.0,13.99,14.0,399881
2026-08-20 13:25:00,13.99,14.0,13.99,14.0,496107
2026-08-20 13:30:00,13.99,14.0,13.98,13.99,1495224
2026-08-20 13:35:00,13.98,13.99,13.97,13.98,1607890
2026-08-20 13:40:00,13.98,13.98,13.97,13.98,1672072
2026-08-20 13:45:00,13.97,13.98,13.97,13.98,1089219
2026-08-20 13:50:00,13.97,13.98,13.95,13.96,2560554
2026-08-20 13:55:00,13.95,13.97,13.95,13.96,1625340
2026-08-20 14:00:00,13.97,13.97,13.95,13.96,1142486
2026-08-20 14:05:00,13.97,13.97,13.95,13.97,1149929
2026-08-20 14:10:00,13.96,13.98,13.96,13.97,730146
2026-08-20 14:15:00,13.97,13.98,13.97,13.97,1032849
2026-08-20 14:20:00,13.98,13.98,13.96,13.97,737348
2026-08-20 14:25:00,13.97,13.98,13.96,13.97,898496
2026-08-20 14:30:00,13.97,13.97,13.96,13.97,867005
2026-08-20 14:35:00,13.97,13.97,13.95,13.96,2110325
2026-08-20 14:40:00,13.96,13.96,13.94,13.95,2316715
2026-08-20 14:45:00,13.95,13.97,13.93,13.96,6272410
2026-08-20 14:50:00,13.97,14.05,13.96,14.02,16459878
2026-08-20 14:55:00,14.03,14.07,14.03,14.04,13333721
2026-08-20 15:00:00,14.05,14.07,14.02,14.06,7731974
2026-08-20 15:05:00,14.06,14.07,14.03,14.03,9432202
2026-08-20 15:10:00,14.04,14.07,14.0,14.06,15245460
2026-08-20 15:15:00,14.06,14.06,14.06,14.06,41660
2026-08-20 15:20:00,14.06,14.06,14.06,14.06,0
2026-08-20 15:25:00,14.06,14.06,14.03,14.03,2252511
2026-08-21 09:15:00,14.03,14.08,14.02,14.06,9598475
2026-08-21 09:20:00,14.06,14.07,14.03,14.06,6750053
2026-08-21 09:25:00,14.06,14.09,14.06,14.07,4563866
2026-08-21 09:30:00,14.07,14.07,13.98,13.98,9240308
2026-08-21 09:35:00,13.98,14.01,13.97,13.99,5089900
2026-08-21 09:40:00,14.0,14.0,13.98,13.98,3303470
2026-08-21 09:45:00,13.98,13.99,13.93,13.94,8340313
2026-08-21 09:50:00,13.94,13.96,13.93,13.95,5513372
2026-08-21 09:55:00,13.95,13.96,13.94,13.96,3442598
2026-08-21 10:00:00,13.96,13.96,13.94,13.95,1585919
2026-08-21 10:05:00,13.96,13.96,13.92,13.93,7273930
2026-08-21 10:10:00,13.93,14.02,13.93,13.99,6968468
2026-08-21 10:15:00,13.99,14.01,13.98,14.0,2164196
2026-08-21 10:20:00,13.99,14.0,13.98,13.99,2700182
2026-08-21 10:25:00,13.98,14.02,13.95,14.02,4875458
2026-08-21 10:30:00,14.01,14.05,14.01,14.03,4248336
2026-08-21 10:35:00,14.02,14.03,13.98,14.0,3499204
2026-08-21 10:40:00,13.99,14.0,13.97,13.97,1183922
2026-08-21 10:45:00,13.98,13.99,13.97,13.98,1539289
2026-08-21 10:50:00,13.98,14.01,13.97,14.01,1798363
2026-08-21 10:55:00,14.0,14.01,13.99,14.01,1001927
2026-08-21 11:00:00,14.0,14.04,14.0,14.02,2031549
2026-08-21 11:05:00,14.02,14.05,14.02,14.03,1857858
2026-08-21 11:10:00,14.03,14.04,14.02,14.03,1228368
2026-08-21 11:15:00,14.02,14.04,14.01,14.03,2665246
2026-08-21 11:20:00,14.02,14.03,14.01,14.01,1635826
2026-08-21 11:25:00,14.01,14.02,14.01,14.02,417260
2026-08-21 11:30:00,14.02,14.02,13.99,13.99,1485826
2026-08-21 11:35:00,13.99,14.0,13.98,14.0,1250803
2026-08-21 11:40:00,13.99,14.01,13.99,14.0,5333818
2026-08-21 11:45:00,14.0,14.01,13.99,13.99,3413028
2026-08-21 11:50:00,13.99,14.02,13.99,14.01,2189951
2026-08-21 11:55:00,14.01,14.01,14.0,14.0,263339
2026-08-21 12:00:00,14.01,14.01,14.0,14.01,314256
2026-08-21 12:05:00,14.01,14.01,14.0,14.0,275972
2026-08-21 12:10:00,14.01,14.01,14.0,14.01,349886
2026-08-21 12:15:00,14.01,14.01,14.0,14.01,660423
2026-08-21 12:20:00,14.0,14.03,14.0,14.03,1999991
2026-08-21 12:25:00,14.02,14.03,14.01,14.01,664215
2026-08-21 12:30:00,14.02,14.02,14.01,14.01,420233
2026-08-21 12:35:00,14.01,14.02,13.99,13.99,2493693
2026-08-21 12:40:00,13.99,14.0,13.99,14.0,833799
2026-08-21 12:45:00,13.99,14.0,13.99,13.99,267417
2026-08-21 12:50:00,14.0,14.0,13.99,14.0,1969470
2026-08-21 12:55:00,14.0,14.02,14.0,14.0,758619
2026-08-21 13:00:00,14.0,14.01,14.0,14.0,1133121
2026-08-21 13:05:00,14.01,14.02,13.99,14.01,1560931
2026-08-21 13:10:00,14.0,14.02,13.99,14.0,2798234
2026-08-21 13:15:00,13.99,14.01,13.99,13.99,2699795
2026-08-21 13:20:00,14.0,14.0,13.98,13.98,1578607
2026-08-21 13:25:00,13.98,14.01,13.98,14.0,2047788
2026-08-21 13:30:00,14.01,14.01,14.0,14.01,515284
2026-08-21 13:35:00,14.01,14.01,13.99,13.99,549981
2026-08-21 13:40:00,13.99,14.01,13.99,13.99,479780
2026-08-21 13:45:00,13.99,14.0,13.99,13.99,529963
2026-08-21 13:50:00,14.0,14.0,13.98,13.99,1133271
2026-08-21 13:55:00,13.98,13.99,13.98,13.98,479087
2026-08-21 14:00:00,13.98,13.99,13.98,13.98,760953
2026-08-21 14:05:00,13.98,13.99,13.97,13.97,1286879
2026-08-21 14:10:00,13.97,13.98,13.96,13.97,893541
2026-08-21 14:15:00,13.96,13.97,13.96,13.97,601139
2026-08-21 14:20:00,13.96,13.99,13.96,13.97,1383740
2026-08-21 14:25:00,13.97,13.98,13.96,13.97,951916
2026-08-21 14:30:00,13.96,13.98,13.96,13.97,1232890
2026-08-21 14:35:00,13.96,13.99,13.96,13.98,1087477
2026-08-21 14:40:00,13.99,13.99,13.97,13.97,657277
2026-08-21 14:45:00,13.97,13.99,13.97,13.98,1891507
2026-08-21 14:50:00,13.98,14.0,13.97,13.98,3464224
2026-08-21 14:55:00,13.97,13.98,13.97,13.97,1815352
2026-08-21 15:00:00,13.98,13.98,13.96,13.97,3732138
2026-08-21 15:05:00,13.97,13.97,13.95,13.96,10210615
2026-08-21 15:10:00,13.97,13.99,13.96,13.96,11139929
2026-08-21 15:15:00,13.96,13.96,13.96,13.96,121644
2026-08-21 15:20:00,13.96,13.96,13.96,13.96,0
2026-08-21 15:25:00,13.96,13.96,13.94,13.94,2779537
2026-08-24 09:15:00,13.98,14.09,13.97,14.04,12715243
2026-08-24 09:20:00,14.04,14.09,14.03,14.08,9539756
2026-08-24 09:25:00,14.07,14.09,14.06,14.07,5085050
2026-08-24 09:30:00,14.07,14.08,14.04,14.06,3725134
2026-08-24 09:35:00,14.05,14.08,14.05,14.07,2409880
2026-08-24 09:40:00,14.06,14.07,14.05,14.06,1634151
2026-08-24 09:45:00,14.07,14.07,14.05,14.07,1473423
2026-08-24 09:50:00,14.06,14.07,14.05,14.06,2682671
2026-08-24 09:55:00,14.05,14.07,14.04,14.05,1869698
2026-08-24 10:00:00,14.05,14.07,14.04,14.07,2266413
2026-08-24 10:05:00,14.07,14.07,14.04,14.05,1785740
2026-08-24 10:10:00,14.04,14.05,14.03,14.04,1831378
2026-08-24 10:15:00,14.04,14.04,14.02,14.03,1905505
2026-08-24 10:20:00,14.03,14.06,14.02,14.06,2676393
2026-08-24 10:25:00,14.05,14.1,14.04,14.1,9526022
2026-08-24 10:30:00,14.09,14.12,14.07,14.1,6140687
2026-08-24 10:35:00,14.1,14.11,14.09,14.1,2788076
2026-08-24 10:40:00,14.11,14.11,14.1,14.11,1324643
2026-08-24 10:45:00,14.1,14.11,14.07,14.07,2124302
2026-08-24 10:50:00,14.08,14.08,14.06,14.07,1240157
2026-08-24 10:55:00,14.06,14.07,14.04,14.04,4304388
2026-08-24 11:00:00,14.05,14.06,14.04,14.04,1564562
2026-08-24 11:05:00,14.05,14.06,14.04,14.05,1974203
2026-08-24 11:10:00,14.04,14.06,14.03,14.05,2718014
2026-08-24 11:15:00,14.03,14.05,14.03,14.04,1893488
2026-08-24 11:20:00,14.04,14.05,14.03,14.03,429709
2026-08-24 11:25:00,14.04,14.05,14.03,14.04,627890
2026-08-24 11:30:00,14.04,14.06,14.03,14.06,1333217
2026-08-24 11:35:00,14.05,14.06,14.03,14.06,2316839
2026-08-24 11:40:00,14.05,14.07,14.05,14.06,1333161
2026-08-24 11:45:00,14.07,14.1,14.06,14.09,2711359
2026-08-24 11:50:00,14.09,14.1,14.07,14.07,1503015
2026-08-24 11:55:00,14.07,14.08,14.06,14.08,1164412
2026-08-24 12:00:00,14.07,14.09,14.06,14.08,1491497
2026-08-24 12:05:00,14.08,14.16,14.08,14.14,13767030
2026-08-24 12:10:00,14.14,14.15,14.09,14.12,5032899
2026-08-24 12:15:00,14.12,14.13,14.09,14.11,2858773
2026-08-24 12:20:00,14.1,14.11,14.09,14.11,1739081
2026-08-24 12:25:00,14.1,14.14,14.1,14.13,2491170
2026-08-24 12:30:00,14.13,14.14,14.12,14.13,3566938
2026-08-24 12:35:00,14.13,14.14,14.12,14.13,10783945
2026-08-24 12:40:00,14.13,14.14,14.12,14.13,1328965
2026-08-24 12:45:00,14.12,14.13,14.11,14.11,1607032
2026-08-24 12:50:00,14.11,14.12,14.1,14.1,1836928
2026-08-24 12:55:00,14.11,14.11,14.09,14.09,1246425
2026-08-24 13:00:00,14.09,14.11,14.09,14.11,2202014
2026-08-24 13:05:00,14.1,14.11,14.1,14.1,460261
2026-08-24 13:10:00,14.11,14.11,14.09,14.1,753595
2026-08-24 13:15:00,14.09,14.11,14.08,14.09,2228353
2026-08-24 13:20:00,14.08,14.1,14.07,14.08,2151094
2026-08-24 13:25:00,14.07,14.09,14.07,14.08,1323937
2026-08-24 13:30:00,14.08,14.09,14.07,14.08,1129364
2026-08-24 13:35:00,14.07,14.08,14.07,14.08,474927
2026-08-24 13:40:00,14.07,14.08,14.07,14.08,589433
2026-08-24 13:45:00,14.07,14.09,14.07,14.08,641438
2026-08-24 13:50:00,14.09,14.09,14.07,14.08,1567882
2026-08-24 13:55:00,14.08,14.09,14.07,14.07,1631966
2026-08-24 14:00:00,14.07,14.08,14.07,14.08,794332
2026-08-24 14:05:00,14.08,14.08,14.07,14.07,656997
2026-08-24 14:10:00,14.08,14.08,14.06,14.06,1649074
2026-08-24 14:15:00,14.07,14.08,14.06,14.07,1553007
2026-08-24 14:20:00,14.07,14.08,14.06,14.06,1075144
2026-08-24 14:25:00,14.08,14.08,14.06,14.07,920064
2026-08-24 14:30:00,14.07,14.08,14.03,14.04,6928710
2026-08-24 14:35:00,14.03,14.05,14.03,14.04,5319735
2026-08-24 14:40:00,14.04,14.07,14.03,14.05,5672949
2026-08-24 14:45:00,14.05,14.06,14.04,14.05,2931665
2026-08-24 14:50:00,14.06,14.07,14.05,14.07,2952381
2026-08-24 14:55:00,14.06,14.06,14.04,14.05,5114522
2026-08-24 15:00:00,14.04,14.09,14.04,14.07,9297791
2026-08-24 15:05:00,14.08,14.09,14.05,14.06,8651797
2026-08-24 15:10:00,14.07,14.07,14.05,14.06,10549644
2026-08-24 15:15:00,14.05,14.05,14.05,14.05,23090
2026-08-24 15:20:00,14.05,14.05,14.05,14.05,0
2026-08-24 15:25:00,14.05,14.07,14.05,14.07,2540680
2026-08-25 09:15:00,14.09,14.17,14.08,14.14,22458699
2026-08-25 09:20:00,14.14,14.22,14.13,14.2,31459656
2026-08-25 09:25:00,14.2,14.25,14.15,14.19,21718473
2026-08-25 09:30:00,14.19,14.3,14.18,14.29,33310668
2026-08-25 09:35:00,14.28,14.49,14.27,14.43,61848328
2026-08-25 09:40:00,14.42,14.58,14.42,14.56,46129790
2026-08-25 09:45:00,14.57,14.68,14.57,14.67,51802026
2026-08-25 09:50:00,14.66,14.72,14.59,14.67,45366115
2026-08-25 09:55:00,14.66,14.76,14.56,14.72,45724635
2026-08-25 10:00:00,14.72,14.74,14.66,14.66,15351107
2026-08-25 10:05:00,14.66,14.7,14.63,14.64,11460560
2026-08-25 10:10:00,14.63,14.68,14.63,14.68,9712343
2026-08-25 10:15:00,14.67,14.69,14.65,14.65,7147739
2026-08-25 10:20:00,14.65,14.66,14.61,14.64,11336072
2026-08-25 10:25:00,14.65,14.83,14.64,14.74,55256233
2026-08-25 10:30:00,14.74,14.75,14.68,14.73,14296963
2026-08-25 10:35:00,14.73,14.76,14.69,14.76,12768097
2026-08-25 10:40:00,14.75,14.77,14.69,14.72,11803984
2026-08-25 10:45:00,14.72,14.73,14.7,14.71,6414765
2026-08-25 10:50:00,14.71,14.75,14.7,14.73,4664045
2026-08-25 10:55:00,14.73,14.77,14.71,14.76,10939585
2026-08-25 11:00:00,14.76,14.78,14.74,14.78,9198137
2026-08-25 11:05:00,14.78,14.83,14.76,14.8,14701693
2026-08-25 11:10:00,14.79,14.84,14.79,14.83,10943493
2026-08-25 11:15:00,14.82,14.84,14.8,14.81,6989439
2026-08-25 11:20:00,14.82,14.89,14.81,14.88,18596040
2026-08-25 11:25:00,14.88,14.94,14.86,14.93,21129683
2026-08-25 11:30:00,14.94,14.97,14.9,14.94,28103570
2026-08-25 11:35:00,14.95,15.0,14.94,14.95,37902684
2026-08-25 11:40:00,14.96,14.96,14.87,14.88,21471283
2026-08-25 11:45:00,14.87,14.88,14.81,14.85,15542616
2026-08-25 11:50:00,14.84,14.86,14.82,14.84,6224309
2026-08-25 11:55:00,14.84,14.86,14.83,14.86,3851759
2026-08-25 12:00:00,14.86,14.92,14.85,14.91,9030244
2026-08-25 12:05:00,14.9,14.97,14.9,14.95,17803767
2026-08-25 12:10:00,14.95,15.09,14.91,15.08,63191146
2026-08-25 12:15:00,15.09,15.15,15.05,15.08,57354176
2026-08-25 12:20:00,15.08,15.18,15.04,15.13,36876894
2026-08-25 12:25:00,15.13,15.17,15.08,15.09,19396615
2026-08-25 12:30:00,15.08,15.09,15.03,15.04,21830117
2026-08-25 12:35:00,15.05,15.1,15.03,15.1,14519181
2026-08-25 12:40:00,15.09,15.16,15.07,15.09,23497921
2026-08-25 12:45:00,15.08,15.1,15.06,15.09,7401233
2026-08-25 12:50:00,15.08,15.1,15.06,15.07,7573492
2026-08-25 12:55:00,15.06,15.13,15.06,15.11,13185637
2026-08-25 13:00:00,15.1,15.12,15.03,15.09,14079542
2026-08-25 13:05:00,15.09,15.09,15.06,15.07,5076784
2026-08-25 13:10:00,15.07,15.08,15.03,15.04,9907458
2026-08-25 13:15:00,15.03,15.06,15.03,15.03,5415084
2026-08-25 13:20:00,15.04,15.05,15.01,15.02,6065658
2026-08-25 13:25:00,15.03,15.06,15.02,15.05,4882056
2026-08-25 13:30:00,15.06,15.1,15.05,15.1,8696251
2026-08-25 13:35:00,15.09,15.13,15.08,15.11,15815113
2026-08-25 13:40:00,15.11,15.15,15.1,15.13,18722346
2026-08-25 13:45:00,15.13,15.14,15.08,15.09,11052310
2026-08-25 13:50:00,15.09,15.13,15.08,15.11,8750597
2026-08-25 13:55:00,15.13,15.13,15.09,15.12,9752052
2026-08-25 14:00:00,15.12,15.12,15.07,15.09,10765240
2026-08-25 14:05:00,15.08,15.12,15.08,15.11,7307779
2026-08-25 14:10:00,15.11,15.15,15.1,15.15,14705253
2026-08-25 14:15:00,15.14,15.23,15.13,15.23,46927312
2026-08-25 14:20:00,15.22,15.24,15.17,15.21,20545360
2026-08-25 14:25:00,15.21,15.21,15.17,15.17,12078289
2026-08-25 14:30:00,15.17,15.19,15.14,15.18,18051987
2026-08-25 14:35:00,15.18,15.23,15.17,15.23,20436407
2026-08-25 14:40:00,15.22,15.24,15.18,15.2,22573713
2026-08-25 14:45:00,15.2,15.25,15.18,15.23,24452559
2026-08-25 14:50:00,15.24,15.31,15.23,15.3,42649101
2026-08-25 14:55:00,15.3,15.31,15.25,15.26,21886016
2026-08-25 15:00:00,15.25,15.26,15.22,15.24,24089739
2026-08-25 15:05:00,15.24,15.26,15.19,15.25,42111772
2026-08-25 15:10:00,15.25,15.29,15.17,15.2,63620706
2026-08-25 15:15:00,15.2,15.2,15.2,15.2,3001
2026-08-25 15:20:00,15.2,15.2,15.2,15.2,0
2026-08-25 15:25:00,15.2,15.2,15.19,15.19,3677980
2026-08-26 09:15:00,15.26,15.35,15.21,15.3,61564781
2026-08-26 09:20:00,15.3,15.37,15.23,15.3,31232992
2026-08-26 09:25:00,15.29,15.3,15.18,15.22,24682805
2026-08-26 09:30:00,15.22,15.25,15.2,15.23,7525274
2026-08-26 09:35:00,15.21,15.26,15.16,15.17,10756976
2026-08-26 09:40:00,15.17,15.19,15.12,15.15,17258909
2026-08-26 09:45:00,15.15,15.17,15.14,15.16,4526544
2026-08-26 09:50:00,15.16,15.18,15.13,15.15,6778811
2026-08-26 09:55:00,15.15,15.16,15.09,15.11,9020904
2026-08-26 10:00:00,15.1,15.11,15.06,15.08,10647841
2026-08-26 10:05:00,15.08,15.13,15.05,15.12,11009471
2026-08-26 10:10:00,15.12,15.13,15.08,15.09,7294846
2026-08-26 10:15:00,15.08,15.09,15.02,15.05,11430660
2026-08-26 10:20:00,15.06,15.12,15.04,15.1,5618019
2026-08-26 10:25:00,15.11,15.12,15.08,15.1,5581282
2026-08-26 10:30:00,15.11,15.11,15.08,15.08,2239988
2026-08-26 10:35:00,15.08,15.1,15.05,15.07,6111458
2026-08-26 10:40:00,15.08,15.12,15.07,15.1,4437482
2026-08-26 10:45:00,15.1,15.11,15.08,15.09,2159699
2026-08-26 10:50:00,15.1,15.1,15.07,15.08,2495999
2026-08-26 10:55:00,15.08,15.09,15.07,15.09,1349180
2026-08-26 11:00:00,15.09,15.16,15.08,15.15,7597711
2026-08-26 11:05:00,15.16,15.18,15.14,15.16,5627326
2026-08-26 11:10:00,15.16,15.19,15.14,15.16,5583491
2026-08-26 11:15:00,15.15,15.16,15.1,15.11,3921762
2026-08-26 11:20:00,15.1,15.12,15.1,15.1,2089715
2026-08-26 11:25:00,15.11,15.11,15.08,15.09,3834438
2026-08-26 11:30:00,15.09,15.13,15.09,15.13,2157789
2026-08-26 11:35:00,15.13,15.13,15.11,15.11,3285180
2026-08-26 11:40:00,15.11,15.14,15.11,15.13,1633686
2026-08-26 11:45:00,15.12,15.15,15.12,15.15,2108692
2026-08-26 11:50:00,15.14,15.15,15.11,15.12,2490716
2026-08-26 11:55:00,15.11,15.14,15.11,15.14,1544071
2026-08-26 12:00:00,15.14,15.14,15.1,15.1,1396753
2026-08-26 12:05:00,15.11,15.12,15.09,15.1,2054378
2026-08-26 12:10:00,15.09,15.18,15.09,15.13,12943908
2026-08-26 12:15:00,15.14,15.15,15.11,15.11,3158277
2026-08-26 12:20:00,15.12,15.12,15.08,15.09,3602993
2026-08-26 12:25:00,15.09,15.1,15.08,15.09,2158363
2026-08-26 12:30:00,15.09,15.1,15.06,15.06,3496761
2026-08-26 12:35:00,15.06,15.09,15.06,15.08,1775846
2026-08-26 12:40:00,15.08,15.09,15.07,15.08,1089744
2026-08-26 12:45:00,15.09,15.1,15.07,15.09,1746208
2026-08-26 12:50:00,15.09,15.1,15.08,15.09,2603886
2026-08-26 12:55:00,15.09,15.11,15.09,15.1,1575242
2026-08-26 13:00:00,15.1,15.11,15.08,15.08,2598833
2026-08-26 13:05:00,15.09,15.1,15.08,15.09,1665451
2026-08-26 13:10:00,15.1,15.11,15.09,15.1,1916955
2026-08-26 13:15:00,15.1,15.11,15.09,15.1,1201719
2026-08-26 13:20:00,15.11,15.12,15.1,15.1,1543626
2026-08-26 13:25:00,15.1,15.16,15.1,15.15,4306198
2026-08-26 13:30:00,15.14,15.15,15.13,15.13,1814927
2026-08-26 13:35:00,15.14,15.15,15.13,15.14,1787429
2026-08-26 13:40:00,15.14,15.16,15.12,15.13,2548859
2026-08-26 13:45:00,15.12,15.15,15.12,15.14,2271406
2026-08-26 13:50:00,15.13,15.14,15.09,15.1,3657077
2026-08-26 13:55:00,15.09,15.1,15.05,15.07,6539246
2026-08-26 14:00:00,15.06,15.07,15.05,15.06,3698768
2026-08-26 14:05:00,15.06,15.08,15.06,15.07,2299442
2026-08-26 14:10:00,15.08,15.12,15.06,15.1,4311877
2026-08-26 14:15:00,15.11,15.12,15.1,15.11,1911276
2026-08-26 14:20:00,15.12,15.13,15.1,15.12,3887492
2026-08-26 14:25:00,15.12,15.12,15.1,15.12,1500954
2026-08-26 14:30:00,15.11,15.18,15.11,15.17,12078112
2026-08-26 14:35:00,15.18,15.18,15.12,15.12,3417527
2026-08-26 14:40:00,15.13,15.16,15.12,15.15,8832618
2026-08-26 14:45:00,15.14,15.17,15.14,15.15,3063880
2026-08-26 14:50:00,15.16,15.17,15.14,15.17,5578575
2026-08-26 14:55:00,15.18,15.18,15.11,15.13,12490703
2026-08-26 15:00:00,15.13,15.13,15.06,15.07,12171272
2026-08-26 15:05:00,15.06,15.09,15.06,15.06,22977726
2026-08-26 15:10:00,15.07,15.07,15.03,15.06,18409105
2026-08-26 15:15:00,15.06,15.06,15.06,15.06,132074
2026-08-26 15:20:00,15.06,15.06,15.06,15.06,0
2026-08-26 15:25:00,15.06,15.06,15.06,15.06,3348002
2026-08-27 09:15:00,15.12,15.26,15.04,15.1,71543037
2026-08-27 09:20:00,15.09,15.18,15.05,15.07,27860921
2026-08-27 09:25:00,15.07,15.12,15.02,15.09,18853502
2026-08-27 09:30:00,15.09,15.14,14.95,14.97,17379106
2026-08-27 09:35:00,14.98,14.98,14.91,14.97,10854763
2026-08-27 09:40:00,14.96,15.04,14.96,15.01,8557297
2026-08-27 09:45:00,15.02,15.06,14.98,14.98,9035086
2026-08-27 09:50:00,14.99,15.02,14.97,15.02,3917979
2026-08-27 09:55:00,15.02,15.03,14.98,14.99,2876222
2026-08-27 10:00:00,15.0,15.0,14.97,14.97,3904290
2026-08-27 10:05:00,14.97,14.98,14.96,14.96,2710485
2026-08-27 10:10:00,14.97,15.04,14.95,15.04,6243032
2026-08-27 10:15:00,15.03,15.11,15.03,15.05,11433811
2026-08-27 10:20:00,15.05,15.06,14.99,15.01,4001887
2026-08-27 10:25:00,15.0,15.02,14.99,15.01,1911283
2026-08-27 10:30:00,15.01,15.06,15.0,15.05,1990691
2026-08-27 10:35:00,15.05,15.06,15.01,15.01,1596616
2026-08-27 10:40:00,15.02,15.03,15.01,15.02,967492
2026-08-27 10:45:00,15.02,15.03,15.0,15.02,1661382
2026-08-27 10:50:00,15.02,15.02,14.98,15.0,3356684
2026-08-27 10:55:00,14.99,15.01,14.97,14.98,2172320
2026-08-27 11:00:00,14.98,14.99,14.96,14.99,2826086
2026-08-27 11:05:00,14.99,15.0,14.95,14.96,2295868
2026-08-27 11:10:00,14.97,15.0,14.96,14.97,1379458
2026-08-27 11:15:00,14.98,15.0,14.97,14.98,895588
2026-08-27 11:20:00,14.98,15.03,14.98,15.01,2799760
2026-08-27 11:25:00,15.01,15.02,15.0,15.01,1481399
2026-08-27 11:30:00,15.01,15.02,15.0,15.0,1470532
2026-08-27 11:35:00,15.01,15.02,15.0,15.0,934583
2026-08-27 11:40:00,15.01,15.04,15.0,15.03,2412383
2026-08-27 11:45:00,15.02,15.03,15.0,15.02,1322569
2026-08-27 11:50:00,15.01,15.03,15.01,15.03,809973
2026-08-27 11:55:00,15.03,15.08,15.01,15.06,8092289
2026-08-27 12:00:00,15.06,15.07,15.05,15.06,3545196
2026-08-27 12:05:00,15.05,15.1,15.05,15.07,4928293
2026-08-27 12:10:00,15.07,15.07,15.04,15.05,2330384
2026-08-27 12:15:00,15.04,15.05,15.03,15.04,1529789
2026-08-27 12:20:00,15.04,15.05,15.03,15.04,880858
2026-08-27 12:25:00,15.03,15.08,15.03,15.07,3515415
2026-08-27 12:30:00,15.06,15.07,15.03,15.03,1686212
2026-08-27 12:35:00,15.04,15.06,15.03,15.05,1200391
2026-08-27 12:40:00,15.06,15.07,15.04,15.05,970003
2026-08-27 12:45:00,15.05,15.06,15.0,15.01,5041373
2026-08-27 12:50:00,15.0,15.03,15.0,15.03,1073360
2026-08-27 12:55:00,15.02,15.03,15.01,15.02,600556
2026-08-27 13:00:00,15.01,15.02,14.98,15.0,3748210
2026-08-27 13:05:00,15.0,15.01,14.91,14.93,12166752
2026-08-27 13:10:00,14.93,14.96,14.91,14.93,6601371
2026-08-27 13:15:00,14.93,14.99,14.93,14.99,3753029
2026-08-27 13:20:00,14.98,14.99,14.91,14.92,3646146
2026-08-27 13:25:00,14.91,14.95,14.91,14.95,2786369
2026-08-27 13:30:00,14.94,14.98,14.94,14.94,2565423
2026-08-27 13:35:00,14.95,14.96,14.94,14.95,1370339
2026-08-27 13:40:00,14.95,14.96,14.94,14.95,1372298
2026-08-27 13:45:00,14.96,14.96,14.94,14.96,2565614
2026-08-27 13:50:00,14.95,14.96,14.94,14.94,712322
2026-08-27 13:55:00,14.95,14.95,14.93,14.95,1998065
2026-08-27 14:00:00,14.94,14.95,14.93,14.95,1121478
2026-08-27 14:05:00,14.95,14.96,14.92,14.96,13306852
2026-08-27 14:10:00,14.95,14.96,14.94,14.96,1307192
2026-08-27 14:15:00,14.96,14.97,14.95,14.97,1696976
2026-08-27 14:20:00,14.96,15.0,14.96,15.0,3386121
2026-08-27 14:25:00,14.99,15.03,14.98,15.01,6927095
2026-08-27 14:30:00,15.02,15.03,14.98,15.0,4308746
2026-08-27 14:35:00,15.01,15.01,14.99,14.99,1824543
2026-08-27 14:40:00,14.99,15.0,14.97,14.99,4519985
2026-08-27 14:45:00,15.0,15.02,14.99,15.0,3861054
2026-08-27 14:50:00,15.03,15.03,15.0,15.02,9621298
2026-08-27 14:55:00,15.02,15.02,14.97,14.97,10883120
2026-08-27 15:00:00,14.96,14.98,14.93,14.95,14965591
2026-08-27 15:05:00,14.94,14.95,14.91,14.95,23634134
2026-08-27 15:10:00,14.94,14.97,14.93,14.96,16074613
2026-08-27 15:15:00,14.96,14.96,14.96,14.96,529
2026-08-27 15:20:00,14.96,14.96,14.96,14.96,0
2026-08-27 15:25:00,14.96,14.97,14.96,14.97,1639911
2026-08-28 09:15:00,15.03,15.1,14.76,14.82,33711256
2026-08-28 09:20:00,14.82,14.93,14.81,14.91,29492247
2026-08-28 09:25:00,14.9,14.95,14.86,14.89,14037504
2026-08-28 09:30:00,14.88,14.91,14.86,14.89,3910383
2026-08-28 09:35:00,14.89,14.93,14.89,14.91,3802184
2026-08-28 09:40:00,14.92,15.0,14.91,14.94,21811496
2026-08-28 09:45:00,14.94,14.96,14.92,14.96,3811450
2026-08-28 09:50:00,14.95,14.96,14.93,14.93,2686414
2026-08-28 09:55:00,14.93,14.94,14.91,14.93,1988130
2026-08-28 10:00:00,14.93,14.94,14.91,14.91,1793001
2026-08-28 10:05:00,14.91,14.93,14.9,14.91,1391793
2026-08-28 10:10:00,14.91,14.91,14.88,14.89,3866942
2026-08-28 10:15:00,14.9,14.9,14.89,14.9,975380
2026-08-28 10:20:00,14.9,14.9,14.85,14.86,3421419
2026-08-28 10:25:00,14.86,14.88,14.85,14.88,1637236
2026-08-28 10:30:00,14.87,14.88,14.78,14.8,10729580
2026-08-28 10:35:00,14.8,14.8,14.75,14.77,10341731
2026-08-28 10:40:00,14.77,14.77,14.67,14.69,18970914
2026-08-28 10:45:00,14.68,14.7,14.63,14.66,11333108
2026-08-28 10:50:00,14.65,14.67,14.64,14.66,7140321
2026-08-28 10:55:00,14.65,14.68,14.63,14.66,7089781
2026-08-28 11:00:00,14.67,14.67,14.66,14.67,2828877
2026-08-28 11:05:00,14.67,14.67,14.64,14.64,5068877
2026-08-28 11:10:00,14.64,14.67,14.64,14.67,4507928
2026-08-28 11:15:00,14.67,14.72,14.65,14.7,5610744
2026-08-28 11:20:00,14.69,14.72,14.69,14.71,1981498
2026-08-28 11:25:00,14.7,14.73,14.69,14.71,5809903
2026-08-28 11:30:00,14.72,14.72,14.7,14.7,1798349
2026-08-28 11:35:00,14.7,14.71,14.67,14.68,2204983
2026-08-28 11:40:00,14.69,14.7,14.68,14.69,1153608
2026-08-28 11:45:00,14.69,14.69,14.62,14.64,4659490
2026-08-28 11:50:00,14.64,14.64,14.63,14.63,1192315
2026-08-28 11:55:00,14.63,14.64,14.6,14.61,5699277
2026-08-28 12:00:00,14.6,14.63,14.6,14.62,3476016
2026-08-28 12:05:00,14.61,14.67,14.61,14.65,2276811
2026-08-28 12:10:00,14.65,14.66,14.65,14.66,709250
2026-08-28 12:15:00,14.65,14.7,14.65,14.69,6335681
2026-08-28 12:20:00,14.68,14.69,14.66,14.67,1212865
2026-08-28 12:25:00,14.67,14.67,14.64,14.65,1693795
2026-08-28 12:30:00,14.64,14.66,14.64,14.66,2188469
2026-08-28 12:35:00,14.65,14.66,14.63,14.63,2079526
2026-08-28 12:40:00,14.63,14.66,14.63,14.65,1798894
2026-08-28 12:45:00,14.64,14.66,14.64,14.66,1132473
2026-08-28 12:50:00,14.65,14.68,14.65,14.68,1568749
2026-08-28 12:55:00,14.67,14.72,14.67,14.69,4925400
2026-08-28 13:00:00,14.69,14.7,14.67,14.7,2559319
2026-08-28 13:05:00,14.69,14.7,14.69,14.7,1079818
2026-08-28 13:10:00,14.7,14.75,14.69,14.73,6207765
2026-08-28 13:15:00,14.73,14.74,14.71,14.74,2516177
2026-08-28 13:20:00,14.73,14.76,14.73,14.75,2989641
2026-08-28 13:25:00,14.74,14.76,14.71,14.71,3458291
2026-08-28 13:30:00,14.71,14.74,14.71,14.71,2662980
2026-08-28 13:35:00,14.71,14.73,14.71,14.73,1874022
2026-08-28 13:40:00,14.72,14.74,14.7,14.71,1621586
2026-08-28 13:45:00,14.7,14.71,14.68,14.68,2755431
2026-08-28 13:50:00,14.68,14.7,14.68,14.68,1362022
2026-08-28 13:55:00,14.69,14.7,14.68,14.69,644991
2026-08-28 14:00:00,14.7,14.7,14.68,14.69,1328828
2026-08-28 14:05:00,14.69,14.69,14.68,14.69,1219677
2026-08-28 14:10:00,14.68,14.72,14.67,14.7,2567052
2026-08-28 14:15:00,14.71,14.72,14.69,14.7,1980797
2026-08-28 14:20:00,14.7,14.7,14.67,14.69,3236601
2026-08-28 14:25:00,14.69,14.7,14.68,14.7,752361
2026-08-28 14:30:00,14.69,14.7,14.69,14.7,1189444
2026-08-28 14:35:00,14.69,14.72,14.68,14.71,2092008
2026-08-28 14:40:00,14.71,14.72,14.69,14.71,3877150
2026-08-28 14:45:00,14.71,14.72,14.69,14.7,2651004
2026-08-28 14:50:00,14.7,14.72,14.67,14.67,6423882
2026-08-28 14:55:00,14.66,14.67,14.64,14.65,6585551
2026-08-28 15:00:00,14.66,14.66,14.62,14.63,7246662
2026-08-28 15:05:00,14.63,14.66,14.61,14.64,14105566
2026-08-28 15:10:00,14.64,14.69,14.61,14.68,20014778
2026-08-28 15:15:00,14.68,14.68,14.68,14.68,24
2026-08-28 15:20:00,14.68,14.68,14.68,14.68,0
2026-08-28 15:25:00,14.68,14.68,14.68,14.68,2810845
2026-08-31 09:15:00,14.78,14.81,14.63,14.7,26790981
2026-08-31 09:20:00,14.7,14.79,14.63,14.69,37940407
2026-08-31 09:25:00,14.68,14.82,14.67,14.78,13668713
2026-08-31 09:30:00,14.78,14.92,14.76,14.91,23336261
2026-08-31 09:35:00,14.9,14.91,14.77,14.78,14709503
2026-08-31 09:40:00,14.78,14.8,14.74,14.76,6644498
2026-08-31 09:45:00,14.75,14.8,14.74,14.78,6782421
2026-08-31 09:50:00,14.77,14.83,14.75,14.76,5807403
2026-08-31 09:55:00,14.76,14.8,14.75,14.79,3226173
2026-08-31 10:00:00,14.8,14.81,14.73,14.73,5335622
2026-08-31 10:05:00,14.74,14.75,14.72,14.74,2602803
2026-08-31 10:10:00,14.74,14.74,14.7,14.7,6513444
2026-08-31 10:15:00,14.71,14.75,14.7,14.74,2380133
2026-08-31 10:20:00,14.74,14.75,14.72,14.73,3248366
2026-08-31 10:25:00,14.74,14.84,14.73,14.79,9304432
2026-08-31 10:30:00,14.79,14.81,14.74,14.75,3400145
2026-08-31 10:35:00,14.75,14.75,14.7,14.72,4134798
2026-08-31 10:40:00,14.72,14.75,14.71,14.74,1615001
2026-08-31 10:45:00,14.74,14.77,14.74,14.76,4381276
2026-08-31 10:50:00,14.75,14.79,14.74,14.78,4251221
2026-08-31 10:55:00,14.78,14.8,14.77,14.8,2920021
2026-08-31 11:00:00,14.8,14.8,14.76,14.77,987471
2026-08-31 11:05:00,14.76,14.78,14.76,14.76,801146
2026-08-31 11:10:00,14.76,14.77,14.74,14.74,1485529
2026-08-31 11:15:00,14.75,14.77,14.74,14.75,754180
2026-08-31 11:20:00,14.76,14.76,14.74,14.75,810984
2026-08-31 11:25:00,14.76,14.78,14.75,14.77,1047559
2026-08-31 11:30:00,14.76,14.79,14.75,14.76,5014135
2026-08-31 11:35:00,14.77,14.78,14.76,14.76,547616
2026-08-31 11:40:00,14.76,14.78,14.76,14.78,1336734
2026-08-31 11:45:00,14.77,14.78,14.75,14.77,1675017
2026-08-31 11:50:00,14.76,14.79,14.76,14.78,1946563
2026-08-31 11:55:00,14.79,14.8,14.76,14.76,1521034
2026-08-31 12:00:00,14.77,14.77,14.74,14.76,1875709
2026-08-31 12:05:00,14.77,14.77,14.75,14.76,1208825
2026-08-31 12:10:00,14.76,14.8,14.76,14.78,4676078
2026-08-31 12:15:00,14.78,14.79,14.76,14.77,2679680
2026-08-31 12:20:00,14.77,14.78,14.75,14.76,989989
2026-08-31 12:25:00,14.76,14.77,14.75,14.76,818134
2026-08-31 12:30:00,14.76,14.78,14.76,14.77,913232
2026-08-31 12:35:00,14.78,14.79,14.76,14.79,835160
2026-08-31 12:40:00,14.78,14.79,14.76,14.77,783787
2026-08-31 12:45:00,14.76,14.78,14.76,14.77,438317
2026-08-31 12:50:00,14.77,14.78,14.75,14.76,964583
2026-08-31 12:55:00,14.75,14.76,14.68,14.71,7608312
2026-08-31 13:00:00,14.68,14.71,14.67,14.7,5328540
2026-08-31 13:05:00,14.71,14.72,14.7,14.71,1506484
2026-08-31 13:10:00,14.71,14.71,14.68,14.69,1863454
2026-08-31 13:15:00,14.7,14.71,14.69,14.7,1449866
2026-08-31 13:20:00,14.69,14.7,14.67,14.69,2403862
2026-08-31 13:25:00,14.69,14.69,14.68,14.68,1642857
2026-08-31 13:30:00,14.68,14.71,14.68,14.71,1818532
2026-08-31 13:35:00,14.7,14.71,14.69,14.71,886311
2026-08-31 13:40:00,14.7,14.71,14.7,14.7,422599
2026-08-31 13:45:00,14.7,14.71,14.7,14.7,454286
2026-08-31 13:50:00,14.7,14.75,14.7,14.75,4934807
2026-08-31 13:55:00,14.74,14.82,14.74,14.77,8718255
2026-08-31 14:00:00,14.76,14.82,14.76,14.79,3203107
2026-08-31 14:05:00,14.79,14.8,14.77,14.79,2650769
2026-08-31 14:10:00,14.8,14.81,14.79,14.81,2997929
2026-08-31 14:15:00,14.81,14.81,14.79,14.79,2995952
2026-08-31 14:20:00,14.79,14.81,14.79,14.8,3933918
2026-08-31 14:25:00,14.81,14.81,14.8,14.8,2393414
2026-08-31 14:30:00,14.8,14.81,14.76,14.76,3760344
2026-08-31 14:35:00,14.76,14.8,14.76,14.77,3982725
2026-08-31 14:40:00,14.77,14.8,14.77,14.77,4927176
2026-08-31 14:45:00,14.78,14.85,14.77,14.8,6065796
2026-08-31 14:50:00,14.82,14.82,14.77,14.78,4854324
2026-08-31 14:55:00,14.78,14.82,14.75,14.78,6609930
2026-08-31 15:00:00,14.78,14.78,14.72,14.74,8158099
2026-08-31 15:05:00,14.74,14.74,14.69,14.7,14242363
2026-08-31 15:10:00,14.69,14.75,14.65,14.7,20219083
2026-08-31 15:15:00,14.7,14.7,14.7,14.7,6002
2026-08-31 15:20:00,14.7,14.7,14.7,14.7,0
2026-08-31 15:25:00,14.7,14.7,14.33,14.33,63614461
2026-09-01 09:15:00,14.6,14.63,14.5,14.58,24284411
2026-09-01 09:20:00,14.58,14.58,14.51,14.52,9643531
2026-09-01 09:25:00,14.52,14.57,14.51,14.54,7713749
2026-09-01 09:30:00,14.54,14.54,14.48,14.5,7217765
2026-09-01 09:35:00,14.49,14.52,14.47,14.47,3589510
2026-09-01 09:40:00,14.47,14.48,14.43,14.44,4358165
2026-09-01 09:45:00,14.45,14.45,14.42,14.43,4167619
2026-09-01 09:50:00,14.42,14.44,14.38,14.38,4758859
2026-09-01 09:55:00,14.39,14.4,14.36,14.39,7587557
2026-09-01 10:00:00,14.4,14.42,14.37,14.39,4039156
2026-09-01 10:05:00,14.4,14.41,14.36,14.37,3968952
2026-09-01 10:10:00,14.36,14.38,14.32,14.33,6175687
2026-09-01 10:15:00,14.34,14.41,14.33,14.4,4992117
2026-09-01 10:20:00,14.39,14.41,14.39,14.4,2072840
2026-09-01 10:25:00,14.39,14.4,14.37,14.38,1810829
2026-09-01 10:30:00,14.37,14.39,14.37,14.38,996790
2026-09-01 10:35:00,14.38,14.44,14.36,14.44,4397360
2026-09-01 10:40:00,14.42,14.43,14.36,14.37,4181958
2026-09-01 10:45:00,14.37,14.37,14.35,14.36,1548364
2026-09-01 10:50:00,14.37,14.39,14.36,14.39,1365998
2026-09-01 10:55:00,14.38,14.4,14.36,14.36,2434563
2026-09-01 11:00:00,14.36,14.37,14.35,14.36,1243033
2026-09-01 11:05:00,14.36,14.4,14.35,14.38,1453687
2026-09-01 11:10:00,14.38,14.4,14.37,14.4,2148052
2026-09-01 11:15:00,14.4,14.4,14.36,14.37,2156262
2026-09-01 11:20:00,14.38,14.39,14.37,14.38,917518
2026-09-01 11:25:00,14.37,14.39,14.37,14.38,1776947
2026-09-01 11:30:00,14.37,14.39,14.33,14.33,4431956
2026-09-01 11:35:00,14.34,14.35,14.31,14.31,2787271
2026-09-01 11:40:00,14.31,14.36,14.3,14.35,6153479
2026-09-01 11:45:00,14.35,14.36,14.33,14.34,2112435
2026-09-01 11:50:00,14.34,14.35,14.33,14.35,1053751
2026-09-01 11:55:00,14.34,14.35,14.34,14.35,528034
2026-09-01 12:00:00,14.34,14.35,14.33,14.34,1054346
2026-09-01 12:05:00,14.33,14.38,14.33,14.36,1813325
2026-09-01 12:10:00,14.35,14.36,14.33,14.33,1718124
2026-09-01 12:15:00,14.33,14.34,14.31,14.31,1486419
2026-09-01 12:20:00,14.31,14.32,14.3,14.3,2489696
2026-09-01 12:25:00,14.3,14.31,14.3,14.31,1572223
2026-09-01 12:30:00,14.3,14.32,14.27,14.29,3786790
2026-09-01 12:35:00,14.28,14.29,14.27,14.27,1134223
2026-09-01 12:40:00,14.27,14.33,14.27,14.32,4177069
2026-09-01 12:45:00,14.32,14.32,14.28,14.3,1884215
2026-09-01 12:50:00,14.31,14.31,14.29,14.3,1028822
2026-09-01 12:55:00,14.3,14.31,14.28,14.29,1814266
2026-09-01 13:00:00,14.29,14.29,14.27,14.28,1183211
2026-09-01 13:05:00,14.27,14.29,14.27,14.29,1259006
2026-09-01 13:10:00,14.28,14.29,14.27,14.27,1291238
2026-09-01 13:15:00,14.27,14.28,14.25,14.26,3414202
2026-09-01 13:20:00,14.25,14.26,14.2,14.21,4672900
2026-09-01 13:25:00,14.21,14.21,14.17,14.19,5797023
2026-09-01 13:30:00,14.18,14.2,14.17,14.19,2558807
2026-09-01 13:35:00,14.18,14.2,14.17,14.17,1764292
2026-09-01 13:40:00,14.17,14.18,14.13,14.15,5781529
2026-09-01 13:45:00,14.14,14.15,14.11,14.13,2635927
2026-09-01 13:50:00,14.12,14.13,14.08,14.09,7398126
2026-09-01 13:55:00,14.1,14.12,14.07,14.1,4836410
2026-09-01 14:00:00,14.09,14.1,14.0,14.04,13601726
2026-09-01 14:05:00,14.03,14.06,14.02,14.02,5157764
2026-09-01 14:10:00,14.02,14.04,14.01,14.03,8826803
2026-09-01 14:15:00,14.04,14.04,14.0,14.02,5966922
2026-09-01 14:20:00,14.01,14.03,13.96,13.98,6788424
2026-09-01 14:25:00,13.98,14.03,13.97,14.03,5469970
2026-09-01 14:30:00,14.02,14.05,14.0,14.04,3262082
2026-09-01 14:35:00,14.03,14.04,14.0,14.01,3019148
2026-09-01 14:40:00,14.01,14.02,14.0,14.0,2659946
2026-09-01 14:45:00,14.01,14.04,13.99,14.04,6071932
2026-09-01 14:50:00,14.04,14.09,14.03,14.08,9022246
2026-09-01 14:55:00,14.08,14.1,14.06,14.07,5849787
2026-09-01 15:00:00,14.07,14.09,14.05,14.07,5560880
2026-09-01 15:05:00,14.07,14.08,14.03,14.08,11361811
2026-09-01 15:10:00,14.08,14.08,14.03,14.05,14533852
2026-09-01 15:15:00,14.05,14.05,14.05,14.05,0
2026-09-01 15:20:00,14.05,14.05,14.05,14.05,0
2026-09-01 15:25:00,14.05,14.06,14.05,14.06,3314112
2026-09-02 09:15:00,14.12,14.13,13.93,14.05,32570704
2026-09-02 09:20:00,14.04,14.06,13.96,14.04,14477955
2026-09-02 09:25:00,14.05,14.16,14.02,14.16,17201838
2026-09-02 09:30:00,14.15,14.21,14.11,14.2,17519627
2026-09-02 09:35:00,14.17,14.18,14.08,14.08,10606538
2026-09-02 09:40:00,14.09,14.17,14.08,14.14,5375812
2026-09-02 09:45:00,14.15,14.22,14.13,14.19,11003856
2026-09-02 09:50:00,14.2,14.4,14.16,14.38,34027287
2026-09-02 09:55:00,14.38,14.52,14.36,14.49,26299376
2026-09-02 10:00:00,14.48,14.53,14.45,14.45,19124580
2026-09-02 10:05:00,14.48,14.72,14.47,14.71,27870200
2026-09-02 10:10:00,14.69,14.7,14.54,14.59,27381959
2026-09-02 10:15:00,14.58,14.67,14.57,14.58,16201671
2026-09-02 10:20:00,14.59,14.63,14.55,14.6,10685901
2026-09-02 10:25:00,14.6,14.61,14.55,14.59,8585261
2026-09-02 10:30:00,14.59,14.62,14.57,14.59,7689619
2026-09-02 10:35:00,14.57,14.58,14.54,14.58,4836892
2026-09-02 10:40:00,14.57,14.6,14.56,14.57,4507553
2026-09-02 10:45:00,14.56,14.57,14.52,14.54,5979441
2026-09-02 10:50:00,14.53,14.54,14.48,14.51,8062668
2026-09-02 10:55:00,14.52,14.55,14.51,14.54,3226944
2026-09-02 11:00:00,14.55,14.56,14.42,14.42,14354429
2026-09-02 11:05:00,14.42,14.45,14.42,14.45,5603136
2026-09-02 11:10:00,14.45,14.45,14.42,14.44,3033697
2026-09-02 11:15:00,14.44,14.45,14.39,14.41,6249698
2026-09-02 11:20:00,14.42,14.42,14.4,14.42,1708275
2026-09-02 11:25:00,14.41,14.45,14.4,14.41,5327705
2026-09-02 11:30:00,14.42,14.43,14.41,14.42,1905297
2026-09-02 11:35:00,14.43,14.43,14.37,14.4,5159851
2026-09-02 11:40:00,14.41,14.42,14.39,14.41,3062660
2026-09-02 11:45:00,14.4,14.44,14.4,14.41,2577583
2026-09-02 11:50:00,14.41,14.43,14.41,14.43,1649762
2026-09-02 11:55:00,14.43,14.49,14.4,14.49,7494587
2026-09-02 12:00:00,14.49,14.49,14.43,14.44,3076983
2026-09-02 12:05:00,14.43,14.45,14.41,14.42,1985466
2026-09-02 12:10:00,14.43,14.47,14.42,14.45,2892763
2026-09-02 12:15:00,14.46,14.49,14.45,14.47,3476619
2026-09-02 12:20:00,14.47,14.5,14.46,14.49,6622126
2026-09-02 12:25:00,14.49,14.49,14.47,14.48,2147644
2026-09-02 12:30:00,14.48,14.5,14.47,14.48,4289027
2026-09-02 12:35:00,14.49,14.5,14.47,14.5,2833929
2026-09-02 12:40:00,14.5,14.58,14.49,14.55,5216216
2026-09-02 12:45:00,14.55,14.57,14.53,14.56,3763406
2026-09-02 12:50:00,14.56,14.56,14.53,14.53,2460121
2026-09-02 12:55:00,14.54,14.54,14.52,14.53,2094975
2026-09-02 13:00:00,14.53,14.54,14.51,14.52,2060229
2026-09-02 13:05:00,14.52,14.53,14.5,14.53,2464216
2026-09-02 13:10:00,14.53,14.53,14.51,14.51,1861982
2026-09-02 13:15:00,14.52,14.56,14.51,14.55,4486697
2026-09-02 13:20:00,14.55,14.56,14.53,14.55,1509467
2026-09-02 13:25:00,14.54,14.58,14.54,14.57,2888923
2026-09-02 13:30:00,14.57,14.57,14.52,14.53,2959416
2026-09-02 13:35:00,14.53,14.55,14.51,14.52,4017384
2026-09-02 13:40:00,14.52,14.53,14.5,14.53,3004676
2026-09-02 13:45:00,14.52,14.53,14.5,14.52,2825003
2026-09-02 13:50:00,14.51,14.52,14.5,14.51,1518854
2026-09-02 13:55:00,14.51,14.52,14.49,14.51,1552906
2026-09-02 14:00:00,14.5,14.52,14.49,14.5,1319711
2026-09-02 14:05:00,14.5,14.5,14.48,14.49,1701899
2026-09-02 14:10:00,14.49,14.5,14.48,14.49,1556168
2026-09-02 14:15:00,14.49,14.51,14.48,14.51,2291703
2026-09-02 14:20:00,14.51,14.51,14.49,14.5,1951768
2026-09-02 14:25:00,14.51,14.56,14.5,14.55,6285959
2026-09-02 14:30:00,14.55,14.57,14.54,14.55,4382565
2026-09-02 14:35:00,14.56,14.57,14.54,14.55,4407230
2026-09-02 14:40:00,14.56,14.57,14.51,14.52,7382333
2026-09-02 14:45:00,14.53,14.53,14.51,14.52,3217960
2026-09-02 14:50:00,14.51,14.53,14.51,14.51,3168187
2026-09-02 14:55:00,14.51,14.52,14.5,14.5,4223154
2026-09-02 15:00:00,14.5,14.51,14.49,14.5,4713410
2026-09-02 15:05:00,14.5,14.52,14.49,14.52,10529823
2026-09-02 15:10:00,14.52,14.57,14.49,14.53,22160862
2026-09-02 15:15:00,14.53,14.53,14.53,14.53,506
2026-09-02 15:20:00,14.53,14.53,14.53,14.53,0
2026-09-02 15:25:00,14.53,14.53,14.53,14.53,2636673
2026-09-03 09:15:00,14.63,14.64,14.48,14.62,28646901
2026-09-03 09:20:00,14.62,14.68,14.61,14.65,13424291
2026-09-03 09:25:00,14.64,14.64,14.55,14.56,7450848
2026-09-03 09:30:00,14.56,14.57,14.53,14.55,12831391
2026-09-03 09:35:00,14.56,14.56,14.51,14.52,9011808
2026-09-03 09:40:00,14.53,14.56,14.52,14.55,4767288
2026-09-03 09:45:00,14.55,14.58,14.54,14.56,3496709
2026-09-03 09:50:00,14.56,14.64,14.54,14.63,6898879
2026-09-03 09:55:00,14.62,14.72,14.62,14.71,10776803
2026-09-03 10:00:00,14.71,14.71,14.62,14.65,6453021
2026-09-03 10:05:00,14.65,14.65,14.61,14.61,2359070
2026-09-03 10:10:00,14.62,14.62,14.6,14.61,1630624
2026-09-03 10:15:00,14.61,14.61,14.58,14.6,2198163
2026-09-03 10:20:00,14.58,14.6,14.55,14.56,2967713
2026-09-03 10:25:00,14.56,14.58,14.55,14.58,2661444
2026-09-03 10:30:00,14.58,14.59,14.55,14.56,2892032
2026-09-03 10:35:00,14.56,14.56,14.54,14.56,1432708
2026-09-03 10:40:00,14.55,14.58,14.55,14.57,3239368
2026-09-03 10:45:00,14.57,14.58,14.55,14.58,857602
2026-09-03 10:50:00,14.57,14.58,14.57,14.57,642023
2026-09-03 10:55:00,14.58,14.58,14.56,14.57,1118629
2026-09-03 11:00:00,14.57,14.57,14.54,14.55,1684410
2026-09-03 11:05:00,14.55,14.55,14.49,14.5,6018210
2026-09-03 11:10:00,14.49,14.54,14.49,14.53,4213893
2026-09-03 11:15:00,14.53,14.54,14.51,14.54,1536846
2026-09-03 11:20:00,14.53,14.55,14.53,14.53,1548042
2026-09-03 11:25:00,14.53,14.54,14.53,14.54,809102
2026-09-03 11:30:00,14.54,14.56,14.52,14.54,2618259
2026-09-03 11:35:00,14.55,14.55,14.54,14.54,823153
2026-09-03 11:40:00,14.53,14.54,14.52,14.52,847806
2026-09-03 11:45:00,14.53,14.53,14.48,14.49,3578680
2026-09-03 11:50:00,14.49,14.52,14.49,14.5,2650805
2026-09-03 11:55:00,14.5,14.52,14.49,14.52,2216775
2026-09-03 12:00:00,14.51,14.52,14.5,14.5,2158696
2026-09-03 12:05:00,14.51,14.51,14.48,14.49,1865404
2026-09-03 12:10:00,14.48,14.5,14.48,14.48,823296
2026-09-03 12:15:00,14.48,14.49,14.46,14.46,2406701
2026-09-03 12:20:00,14.48,14.48,14.46,14.48,978941
2026-09-03 12:25:00,14.48,14.49,14.47,14.48,1688562
2026-09-03 12:30:00,14.48,14.49,14.47,14.49,1339455
2026-09-03 12:35:00,14.49,14.5,14.48,14.5,897308
2026-09-03 12:40:00,14.49,14.5,14.47,14.47,1090908
2026-09-03 12:45:00,14.48,14.49,14.47,14.48,391181
2026-09-03 12:50:00,14.48,14.49,14.47,14.48,727366
2026-09-03 12:55:00,14.48,14.48,14.44,14.46,4051963
2026-09-03 13:00:00,14.46,14.46,14.44,14.46,1290334
2026-09-03 13:05:00,14.47,14.47,14.45,14.47,1958391
2026-09-03 13:10:00,14.46,14.47,14.45,14.46,938783
2026-09-03 13:15:00,14.45,14.46,14.45,14.45,418648
2026-09-03 13:20:00,14.46,14.46,14.44,14.44,836437
2026-09-03 13:25:00,14.45,14.49,14.44,14.49,2514076
2026-09-03 13:30:00,14.48,14.51,14.47,14.5,2129713
2026-09-03 13:35:00,14.51,14.51,14.48,14.49,1211913
2026-09-03 13:40:00,14.49,14.5,14.48,14.5,1190596
2026-09-03 13:45:00,14.49,14.5,14.47,14.48,934419
2026-09-03 13:50:00,14.47,14.57,14.47,14.56,6967009
2026-09-03 13:55:00,14.56,14.61,14.55,14.61,6883482
2026-09-03 14:00:00,14.6,14.62,14.57,14.58,7282724
2026-09-03 14:05:00,14.58,14.59,14.54,14.55,3060969
2026-09-03 14:10:00,14.54,14.57,14.54,14.56,1535636
2026-09-03 14:15:00,14.57,14.57,14.53,14.54,1993755
2026-09-03 14:20:00,14.53,14.54,14.53,14.54,940154
2026-09-03 14:25:00,14.54,14.54,14.53,14.53,735743
2026-09-03 14:30:00,14.54,14.54,14.52,14.53,1559783
2026-09-03 14:35:00,14.53,14.53,14.51,14.51,2224316
2026-09-03 14:40:00,14.52,14.52,14.51,14.51,1356347
2026-09-03 14:45:00,14.51,14.54,14.51,14.53,2876826
2026-09-03 14:50:00,14.53,14.55,14.52,14.52,2695626
2026-09-03 14:55:00,14.52,14.53,14.51,14.52,2555201
2026-09-03 15:00:00,14.51,14.52,14.51,14.51,5018705
2026-09-03 15:05:00,14.51,14.52,14.45,14.48,12083696
2026-09-03 15:10:00,14.48,14.49,14.46,14.48,11350180
2026-09-03 15:15:00,14.48,14.48,14.48,14.48,542
2026-09-03 15:20:00,14.48,14.48,14.48,14.48,0
2026-09-03 15:25:00,14.48,14.48,14.48,14.48,2279136
2026-09-04 09:15:00,14.53,14.6,14.51,14.57,9160537
2026-09-04 09:20:00,14.58,14.68,14.57,14.65,14114867
2026-09-04 09:25:00,14.67,14.83,14.65,14.73,25880354
2026-09-04 09:30:00,14.72,14.79,14.71,14.78,10693789
2026-09-04 09:35:00,14.77,14.86,14.77,14.8,18002289
2026-09-04 09:40:00,14.8,14.82,14.73,14.73,8582217
2026-09-04 09:45:00,14.74,14.76,14.73,14.75,3298394
2026-09-04 09:50:00,14.74,14.77,14.72,14.76,3543694
2026-09-04 09:55:00,14.78,14.85,14.77,14.83,10324308
2026-09-04 10:00:00,14.82,14.88,14.82,14.85,12326221
2026-09-04 10:05:00,14.84,14.89,14.84,14.86,6355821
2026-09-04 10:10:00,14.86,14.89,14.85,14.85,3437378
2026-09-04 10:15:00,14.85,14.86,14.84,14.84,2789044
2026-09-04 10:20:00,14.85,14.86,14.83,14.85,3149346
2026-09-04 10:25:00,14.85,14.85,14.79,14.8,4064244
2026-09-04 10:30:00,14.79,14.83,14.78,14.79,4678415
2026-09-04 10:35:00,14.78,14.83,14.77,14.83,3155464
2026-09-04 10:40:00,14.83,14.85,14.8,14.85,3075145
2026-09-04 10:45:00,14.85,14.86,14.83,14.85,4317344
2026-09-04 10:50:00,14.86,14.89,14.84,14.89,7118072
2026-09-04 10:55:00,14.88,14.94,14.85,14.92,13272612
2026-09-04 11:00:00,14.92,15.16,14.92,15.1,51895235
2026-09-04 11:05:00,15.1,15.14,15.04,15.05,17270330
2026-09-04 11:10:00,15.05,15.14,15.03,15.13,12449822
2026-09-04 11:15:00,15.12,15.13,15.06,15.09,11046616
2026-09-04 11:20:00,15.09,15.13,15.09,15.12,9458847
2026-09-04 11:25:00,15.12,15.14,15.11,15.12,6799388
2026-09-04 11:30:00,15.12,15.14,15.01,15.05,10702177
2026-09-04 11:35:00,15.04,15.06,14.97,14.97,10753009
2026-09-04 11:40:00,14.99,14.99,14.96,14.98,2613661
2026-09-04 11:45:00,14.97,14.98,14.95,14.97,3012022
2026-09-04 11:50:00,14.96,14.98,14.93,14.96,5083847
2026-09-04 11:55:00,14.95,15.02,14.95,15.01,4786246
2026-09-04 12:00:00,15.01,15.04,14.98,15.0,6414238
2026-09-04 12:05:00,14.99,15.03,14.99,15.01,5199903
2026-09-04 12:10:00,15.01,15.01,14.98,15.0,2992012
2026-09-04 12:15:00,15.0,15.01,14.98,14.98,1998246
2026-09-04 12:20:00,14.99,14.99,14.95,14.99,2023631
2026-09-04 12:25:00,14.99,14.99,14.96,14.97,2230917
2026-09-04 12:30:00,14.96,14.99,14.96,14.98,1785974
2026-09-04 12:35:00,14.98,14.99,14.97,14.97,1878802
2026-09-04 12:40:00,14.97,15.0,14.96,15.0,2208524
2026-09-04 12:45:00,15.0,15.0,14.98,14.98,1672990
2026-09-04 12:50:00,14.98,15.05,14.98,15.0,7926834
2026-09-04 12:55:00,15.0,15.08,15.0,15.05,6296428
2026-09-04 13:00:00,15.05,15.06,14.99,15.01,3561751
2026-09-04 13:05:00,15.02,15.07,15.01,15.05,2792683
2026-09-04 13:10:00,15.06,15.07,15.04,15.06,2412633
2026-09-04 13:15:00,15.05,15.12,15.05,15.1,12004805
2026-09-04 13:20:00,15.09,15.1,15.07,15.09,2701181
2026-09-04 13:25:00,15.08,15.09,15.04,15.05,4048494
2026-09-04 13:30:00,15.05,15.06,15.03,15.05,2033158
2026-09-04 13:35:00,15.04,15.05,15.02,15.03,5168741
2026-09-04 13:40:00,15.03,15.04,15.02,15.03,2231108
2026-09-04 13:45:00,15.04,15.04,15.01,15.02,2936124
2026-09-04 13:50:00,15.01,15.02,15.0,15.0,1733096
2026-09-04 13:55:00,15.01,15.02,15.0,15.01,2028086
2026-09-04 14:00:00,15.01,15.02,15.0,15.02,2346469
2026-09-04 14:05:00,15.01,15.02,15.0,15.01,2988141
2026-09-04 14:10:00,15.01,15.04,15.01,15.03,2659701
2026-09-04 14:15:00,15.03,15.04,15.02,15.03,2077304
2026-09-04 14:20:00,15.04,15.11,15.03,15.11,13727145
2026-09-04 14:25:00,15.1,15.11,15.08,15.09,5849586
2026-09-04 14:30:00,15.08,15.12,15.08,15.12,9500414
2026-09-04 14:35:00,15.11,15.12,15.06,15.08,5500251
2026-09-04 14:40:00,15.07,15.09,15.07,15.07,3653324
2026-09-04 14:45:00,15.07,15.09,15.06,15.08,7734489
2026-09-04 14:50:00,15.08,15.09,15.07,15.07,3977061
2026-09-04 14:55:00,15.08,15.08,15.05,15.06,6577844
2026-09-04 15:00:00,15.05,15.08,15.04,15.08,8771229
2026-09-04 15:05:00,15.07,15.09,15.04,15.06,19598868
2026-09-04 15:10:00,15.06,15.1,15.05,15.06,23206331
2026-09-04 15:15:00,15.06,15.06,15.06,15.06,2860
2026-09-04 15:20:00,15.06,15.06,15.06,15.06,0
2026-09-04 15:25:00,15.06,15.06,15.02,15.02,2364366
2026-09-07 09:15:00,15.09,15.22,15.06,15.18,35145661
2026-09-07 09:20:00,15.19,15.38,15.18,15.36,41410637
2026-09-07 09:25:00,15.35,15.58,15.32,15.56,62744151
2026-09-07 09:30:00,15.56,15.56,15.45,15.52,33940778
2026-09-07 09:35:00,15.53,15.65,15.5,15.57,44125337
2026-09-07 09:40:00,15.58,15.65,15.54,15.62,24193527
2026-09-07 09:45:00,15.61,15.62,15.46,15.54,23876158
2026-09-07 09:50:00,15.53,15.55,15.49,15.5,8843745
2026-09-07 09:55:00,15.49,15.51,15.41,15.47,17001584
2026-09-07 10:00:00,15.48,15.53,15.46,15.5,8531850
2026-09-07 10:05:00,15.49,15.51,15.47,15.48,4611081
2026-09-07 10:10:00,15.47,15.54,15.46,15.52,8884147
2026-09-07 10:15:00,15.53,15.58,15.52,15.55,11383348
2026-09-07 10:20:00,15.54,15.55,15.52,15.52,3352754
2026-09-07 10:25:00,15.53,15.6,15.52,15.58,11719288
2026-09-07 10:30:00,15.59,15.6,15.56,15.6,5334802
2026-09-07 10:35:00,15.59,15.6,15.55,15.57,6797484
2026-09-07 10:40:00,15.57,15.57,15.5,15.51,6925302
2026-09-07 10:45:00,15.5,15.53,15.48,15.5,5057589
2026-09-07 10:50:00,15.49,15.53,15.49,15.51,3256050
2026-09-07 10:55:00,15.5,15.52,15.49,15.5,2416935
2026-09-07 11:00:00,15.51,15.53,15.49,15.51,2454800
2026-09-07 11:05:00,15.5,15.52,15.5,15.52,3256792
2026-09-07 11:10:00,15.51,15.52,15.48,15.49,5311758
2026-09-07 11:15:00,15.48,15.49,15.46,15.48,3252537
2026-09-07 11:20:00,15.49,15.5,15.48,15.49,1901235
2026-09-07 11:25:00,15.5,15.5,15.47,15.48,3168602
2026-09-07 11:30:00,15.49,15.5,15.47,15.5,2356776
2026-09-07 11:35:00,15.5,15.5,15.44,15.45,4076115
2026-09-07 11:40:00,15.46,15.48,15.44,15.47,4053241
2026-09-07 11:45:00,15.47,15.52,15.46,15.5,5309334
2026-09-07 11:50:00,15.49,15.49,15.47,15.47,1471390
2026-09-07 11:55:00,15.48,15.49,15.46,15.47,1596536
2026-09-07 12:00:00,15.46,15.48,15.44,15.47,2686790
2026-09-07 12:05:00,15.46,15.47,15.43,15.45,2580735
2026-09-07 12:10:00,15.45,15.47,15.45,15.47,1359956
2026-09-07 12:15:00,15.46,15.47,15.43,15.44,2196306
2026-09-07 12:20:00,15.43,15.44,15.42,15.42,3097359
2026-09-07 12:25:00,15.43,15.44,15.41,15.43,3380322
2026-09-07 12:30:00,15.44,15.45,15.42,15.43,1989251
2026-09-07 12:35:00,15.43,15.5,15.43,15.47,7867695
2026-09-07 12:40:00,15.46,15.47,15.39,15.41,8208141
2026-09-07 12:45:00,15.41,15.43,15.39,15.43,2721281
2026-09-07 12:50:00,15.42,15.45,15.42,15.43,1707924
2026-09-07 12:55:00,15.43,15.45,15.42,15.45,1507654
2026-09-07 13:00:00,15.44,15.45,15.42,15.43,1972047
2026-09-07 13:05:00,15.43,15.47,15.43,15.46,7064431
2026-09-07 13:10:00,15.45,15.53,15.45,15.52,8918346
2026-09-07 13:15:00,15.52,15.55,15.48,15.49,10902526
2026-09-07 13:20:00,15.49,15.5,15.49,15.5,1567435
2026-09-07 13:25:00,15.49,15.51,15.49,15.51,2536190
2026-09-07 13:30:00,15.5,15.53,15.49,15.51,3880100
2026-09-07 13:35:00,15.51,15.55,15.48,15.53,3695069
2026-09-07 13:40:00,15.52,15.54,15.51,15.53,3493098
2026-09-07 13:45:00,15.53,15.65,15.52,15.62,26154239
2026-09-07 13:50:00,15.62,15.68,15.58,15.6,26107560
2026-09-07 13:55:00,15.6,15.65,15.6,15.62,6781987
2026-09-07 14:00:00,15.62,15.64,15.61,15.64,5961492
2026-09-07 14:05:00,15.63,15.66,15.61,15.66,9215173
2026-09-07 14:10:00,15.66,15.67,15.61,15.63,6596492
2026-09-07 14:15:00,15.63,15.64,15.58,15.62,8355199
2026-09-07 14:20:00,15.63,15.65,15.61,15.65,6015653
2026-09-07 14:25:00,15.64,15.65,15.62,15.63,3858008
2026-09-07 14:30:00,15.63,15.65,15.61,15.64,6168689
2026-09-07 14:35:00,15.65,15.65,15.61,15.61,5216702
2026-09-07 14:40:00,15.63,15.63,15.59,15.6,6364829
2026-09-07 14:45:00,15.6,15.6,15.56,15.58,8459332
2026-09-07 14:50:00,15.58,15.61,15.56,15.6,5175819
2026-09-07 14:55:00,15.61,15.64,15.58,15.63,12303386
2026-09-07 15:00:00,15.63,15.63,15.6,15.63,9027558
2026-09-07 15:05:00,15.62,15.64,15.6,15.64,16157477
2026-09-07 15:10:00,15.64,15.66,15.6,15.62,28353763
2026-09-07 15:15:00,15.61,15.61,15.61,15.61,97597
2026-09-07 15:20:00,15.61,15.61,15.61,15.61,0
2026-09-07 15:25:00,15.61,15.61,15.6,15.6,5105697
2026-09-08 09:15:00,15.58,15.58,15.31,15.4,39769187
2026-09-08 09:20:00,15.39,15.55,15.38,15.53,23531897
2026-09-08 09:25:00,15.54,15.56,15.39,15.41,15025054
2026-09-08 09:30:00,15.41,15.42,15.31,15.33,13614512
2026-09-08 09:35:00,15.33,15.41,15.32,15.36,9648497
2026-09-08 09:40:00,15.36,15.4,15.33,15.35,8083521
2026-09-08 09:45:00,15.35,15.42,15.35,15.38,5943821
2026-09-08 09:50:00,15.38,15.44,15.33,15.41,11562529
2026-09-08 09:55:00,15.41,15.46,15.39,15.43,7297897
2026-09-08 10:00:00,15.43,15.46,15.41,15.43,5480839
2026-09-08 10:05:00,15.43,15.45,15.42,15.43,2198387
2026-09-08 10:10:00,15.42,15.43,15.4,15.42,4216302
2026-09-08 10:15:00,15.41,15.5,15.41,15.49,7742209
2026-09-08 10:20:00,15.49,15.5,15.46,15.46,3877966
2026-09-08 10:25:00,15.46,15.47,15.42,15.42,3616672
2026-09-08 10:30:00,15.43,15.45,15.42,15.43,1501624
2026-09-08 10:35:00,15.44,15.44,15.38,15.39,7238789
2026-09-08 10:40:00,15.4,15.41,15.36,15.39,2769021
2026-09-08 10:45:00,15.4,15.44,15.39,15.43,2007460
2026-09-08 10:50:00,15.44,15.44,15.42,15.43,1858476
2026-09-08 10:55:00,15.42,15.43,15.37,15.39,4616728
2026-09-08 11:00:00,15.4,15.41,15.38,15.41,1575642
2026-09-08 11:05:00,15.4,15.43,15.4,15.43,1424214
2026-09-08 11:10:00,15.42,15.49,15.42,15.47,6024150
2026-09-08 11:15:00,15.48,15.49,15.46,15.46,2791740
2026-09-08 11:20:00,15.46,15.47,15.45,15.47,1673268
2026-09-08 11:25:00,15.46,15.5,15.46,15.48,5617730
2026-09-08 11:30:00,15.49,15.5,15.48,15.5,1884867
2026-09-08 11:35:00,15.49,15.5,15.47,15.48,1586967
2026-09-08 11:40:00,15.48,15.53,15.47,15.49,7062960
2026-09-08 11:45:00,15.5,15.54,15.47,15.52,4498694
2026-09-08 11:50:00,15.53,15.53,15.49,15.51,2490282
2026-09-08 11:55:00,15.5,15.52,15.5,15.5,1633550
2026-09-08 12:00:00,15.5,15.51,15.48,15.49,2364668
2026-09-08 12:05:00,15.49,15.49,15.46,15.47,1316466
2026-09-08 12:10:00,15.46,15.48,15.46,15.46,2092220
2026-09-08 12:15:00,15.47,15.49,15.46,15.47,1700579
2026-09-08 12:20:00,15.46,15.48,15.46,15.48,986078
2026-09-08 12:25:00,15.47,15.49,15.45,15.47,3386215
2026-09-08 12:30:00,15.47,15.54,15.46,15.52,4349410
2026-09-08 12:35:00,15.52,15.52,15.48,15.49,2488419
2026-09-08 12:40:00,15.48,15.49,15.47,15.49,1806324
2026-09-08 12:45:00,15.49,15.5,15.48,15.5,1205268
2026-09-08 12:50:00,15.49,15.5,15.48,15.5,1591790
2026-09-08 12:55:00,15.49,15.51,15.48,15.51,616805
2026-09-08 13:00:00,15.51,15.53,15.5,15.53,2573588
2026-09-08 13:05:00,15.53,15.53,15.51,15.52,1553640
2026-09-08 13:10:00,15.51,15.53,15.51,15.52,3368143
2026-09-08 13:15:00,15.52,15.52,15.5,15.51,2151937
2026-09-08 13:20:00,15.5,15.52,15.5,15.52,1064140
2026-09-08 13:25:00,15.51,15.52,15.5,15.51,775520
2026-09-08 13:30:00,15.52,15.52,15.48,15.5,1810257
2026-09-08 13:35:00,15.5,15.5,15.45,15.46,5152721
2026-09-08 13:40:00,15.45,15.5,15.45,15.49,2459210
2026-09-08 13:45:00,15.48,15.49,15.47,15.47,843137
2026-09-08 13:50:00,15.47,15.48,15.4,15.41,9670385
2026-09-08 13:55:00,15.41,15.41,15.37,15.38,5786618
2026-09-08 14:00:00,15.37,15.44,15.37,15.44,3852185
2026-09-08 14:05:00,15.43,15.44,15.39,15.43,3754449
2026-09-08 14:10:00,15.43,15.43,15.41,15.41,1844658
2026-09-08 14:15:00,15.4,15.44,15.4,15.44,1748072
2026-09-08 14:20:00,15.43,15.44,15.42,15.42,1580038
2026-09-08 14:25:00,15.42,15.44,15.42,15.44,1372288
2026-09-08 14:30:00,15.43,15.48,15.42,15.48,4206557
2026-09-08 14:35:00,15.48,15.49,15.46,15.48,3707435
2026-09-08 14:40:00,15.48,15.5,15.46,15.49,4084760
2026-09-08 14:45:00,15.49,15.49,15.43,15.44,4712302
2026-09-08 14:50:00,15.43,15.48,15.43,15.45,3546305
2026-09-08 14:55:00,15.44,15.46,15.44,15.44,3728087
2026-09-08 15:00:00,15.45,15.46,15.44,15.46,7200108
2026-09-08 15:05:00,15.46,15.46,15.43,15.44,9086796
2026-09-08 15:10:00,15.45,15.45,15.4,15.42,13720728
2026-09-08 15:15:00,15.42,15.42,15.42,15.42,3403
2026-09-08 15:20:00,15.42,15.42,15.42,15.42,0
2026-09-08 15:25:00,15.42,15.42,15.42,15.42,3672124
2026-09-09 09:05:00,15.36,15.36,15.36,15.36,1154562
2026-09-09 09:10:00,15.36,15.36,15.36,15.36,0
2026-09-09 09:15:00,15.36,15.41,15.21,15.24,35634073
2026-09-09 09:20:00,15.23,15.27,15.2,15.26,11225829
2026-09-09 09:25:00,15.25,15.29,15.24,15.28,8634802
2026-09-09 09:30:00,15.27,15.34,15.26,15.3,9320834
2026-09-09 09:35:00,15.3,15.3,15.23,15.23,7372465
2026-09-09 09:40:00,15.23,15.29,15.23,15.28,3844386
2026-09-09 09:45:00,15.29,15.3,15.25,15.27,4670715
2026-09-09 09:50:00,15.27,15.27,15.23,15.26,4045653
2026-09-09 09:55:00,15.25,15.33,15.25,15.28,7232726
2026-09-09 10:00:00,15.28,15.38,15.26,15.32,10822871
2026-09-09 10:05:00,15.32,15.35,15.31,15.31,5730764
2026-09-09 10:10:00,15.32,15.34,15.31,15.34,1921305
2026-09-09 10:15:00,15.33,15.38,15.33,15.38,5345207
2026-09-09 10:20:00,15.37,15.39,15.36,15.39,4790460
2026-09-09 10:25:00,15.39,15.48,15.37,15.45,10616573
2026-09-09 10:30:00,15.46,15.46,15.42,15.44,6597804
2026-09-09 10:35:00,15.44,15.48,15.42,15.47,6774429
2026-09-09 10:40:00,15.47,15.49,15.43,15.49,7604862
2026-09-09 10:45:00,15.48,15.55,15.47,15.48,12535366
2026-09-09 10:50:00,15.48,15.53,15.48,15.5,3207553
2026-09-09 10:55:00,15.49,15.5,15.47,15.5,2134124
2026-09-09 11:00:00,15.5,15.52,15.49,15.5,2597394
2026-09-09 11:05:00,15.5,15.54,15.48,15.52,3150525
2026-09-09 11:10:00,15.52,15.52,15.48,15.49,3777818
2026-09-09 11:15:00,15.49,15.54,15.47,15.54,5652955
2026-09-09 11:20:00,15.54,15.57,15.53,15.53,7035780
2026-09-09 11:25:00,15.55,15.55,15.49,15.49,4182314
2026-09-09 11:30:00,15.5,15.52,15.48,15.51,1543756
2026-09-09 11:35:00,15.52,15.52,15.49,15.5,1936683
2026-09-09 11:40:00,15.51,15.52,15.48,15.51,2854706
2026-09-09 11:45:00,15.5,15.51,15.49,15.5,1307988
2026-09-09 11:50:00,15.49,15.5,15.46,15.48,2109373
2026-09-09 11:55:00,15.47,15.48,15.46,15.46,1208427
2026-09-09 12:00:00,15.46,15.48,15.44,15.46,7239875
2026-09-09 12:05:00,15.45,15.47,15.45,15.46,2327859
2026-09-09 12:10:00,15.47,15.51,15.46,15.49,2395773
2026-09-09 12:15:00,15.49,15.49,15.47,15.47,816265
2026-09-09 12:20:00,15.48,15.48,15.47,15.48,604567
2026-09-09 12:25:00,15.47,15.53,15.47,15.53,4139246
2026-09-09 12:30:00,15.52,15.58,15.52,15.58,7953555
2026-09-09 12:35:00,15.58,15.62,15.54,15.62,8079855
2026-09-09 12:40:00,15.61,15.62,15.58,15.61,6359813
2026-09-09 12:45:00,15.61,15.68,15.61,15.65,14907042
2026-09-09 12:50:00,15.64,15.7,15.62,15.69,9407077
2026-09-09 12:55:00,15.68,15.72,15.64,15.66,13409678
2026-09-09 13:00:00,15.66,15.66,15.63,15.65,7411623
2026-09-09 13:05:00,15.65,15.66,15.62,15.66,4931043
2026-09-09 13:10:00,15.65,15.75,15.65,15.73,14826147
2026-09-09 13:15:00,15.73,15.78,15.71,15.75,21720467
2026-09-09 13:20:00,15.74,15.79,15.74,15.76,10667747
2026-09-09 13:25:00,15.75,15.78,15.74,15.75,9380261
2026-09-09 13:30:00,15.75,15.77,15.74,15.75,7895380
2026-09-09 13:35:00,15.76,15.77,15.74,15.77,6508314
2026-09-09 13:40:00,15.77,15.77,15.75,15.77,3702692
2026-09-09 13:45:00,15.77,15.77,15.73,15.73,6244083
2026-09-09 13:50:00,15.74,15.75,15.72,15.72,6366487
2026-09-09 13:55:00,15.72,15.73,15.67,15.69,8311683
2026-09-09 14:00:00,15.68,15.69,15.63,15.66,10505711
2026-09-09 14:05:00,15.66,15.67,15.58,15.58,8370268
2026-09-09 14:10:00,15.58,15.61,15.56,15.56,5574913
2026-09-09 14:15:00,15.57,15.62,15.56,15.61,7738529
2026-09-09 14:20:00,15.6,15.62,15.58,15.6,5096164
2026-09-09 14:25:00,15.59,15.62,15.58,15.61,12422220
2026-09-09 14:30:00,15.6,15.61,15.56,15.58,7624286
2026-09-09 14:35:00,15.57,15.6,15.52,15.59,13838599
2026-09-09 14:40:00,15.6,15.61,15.55,15.59,9973763
2026-09-09 14:45:00,15.6,15.6,15.56,15.59,4446839
2026-09-09 14:50:00,15.58,15.6,15.57,15.58,5374860
2026-09-09 14:55:00,15.58,15.6,15.56,15.57,7600809
2026-09-09 15:00:00,15.56,15.57,15.48,15.5,13559764
2026-09-09 15:05:00,15.51,15.53,15.49,15.51,13153643
2026-09-09 15:10:00,15.53,15.55,15.52,15.52,16093338
2026-09-09 15:15:00,15.53,15.53,15.53,15.53,1200
2026-09-09 15:20:00,15.53,15.53,15.53,15.53,0
2026-09-09 15:25:00,15.53,15.53,15.52,15.52,3318469
2026-09-10 09:15:00,15.7,15.7,15.47,15.61,103702742
2026-09-10 09:20:00,15.6,15.65,15.48,15.52,56283299
2026-09-10 09:25:00,15.52,15.55,15.42,15.43,30367013
2026-09-10 09:30:00,15.44,15.52,15.36,15.48,28356343
2026-09-10 09:35:00,15.47,15.48,15.34,15.4,26476999
2026-09-10 09:40:00,15.4,15.45,15.38,15.41,14064206
2026-09-10 09:45:00,15.41,15.48,15.37,15.44,16520642
2026-09-10 09:50:00,15.43,15.49,15.43,15.47,7832651
2026-09-10 09:55:00,15.46,15.47,15.4,15.4,6874969
2026-09-10 10:00:00,15.41,15.43,15.39,15.41,6515900
2026-09-10 10:05:00,15.42,15.43,15.36,15.37,7972529
2026-09-10 10:10:00,15.36,15.37,15.31,15.34,14610855
2026-09-10 10:15:00,15.33,15.35,15.3,15.35,9679661
2026-09-10 10:20:00,15.34,15.35,15.31,15.33,2685412
2026-09-10 10:25:00,15.34,15.38,15.33,15.37,3562559
2026-09-10 10:30:00,15.37,15.38,15.27,15.3,13114755
2026-09-10 10:35:00,15.3,15.3,15.24,15.27,17388085
2026-09-10 10:40:00,15.27,15.28,15.25,15.26,6584482
2026-09-10 10:45:00,15.27,15.28,15.22,15.23,7766133
2026-09-10 10:50:00,15.23,15.23,15.15,15.16,15741851
2026-09-10 10:55:00,15.16,15.18,14.93,14.97,52929794
2026-09-10 11:00:00,14.97,15.09,14.96,15.06,17249572
2026-09-10 11:05:00,15.07,15.12,15.03,15.11,12571686
2026-09-10 11:10:00,15.1,15.13,15.05,15.12,10555428
2026-09-10 11:15:00,15.12,15.12,15.08,15.09,4829121
2026-09-10 11:20:00,15.1,15.1,15.06,15.08,3941241
2026-09-10 11:25:00,15.09,15.09,15.05,15.09,4575964
2026-09-10 11:30:00,15.09,15.09,15.06,15.08,3332225
2026-09-10 11:35:00,15.07,15.14,15.06,15.12,6002988
2026-09-10 11:40:00,15.12,15.14,15.1,15.11,3365688
2026-09-10 11:45:00,15.12,15.13,15.1,15.12,3545815
2026-09-10 11:50:00,15.12,15.12,15.09,15.1,2208406
2026-09-10 11:55:00,15.09,15.1,15.03,15.05,4129692
2026-09-10 12:00:00,15.05,15.06,14.99,15.02,9750138
2026-09-10 12:05:00,15.02,15.03,14.98,15.0,7931088
2026-09-10 12:10:00,14.99,15.01,14.97,15.0,7336618
2026-09-10 12:15:00,14.99,15.03,14.99,15.0,4971809
2026-09-10 12:20:00,15.0,15.0,14.97,15.0,4452347
2026-09-10 12:25:00,15.0,15.03,14.95,14.98,7681317
2026-09-10 12:30:00,14.98,14.99,14.96,14.97,3544284
2026-09-10 12:35:00,14.97,14.97,14.92,14.93,10479383
2026-09-10 12:40:00,14.92,14.93,14.87,14.92,14927927
2026-09-10 12:45:00,14.92,14.97,14.92,14.97,9864657
2026-09-10 12:50:00,14.97,14.98,14.96,14.97,10633556
2026-09-10 12:55:00,14.97,14.97,14.94,14.94,8432853
2026-09-10 13:00:00,14.95,14.97,14.94,14.97,6528299
2026-09-10 13:05:00,14.96,14.97,14.92,14.92,5544651
2026-09-10 13:10:00,14.93,14.95,14.92,14.95,3762718
2026-09-10 13:15:00,14.95,14.95,14.91,14.92,4764606
2026-09-10 13:20:00,14.92,14.94,14.83,14.87,15472362
2026-09-10 13:25:00,14.86,14.88,14.85,14.87,3384287
2026-09-10 13:30:00,14.87,14.89,14.84,14.87,5783329
2026-09-10 13:35:00,14.87,14.93,14.86,14.92,4373828
2026-09-10 13:40:00,14.92,14.93,14.89,14.9,4431913
2026-09-10 13:45:00,14.9,14.9,14.88,14.89,3365369
2026-09-10 13:50:00,14.89,14.89,14.86,14.88,3311249
2026-09-10 13:55:00,14.88,14.89,14.86,14.87,1995951
2026-09-10 14:00:00,14.87,14.9,14.87,14.89,1957464
2026-09-10 14:05:00,14.89,14.9,14.87,14.9,2638117
2026-09-10 14:10:00,14.9,14.9,14.88,14.89,1630140
2026-09-10 14:15:00,14.89,14.89,14.85,14.88,5833865
2026-09-10 14:20:00,14.87,14.89,14.86,14.88,6303241
2026-09-10 14:25:00,14.87,14.88,14.87,14.88,4215893
2026-09-10 14:30:00,14.88,14.89,14.85,14.87,5366326
2026-09-10 14:35:00,14.86,14.88,14.85,14.86,4118205
2026-09-10 14:40:00,14.86,14.88,14.85,14.88,6820668
2026-09-10 14:45:00,14.87,14.91,14.86,14.88,18538334
2026-09-10 14:50:00,14.87,14.9,14.86,14.89,17672969
2026-09-10 14:55:00,14.9,14.92,14.89,14.89,12028030
2026-09-10 15:00:00,14.89,14.91,14.84,14.85,16699008
2026-09-10 15:05:00,14.86,14.9,14.85,14.87,24412626
2026-09-10 15:10:00,14.86,14.88,14.82,14.84,51768987
2026-09-10 15:15:00,14.84,14.84,14.84,14.84,9
2026-09-10 15:20:00,14.84,14.84,14.84,14.84,0
2026-09-10 15:25:00,14.84,14.9,14.84,14.9,4929147
2026-09-11 09:15:00,15.08,15.08,14.84,14.88,57901128
2026-09-11 09:20:00,14.88,15.02,14.85,14.99,26781933
2026-09-11 09:25:00,14.99,15.09,14.97,15.03,29847992
2026-09-11 09:30:00,15.04,15.17,15.01,15.12,31159307
2026-09-11 09:35:00,15.13,15.16,15.08,15.12,18867565
2026-09-11 09:40:00,15.12,15.13,15.02,15.02,15885617
2026-09-11 09:45:00,15.03,15.03,14.95,15.02,17712449
2026-09-11 09:50:00,15.02,15.07,15.01,15.05,10346732
2026-09-11 09:55:00,15.04,15.14,15.03,15.14,17081653
2026-09-11 10:00:00,15.14,15.2,15.13,15.19,18340429
2026-09-11 10:05:00,15.19,15.2,15.12,15.17,11016529
2026-09-11 10:10:00,15.16,15.17,15.13,15.15,5096782
2026-09-11 10:15:00,15.15,15.18,15.13,15.15,5600271
2026-09-11 10:20:00,15.16,15.2,15.15,15.16,5213411
2026-09-11 10:25:00,15.15,15.16,15.13,15.16,4301756
2026-09-11 10:30:00,15.16,15.18,15.12,15.15,4358016
2026-09-11 10:35:00,15.14,15.15,15.11,15.13,4573445
2026-09-11 10:40:00,15.13,15.15,15.12,15.13,3167927
2026-09-11 10:45:00,15.14,15.14,15.11,15.12,3028698
2026-09-11 10:50:00,15.13,15.13,14.99,15.02,11669556
2026-09-11 10:55:00,15.03,15.04,14.96,14.97,11305190
2026-09-11 11:00:00,14.98,14.98,14.91,14.91,11702060
2026-09-11 11:05:00,14.92,14.99,14.91,14.98,5676284
2026-09-11 11:10:00,14.98,15.0,14.96,14.99,4848264
2026-09-11 11:15:00,14.99,15.01,14.98,14.99,3617210
2026-09-11 11:20:00,14.98,15.04,14.97,15.03,5532223
2026-09-11 11:25:00,15.04,15.04,15.02,15.02,2692500
2026-09-11 11:30:00,15.0,15.04,15.0,15.03,2730487
2026-09-11 11:35:00,15.03,15.04,15.01,15.04,2154050
2026-09-11 11:40:00,15.03,15.05,15.03,15.04,2144243
2026-09-11 11:45:00,15.04,15.05,15.0,15.0,3050273
2026-09-11 11:50:00,15.01,15.02,14.99,15.0,3925201
2026-09-11 11:55:00,15.01,15.03,15.0,15.01,1406339
2026-09-11 12:00:00,15.0,15.03,15.0,15.02,1194242
2026-09-11 12:05:00,15.02,15.02,15.0,15.02,2750351
2026-09-11 12:10:00,15.01,15.03,15.0,15.01,2406313
2026-09-11 12:15:00,15.01,15.04,15.0,15.03,1721708
2026-09-11 12:20:00,15.02,15.04,15.02,15.04,897883
2026-09-11 12:25:00,15.03,15.04,15.01,15.02,1077791
2026-09-11 12:30:00,15.01,15.05,15.01,15.04,2684371
2026-09-11 12:35:00,15.04,15.09,15.03,15.08,4033841
2026-09-11 12:40:00,15.07,15.1,15.06,15.08,1746775
2026-09-11 12:45:00,15.07,15.09,15.05,15.07,2799043
2026-09-11 12:50:00,15.07,15.11,15.06,15.08,3019342
2026-09-11 12:55:00,15.08,15.09,15.05,15.06,5615024
2026-09-11 13:00:00,15.05,15.06,15.01,15.01,5710575
2026-09-11 13:05:00,15.02,15.02,14.97,14.99,7619889
2026-09-11 13:10:00,14.98,15.02,14.98,15.01,2758576
2026-09-11 13:15:00,15.01,15.03,15.0,15.0,1496200
2026-09-11 13:20:00,15.01,15.04,15.0,15.03,2292001
2026-09-11 13:25:00,15.04,15.09,15.02,15.08,3400339
2026-09-11 13:30:00,15.08,15.09,15.07,15.09,3231666
2026-09-11 13:35:00,15.08,15.09,15.05,15.06,5473037
2026-09-11 13:40:00,15.06,15.07,15.04,15.07,2989222
2026-09-11 13:45:00,15.06,15.07,15.05,15.07,1102945
2026-09-11 13:50:00,15.07,15.08,15.04,15.06,3272451
2026-09-11 13:55:00,15.05,15.09,15.0,15.0,8664001
2026-09-11 14:00:00,15.0,15.01,14.97,14.98,8450257
2026-09-11 14:05:00,14.98,15.0,14.97,14.99,4562157
2026-09-11 14:10:00,14.99,15.0,14.98,14.99,3667994
2026-09-11 14:15:00,14.99,15.01,14.99,14.99,1667065
2026-09-11 14:20:00,15.0,15.01,14.99,15.0,1163119
2026-09-11 14:25:00,15.01,15.03,15.0,15.02,2922266
2026-09-11 14:30:00,15.02,15.03,15.01,15.02,1266925
2026-09-11 14:35:00,15.02,15.04,15.01,15.03,1806341
2026-09-11 14:40:00,15.04,15.04,15.02,15.03,2398730
2026-09-11 14:45:00,15.04,15.04,15.0,15.02,4253598
2026-09-11 14:50:00,15.02,15.02,14.96,14.98,22023917
2026-09-11 14:55:00,14.98,14.99,14.95,14.96,5604154
2026-09-11 15:00:00,14.95,14.99,14.95,14.99,7243425
2026-09-11 15:05:00,14.98,15.02,14.98,14.99,10860712
2026-09-11 15:10:00,15.0,15.0,14.95,14.97,19109846
2026-09-11 15:15:00,14.96,14.96,14.96,14.96,43355
2026-09-11 15:20:00,14.96,14.96,14.96,14.96,0
2026-09-11 15:25:00,14.96,14.97,14.96,14.97,3162090
2026-09-15 09:15:00,15.06,15.07,14.85,14.87,32901705
2026-09-15 09:20:00,14.87,14.92,14.82,14.82,14652162
2026-09-15 09:25:00,14.83,14.84,14.75,14.78,15883590
2026-09-15 09:30:00,14.78,14.83,14.77,14.81,6657396
2026-09-15 09:35:00,14.81,14.86,14.79,14.86,6913548
2026-09-15 09:40:00,14.85,14.87,14.77,14.78,5092673
2026-09-15 09:45:00,14.78,14.79,14.75,14.76,6529393
2026-09-15 09:50:00,14.75,14.8,14.75,14.79,3984790
2026-09-15 09:55:00,14.79,14.83,14.77,14.79,4525786
2026-09-15 10:00:00,14.78,14.88,14.75,14.77,10217088
2026-09-15 10:05:00,14.77,14.77,14.72,14.74,5906201
2026-09-15 10:10:00,14.74,14.75,14.73,14.75,3108237
2026-09-15 10:15:00,14.75,14.77,14.73,14.77,3403172
2026-09-15 10:20:00,14.76,14.79,14.76,14.77,3907701
2026-09-15 10:25:00,14.77,14.78,14.73,14.74,4715317
2026-09-15 10:30:00,14.74,14.78,14.73,14.76,1877101
2026-09-15 10:35:00,14.76,14.77,14.71,14.72,4057592
2026-09-15 10:40:00,14.73,14.73,14.65,14.67,9327142
2026-09-15 10:45:00,14.67,14.69,14.66,14.67,3789238
2026-09-15 10:50:00,14.68,14.71,14.66,14.71,3593852
2026-09-15 10:55:00,14.7,14.72,14.69,14.72,2877124
2026-09-15 11:00:00,14.71,14.73,14.7,14.73,3229150
2026-09-15 11:05:00,14.72,14.72,14.7,14.7,1499039
2026-09-15 11:10:00,14.71,14.72,14.7,14.7,1261358
2026-09-15 11:15:00,14.71,14.72,14.67,14.67,3350800
2026-09-15 11:20:00,14.67,14.69,14.66,14.68,1554510
2026-09-15 11:25:00,14.68,14.69,14.67,14.68,1965897
2026-09-15 11:30:00,14.67,14.68,14.66,14.67,1754622
2026-09-15 11:35:00,14.67,14.7,14.66,14.69,2753973
2026-09-15 11:40:00,14.69,14.74,14.69,14.73,3054299
2026-09-15 11:45:00,14.73,14.73,14.69,14.71,2772899
2026-09-15 11:50:00,14.71,14.74,14.71,14.73,2789370
2026-09-15 11:55:00,14.73,14.73,14.72,14.73,916650
2026-09-15 12:00:00,14.72,14.76,14.72,14.76,1940393
2026-09-15 12:05:00,14.76,14.76,14.74,14.75,3219313
2026-09-15 12:10:00,14.74,14.75,14.72,14.73,2720582
2026-09-15 12:15:00,14.74,14.74,14.72,14.73,1031034
2026-09-15 12:20:00,14.73,14.74,14.73,14.74,453814
2026-09-15 12:25:00,14.73,14.74,14.73,14.74,815007
2026-09-15 12:30:00,14.73,14.74,14.72,14.73,1609224
2026-09-15 12:35:00,14.72,14.74,14.72,14.73,774227
2026-09-15 12:40:00,14.72,14.74,14.72,14.73,699515
2026-09-15 12:45:00,14.72,14.74,14.72,14.74,1103062
2026-09-15 12:50:00,14.73,14.74,14.72,14.73,1792702
2026-09-15 12:55:00,14.73,14.73,14.72,14.72,1230658
2026-09-15 13:00:00,14.73,14.73,14.72,14.73,701190
2026-09-15 13:05:00,14.73,14.73,14.72,14.73,695756
2026-09-15 13:10:00,14.73,14.73,14.68,14.7,3084392
2026-09-15 13:15:00,14.69,14.7,14.68,14.7,4600212
2026-09-15 13:20:00,14.7,14.7,14.66,14.67,4028494
2026-09-15 13:25:00,14.68,14.68,14.66,14.67,1808710
2026-09-15 13:30:00,14.66,14.67,14.62,14.62,5392242
2026-09-15 13:35:00,14.63,14.65,14.62,14.65,2603496
2026-09-15 13:40:00,14.65,14.65,14.63,14.64,1175513
2026-09-15 13:45:00,14.64,14.64,14.63,14.64,999696
2026-09-15 13:50:00,14.64,14.66,14.63,14.65,1345593
2026-09-15 13:55:00,14.64,14.66,14.63,14.64,1466728
2026-09-15 14:00:00,14.63,14.65,14.62,14.63,1627667
2026-09-15 14:05:00,14.62,14.63,14.6,14.6,3084893
2026-09-15 14:10:00,14.61,14.61,14.51,14.51,13435831
2026-09-15 14:15:00,14.52,14.52,14.5,14.5,7444840
2026-09-15 14:20:00,14.51,14.53,14.47,14.48,9492625
2026-09-15 14:25:00,14.5,14.52,14.48,14.5,8473138
2026-09-15 14:30:00,14.51,14.56,14.51,14.56,7843640
2026-09-15 14:35:00,14.56,14.57,14.54,14.55,5297659
2026-09-15 14:40:00,14.55,14.58,14.55,14.57,3216744
2026-09-15 14:45:00,14.57,14.58,14.49,14.51,9532940
2026-09-15 14:50:00,14.51,14.58,14.5,14.53,18264930
2026-09-15 14:55:00,14.52,14.55,14.52,14.53,4562363
2026-09-15 15:00:00,14.53,14.53,14.5,14.5,5958738
2026-09-15 15:05:00,14.51,14.52,14.47,14.5,13539164
2026-09-15 15:10:00,14.51,14.52,14.44,14.44,24988334
2026-09-15 15:15:00,14.44,14.44,14.43,14.44,228123
2026-09-15 15:20:00,14.44,14.44,14.44,14.44,0
2026-09-15 15:25:00,14.44,14.45,14.44,14.45,3228926
2026-09-16 09:15:00,14.48,14.49,14.4,14.45,20261057
2026-09-16 09:20:00,14.44,14.45,14.22,14.25,27640647
2026-09-16 09:25:00,14.28,14.28,14.21,14.22,10583824
2026-09-16 09:30:00,14.22,14.28,14.17,14.27,17339085
2026-09-16 09:35:00,14.27,14.27,14.18,14.21,8277730
2026-09-16 09:40:00,14.21,14.23,14.15,14.18,8007827
2026-09-16 09:45:00,14.19,14.25,14.13,14.23,11529156
2026-09-16 09:50:00,14.24,14.3,14.21,14.26,9908588
2026-09-16 09:55:00,14.26,14.27,14.23,14.26,5256998
2026-09-16 10:00:00,14.27,14.27,14.22,14.23,4246337
2026-09-16 10:05:00,14.23,14.24,14.19,14.21,3560068
2026-09-16 10:10:00,14.21,14.28,14.2,14.26,2674549
2026-09-16 10:15:00,14.25,14.35,14.25,14.29,8126871
2026-09-16 10:20:00,14.29,14.36,14.28,14.33,6352926
2026-09-16 10:25:00,14.32,14.37,14.32,14.36,3470559
2026-09-16 10:30:00,14.36,14.4,14.35,14.39,7422739
2026-09-16 10:35:00,14.39,14.4,14.34,14.37,6732102
2026-09-16 10:40:00,14.37,14.38,14.34,14.35,1859443
2026-09-16 10:45:00,14.35,14.37,14.34,14.36,1295021
2026-09-16 10:50:00,14.37,14.37,14.33,14.33,2497540
2026-09-16 10:55:00,14.33,14.34,14.31,14.34,1594066
2026-09-16 11:00:00,14.33,14.34,14.31,14.32,1611024
2026-09-16 11:05:00,14.31,14.32,14.28,14.31,3046003
2026-09-16 11:10:00,14.3,14.34,14.3,14.34,2705238
2026-09-16 11:15:00,14.34,14.4,14.33,14.37,7221643
2026-09-16 11:20:00,14.36,14.38,14.33,14.35,1944995
2026-09-16 11:25:00,14.35,14.36,14.32,14.33,1562534
2026-09-16 11:30:00,14.33,14.39,14.32,14.36,2847539
2026-09-16 11:35:00,14.37,14.4,14.36,14.39,2318942
2026-09-16 11:40:00,14.39,14.4,14.37,14.37,2076577
2026-09-16 11:45:00,14.37,14.38,14.33,14.35,1623673
2026-09-16 11:50:00,14.35,14.37,14.34,14.34,1090219
2026-09-16 11:55:00,14.35,14.35,14.29,14.29,2346745
2026-09-16 12:00:00,14.3,14.32,14.29,14.32,1981887
2026-09-16 12:05:00,14.31,14.37,14.31,14.34,2540106
2026-09-16 12:10:00,14.35,14.35,14.34,14.34,709781
2026-09-16 12:15:00,14.35,14.35,14.32,14.33,1380692
2026-09-16 12:20:00,14.33,14.39,14.32,14.38,3192623
2026-09-16 12:25:00,14.39,14.39,14.35,14.37,2054164
2026-09-16 12:30:00,14.37,14.38,14.36,14.38,768574
2026-09-16 12:35:00,14.38,14.38,14.34,14.35,2525434
2026-09-16 12:40:00,14.34,14.37,14.34,14.36,1004183
2026-09-16 12:45:00,14.36,14.37,14.35,14.36,1137391
2026-09-16 12:50:00,14.36,14.36,14.35,14.36,799404
2026-09-16 12:55:00,14.36,14.36,14.34,14.35,2669641
2026-09-16 13:00:00,14.36,14.38,14.35,14.37,2562207
2026-09-16 13:05:00,14.37,14.41,14.37,14.4,3360746
2026-09-16 13:10:00,14.39,14.4,14.35,14.36,2055134
2026-09-16 13:15:00,14.36,14.39,14.35,14.37,2126982
2026-09-16 13:20:00,14.38,14.38,14.33,14.33,3710598
2026-09-16 13:25:00,14.34,14.34,14.32,14.33,1087780
2026-09-16 13:30:00,14.33,14.35,14.32,14.33,2499607
2026-09-16 13:35:00,14.34,14.34,14.32,14.33,1590967
2026-09-16 13:40:00,14.33,14.34,14.29,14.3,2665346
2026-09-16 13:45:00,14.29,14.33,14.29,14.31,2719572
2026-09-16 13:50:00,14.3,14.32,14.3,14.31,1067044
2026-09-16 13:55:00,14.3,14.31,14.3,14.3,1181996
2026-09-16 14:00:00,14.31,14.33,14.3,14.32,1056967
2026-09-16 14:05:00,14.32,14.32,14.29,14.3,1306367
2026-09-16 14:10:00,14.3,14.32,14.29,14.32,1553797
2026-09-16 14:15:00,14.31,14.32,14.3,14.31,1102344
2026-09-16 14:20:00,14.3,14.31,14.28,14.28,2713588
2026-09-16 14:25:00,14.29,14.31,14.27,14.31,2397670
2026-09-16 14:30:00,14.31,14.32,14.28,14.29,2070906
2026-09-16 14:35:00,14.3,14.3,14.27,14.28,1445326
2026-09-16 14:40:00,14.27,14.28,14.25,14.27,3150800
2026-09-16 14:45:00,14.28,14.29,14.26,14.28,2360216
2026-09-16 14:50:00,14.28,14.29,14.27,14.27,2481826
2026-09-16 14:55:00,14.27,14.28,14.25,14.26,2782527
2026-09-16 15:00:00,14.26,14.27,14.25,14.27,4882012
2026-09-16 15:05:00,14.26,14.27,14.24,14.25,9873904
2026-09-16 15:10:00,14.25,14.28,14.23,14.28,17641196
2026-09-16 15:15:00,14.28,14.28,14.28,14.28,235
2026-09-16 15:20:00,14.28,14.28,14.28,14.28,0
2026-09-16 15:25:00,14.28,14.28,14.26,14.26,2889836
2026-09-17 09:15:00,14.25,14.37,14.23,14.37,12322565
2026-09-17 09:20:00,14.37,14.43,14.34,14.37,13221293
2026-09-17 09:25:00,14.37,14.37,14.3,14.3,7045320
2026-09-17 09:30:00,14.3,14.35,14.3,14.34,2670512
2026-09-17 09:35:00,14.35,14.36,14.3,14.31,3759554
2026-09-17 09:40:00,14.31,14.34,14.28,14.33,6994502
2026-09-17 09:45:00,14.32,14.36,14.31,14.35,3799704
2026-09-17 09:50:00,14.34,14.35,14.31,14.34,2859687
2026-09-17 09:55:00,14.33,14.36,14.32,14.34,2232823
2026-09-17 10:00:00,14.34,14.35,14.33,14.34,2384891
2026-09-17 10:05:00,14.35,14.36,14.33,14.34,2258740
2026-09-17 10:10:00,14.33,14.34,14.33,14.34,840629
2026-09-17 10:15:00,14.33,14.35,14.33,14.33,2269765
2026-09-17 10:20:00,14.34,14.34,14.32,14.32,1699888
2026-09-17 10:25:00,14.33,14.33,14.31,14.32,967845
2026-09-17 10:30:00,14.33,14.33,14.31,14.32,1852990
2026-09-17 10:35:00,14.31,14.34,14.31,14.31,3572652
2026-09-17 10:40:00,14.32,14.34,14.31,14.33,1413113
2026-09-17 10:45:00,14.32,14.33,14.3,14.31,2534494
2026-09-17 10:50:00,14.3,14.31,14.29,14.3,1678856
2026-09-17 10:55:00,14.29,14.3,14.26,14.27,4670183
2026-09-17 11:00:00,14.28,14.28,14.24,14.25,3705494
2026-09-17 11:05:00,14.24,14.25,14.23,14.25,1336566
2026-09-17 11:10:00,14.25,14.25,14.23,14.25,2234966
2026-09-17 11:15:00,14.24,14.29,14.24,14.28,2394552
2026-09-17 11:20:00,14.29,14.31,14.27,14.29,2057591
2026-09-17 11:25:00,14.28,14.29,14.27,14.28,595912
2026-09-17 11:30:00,14.27,14.29,14.26,14.28,1107483
2026-09-17 11:35:00,14.27,14.29,14.27,14.29,888977
2026-09-17 11:40:00,14.29,14.3,14.28,14.3,1403681
2026-09-17 11:45:00,14.3,14.3,14.27,14.28,2827347
2026-09-17 11:50:00,14.28,14.3,14.27,14.28,1253793
2026-09-17 11:55:00,14.29,14.3,14.27,14.28,2445483
2026-09-17 12:00:00,14.29,14.31,14.27,14.29,3193410
2026-09-17 12:05:00,14.28,14.3,14.28,14.3,722246
2026-09-17 12:10:00,14.3,14.31,14.28,14.28,2702435
2026-09-17 12:15:00,14.29,14.3,14.28,14.29,756036
2026-09-17 12:20:00,14.3,14.31,14.29,14.3,484519
2026-09-17 12:25:00,14.31,14.31,14.28,14.3,602083
2026-09-17 12:30:00,14.3,14.3,14.28,14.28,1184856
2026-09-17 12:35:00,14.28,14.3,14.28,14.3,473397
2026-09-17 12:40:00,14.29,14.3,14.28,14.28,626877
2026-09-17 12:45:00,14.28,14.29,14.27,14.28,736088
2026-09-17 12:50:00,14.28,14.29,14.27,14.29,489601
2026-09-17 12:55:00,14.29,14.29,14.27,14.28,1680486
2026-09-17 13:00:00,14.28,14.29,14.28,14.29,576109
2026-09-17 13:05:00,14.28,14.29,14.28,14.28,541367
2026-09-17 13:10:00,14.29,14.29,14.26,14.27,1841203
2026-09-17 13:15:00,14.27,14.27,14.26,14.27,708891
2026-09-17 13:20:00,14.27,14.27,14.23,14.23,3508747
2026-09-17 13:25:00,14.23,14.24,14.2,14.21,4735424
2026-09-17 13:30:00,14.2,14.21,14.18,14.18,4552430
2026-09-17 13:35:00,14.19,14.21,14.17,14.2,1929990
2026-09-17 13:40:00,14.2,14.23,14.2,14.22,1098186
2026-09-17 13:45:00,14.21,14.23,14.21,14.22,1118283
2026-09-17 13:50:00,14.23,14.23,14.21,14.21,703617
2026-09-17 13:55:00,14.21,14.22,14.21,14.21,486689
2026-09-17 14:00:00,14.21,14.22,14.21,14.21,402365
2026-09-17 14:05:00,14.21,14.24,14.21,14.24,1128839
2026-09-17 14:10:00,14.23,14.25,14.23,14.25,1537115
2026-09-17 14:15:00,14.25,14.25,14.22,14.24,801483
2026-09-17 14:20:00,14.24,14.24,14.23,14.24,565051
2026-09-17 14:25:00,14.23,14.25,14.22,14.24,3459045
2026-09-17 14:30:00,14.25,14.25,14.23,14.24,584087
2026-09-17 14:35:00,14.24,14.25,14.23,14.25,985579
2026-09-17 14:40:00,14.25,14.25,14.23,14.24,1665772
2026-09-17 14:45:00,14.23,14.25,14.23,14.24,1877317
2026-09-17 14:50:00,14.24,14.25,14.23,14.25,3589530
2026-09-17 14:55:00,14.25,14.27,14.24,14.27,4389549
2026-09-17 15:00:00,14.26,14.27,14.24,14.25,5473894
2026-09-17 15:05:00,14.25,14.25,14.23,14.23,6651492
2026-09-17 15:10:00,14.23,14.25,14.21,14.22,11977874
2026-09-17 15:15:00,14.22,14.22,14.22,14.22,20858
2026-09-17 15:20:00,14.22,14.22,14.22,14.22,0
2026-09-17 15:25:00,14.22,14.22,14.22,14.22,1644627
2026-09-18 09:15:00,14.34,14.35,14.25,14.27,12851086
2026-09-18 09:20:00,14.28,14.28,14.22,14.24,9684517
2026-09-18 09:25:00,14.24,14.26,14.14,14.17,12358830
2026-09-18 09:30:00,14.17,14.23,14.16,14.23,6182264
2026-09-18 09:35:00,14.22,14.26,14.2,14.22,9331665
2026-09-18 09:40:00,14.21,14.25,14.21,14.24,2998440
2026-09-18 09:45:00,14.24,14.27,14.21,14.22,6103093
2026-09-18 09:50:00,14.22,14.25,14.21,14.24,2836431
2026-09-18 09:55:00,14.24,14.27,14.22,14.27,4221608
2026-09-18 10:00:00,14.27,14.27,14.23,14.25,4548290
2026-09-18 10:05:00,14.25,14.25,14.23,14.24,2325199
2026-09-18 10:10:00,14.25,14.34,14.24,14.3,9525160
2026-09-18 10:15:00,14.31,14.37,14.31,14.31,5890216
2026-09-18 10:20:00,14.32,14.32,14.27,14.28,2403831
2026-09-18 10:25:00,14.28,14.32,14.27,14.31,3007394
2026-09-18 10:30:00,14.31,14.32,14.29,14.32,2402740
2026-09-18 10:35:00,14.31,14.32,14.3,14.32,968586
2026-09-18 10:40:00,14.31,14.33,14.3,14.32,2762114
2026-09-18 10:45:00,14.31,14.32,14.25,14.26,4836717
2026-09-18 10:50:00,14.27,14.27,14.26,14.27,2252493
2026-09-18 10:55:00,14.26,14.27,14.24,14.24,2953076
2026-09-18 11:00:00,14.24,14.26,14.23,14.24,2585980
2026-09-18 11:05:00,14.25,14.26,14.24,14.25,1805161
2026-09-18 11:10:00,14.24,14.25,14.23,14.23,1726852
2026-09-18 11:15:00,14.24,14.25,14.23,14.24,2035216
2026-09-18 11:20:00,14.25,14.25,14.23,14.24,1715655
2026-09-18 11:25:00,14.25,14.25,14.23,14.24,1455148
2026-09-18 11:30:00,14.23,14.24,14.22,14.23,1692665
2026-09-18 11:35:00,14.23,14.23,14.2,14.21,4205337
2026-09-18 11:40:00,14.2,14.21,14.2,14.21,2272127
2026-09-18 11:45:00,14.2,14.23,14.2,14.23,2411401
2026-09-18 11:50:00,14.22,14.25,14.22,14.23,2337903
2026-09-18 11:55:00,14.24,14.25,14.22,14.22,5070213
2026-09-18 12:00:00,14.22,14.23,14.2,14.22,1706484
2026-09-18 12:05:00,14.22,14.22,14.2,14.21,1852221
2026-09-18 12:10:00,14.2,14.22,14.2,14.22,1033751
2026-09-18 12:15:00,14.22,14.22,14.19,14.2,2298397
2026-09-18 12:20:00,14.2,14.2,14.19,14.19,1089115
2026-09-18 12:25:00,14.2,14.2,14.19,14.2,850987
2026-09-18 12:30:00,14.19,14.22,14.19,14.22,1725481
2026-09-18 12:35:00,14.21,14.23,14.19,14.21,1626219
2026-09-18 12:40:00,14.21,14.22,14.2,14.21,543702
2026-09-18 12:45:00,14.21,14.22,14.2,14.2,988017
2026-09-18 12:50:00,14.21,14.22,14.2,14.22,1097520
2026-09-18 12:55:00,14.22,14.24,14.2,14.24,3798669
2026-09-18 13:00:00,14.24,14.26,14.23,14.26,1918597
2026-09-18 13:05:00,14.26,14.26,14.24,14.25,1109750
2026-09-18 13:10:00,14.25,14.25,14.23,14.25,3254962
2026-09-18 13:15:00,14.24,14.25,14.23,14.23,624455
2026-09-18 13:20:00,14.24,14.25,14.23,14.24,1662178
2026-09-18 13:25:00,14.25,14.25,14.23,14.24,977615
2026-09-18 13:30:00,14.24,14.24,14.22,14.23,1576971
2026-09-18 13:35:00,14.24,14.25,14.22,14.24,3498340
2026-09-18 13:40:00,14.24,14.24,14.18,14.19,6178718
2026-09-18 13:45:00,14.19,14.2,14.18,14.19,1005045
2026-09-18 13:50:00,14.18,14.2,14.17,14.19,2057480
2026-09-18 13:55:00,14.19,14.2,14.16,14.19,4876520
2026-09-18 14:00:00,14.19,14.19,14.18,14.19,611873
2026-09-18 14:05:00,14.18,14.19,14.17,14.17,1078759
2026-09-18 14:10:00,14.18,14.19,14.17,14.18,1166515
2026-09-18 14:15:00,14.18,14.2,14.17,14.2,5031431
2026-09-18 14:20:00,14.19,14.21,14.18,14.19,4353701
2026-09-18 14:25:00,14.19,14.21,14.18,14.19,4470819
2026-09-18 14:30:00,14.2,14.21,14.19,14.2,2462655
2026-09-18 14:35:00,14.21,14.21,14.18,14.2,6246123
2026-09-18 14:40:00,14.21,14.21,14.2,14.2,2053444
2026-09-18 14:45:00,14.2,14.23,14.2,14.21,7352759
2026-09-18 14:50:00,14.21,14.24,14.2,14.24,4407467
2026-09-18 14:55:00,14.24,14.24,14.22,14.23,7500211
2026-09-18 15:00:00,14.24,14.24,14.21,14.22,9363566
2026-09-18 15:05:00,14.22,14.23,14.2,14.2,9187025
2026-09-18 15:10:00,14.21,14.22,14.17,14.18,14950195
2026-09-18 15:15:00,14.18,14.18,14.18,14.18,88135
2026-09-18 15:20:00,14.18,14.18,14.18,14.18,0
2026-09-18 15:25:00,14.18,14.18,13.92,13.92,78173324
2026-09-21 09:15:00,14.02,14.07,14.0,14.05,15609813
2026-09-21 09:20:00,14.07,14.13,14.03,14.13,13067348
2026-09-21 09:25:00,14.13,14.14,14.06,14.07,9276986
2026-09-21 09:30:00,14.06,14.08,14.02,14.03,7977436
2026-09-21 09:35:00,14.02,14.04,13.96,14.0,11847244
2026-09-21 09:40:00,14.01,14.02,13.99,14.0,4312819
2026-09-21 09:45:00,14.0,14.0,13.98,14.0,4783830
2026-09-21 09:50:00,14.0,14.0,13.96,13.98,5685050
2026-09-21 09:55:00,13.96,14.01,13.96,14.0,4378125
2026-09-21 10:00:00,13.99,14.0,13.95,13.95,4006454
2026-09-21 10:05:00,13.95,13.96,13.92,13.94,5818263
2026-09-21 10:10:00,13.93,13.96,13.93,13.94,2924586
2026-09-21 10:15:00,13.95,13.96,13.93,13.94,2996909
2026-09-21 10:20:00,13.94,13.95,13.91,13.92,4324945
2026-09-21 10:25:00,13.91,13.93,13.88,13.91,7596541
2026-09-21 10:30:00,13.91,13.94,13.9,13.92,4219536
2026-09-21 10:35:00,13.91,13.92,13.9,13.91,1507266
2026-09-21 10:40:00,13.92,13.93,13.91,13.92,2631678
2026-09-21 10:45:00,13.93,13.94,13.91,13.94,2802387
2026-09-21 10:50:00,13.94,13.97,13.93,13.95,3599965
2026-09-21 10:55:00,13.96,14.05,13.95,14.04,9661174
2026-09-21 11:00:00,14.04,14.04,14.0,14.02,7162734
2026-09-21 11:05:00,14.02,14.02,13.98,13.98,4473607
2026-09-21 11:10:00,13.98,14.01,13.98,13.98,4171082
2026-09-21 11:15:00,13.98,14.0,13.97,13.98,3026455
2026-09-21 11:20:00,13.97,13.98,13.95,13.95,2244003
2026-09-21 11:25:00,13.96,13.98,13.95,13.98,1633891
2026-09-21 11:30:00,13.98,13.98,13.96,13.97,1569575
2026-09-21 11:35:00,13.96,13.97,13.94,13.95,4194631
2026-09-21 11:40:00,13.94,13.95,13.93,13.94,2260531
2026-09-21 11:45:00,13.94,13.96,13.92,13.96,4845338
2026-09-21 11:50:00,13.95,13.98,13.93,13.96,8554888
2026-09-21 11:55:00,13.96,13.96,13.93,13.95,5427054
2026-09-21 12:00:00,13.95,13.95,13.9,13.91,3746652
2026-09-21 12:05:00,13.92,13.94,13.9,13.93,4500325
2026-09-21 12:10:00,13.94,13.95,13.92,13.95,1457558
2026-09-21 12:15:00,13.96,13.96,13.94,13.96,1640403
2026-09-21 12:20:00,13.95,13.96,13.94,13.94,1201565
2026-09-21 12:25:00,13.95,13.95,13.94,13.95,1945284
2026-09-21 12:30:00,13.95,13.95,13.93,13.95,2095485
2026-09-21 12:35:00,13.95,13.96,13.94,13.95,2094307
2026-09-21 12:40:00,13.96,13.96,13.94,13.94,1582084
2026-09-21 12:45:00,13.95,13.96,13.94,13.96,1011418
2026-09-21 12:50:00,13.95,14.0,13.95,13.97,5613867
2026-09-21 12:55:00,13.98,13.99,13.96,13.96,2883255
2026-09-21 13:00:00,13.97,13.99,13.96,13.99,1461179
2026-09-21 13:05:00,13.99,13.99,13.96,13.97,1458960
2026-09-21 13:10:00,13.97,13.97,13.95,13.95,2763777
2026-09-21 13:15:00,13.96,13.97,13.95,13.96,1004463
2026-09-21 13:20:00,13.96,13.97,13.95,13.97,756428
2026-09-21 13:25:00,13.96,13.97,13.94,13.95,2670457
2026-09-21 13:30:00,13.95,13.96,13.94,13.96,1671570
2026-09-21 13:35:00,13.96,13.96,13.93,13.93,2887586
2026-09-21 13:40:00,13.94,13.94,13.92,13.94,2344461
2026-09-21 13:45:00,13.93,13.94,13.93,13.93,612053
2026-09-21 13:50:00,13.93,13.94,13.92,13.94,1117409
2026-09-21 13:55:00,13.93,13.95,13.92,13.94,2305194
2026-09-21 14:00:00,13.95,13.95,13.93,13.93,1713161
2026-09-21 14:05:00,13.94,13.94,13.93,13.93,1582077
2026-09-21 14:10:00,13.94,13.95,13.93,13.94,1622257
2026-09-21 14:15:00,13.94,13.95,13.93,13.94,1394833
2026-09-21 14:20:00,13.95,13.95,13.93,13.94,1588033
2026-09-21 14:25:00,13.95,13.95,13.93,13.94,1852970
2026-09-21 14:30:00,13.95,13.95,13.93,13.94,1310826
2026-09-21 14:35:00,13.93,13.95,13.93,13.94,2701470
2026-09-21 14:40:00,13.95,13.97,13.94,13.97,3951385
2026-09-21 14:45:00,13.97,13.97,13.94,13.96,3486808
2026-09-21 14:50:00,13.95,13.96,13.94,13.94,3506043
2026-09-21 14:55:00,13.95,13.96,13.92,13.93,5514022
2026-09-21 15:00:00,13.92,13.94,13.88,13.89,7098115
2026-09-21 15:05:00,13.89,13.9,13.86,13.88,9194004
2026-09-21 15:10:00,13.87,13.88,13.82,13.84,18768786
2026-09-21 15:15:00,13.84,13.84,13.84,13.84,38516
2026-09-21 15:20:00,13.84,13.84,13.84,13.84,0
2026-09-21 15:25:00,13.84,13.84,13.84,13.84,1842651
2026-09-22 09:15:00,13.89,13.95,13.82,13.84,17814725
2026-09-22 09:20:00,13.84,13.84,13.77,13.83,14742862
2026-09-22 09:25:00,13.83,13.83,13.8,13.82,3704544
2026-09-22 09:30:00,13.82,13.83,13.8,13.8,4996761
2026-09-22 09:35:00,13.81,13.81,13.79,13.8,4442599
2026-09-22 09:40:00,13.81,13.82,13.78,13.82,3465372
2026-09-22 09:45:00,13.82,13.82,13.77,13.79,6352579
2026-09-22 09:50:00,13.78,13.79,13.76,13.77,4147003
2026-09-22 09:55:00,13.78,13.78,13.75,13.77,3213239
2026-09-22 10:00:00,13.77,13.77,13.71,13.75,10897361
2026-09-22 10:05:00,13.75,13.93,13.74,13.9,19583873
2026-09-22 10:10:00,13.92,14.08,13.9,14.07,38443818
2026-09-22 10:15:00,14.06,14.22,13.99,14.18,28631678
2026-09-22 10:20:00,14.17,14.33,14.16,14.24,34610015
2026-09-22 10:25:00,14.23,14.3,14.2,14.24,15299276
2026-09-22 10:30:00,14.25,14.27,14.18,14.22,9212624
2026-09-22 10:35:00,14.21,14.24,14.17,14.18,6556512
2026-09-22 10:40:00,14.18,14.22,14.12,14.21,11590454
2026-09-22 10:45:00,14.21,14.29,14.2,14.22,12752263
2026-09-22 10:50:00,14.22,14.24,14.2,14.23,6003200
2026-09-22 10:55:00,14.24,14.24,14.19,14.21,2897893
2026-09-22 11:00:00,14.21,14.22,14.17,14.18,4479788
2026-09-22 11:05:00,14.18,14.21,14.18,14.18,2873283
2026-09-22 11:10:00,14.19,14.19,14.17,14.19,2724246
2026-09-22 11:15:00,14.18,14.2,14.17,14.2,4200494
2026-09-22 11:20:00,14.21,14.25,14.2,14.22,8464001
2026-09-22 11:25:00,14.23,14.27,14.23,14.27,6089609
2026-09-22 11:30:00,14.27,14.27,14.23,14.24,2185879
2026-09-22 11:35:00,14.24,14.25,14.23,14.24,1727783
2026-09-22 11:40:00,14.24,14.25,14.22,14.22,1007274
2026-09-22 11:45:00,14.22,14.23,14.19,14.22,2890324
2026-09-22 11:50:00,14.22,14.22,14.2,14.2,2039379
2026-09-22 11:55:00,14.21,14.21,14.17,14.21,3726115
2026-09-22 12:00:00,14.21,14.24,14.19,14.24,3006261
2026-09-22 12:05:00,14.24,14.24,14.2,14.21,941845
2026-09-22 12:10:00,14.21,14.22,14.17,14.17,2664833
2026-09-22 12:15:00,14.18,14.22,14.17,14.21,3343737
2026-09-22 12:20:00,14.2,14.23,14.2,14.22,3386419
2026-09-22 12:25:00,14.22,14.23,14.21,14.22,1482075
2026-09-22 12:30:00,14.21,14.22,14.19,14.19,2540768
2026-09-22 12:35:00,14.19,14.21,14.18,14.19,1886882
2026-09-22 12:40:00,14.19,14.2,14.17,14.18,2076367
2026-09-22 12:45:00,14.17,14.19,14.16,14.17,4809536
2026-09-22 12:50:00,14.18,14.18,14.16,14.16,2380114
2026-09-22 12:55:00,14.16,14.17,14.12,14.14,6212849
2026-09-22 13:00:00,14.13,14.14,14.1,14.13,4174003
2026-09-22 13:05:00,14.12,14.13,14.11,14.12,1983388
2026-09-22 13:10:00,14.13,14.14,14.11,14.12,1615169
2026-09-22 13:15:00,14.11,14.13,14.1,14.11,3668563
2026-09-22 13:20:00,14.11,14.12,14.07,14.09,3696221
2026-09-22 13:25:00,14.1,14.11,14.09,14.09,3298383
2026-09-22 13:30:00,14.09,14.11,14.08,14.09,2095735
2026-09-22 13:35:00,14.1,14.19,14.08,14.15,10048509
2026-09-22 13:40:00,14.14,14.15,14.12,14.13,6392460
2026-09-22 13:45:00,14.13,14.13,14.1,14.11,3242031
2026-09-22 13:50:00,14.11,14.11,14.04,14.06,7937188
2026-09-22 13:55:00,14.06,14.08,14.06,14.08,2617612
2026-09-22 14:00:00,14.07,14.08,14.02,14.04,6428637
2026-09-22 14:05:00,14.03,14.06,14.03,14.06,2238595
2026-09-22 14:10:00,14.06,14.11,14.04,14.1,5399471
2026-09-22 14:15:00,14.11,14.13,14.08,14.11,5019017
2026-09-22 14:20:00,14.12,14.21,14.11,14.21,9076310
2026-09-22 14:25:00,14.21,14.3,14.2,14.28,18520815
2026-09-22 14:30:00,14.27,14.3,14.25,14.25,6423296
2026-09-22 14:35:00,14.26,14.31,14.25,14.3,10382626
2026-09-22 14:40:00,14.31,14.36,14.27,14.27,12876726
2026-09-22 14:45:00,14.28,14.28,14.25,14.25,5519758
2026-09-22 14:50:00,14.25,14.28,14.24,14.25,6954840
2026-09-22 14:55:00,14.26,14.26,14.24,14.26,5864445
2026-09-22 15:00:00,14.25,14.26,14.23,14.24,9045648
2026-09-22 15:05:00,14.24,14.3,14.23,14.28,14464763
2026-09-22 15:10:00,14.28,14.29,14.26,14.28,18062790
2026-09-22 15:15:00,14.27,14.27,14.27,14.27,6765
2026-09-22 15:20:00,14.27,14.27,14.27,14.27,0
2026-09-22 15:25:00,14.27,14.27,14.27,14.27,2956480
2026-09-23 09:15:00,14.26,14.35,14.17,14.33,23770956
2026-09-23 09:20:00,14.32,14.33,14.28,14.31,8503374
2026-09-23 09:25:00,14.3,14.33,14.29,14.31,5352652
2026-09-23 09:30:00,14.31,14.33,14.3,14.33,6134361
2026-09-23 09:35:00,14.33,14.34,14.31,14.33,2707736
2026-09-23 09:40:00,14.33,14.37,14.32,14.34,5207295
2026-09-23 09:45:00,14.34,14.34,14.3,14.31,2426745
2026-09-23 09:50:00,14.3,14.39,14.3,14.37,5837003
2026-09-23 09:55:00,14.38,14.4,14.37,14.4,4777432
2026-09-23 10:00:00,14.39,14.4,14.38,14.38,3304193
2026-09-23 10:05:00,14.39,14.39,14.35,14.36,3038335
2026-09-23 10:10:00,14.36,14.37,14.33,14.36,1849939
2026-09-23 10:15:00,14.37,14.37,14.35,14.35,1464177
2026-09-23 10:20:00,14.36,14.36,14.33,14.33,1648990
2026-09-23 10:25:00,14.33,14.34,14.31,14.32,2192454
2026-09-23 10:30:00,14.33,14.33,14.27,14.27,5927032
2026-09-23 10:35:00,14.27,14.29,14.24,14.25,5899383
2026-09-23 10:40:00,14.25,14.32,14.24,14.31,4482314
2026-09-23 10:45:00,14.3,14.37,14.29,14.36,5779903
2026-09-23 10:50:00,14.35,14.38,14.35,14.36,2692417
2026-09-23 10:55:00,14.36,14.37,14.33,14.33,4332889
2026-09-23 11:00:00,14.34,14.35,14.33,14.34,907540
2026-09-23 11:05:00,14.35,14.35,14.33,14.34,1632472
2026-09-23 11:10:00,14.33,14.35,14.33,14.35,1104383
2026-09-23 11:15:00,14.35,14.36,14.32,14.35,3660865
2026-09-23 11:20:00,14.35,14.36,14.33,14.33,1860541
2026-09-23 11:25:00,14.34,14.38,14.32,14.37,3355748
2026-09-23 11:30:00,14.38,14.38,14.37,14.37,803142
2026-09-23 11:35:00,14.38,14.38,14.36,14.37,1617747
2026-09-23 11:40:00,14.37,14.38,14.35,14.35,714874
2026-09-23 11:45:00,14.36,14.36,14.33,14.35,1548643
2026-09-23 11:50:00,14.35,14.38,14.35,14.38,1664953
2026-09-23 11:55:00,14.38,14.38,14.35,14.35,1575787
2026-09-23 12:00:00,14.35,14.37,14.35,14.36,1385520
2026-09-23 12:05:00,14.35,14.36,14.35,14.36,1130808
2026-09-23 12:10:00,14.36,14.36,14.34,14.35,1403317
2026-09-23 12:15:00,14.35,14.36,14.34,14.35,472195
2026-09-23 12:20:00,14.35,14.38,14.34,14.37,2028391
2026-09-23 12:25:00,14.38,14.39,14.36,14.36,2370402
2026-09-23 12:30:00,14.36,14.37,14.36,14.37,419189
2026-09-23 12:35:00,14.36,14.37,14.35,14.36,1439986
2026-09-23 12:40:00,14.36,14.38,14.35,14.37,974590
2026-09-23 12:45:00,14.36,14.38,14.36,14.37,1182250
2026-09-23 12:50:00,14.38,14.38,14.35,14.37,831284
2026-09-23 12:55:00,14.37,14.4,14.36,14.4,4124274
2026-09-23 13:00:00,14.4,14.42,14.38,14.41,6563962
2026-09-23 13:05:00,14.4,14.41,14.39,14.4,1372339
2026-09-23 13:10:00,14.39,14.42,14.39,14.41,4159905
2026-09-23 13:15:00,14.42,14.42,14.39,14.4,1989829
2026-09-23 13:20:00,14.4,14.41,14.39,14.39,940250
2026-09-23 13:25:00,14.4,14.4,14.38,14.4,2352783
2026-09-23 13:30:00,14.4,14.4,14.38,14.39,1678368
2026-09-23 13:35:00,14.38,14.39,14.37,14.37,974019
2026-09-23 13:40:00,14.37,14.39,14.37,14.38,947238
2026-09-23 13:45:00,14.38,14.39,14.37,14.38,1490645
2026-09-23 13:50:00,14.39,14.39,14.36,14.37,1615713
2026-09-23 13:55:00,14.36,14.37,14.35,14.36,1838767
2026-09-23 14:00:00,14.37,14.38,14.36,14.36,1250815
2026-09-23 14:05:00,14.37,14.37,14.35,14.36,1539982
2026-09-23 14:10:00,14.35,14.45,14.35,14.44,5349966
2026-09-23 14:15:00,14.44,14.44,14.4,14.4,3049817
2026-09-23 14:20:00,14.41,14.42,14.4,14.42,2020184
2026-09-23 14:25:00,14.41,14.49,14.41,14.48,15228988
2026-09-23 14:30:00,14.47,14.55,14.47,14.51,11578303
2026-09-23 14:35:00,14.51,14.53,14.48,14.49,4282518
2026-09-23 14:40:00,14.48,14.51,14.47,14.51,3783347
2026-09-23 14:45:00,14.5,14.51,14.48,14.48,2375090
2026-09-23 14:50:00,14.49,14.52,14.49,14.51,3013360
2026-09-23 14:55:00,14.51,14.53,14.5,14.51,4941782
2026-09-23 15:00:00,14.51,14.52,14.49,14.51,7220400
2026-09-23 15:05:00,14.51,14.53,14.51,14.53,9235938
2026-09-23 15:10:00,14.53,14.55,14.51,14.54,20332077
2026-09-23 15:15:00,14.53,14.53,14.53,14.53,4616
2026-09-23 15:20:00,14.53,14.53,14.53,14.53,0
2026-09-23 15:25:00,14.53,14.53,14.52,14.52,3832283
2026-09-24 09:15:00,14.42,14.48,14.34,14.41,19618228
2026-09-24 09:20:00,14.42,14.43,14.36,14.43,10486754
2026-09-24 09:25:00,14.43,14.5,14.42,14.46,8352908
2026-09-24 09:30:00,14.46,14.47,14.42,14.47,5460791
2026-09-24 09:35:00,14.47,14.49,14.45,14.46,3821893
2026-09-24 09:40:00,14.45,14.46,14.43,14.45,2825963
2026-09-24 09:45:00,14.44,14.47,14.41,14.46,7022534
2026-09-24 09:50:00,14.47,14.5,14.42,14.43,15602629
2026-09-24 09:55:00,14.43,14.44,14.42,14.44,1354854
2026-09-24 10:00:00,14.43,14.45,14.4,14.42,4524618
2026-09-24 10:05:00,14.43,14.43,14.39,14.4,7296164
2026-09-24 10:10:00,14.39,14.4,14.33,14.33,7082953
2026-09-24 10:15:00,14.34,14.36,14.32,14.36,5666670
2026-09-24 10:20:00,14.36,14.36,14.28,14.3,6639454
2026-09-24 10:25:00,14.3,14.32,14.29,14.31,4758123
2026-09-24 10:30:00,14.32,14.33,14.29,14.3,2297437
2026-09-24 10:35:00,14.3,14.32,14.29,14.32,2237260
2026-09-24 10:40:00,14.31,14.32,14.29,14.3,1773978
2026-09-24 10:45:00,14.3,14.35,14.29,14.34,5318072
2026-09-24 10:50:00,14.35,14.35,14.32,14.33,1611424
2026-09-24 10:55:00,14.34,14.34,14.3,14.3,2918428
2026-09-24 11:00:00,14.3,14.31,14.25,14.3,6780586
2026-09-24 11:05:00,14.31,14.31,14.29,14.3,1156681
2026-09-24 11:10:00,14.29,14.31,14.29,14.29,1046660
2026-09-24 11:15:00,14.3,14.35,14.29,14.33,3709028
2026-09-24 11:20:00,14.33,14.34,14.3,14.31,1649197
2026-09-24 11:25:00,14.32,14.33,14.29,14.3,3599238
2026-09-24 11:30:00,14.3,14.3,14.27,14.29,1885920
2026-09-24 11:35:00,14.28,14.3,14.28,14.3,1767202
2026-09-24 11:40:00,14.29,14.31,14.28,14.29,2849781
2026-09-24 11:45:00,14.29,14.3,14.29,14.29,605960
2026-09-24 11:50:00,14.29,14.3,14.27,14.29,1812638
2026-09-24 11:55:00,14.28,14.29,14.26,14.26,1945413
2026-09-24 12:00:00,14.26,14.27,14.26,14.27,957182
2026-09-24 12:05:00,14.27,14.27,14.25,14.25,1086600
2026-09-24 12:10:00,14.26,14.26,14.25,14.26,572630
2026-09-24 12:15:00,14.25,14.26,14.25,14.25,1442915
2026-09-24 12:20:00,14.26,14.26,14.21,14.22,5615345
2026-09-24 12:25:00,14.21,14.22,14.21,14.21,1196482
2026-09-24 12:30:00,14.22,14.27,14.21,14.27,7708226
2026-09-24 12:35:00,14.28,14.38,14.27,14.36,16554867
2026-09-24 12:40:00,14.37,14.37,14.32,14.32,5338800
2026-09-24 12:45:00,14.33,14.33,14.27,14.28,2804190
2026-09-24 12:50:00,14.28,14.29,14.26,14.26,1979893
2026-09-24 12:55:00,14.26,14.27,14.24,14.25,1621476
2026-09-24 13:00:00,14.24,14.27,14.23,14.26,2490168
2026-09-24 13:05:00,14.27,14.27,14.25,14.26,609617
2026-09-24 13:10:00,14.26,14.27,14.25,14.25,806593
2026-09-24 13:15:00,14.25,14.27,14.25,14.25,1491515
2026-09-24 13:20:00,14.26,14.26,14.23,14.24,2248886
2026-09-24 13:25:00,14.24,14.24,14.2,14.21,4900108
2026-09-24 13:30:00,14.22,14.22,14.16,14.16,9390263
2026-09-24 13:35:00,14.16,14.18,14.15,14.16,2674074
2026-09-24 13:40:00,14.15,14.16,14.09,14.11,22853677
2026-09-24 13:45:00,14.1,14.1,14.04,14.09,13827170
2026-09-24 13:50:00,14.09,14.09,14.06,14.07,4119544
2026-09-24 13:55:00,14.07,14.1,14.06,14.1,5662138
2026-09-24 14:00:00,14.1,14.14,14.09,14.1,6284108
2026-09-24 14:05:00,14.11,14.13,14.1,14.12,2374898
2026-09-24 14:10:00,14.11,14.13,14.1,14.11,2927978
2026-09-24 14:15:00,14.11,14.11,14.09,14.1,2183734
2026-09-24 14:20:00,14.09,14.12,14.08,14.09,3741462
2026-09-24 14:25:00,14.09,14.11,14.07,14.09,4164934
2026-09-24 14:30:00,14.09,14.13,14.09,14.13,4766812
2026-09-24 14:35:00,14.13,14.15,14.12,14.13,3613169
2026-09-24 14:40:00,14.13,14.13,14.11,14.11,2251824
2026-09-24 14:45:00,14.12,14.14,14.11,14.12,4626433
2026-09-24 14:50:00,14.12,14.15,14.11,14.13,4238400
2026-09-24 14:55:00,14.13,14.13,14.1,14.12,4336976
2026-09-24 15:00:00,14.11,14.11,14.08,14.09,8235915
2026-09-24 15:05:00,14.08,14.1,14.08,14.09,14509019
2026-09-24 15:10:00,14.09,14.11,14.06,14.09,19702200
2026-09-24 15:15:00,14.09,14.09,14.09,14.09,20025
2026-09-24 15:20:00,14.09,14.09,14.09,14.09,0
2026-09-24 15:25:00,14.09,14.12,14.09,14.12,1397157
2026-09-25 09:15:00,14.15,14.3,14.14,14.27,23329622
2026-09-25 09:20:00,14.27,14.3,14.22,14.22,16498362
2026-09-25 09:25:00,14.23,14.23,14.15,14.19,11243309
2026-09-25 09:30:00,14.19,14.22,14.18,14.2,5713279
2026-09-25 09:35:00,14.19,14.22,14.18,14.19,4477315
2026-09-25 09:40:00,14.19,14.19,14.13,14.16,8062473
2026-09-25 09:45:00,14.15,14.17,14.12,14.13,5771909
2026-09-25 09:50:00,14.13,14.15,14.1,14.11,8961775
2026-09-25 09:55:00,14.11,14.14,14.11,14.12,2790026
2026-09-25 10:00:00,14.12,14.16,14.08,14.16,10468759
2026-09-25 10:05:00,14.15,14.19,14.15,14.16,5426147
2026-09-25 10:10:00,14.16,14.2,14.16,14.19,4352986
2026-09-25 10:15:00,14.18,14.24,14.17,14.21,5831494
2026-09-25 10:20:00,14.2,14.21,14.17,14.18,2863878
2026-09-25 10:25:00,14.18,14.18,14.14,14.15,3452320
2026-09-25 10:30:00,14.14,14.15,14.12,14.12,1996902
2026-09-25 10:35:00,14.12,14.15,14.11,14.14,3978420
2026-09-25 10:40:00,14.15,14.16,14.13,14.16,2453612
2026-09-25 10:45:00,14.16,14.16,14.13,14.15,2222157
2026-09-25 10:50:00,14.14,14.19,14.14,14.19,3369353
2026-09-25 10:55:00,14.18,14.22,14.18,14.22,5337073
2026-09-25 11:00:00,14.22,14.25,14.21,14.25,6187288
2026-09-25 11:05:00,14.25,14.26,14.23,14.25,4531052
2026-09-25 11:10:00,14.25,14.25,14.23,14.25,2317735
2026-09-25 11:15:00,14.24,14.26,14.24,14.25,2827031
2026-09-25 11:20:00,14.26,14.27,14.25,14.26,4586361
2026-09-25 11:25:00,14.26,14.26,14.22,14.23,2861174
2026-09-25 11:30:00,14.23,14.28,14.23,14.28,4977972
2026-09-25 11:35:00,14.27,14.3,14.27,14.3,3174332
2026-09-25 11:40:00,14.29,14.3,14.28,14.29,2335160
2026-09-25 11:45:00,14.28,14.28,14.27,14.27,965120
2026-09-25 11:50:00,14.28,14.31,14.27,14.3,5555062
2026-09-25 11:55:00,14.3,14.3,14.26,14.27,2101456
2026-09-25 12:00:00,14.28,14.28,14.26,14.27,2293159
2026-09-25 12:05:00,14.27,14.27,14.25,14.26,1473051
2026-09-25 12:10:00,14.26,14.28,14.25,14.28,1794878
2026-09-25 12:15:00,14.28,14.28,14.26,14.27,2091386
2026-09-25 12:20:00,14.27,14.27,14.23,14.24,3576201
2026-09-25 12:25:00,14.24,14.27,14.24,14.27,2107877
2026-09-25 12:30:00,14.26,14.28,14.26,14.27,853642
2026-09-25 12:35:00,14.28,14.28,14.26,14.27,1964776
2026-09-25 12:40:00,14.28,14.28,14.25,14.25,1145417
2026-09-25 12:45:00,14.25,14.26,14.24,14.24,1902248
2026-09-25 12:50:00,14.24,14.25,14.21,14.23,2415534
2026-09-25 12:55:00,14.2,14.24,14.19,14.24,5811592
2026-09-25 13:00:00,14.24,14.27,14.23,14.27,2754879
2026-09-25 13:05:00,14.27,14.27,14.25,14.26,1047951
2026-09-25 13:10:00,14.27,14.28,14.25,14.26,3523262
2026-09-25 13:15:00,14.27,14.27,14.25,14.25,674103
2026-09-25 13:20:00,14.26,14.26,14.25,14.26,718996
2026-09-25 13:25:00,14.25,14.28,14.25,14.28,1747398
2026-09-25 13:30:00,14.27,14.28,14.27,14.27,1872343
2026-09-25 13:35:00,14.28,14.28,14.26,14.26,1810086
2026-09-25 13:40:00,14.27,14.28,14.25,14.28,3368403
2026-09-25 13:45:00,14.27,14.29,14.27,14.28,1773647
2026-09-25 13:50:00,14.29,14.29,14.28,14.29,1114726
2026-09-25 13:55:00,14.29,14.3,14.28,14.29,2183139
2026-09-25 14:00:00,14.29,14.33,14.29,14.33,8164082
2026-09-25 14:05:00,14.33,14.33,14.3,14.31,3311597
2026-09-25 14:10:00,14.32,14.32,14.31,14.31,2250743
2026-09-25 14:15:00,14.32,14.33,14.31,14.32,2629365
2026-09-25 14:20:00,14.32,14.33,14.31,14.33,3333552
2026-09-25 14:25:00,14.33,14.34,14.32,14.33,3014030
2026-09-25 14:30:00,14.34,14.35,14.33,14.34,2594541
2026-09-25 14:35:00,14.35,14.38,14.34,14.37,5875673
2026-09-25 14:40:00,14.38,14.38,14.33,14.33,4008227
2026-09-25 14:45:00,14.34,14.34,14.3,14.31,3721970
2026-09-25 14:50:00,14.3,14.32,14.3,14.31,2701365
2026-09-25 14:55:00,14.31,14.32,14.3,14.3,3429510
2026-09-25 15:00:00,14.3,14.31,14.28,14.29,4387470
2026-09-25 15:05:00,14.3,14.3,14.24,14.24,12181993
2026-09-25 15:10:00,14.24,14.27,14.23,14.23,13786874
2026-09-25 15:15:00,14.23,14.23,14.23,14.23,24956
2026-09-25 15:20:00,14.23,14.23,14.23,14.23,0
2026-09-25 15:25:00,14.23,14.26,14.23,14.26,1755387
2026-09-28 09:15:00,14.22,14.23,13.98,13.99,24809393
2026-09-28 09:20:00,14.0,14.0,13.89,13.93,21923982
2026-09-28 09:25:00,13.93,13.94,13.87,13.9,11174500
2026-09-28 09:30:00,13.91,13.92,13.85,13.89,10810009
2026-09-28 09:35:00,13.89,13.92,13.85,13.87,6514870
2026-09-28 09:40:00,13.86,13.93,13.86,13.93,5397744
2026-09-28 09:45:00,13.93,13.99,13.92,13.98,6917246
2026-09-28 09:50:00,13.98,13.99,13.96,13.98,3427693
2026-09-28 09:55:00,13.98,14.04,13.97,14.04,12144257
2026-09-28 10:00:00,14.04,14.04,13.96,13.96,8137183
2026-09-28 10:05:00,13.96,14.02,13.96,13.97,8154473
2026-09-28 10:10:00,13.98,13.99,13.95,13.99,3663803
2026-09-28 10:15:00,13.98,13.99,13.92,13.93,4206279
2026-09-28 10:20:00,13.94,13.94,13.91,13.91,1497537
2026-09-28 10:25:00,13.91,13.92,13.89,13.9,4765609
2026-09-28 10:30:00,13.9,13.91,13.88,13.89,2816123
2026-09-28 10:35:00,13.89,13.89,13.87,13.87,3592514
2026-09-28 10:40:00,13.87,13.89,13.81,13.85,10988030
2026-09-28 10:45:00,13.85,13.87,13.81,13.82,4696504
2026-09-28 10:50:00,13.82,13.84,13.81,13.82,7360169
2026-09-28 10:55:00,13.82,13.85,13.81,13.85,4960011
2026-09-28 11:00:00,13.84,13.85,13.82,13.83,2330576
2026-09-28 11:05:00,13.83,13.83,13.81,13.82,2166391
2026-09-28 11:10:00,13.81,13.83,13.81,13.83,2205579
2026-09-28 11:15:00,13.82,13.85,13.81,13.82,3563100
2026-09-28 11:20:00,13.82,13.82,13.78,13.79,7531517
2026-09-28 11:25:00,13.79,13.82,13.77,13.81,4229016
2026-09-28 11:30:00,13.81,13.83,13.73,13.76,8032935
2026-09-28 11:35:00,13.75,13.78,13.74,13.75,3880147
2026-09-28 11:40:00,13.74,13.76,13.7,13.7,8832668
2026-09-28 11:45:00,13.71,13.73,13.7,13.73,5043906
2026-09-28 11:50:00,13.73,13.73,13.69,13.7,5754520
2026-09-28 11:55:00,13.69,13.7,13.65,13.68,6562057
2026-09-28 12:00:00,13.67,13.69,13.67,13.68,2895181
2026-09-28 12:05:00,13.67,13.69,13.63,13.64,7427179
2026-09-28 12:10:00,13.65,13.68,13.64,13.65,3970111
2026-09-28 12:15:00,13.66,13.67,13.65,13.66,2118267
2026-09-28 12:20:00,13.65,13.66,13.62,13.64,5593802
2026-09-28 12:25:00,13.63,13.66,13.63,13.66,3268773
2026-09-28 12:30:00,13.65,13.66,13.63,13.63,4725751
2026-09-28 12:35:00,13.64,13.64,13.62,13.63,2991560
2026-09-28 12:40:00,13.62,13.65,13.6,13.61,4549689
2026-09-28 12:45:00,13.6,13.61,13.57,13.59,7717121
2026-09-28 12:50:00,13.59,13.59,13.56,13.57,2158366
2026-09-28 12:55:00,13.57,13.57,13.54,13.57,6885655
2026-09-28 13:00:00,13.57,13.58,13.54,13.55,4949445
2026-09-28 13:05:00,13.55,13.56,13.54,13.56,3618125
2026-09-28 13:10:00,13.55,13.57,13.54,13.55,3783191
2026-09-28 13:15:00,13.55,13.56,13.53,13.56,3989054
2026-09-28 13:20:00,13.56,13.61,13.54,13.61,5725698
2026-09-28 13:25:00,13.61,13.67,13.59,13.65,9215761
2026-09-28 13:30:00,13.65,13.66,13.59,13.61,4178467
2026-09-28 13:35:00,13.61,13.61,13.56,13.57,3437044
2026-09-28 13:40:00,13.58,13.59,13.56,13.56,2511591
2026-09-28 13:45:00,13.57,13.57,13.52,13.52,5760477
2026-09-28 13:50:00,13.53,13.53,13.45,13.47,19608059
2026-09-28 13:55:00,13.47,13.5,13.46,13.5,5308267
2026-09-28 14:00:00,13.49,13.51,13.48,13.49,4840343
2026-09-28 14:05:00,13.49,13.5,13.48,13.5,3624442
2026-09-28 14:10:00,13.49,13.54,13.48,13.53,10163526
2026-09-28 14:15:00,13.53,13.53,13.48,13.49,3925984
2026-09-28 14:20:00,13.48,13.49,13.46,13.47,3018158
2026-09-28 14:25:00,13.46,13.49,13.45,13.49,5117878
2026-09-28 14:30:00,13.49,13.5,13.46,13.47,3165036
2026-09-28 14:35:00,13.47,13.49,13.44,13.46,8754905
2026-09-28 14:40:00,13.47,13.5,13.46,13.49,4442774
2026-09-28 14:45:00,13.49,13.52,13.48,13.51,6626610
2026-09-28 14:50:00,13.52,13.54,13.49,13.53,15896445
2026-09-28 14:55:00,13.53,13.55,13.5,13.51,7599276
2026-09-28 15:00:00,13.5,13.51,13.47,13.47,9846202
2026-09-28 15:05:00,13.47,13.49,13.46,13.46,20029723
2026-09-28 15:10:00,13.47,13.49,13.43,13.46,33400553
2026-09-28 15:15:00,13.46,13.46,13.46,13.46,500
2026-09-28 15:20:00,13.46,13.46,13.46,13.46,0
2026-09-28 15:25:00,13.46,13.47,13.46,13.47,3963133
2026-09-29 09:15:00,13.6,13.68,13.58,13.65,23647567
2026-09-29 09:20:00,13.65,13.66,13.53,13.53,12886022
2026-09-29 09:25:00,13.54,13.55,13.46,13.48,10775014
2026-09-29 09:30:00,13.48,13.53,13.48,13.51,8010589
2026-09-29 09:35:00,13.51,13.53,13.45,13.46,7378158
2026-09-29 09:40:00,13.46,13.53,13.43,13.51,10637875
2026-09-29 09:45:00,13.5,13.52,13.47,13.5,8182671
2026-09-29 09:50:00,13.49,13.5,13.46,13.47,5842609
2026-09-29 09:55:00,13.47,13.5,13.46,13.46,4703283
2026-09-29 10:00:00,13.46,13.46,13.4,13.43,6536385
2026-09-29 10:05:00,13.42,13.43,13.35,13.42,13594435
2026-09-29 10:10:00,13.42,13.47,13.39,13.47,7378850
2026-09-29 10:15:00,13.47,13.47,13.42,13.43,3921203
2026-09-29 10:20:00,13.43,13.44,13.4,13.44,4540241
2026-09-29 10:25:00,13.45,13.45,13.41,13.41,2647663
2026-09-29 10:30:00,13.42,13.43,13.38,13.4,4954485
2026-09-29 10:35:00,13.41,13.42,13.39,13.4,3603518
2026-09-29 10:40:00,13.4,13.42,13.38,13.41,2732139
2026-09-29 10:45:00,13.42,13.43,13.38,13.41,3440858
2026-09-29 10:50:00,13.4,13.43,13.4,13.41,2022573
2026-09-29 10:55:00,13.42,13.46,13.4,13.46,5845799
2026-09-29 11:00:00,13.46,13.46,13.38,13.4,4627586
2026-09-29 11:05:00,13.4,13.4,13.37,13.4,4544925
2026-09-29 11:10:00,13.39,13.48,13.39,13.47,8136205
2026-09-29 11:15:00,13.47,13.49,13.45,13.47,6945661
2026-09-29 11:20:00,13.46,13.47,13.43,13.43,3972998
2026-09-29 11:25:00,13.42,13.47,13.42,13.47,3400317
2026-09-29 11:30:00,13.47,13.47,13.44,13.45,3521703
2026-09-29 11:35:00,13.45,13.45,13.4,13.43,3759872
2026-09-29 11:40:00,13.43,13.43,13.4,13.42,4288640
2026-09-29 11:45:00,13.41,13.42,13.38,13.39,5967411
2026-09-29 11:50:00,13.39,13.4,13.35,13.36,8838758
2026-09-29 11:55:00,13.35,13.37,13.35,13.36,5354357
2026-09-29 12:00:00,13.36,13.38,13.34,13.36,7577034
2026-09-29 12:05:00,13.35,13.41,13.35,13.39,8370640
2026-09-29 12:10:00,13.4,13.41,13.38,13.39,4088926
2026-09-29 12:15:00,13.4,13.4,13.37,13.37,5550625
2026-09-29 12:20:00,13.38,13.38,13.32,13.33,7054650
2026-09-29 12:25:00,13.33,13.34,13.27,13.28,9482702
2026-09-29 12:30:00,13.29,13.3,13.27,13.3,7864386
2026-09-29 12:35:00,13.29,13.31,13.26,13.3,6744789
2026-09-29 12:40:00,13.3,13.46,13.28,13.39,23836722
2026-09-29 12:45:00,13.39,13.45,13.38,13.4,7856910
2026-09-29 12:50:00,13.41,13.41,13.37,13.4,4360512
2026-09-29 12:55:00,13.39,13.42,13.39,13.42,6665144
2026-09-29 13:00:00,13.42,13.43,13.38,13.39,5231214
2026-09-29 13:05:00,13.39,13.39,13.37,13.39,4362098
2026-09-29 13:10:00,13.39,13.41,13.37,13.39,4874096
2026-09-29 13:15:00,13.4,13.4,13.33,13.34,5677602
2026-09-29 13:20:00,13.33,13.36,13.32,13.35,5686671
2026-09-29 13:25:00,13.34,13.37,13.33,13.35,5535060
2026-09-29 13:30:00,13.36,13.36,13.34,13.36,6648877
2026-09-29 13:35:00,13.36,13.36,13.32,13.32,4986492
2026-09-29 13:40:00,13.33,13.35,13.32,13.34,5084439
2026-09-29 13:45:00,13.34,13.38,13.33,13.36,4238179
2026-09-29 13:50:00,13.36,13.37,13.35,13.37,3535090
2026-09-29 13:55:00,13.36,13.37,13.35,13.36,2997876
2026-09-29 14:00:00,13.36,13.36,13.33,13.34,5310781
2026-09-29 14:05:00,13.35,13.37,13.34,13.35,9934447
2026-09-29 14:10:00,13.35,13.39,13.35,13.38,5684988
2026-09-29 14:15:00,13.38,13.39,13.36,13.38,5222492
2026-09-29 14:20:00,13.39,13.43,13.38,13.42,7687590
2026-09-29 14:25:00,13.41,13.43,13.38,13.39,6176587
2026-09-29 14:30:00,13.4,13.41,13.38,13.4,5878552
2026-09-29 14:35:00,13.41,13.47,13.4,13.47,10752238
2026-09-29 14:40:00,13.47,13.48,13.41,13.41,13868867
2026-09-29 14:45:00,13.41,13.41,13.34,13.37,25373773
2026-09-29 14:50:00,13.36,13.38,13.34,13.35,28232793
2026-09-29 14:55:00,13.35,13.42,13.34,13.42,31730347
2026-09-29 15:00:00,13.41,13.52,13.4,13.47,88187163
2026-09-29 15:05:00,13.47,13.53,13.47,13.51,88655918
2026-09-29 15:10:00,13.51,13.57,13.51,13.51,97024245
2026-09-29 15:15:00,13.51,13.51,13.51,13.51,10
2026-09-29 15:20:00,13.51,13.51,13.51,13.51,0
2026-09-29 15:25:00,13.51,13.56,13.51,13.56,338122720
2026-09-30 09:15:00,13.6,13.61,13.45,13.46,24933420
2026-09-30 09:20:00,13.46,13.54,13.46,13.52,14043402
2026-09-30 09:25:00,13.51,13.51,13.43,13.48,17304929
2026-09-30 09:30:00,13.47,13.47,13.33,13.36,20382411
2026-09-30 09:35:00,13.36,13.36,13.28,13.3,14917392
2026-09-30 09:40:00,13.29,13.33,13.29,13.33,9287187
2026-09-30 09:45:00,13.33,13.33,13.28,13.29,7794367
2026-09-30 09:50:00,13.28,13.3,13.27,13.29,7757653
2026-09-30 09:55:00,13.29,13.32,13.28,13.29,8944807
2026-09-30 10:00:00,13.29,13.36,13.23,13.35,19416799
2026-09-30 10:05:00,13.35,13.36,13.31,13.34,5023668
2026-09-30 10:10:00,13.34,13.35,13.33,13.35,2586128
2026-09-30 10:15:00,13.35,13.37,13.33,13.36,5149363
2026-09-30 10:20:00,13.36,13.36,13.3,13.3,4594014
2026-09-30 10:25:00,13.31,13.32,13.27,13.28,4229698
2026-09-30 10:30:00,13.28,13.28,13.25,13.26,4533107
2026-09-30 10:35:00,13.26,13.27,13.23,13.26,6458670
2026-09-30 10:40:00,13.25,13.27,13.2,13.21,10467522
2026-09-30 10:45:00,13.22,13.23,13.21,13.21,3790104
2026-09-30 10:50:00,13.22,13.25,13.21,13.24,3821639
2026-09-30 10:55:00,13.24,13.24,13.2,13.21,3210425
2026-09-30 11:00:00,13.21,13.22,13.2,13.22,2517115
2026-09-30 11:05:00,13.21,13.22,13.2,13.2,5150539
2026-09-30 11:10:00,13.21,13.22,13.19,13.19,5824668
2026-09-30 11:15:00,13.19,13.2,13.16,13.18,6011456
2026-09-30 11:20:00,13.17,13.19,13.15,13.15,4880639
2026-09-30 11:25:00,13.16,13.16,13.11,13.14,8867395
2026-09-30 11:30:00,13.14,13.17,13.13,13.16,7578329
2026-09-30 11:35:00,13.16,13.21,13.15,13.2,4809565
2026-09-30 11:40:00,13.2,13.2,13.17,13.19,3431217
2026-09-30 11:45:00,13.19,13.22,13.18,13.18,6917992
2026-09-30 11:50:00,13.19,13.19,13.17,13.18,1361344
2026-09-30 11:55:00,13.18,13.18,13.16,13.17,3421501
2026-09-30 12:00:00,13.18,13.2,13.17,13.2,2223369
2026-09-30 12:05:00,13.2,13.2,13.16,13.17,2702212
2026-09-30 12:10:00,13.18,13.18,13.16,13.16,1386393
2026-09-30 12:15:00,13.17,13.17,13.15,13.16,4899407
2026-09-30 12:20:00,13.16,13.19,13.15,13.18,1815463
2026-09-30 12:25:00,13.19,13.19,13.17,13.17,1677569
2026-09-30 12:30:00,13.18,13.19,13.17,13.19,1488139
2026-09-30 12:35:00,13.19,13.19,13.18,13.18,1348523
2026-09-30 12:40:00,13.19,13.19,13.17,13.17,964217
2026-09-30 12:45:00,13.18,13.2,13.17,13.19,2583095
2026-09-30 12:50:00,13.2,13.2,13.18,13.19,1325296
2026-09-30 12:55:00,13.19,13.2,13.17,13.18,2148117
2026-09-30 13:00:00,13.19,13.2,13.18,13.2,999862
2026-09-30 13:05:00,13.2,13.22,13.2,13.21,3220021
2026-09-30 13:10:00,13.21,13.21,13.18,13.18,3627248
2026-09-30 13:15:00,13.19,13.19,13.17,13.17,1936817
2026-09-30 13:20:00,13.18,13.2,13.17,13.19,1444178
2026-09-30 13:25:00,13.2,13.2,13.17,13.18,2127958
2026-09-30 13:30:00,13.17,13.19,13.17,13.18,1765209
2026-09-30 13:35:00,13.18,13.18,13.12,13.13,6046403
2026-09-30 13:40:00,13.12,13.13,13.06,13.08,14683855
2026-09-30 13:45:00,13.08,13.08,13.01,13.02,12237882
2026-09-30 13:50:00,13.02,13.05,13.0,13.05,8841102
2026-09-30 13:55:00,13.04,13.09,13.04,13.06,5119897
2026-09-30 14:00:00,13.07,13.07,13.02,13.03,4061092
2026-09-30 14:05:00,13.03,13.04,13.02,13.03,2384359
2026-09-30 14:10:00,13.02,13.09,13.01,13.04,18087058
2026-09-30 14:15:00,13.03,13.07,13.03,13.04,7775907
2026-09-30 14:20:00,13.05,13.06,13.02,13.02,9023856
2026-09-30 14:25:00,13.03,13.05,13.01,13.02,10689775
2026-09-30 14:30:00,13.02,13.06,13.01,13.02,12161682
2026-09-30 14:35:00,13.01,13.02,12.9,12.9,31191982
2026-09-30 14:40:00,12.91,12.94,12.88,12.91,24072319
2026-09-30 14:45:00,12.91,12.93,12.89,12.91,12365136
2026-09-30 14:50:00,12.92,12.95,12.9,12.93,18788753
2026-09-30 14:55:00,12.92,12.94,12.87,12.9,18840471
2026-09-30 15:00:00,12.9,12.94,12.88,12.89,22494058
2026-09-30 15:05:00,12.88,12.91,12.85,12.88,30900564
2026-09-30 15:10:00,12.87,12.91,12.84,12.88,55176261
2026-09-30 15:15:00,12.88,12.88,12.88,12.88,0
2026-09-30 15:20:00,12.88,12.88,12.88,12.88,0
2026-09-30 15:25:00,12.88,12.95,12.88,12.95,8659285
2026-10-01 09:15:00,12.95,13.09,12.83,12.83,22961487
2026-10-01 09:20:00,12.83,12.86,12.82,12.82,9380373
2026-10-01 09:25:00,12.83,12.91,12.82,12.91,7804143
2026-10-01 09:30:00,12.91,12.94,12.87,12.91,12474049
2026-10-01 09:35:00,12.9,12.95,12.9,12.95,5993305
2026-10-01 09:40:00,12.94,12.98,12.92,12.96,8626003
2026-10-01 09:45:00,12.96,13.02,12.91,12.92,15300935
2026-10-01 09:50:00,12.92,12.92,12.83,12.85,12107914
2026-10-01 09:55:00,12.85,12.86,12.83,12.85,4063289
2026-10-01 10:00:00,12.85,12.94,12.85,12.92,6770515
2026-10-01 10:05:00,12.92,12.94,12.89,12.9,5818704
2026-10-01 10:10:00,12.89,12.95,12.88,12.94,6552762
2026-10-01 10:15:00,12.94,13.06,12.9,13.02,22759220
2026-10-01 10:20:00,13.03,13.14,13.02,13.08,16524976
2026-10-01 10:25:00,13.09,13.14,13.08,13.09,9609203
2026-10-01 10:30:00,13.1,13.12,13.09,13.1,6491485
2026-10-01 10:35:00,13.11,13.13,13.08,13.11,8387231
2026-10-01 10:40:00,13.11,13.12,13.08,13.08,3463781
2026-10-01 10:45:00,13.08,13.09,13.04,13.08,6255288
2026-10-01 10:50:00,13.08,13.11,13.06,13.07,4971286
2026-10-01 10:55:00,13.08,13.11,13.07,13.09,4948346
2026-10-01 11:00:00,13.1,13.1,12.98,13.0,7806156
2026-10-01 11:05:00,13.0,13.02,12.99,13.01,2853982
2026-10-01 11:10:00,13.0,13.07,12.98,13.02,6362746
2026-10-01 11:15:00,13.03,13.05,13.01,13.02,2448817
2026-10-01 11:20:00,13.03,13.03,13.0,13.03,2669061
2026-10-01 11:25:00,13.02,13.05,13.01,13.03,2692733
2026-10-01 11:30:00,13.03,13.05,13.02,13.03,2098035
2026-10-01 11:35:00,13.02,13.09,13.02,13.07,6657947
2026-10-01 11:40:00,13.08,13.09,13.06,13.09,1814693
2026-10-01 11:45:00,13.09,13.09,13.04,13.04,3161544
2026-10-01 11:50:00,13.04,13.05,13.03,13.04,1879334
2026-10-01 11:55:00,13.03,13.05,13.02,13.02,5379207
2026-10-01 12:00:00,13.03,13.03,12.94,12.95,6128883
2026-10-01 12:05:00,12.95,12.97,12.88,12.88,8616582
2026-10-01 12:10:00,12.89,12.97,12.87,12.96,8540210
2026-10-01 12:15:00,12.97,13.02,12.95,12.99,7741601
2026-10-01 12:20:00,12.99,12.99,12.89,12.9,12762906
2026-10-01 12:25:00,12.89,12.9,12.87,12.88,3582725
2026-10-01 12:30:00,12.89,12.91,12.87,12.88,4346660
2026-10-01 12:35:00,12.88,12.89,12.84,12.86,6466162
2026-10-01 12:40:00,12.86,12.87,12.75,12.78,12441027
2026-10-01 12:45:00,12.78,12.79,12.7,12.72,16942460
2026-10-01 12:50:00,12.72,12.73,12.67,12.68,9281700
2026-10-01 12:55:00,12.68,12.68,12.61,12.65,14978373
2026-10-01 13:00:00,12.65,12.7,12.65,12.68,9343142
2026-10-01 13:05:00,12.68,12.73,12.67,12.73,5090519
2026-10-01 13:10:00,12.71,12.76,12.7,12.74,5653382
2026-10-01 13:15:00,12.73,12.73,12.68,12.68,4512791
2026-10-01 13:20:00,12.68,12.7,12.63,12.67,12281747
2026-10-01 13:25:00,12.68,12.71,12.67,12.68,5908178
2026-10-01 13:30:00,12.69,12.71,12.66,12.71,6908096
2026-10-01 13:35:00,12.72,12.74,12.67,12.68,5204458
2026-10-01 13:40:00,12.67,12.69,12.61,12.65,6113017
2026-10-01 13:45:00,12.65,12.66,12.62,12.64,7214029
2026-10-01 13:50:00,12.64,12.65,12.57,12.59,14012342
2026-10-01 13:55:00,12.6,12.62,12.57,12.57,13929098
2026-10-01 14:00:00,12.58,12.58,12.5,12.52,22406459
2026-10-01 14:05:00,12.53,12.6,12.52,12.57,6264787
2026-10-01 14:10:00,12.58,12.62,12.57,12.62,5910227
2026-10-01 14:15:00,12.61,12.62,12.57,12.59,6678779
2026-10-01 14:20:00,12.59,12.6,12.57,12.58,3780116
2026-10-01 14:25:00,12.58,12.64,12.58,12.63,7228327
2026-10-01 14:30:00,12.63,12.68,12.6,12.67,11554639
2026-10-01 14:35:00,12.66,12.7,12.65,12.67,8328510
2026-10-01 14:40:00,12.68,12.7,12.64,12.64,6617800
2026-10-01 14:45:00,12.65,12.68,12.64,12.68,6739595
2026-10-01 14:50:00,12.67,12.7,12.66,12.69,8037381
2026-10-01 14:55:00,12.69,12.7,12.65,12.66,5328609
2026-10-01 15:00:00,12.65,12.66,12.57,12.62,15458884
2026-10-01 15:05:00,12.61,12.64,12.59,12.6,15186819
2026-10-01 15:10:00,12.59,12.62,12.57,12.6,23282312
2026-10-01 15:15:00,12.6,12.6,12.6,12.6,110
2026-10-01 15:20:00,12.6,12.6,12.6,12.6,0
2026-10-01 15:25:00,12.6,12.64,12.6,12.64,2247238
2026-10-05 09:15:00,12.75,12.79,12.68,12.73,27857583
2026-10-05 09:20:00,12.73,12.78,12.66,12.67,16570647
2026-10-05 09:25:00,12.67,12.76,12.64,12.74,12354127
2026-10-05 09:30:00,12.74,12.75,12.7,12.71,9830104
2026-10-05 09:35:00,12.71,12.73,12.66,12.7,6417262
2026-10-05 09:40:00,12.7,12.7,12.66,12.67,5150436
2026-10-05 09:45:00,12.67,12.73,12.66,12.72,3549890
2026-10-05 09:50:00,12.72,12.73,12.67,12.69,4762709
2026-10-05 09:55:00,12.68,12.7,12.63,12.63,6854269
2026-10-05 10:00:00,12.63,12.64,12.57,12.58,10373423
2026-10-05 10:05:00,12.57,12.75,12.57,12.73,13513191
2026-10-05 10:10:00,12.73,12.73,12.64,12.66,6901290
2026-10-05 10:15:00,12.66,12.71,12.66,12.69,6047661
2026-10-05 10:20:00,12.68,12.7,12.65,12.66,3064215
2026-10-05 10:25:00,12.66,12.66,12.61,12.64,6721198
2026-10-05 10:30:00,12.64,12.71,12.64,12.69,5158742
2026-10-05 10:35:00,12.69,12.69,12.65,12.65,3522512
2026-10-05 10:40:00,12.66,12.71,12.65,12.69,5184291
2026-10-05 10:45:00,12.69,12.71,12.67,12.69,2942226
2026-10-05 10:50:00,12.7,12.7,12.67,12.68,2029851
2026-10-05 10:55:00,12.67,12.72,12.67,12.72,5462457
2026-10-05 11:00:00,12.72,12.72,12.68,12.69,2211843
2026-10-05 11:05:00,12.69,12.69,12.63,12.64,5070420
2026-10-05 11:10:00,12.64,12.65,12.61,12.62,4802492
2026-10-05 11:15:00,12.62,12.62,12.59,12.62,4443638
2026-10-05 11:20:00,12.61,12.69,12.61,12.67,15286001
2026-10-05 11:25:00,12.66,12.69,12.66,12.67,2913920
2026-10-05 11:30:00,12.68,12.72,12.66,12.7,9121389
2026-10-05 11:35:00,12.7,12.72,12.7,12.7,6135293
2026-10-05 11:40:00,12.71,12.71,12.66,12.66,2408499
2026-10-05 11:45:00,12.67,12.7,12.65,12.69,8003143
2026-10-05 11:50:00,12.69,12.69,12.65,12.66,4416465
2026-10-05 11:55:00,12.65,12.66,12.63,12.65,1718480
2026-10-05 12:00:00,12.65,12.66,12.62,12.65,3828131
2026-10-05 12:05:00,12.65,12.66,12.59,12.62,7243873
2026-10-05 12:10:00,12.62,12.64,12.61,12.61,2921063
2026-10-05 12:15:00,12.62,12.64,12.61,12.62,2560198
2026-10-05 12:20:00,12.62,12.64,12.61,12.61,4158874
2026-10-05 12:25:00,12.62,12.62,12.6,12.62,1618679
2026-10-05 12:30:00,12.62,12.62,12.6,12.61,1685497
2026-10-05 12:35:00,12.61,12.62,12.59,12.59,2218311
2026-10-05 12:40:00,12.6,12.6,12.58,12.58,1640685
2026-10-05 12:45:00,12.59,12.6,12.58,12.59,1892189
2026-10-05 12:50:00,12.6,12.6,12.57,12.57,2208567
2026-10-05 12:55:00,12.58,12.6,12.56,12.58,3477526
2026-10-05 13:00:00,12.58,12.6,12.58,12.59,1045255
2026-10-05 13:05:00,12.59,12.6,12.58,12.59,2149217
2026-10-05 13:10:00,12.58,12.59,12.56,12.56,2585739
2026-10-05 13:15:00,12.57,12.58,12.56,12.58,1084915
2026-10-05 13:20:00,12.57,12.68,12.56,12.68,6241100
2026-10-05 13:25:00,12.67,12.68,12.6,12.62,4522029
2026-10-05 13:30:00,12.62,12.64,12.61,12.64,1880705
2026-10-05 13:35:00,12.64,12.7,12.63,12.7,4325316
2026-10-05 13:40:00,12.69,12.73,12.68,12.71,9443123
2026-10-05 13:45:00,12.71,12.76,12.7,12.74,13994577
2026-10-05 13:50:00,12.73,12.9,12.72,12.83,26010584
2026-10-05 13:55:00,12.84,12.85,12.79,12.79,7556734
2026-10-05 14:00:00,12.79,12.81,12.73,12.77,11252170
2026-10-05 14:05:00,12.77,12.79,12.74,12.79,5047411
2026-10-05 14:10:00,12.79,12.81,12.78,12.81,3617022
2026-10-05 14:15:00,12.8,12.81,12.74,12.77,6079803
2026-10-05 14:20:00,12.77,12.77,12.75,12.75,2795221
2026-10-05 14:25:00,12.76,12.77,12.75,12.77,5408859
2026-10-05 14:30:00,12.77,12.83,12.77,12.8,6987421
2026-10-05 14:35:00,12.8,12.81,12.78,12.78,2326991
2026-10-05 14:40:00,12.79,12.79,12.76,12.76,3107781
2026-10-05 14:45:00,12.78,12.8,12.76,12.76,4453335
2026-10-05 14:50:00,12.77,12.77,12.74,12.76,4092926
2026-10-05 14:55:00,12.75,12.76,12.74,12.75,5141731
2026-10-05 15:00:00,12.75,12.76,12.73,12.74,6503245
2026-10-05 15:05:00,12.74,12.77,12.74,12.75,10878711
2026-10-05 15:10:00,12.74,12.83,12.74,12.82,23449969
2026-10-05 15:15:00,12.8,12.8,12.8,12.8,199
2026-10-05 15:20:00,12.8,12.8,12.8,12.8,0
2026-10-05 15:25:00,12.8,12.8,12.74,12.74,9569826
