datetime,open,high,low,close,volume
2026-06-08 09:15:00,1277.0,1281.5,1275.4,1276.8,595775
2026-06-08 09:20:00,1276.8,1277.4,1274.4,1275.5,385751
2026-06-08 09:25:00,1275.5,1276.3,1273.5,1275.0,252501
2026-06-08 09:30:00,1275.0,1277.7,1274.7,1277.6,297886
2026-06-08 09:35:00,1277.6,1277.7,1275.6,1277.7,363201
2026-06-08 09:40:00,1277.8,1279.8,1277.1,1278.3,161927
2026-06-08 09:45:00,1278.3,1280.2,1277.7,1278.1,200271
2026-06-08 09:50:00,1278.1,1280.0,1277.0,1279.7,139310
2026-06-08 09:55:00,1279.7,1282.6,1279.6,1281.4,184943
2026-06-08 10:00:00,1281.5,1282.0,1279.2,1280.9,160755
2026-06-08 10:05:00,1280.7,1281.7,1280.4,1281.4,75520
2026-06-08 10:10:00,1281.2,1281.4,1279.0,1279.3,103162
2026-06-08 10:15:00,1279.3,1279.8,1277.8,1279.0,692924
2026-06-08 10:20:00,1279.0,1279.0,1277.0,1277.3,277860
2026-06-08 10:25:00,1277.4,1277.4,1275.1,1275.3,108685
2026-06-08 10:30:00,1275.3,1277.2,1275.1,1276.7,102415
2026-06-08 10:35:00,1276.6,1276.7,1275.0,1275.4,225695
2026-06-08 10:40:00,1275.4,1276.7,1275.0,1275.0,221427
2026-06-08 10:45:00,1275.0,1276.1,1274.2,1276.0,110510
2026-06-08 10:50:00,1276.0,1276.8,1274.3,1274.9,357136
2026-06-08 10:55:00,1274.9,1276.8,1274.4,1276.5,120459
2026-06-08 11:00:00,1276.5,1276.5,1276.0,1276.4,62742
2026-06-08 11:05:00,1276.3,1276.6,1275.5,1276.5,157399
2026-06-08 11:10:00,1276.5,1277.0,1275.5,1276.0,195440
2026-06-08 11:15:00,1276.0,1276.8,1274.1,1275.5,210523
2026-06-08 11:20:00,1275.4,1276.5,1275.0,1275.7,107190
2026-06-08 11:25:00,1275.7,1275.8,1275.0,1275.7,59041
2026-06-08 11:30:00,1275.7,1276.7,1275.1,1276.3,134353
2026-06-08 11:35:00,1276.0,1276.3,1275.4,1276.1,60641
2026-06-08 11:40:00,1275.9,1276.1,1275.1,1275.6,63619
2026-06-08 11:45:00,1275.6,1276.8,1275.2,1276.7,130320
2026-06-08 11:50:00,1276.6,1276.7,1275.3,1276.4,137609
2026-06-08 11:55:00,1276.4,1276.4,1274.3,1275.1,192889
2026-06-08 12:00:00,1275.1,1275.3,1274.2,1275.1,69946
2026-06-08 12:05:00,1275.0,1275.4,1274.3,1275.4,81456
2026-06-08 12:10:00,1275.3,1276.1,1275.0,1275.2,103271
2026-06-08 12:15:00,1275.3,1276.0,1274.8,1275.2,97445
2026-06-08 12:20:00,1275.2,1276.2,1274.6,1275.9,77684
2026-06-08 12:25:00,1275.9,1275.9,1275.0,1275.0,77652
2026-06-08 12:30:00,1274.9,1275.8,1274.9,1275.4,119756
2026-06-08 12:35:00,1275.2,1275.7,1275.0,1275.6,96847
2026-06-08 12:40:00,1275.6,1276.2,1275.1,1275.9,112780
2026-06-08 12:45:00,1275.9,1277.0,1275.4,1277.0,181846
2026-06-08 12:50:00,1276.9,1277.7,1276.0,1277.1,154187
2026-06-08 12:55:00,1277.1,1277.5,1276.7,1277.2,81910
2026-06-08 13:00:00,1277.0,1277.2,1275.5,1275.9,98637
2026-06-08 13:05:00,1275.8,1275.9,1274.1,1274.8,119500
2026-06-08 13:10:00,1274.7,1274.7,1274.0,1274.1,83359
2026-06-08 13:15:00,1274.1,1275.0,1273.8,1274.2,79101
2026-06-08 13:20:00,1274.2,1274.2,1272.0,1272.6,175487
2026-06-08 13:25:00,1272.6,1272.6,1270.6,1272.0,237130
2026-06-08 13:30:00,1271.9,1272.5,1271.0,1271.3,105930
2026-06-08 13:35:00,1271.2,1272.5,1270.7,1272.3,789443
2026-06-08 13:40:00,1272.5,1272.5,1271.2,1272.0,104383
2026-06-08 13:45:00,1272.0,1272.4,1271.1,1272.1,173476
2026-06-08 13:50:00,1272.1,1272.8,1271.4,1272.6,180566
2026-06-08 13:55:00,1272.5,1272.9,1271.5,1272.7,138986
2026-06-08 14:00:00,1272.8,1272.8,1271.8,1272.1,162806
2026-06-08 14:05:00,1272.1,1272.3,1270.2,1270.4,200328
2026-06-08 14:10:00,1270.6,1270.9,1270.5,1270.6,81046
2026-06-08 14:15:00,1270.6,1271.0,1270.2,1270.7,127301
2026-06-08 14:20:00,1270.5,1270.8,1268.0,1268.8,269683
2026-06-08 14:25:00,1268.8,1268.8,1267.0,1267.1,115344
2026-06-08 14:30:00,1267.1,1269.4,1267.0,1268.7,120593
2026-06-08 14:35:00,1268.7,1270.4,1268.3,1269.2,88061
2026-06-08 14:40:00,1268.5,1271.0,1268.0,1270.6,147113
2026-06-08 14:45:00,1270.6,1270.6,1267.2,1268.0,330834
2026-06-08 14:50:00,1267.6,1268.8,1267.0,1268.3,169767
2026-06-08 14:55:00,1268.4,1268.4,1265.0,1265.7,332605
2026-06-08 15:00:00,1265.6,1265.7,1263.1,1264.9,417721
2026-06-08 15:05:00,1264.9,1266.0,1263.0,1265.0,786620
2026-06-08 15:10:00,1265.0,1265.5,1264.1,1264.9,278248
2026-06-08 15:15:00,1265.1,1265.2,1262.0,1262.4,1281081
2026-06-08 15:20:00,1262.9,1263.0,1260.0,1261.0,665798
2026-06-08 15:25:00,1261.0,1263.0,1259.2,1262.8,506671
2026-06-09 09:15:00,1269.0,1273.1,1265.1,1271.9,460750
2026-06-09 09:20:00,1271.8,1274.2,1270.7,1271.8,158099
2026-06-09 09:25:00,1271.7,1271.8,1269.0,1269.7,144201
2026-06-09 09:30:00,1269.8,1270.8,1269.0,1269.6,133998
2026-06-09 09:35:00,1269.6,1272.0,1269.3,1271.4,212711
2026-06-09 09:40:00,1271.4,1272.0,1269.7,1270.0,538577
2026-06-09 09:45:00,1270.0,1271.5,1269.9,1270.1,76187
2026-06-09 09:50:00,1270.0,1271.3,1270.0,1271.3,67481
2026-06-09 09:55:00,1271.3,1271.3,1269.0,1269.5,75230
2026-06-09 10:00:00,1269.8,1270.0,1268.1,1268.1,71692
2026-06-09 10:05:00,1268.4,1269.6,1268.4,1269.4,58928
2026-06-09 10:10:00,1269.5,1269.7,1268.5,1269.5,74671
2026-06-09 10:15:00,1269.4,1269.6,1267.6,1268.0,63071
2026-06-09 10:20:00,1268.0,1268.0,1266.7,1267.5,114766
2026-06-09 10:25:00,1267.6,1268.4,1266.7,1268.2,56445
2026-06-09 10:30:00,1268.2,1268.2,1267.2,1267.7,47606
2026-06-09 10:35:00,1267.7,1267.7,1265.7,1266.0,156450
2026-06-09 10:40:00,1266.0,1266.8,1265.6,1266.7,122398
2026-06-09 10:45:00,1266.4,1267.0,1262.3,1262.3,203154
2026-06-09 10:50:00,1262.3,1264.0,1262.2,1262.9,108331
2026-06-09 10:55:00,1263.0,1263.7,1262.5,1263.0,144332
2026-06-09 11:00:00,1263.0,1263.0,1262.8,1263.0,52420
2026-06-09 11:05:00,1262.9,1263.8,1262.8,1263.6,270505
2026-06-09 11:10:00,1263.5,1264.8,1263.0,1264.7,103987
2026-06-09 11:15:00,1264.2,1264.9,1264.1,1264.7,62381
2026-06-09 11:20:00,1264.5,1264.7,1262.8,1263.0,183999
2026-06-09 11:25:00,1263.3,1264.7,1262.9,1264.0,262385
2026-06-09 11:30:00,1264.0,1264.5,1263.0,1264.1,198400
2026-06-09 11:35:00,1264.4,1266.2,1263.9,1265.7,312768
2026-06-09 11:40:00,1265.7,1266.2,1261.6,1263.1,645833
2026-06-09 11:45:00,1263.0,1266.0,1262.4,1264.9,228964
2026-06-09 11:50:00,1264.9,1267.0,1264.7,1266.3,186467
2026-06-09 11:55:00,1266.0,1266.9,1265.0,1266.2,160898
2026-06-09 12:00:00,1266.2,1267.0,1265.0,1265.1,216928
2026-06-09 12:05:00,1265.2,1265.2,1263.5,1264.2,107944
2026-06-09 12:10:00,1264.2,1265.0,1264.2,1264.8,64668
2026-06-09 12:15:00,1264.8,1265.3,1264.5,1265.0,56290
2026-06-09 12:20:00,1265.0,1265.9,1264.5,1264.6,112498
2026-06-09 12:25:00,1264.7,1265.0,1264.2,1264.6,50519
2026-06-09 12:30:00,1264.7,1265.8,1264.0,1265.3,124703
2026-06-09 12:35:00,1265.4,1266.0,1264.0,1264.4,143806
2026-06-09 12:40:00,1264.1,1265.0,1263.5,1263.9,266452
2026-06-09 12:45:00,1263.9,1264.6,1263.0,1263.1,190284
2026-06-09 12:50:00,1263.0,1263.9,1262.6,1263.1,80677
2026-06-09 12:55:00,1263.1,1263.8,1262.1,1263.0,598983
2026-06-09 13:00:00,1262.9,1264.2,1261.9,1262.3,749156
2026-06-09 13:05:00,1262.0,1262.3,1260.0,1260.4,488678
2026-06-09 13:10:00,1260.6,1262.0,1260.4,1262.0,295539
2026-06-09 13:15:00,1261.9,1262.0,1258.4,1259.3,905860
2026-06-09 13:20:00,1259.2,1260.0,1259.1,1259.7,355705
2026-06-09 13:25:00,1259.6,1260.3,1259.2,1260.0,161815
2026-06-09 13:30:00,1259.8,1260.0,1258.8,1258.9,436375
2026-06-09 13:35:00,1259.0,1260.0,1258.4,1259.9,196607
2026-06-09 13:40:00,1259.9,1260.3,1258.2,1259.6,1040656
2026-06-09 13:45:00,1259.6,1260.4,1258.0,1258.8,349207
2026-06-09 13:50:00,1259.0,1260.0,1258.6,1259.4,144695
2026-06-09 13:55:00,1259.4,1259.8,1258.5,1259.0,145558
2026-06-09 14:00:00,1258.9,1259.0,1258.5,1258.6,89566
2026-06-09 14:05:00,1258.8,1260.3,1258.5,1260.0,237458
2026-06-09 14:10:00,1259.9,1261.6,1259.3,1259.3,284423
2026-06-09 14:15:00,1259.2,1260.0,1258.3,1259.0,553146
2026-06-09 14:20:00,1258.7,1259.0,1257.5,1258.0,326819
2026-06-09 14:25:00,1258.1,1259.4,1257.9,1259.3,355145
2026-06-09 14:30:00,1259.3,1260.1,1258.5,1259.9,289088
2026-06-09 14:35:00,1259.9,1262.0,1259.1,1262.0,307929
2026-06-09 14:40:00,1261.5,1264.7,1261.5,1264.2,498184
2026-06-09 14:45:00,1264.2,1264.4,1262.7,1263.4,272858
2026-06-09 14:50:00,1263.4,1267.4,1263.1,1266.9,755947
2026-06-09 14:55:00,1267.2,1269.9,1266.5,1269.6,709883
2026-06-09 15:00:00,1269.7,1269.7,1267.0,1267.9,865485
2026-06-09 15:05:00,1268.6,1271.3,1266.4,1270.1,2189095
2026-06-09 15:10:00,1270.6,1270.6,1267.5,1269.4,971846
2026-06-09 15:15:00,1269.1,1269.7,1267.9,1269.3,679455
2026-06-09 15:20:00,1269.2,1272.4,1269.0,1272.3,790827
2026-06-09 15:25:00,1272.1,1272.9,1271.7,1272.5,307309
2026-06-10 09:15:00,1275.0,1292.9,1275.0,1289.0,1034511
2026-06-10 09:20:00,1288.6,1290.0,1284.4,1288.5,387294
2026-06-10 09:25:00,1288.5,1292.8,1286.0,1292.8,343119
2026-06-10 09:30:00,1292.7,1300.5,1292.6,1296.4,646872
2026-06-10 09:35:00,1296.9,1297.0,1292.7,1293.6,230151
2026-06-10 09:40:00,1293.4,1295.6,1292.8,1294.3,172496
2026-06-10 09:45:00,1294.3,1299.8,1294.2,1298.4,343180
2026-06-10 09:50:00,1297.9,1298.3,1297.1,1297.5,119007
2026-06-10 09:55:00,1297.9,1297.9,1293.4,1293.4,147846
2026-06-10 10:00:00,1293.8,1293.8,1290.3,1291.0,224369
2026-06-10 10:05:00,1290.9,1291.0,1287.4,1288.1,222118
2026-06-10 10:10:00,1288.6,1288.7,1283.0,1283.6,256708
2026-06-10 10:15:00,1283.9,1284.3,1281.2,1283.5,275986
2026-06-10 10:20:00,1283.5,1283.6,1280.5,1282.6,166862
2026-06-10 10:25:00,1282.6,1282.8,1280.1,1282.3,171881
2026-06-10 10:30:00,1282.2,1282.7,1280.8,1282.7,138137
2026-06-10 10:35:00,1282.6,1283.5,1280.2,1280.3,203298
2026-06-10 10:40:00,1280.2,1280.5,1279.0,1280.3,199833
2026-06-10 10:45:00,1280.2,1281.2,1279.1,1281.2,147966
2026-06-10 10:50:00,1281.1,1283.4,1280.9,1282.2,262905
2026-06-10 10:55:00,1282.4,1283.0,1281.1,1283.0,325687
2026-06-10 11:00:00,1282.9,1283.9,1280.6,1281.5,144142
2026-06-10 11:05:00,1281.7,1281.7,1279.8,1281.2,79929
2026-06-10 11:10:00,1281.2,1281.5,1280.2,1281.4,106271
2026-06-10 11:15:00,1281.3,1282.0,1278.8,1279.3,247901
2026-06-10 11:20:00,1279.3,1280.7,1278.1,1280.3,238463
2026-06-10 11:25:00,1280.2,1281.0,1279.3,1280.4,309189
2026-06-10 11:30:00,1280.5,1280.6,1278.0,1278.5,122229
2026-06-10 11:35:00,1278.5,1279.0,1277.1,1278.6,129156
2026-06-10 11:40:00,1278.5,1278.9,1277.5,1277.8,152780
2026-06-10 11:45:00,1277.7,1277.9,1276.4,1277.0,115621
2026-06-10 11:50:00,1277.0,1277.7,1276.5,1277.6,152165
2026-06-10 11:55:00,1277.6,1277.6,1276.2,1276.9,106328
2026-06-10 12:00:00,1276.9,1277.0,1274.3,1275.8,183784
2026-06-10 12:05:00,1276.0,1276.3,1274.7,1275.3,119681
2026-06-10 12:10:00,1275.2,1275.3,1274.4,1275.0,85665
2026-06-10 12:15:00,1275.0,1275.4,1274.0,1274.0,95671
2026-06-10 12:20:00,1274.3,1274.5,1271.5,1271.7,243253
2026-06-10 12:25:00,1271.9,1273.0,1270.7,1271.3,143951
2026-06-10 12:30:00,1271.4,1272.5,1271.0,1271.5,202360
2026-06-10 12:35:00,1271.5,1272.0,1270.5,1270.7,142810
2026-06-10 12:40:00,1270.7,1271.0,1269.0,1269.6,247619
2026-06-10 12:45:00,1269.9,1270.9,1268.2,1270.8,232618
2026-06-10 12:50:00,1270.8,1272.9,1270.5,1271.0,456050
2026-06-10 12:55:00,1270.9,1271.0,1268.5,1270.3,277789
2026-06-10 13:00:00,1270.4,1275.4,1270.2,1274.3,193864
2026-06-10 13:05:00,1274.3,1274.8,1269.6,1271.0,2334097
2026-06-10 13:10:00,1271.0,1271.4,1268.1,1268.9,245290
2026-06-10 13:15:00,1268.9,1270.5,1267.5,1269.1,280322
2026-06-10 13:20:00,1269.4,1270.1,1268.5,1268.6,171448
2026-06-10 13:25:00,1268.6,1271.3,1268.2,1270.7,492277
2026-06-10 13:30:00,1270.5,1271.8,1269.6,1270.0,498037
2026-06-10 13:35:00,1270.0,1271.4,1269.6,1269.9,261838
2026-06-10 13:40:00,1270.1,1270.5,1267.0,1267.1,164650
2026-06-10 13:45:00,1267.1,1270.6,1267.0,1268.3,267581
2026-06-10 13:50:00,1268.8,1268.9,1267.8,1267.8,85046
2026-06-10 13:55:00,1267.7,1269.0,1267.5,1269.0,93578
2026-06-10 14:00:00,1269.0,1270.0,1267.6,1269.8,85387
2026-06-10 14:05:00,1269.7,1269.9,1268.3,1268.9,104493
2026-06-10 14:10:00,1268.6,1269.3,1265.7,1267.1,215571
2026-06-10 14:15:00,1267.2,1269.2,1265.9,1267.8,150848
2026-06-10 14:20:00,1267.8,1269.6,1267.5,1268.5,135985
2026-06-10 14:25:00,1268.5,1268.9,1265.5,1265.5,121331
2026-06-10 14:30:00,1266.0,1266.2,1264.0,1264.8,257562
2026-06-10 14:35:00,1264.5,1265.8,1264.1,1264.1,128792
2026-06-10 14:40:00,1264.8,1265.7,1262.8,1263.4,326697
2026-06-10 14:45:00,1263.0,1263.8,1261.5,1262.1,176205
2026-06-10 14:50:00,1262.0,1263.0,1261.5,1262.0,228003
2026-06-10 14:55:00,1261.9,1264.0,1261.9,1262.4,200131
2026-06-10 15:00:00,1262.5,1262.5,1259.6,1260.0,521099
2026-06-10 15:05:00,1260.2,1261.4,1259.2,1261.2,383705
2026-06-10 15:10:00,1260.7,1261.9,1258.2,1258.7,424243
2026-06-10 15:15:00,1258.7,1260.5,1254.4,1257.9,940190
2026-06-10 15:20:00,1257.9,1259.9,1256.1,1258.0,769906
2026-06-10 15:25:00,1258.0,1258.9,1256.2,1258.5,300943
2026-06-11 09:15:00,1258.0,1258.9,1253.2,1256.6,444372
2026-06-11 09:20:00,1257.7,1261.0,1255.8,1256.7,239751
2026-06-11 09:25:00,1256.8,1261.4,1256.4,1261.4,136386
2026-06-11 09:30:00,1261.2,1262.5,1259.2,1260.5,151961
2026-06-11 09:35:00,1260.4,1261.9,1257.9,1261.5,114928
2026-06-11 09:40:00,1261.4,1262.4,1260.1,1262.3,90827
2026-06-11 09:45:00,1262.4,1263.2,1261.5,1262.6,221487
2026-06-11 09:50:00,1263.0,1265.0,1261.3,1261.9,155305
2026-06-11 09:55:00,1261.4,1262.4,1258.5,1259.0,237952
2026-06-11 10:00:00,1259.0,1261.4,1258.0,1260.0,273249
2026-06-11 10:05:00,1260.0,1264.0,1259.7,1263.6,87477
2026-06-11 10:10:00,1263.9,1266.6,1263.3,1265.3,117550
2026-06-11 10:15:00,1265.2,1267.5,1264.8,1267.1,96609
2026-06-11 10:20:00,1267.0,1267.4,1265.0,1265.0,149003
2026-06-11 10:25:00,1265.3,1266.6,1265.0,1266.4,49398
2026-06-11 10:30:00,1266.4,1266.6,1265.0,1265.5,104267
2026-06-11 10:35:00,1265.6,1266.0,1264.0,1266.0,130595
2026-06-11 10:40:00,1266.0,1266.5,1265.0,1265.6,81242
2026-06-11 10:45:00,1265.6,1266.0,1265.0,1265.2,57026
2026-06-11 10:50:00,1265.1,1266.0,1265.0,1265.5,33308
2026-06-11 10:55:00,1265.4,1265.8,1265.1,1265.5,37771
2026-06-11 11:00:00,1265.5,1266.0,1265.0,1265.7,67345
2026-06-11 11:05:00,1265.5,1270.3,1265.5,1269.6,177635
2026-06-11 11:10:00,1269.6,1269.6,1266.6,1266.6,60754
2026-06-11 11:15:00,1266.7,1267.8,1266.2,1267.2,44759
2026-06-11 11:20:00,1267.5,1269.5,1266.5,1269.1,99942
2026-06-11 11:25:00,1269.5,1270.0,1268.8,1269.4,121647
2026-06-11 11:30:00,1269.7,1269.7,1267.5,1267.6,52149
2026-06-11 11:35:00,1267.5,1269.7,1267.0,1269.4,671655
2026-06-11 11:40:00,1269.3,1270.0,1268.5,1269.5,193489
2026-06-11 11:45:00,1269.5,1270.0,1269.2,1269.4,80746
2026-06-11 11:50:00,1269.5,1269.5,1268.8,1269.0,57068
2026-06-11 11:55:00,1269.1,1269.7,1269.0,1269.6,58697
2026-06-11 12:00:00,1269.7,1270.0,1269.3,1269.7,194976
2026-06-11 12:05:00,1269.7,1269.8,1267.9,1269.5,180004
2026-06-11 12:10:00,1269.5,1269.7,1268.6,1269.4,131068
2026-06-11 12:15:00,1269.4,1273.8,1269.0,1273.2,208873
2026-06-11 12:20:00,1273.2,1273.9,1272.0,1272.5,84181
2026-06-11 12:25:00,1272.8,1273.6,1271.5,1273.0,62857
2026-06-11 12:30:00,1273.2,1276.0,1272.7,1275.9,119646
2026-06-11 12:35:00,1275.9,1276.0,1268.3,1269.2,569724
2026-06-11 12:40:00,1269.3,1270.1,1269.0,1269.5,200089
2026-06-11 12:45:00,1269.5,1270.0,1269.1,1269.7,56840
2026-06-11 12:50:00,1269.7,1269.8,1268.5,1269.5,80337
2026-06-11 12:55:00,1269.5,1269.7,1268.2,1269.7,166083
2026-06-11 13:00:00,1269.8,1270.7,1269.0,1269.5,122181
2026-06-11 13:05:00,1269.7,1270.5,1269.0,1269.4,45895
2026-06-11 13:10:00,1269.1,1269.5,1267.2,1267.9,129672
2026-06-11 13:15:00,1267.9,1267.9,1266.3,1267.3,139507
2026-06-11 13:20:00,1267.3,1267.9,1265.0,1266.4,195132
2026-06-11 13:25:00,1266.4,1267.5,1265.5,1267.5,57195
2026-06-11 13:30:00,1267.5,1267.9,1266.6,1267.1,60730
2026-06-11 13:35:00,1267.1,1267.5,1266.5,1266.7,24396
2026-06-11 13:40:00,1266.9,1266.9,1265.1,1265.6,70044
2026-06-11 13:45:00,1265.8,1267.0,1265.0,1266.4,49283
2026-06-11 13:50:00,1266.7,1267.6,1266.2,1267.1,51385
2026-06-11 13:55:00,1267.3,1267.6,1266.4,1266.7,60425
2026-06-11 14:00:00,1266.5,1267.6,1265.4,1267.3,230147
2026-06-11 14:05:00,1267.3,1267.8,1265.2,1266.7,81257
2026-06-11 14:10:00,1266.6,1267.8,1266.2,1267.6,47245
2026-06-11 14:15:00,1267.6,1267.6,1265.5,1265.9,35309
2026-06-11 14:20:00,1265.9,1267.3,1265.6,1266.5,42868
2026-06-11 14:25:00,1266.5,1268.0,1266.4,1267.4,97282
2026-06-11 14:30:00,1267.3,1269.8,1266.7,1268.8,138036
2026-06-11 14:35:00,1269.0,1270.8,1266.1,1268.8,634528
2026-06-11 14:40:00,1268.5,1270.0,1267.0,1267.7,377545
2026-06-11 14:45:00,1267.7,1268.3,1265.1,1267.6,462975
2026-06-11 14:50:00,1267.7,1267.7,1265.1,1266.4,338100
2026-06-11 14:55:00,1266.4,1267.3,1265.7,1267.0,61437
2026-06-11 15:00:00,1266.9,1267.2,1262.7,1264.3,724649
2026-06-11 15:05:00,1264.3,1264.3,1260.1,1261.7,948703
2026-06-11 15:10:00,1261.7,1262.9,1260.2,1261.5,343797
2026-06-11 15:15:00,1262.1,1264.0,1261.1,1262.7,246236
2026-06-11 15:20:00,1262.3,1263.0,1261.8,1262.7,224111
2026-06-11 15:25:00,1262.8,1264.5,1262.4,1264.5,197995
2026-06-12 09:15:00,1277.0,1281.4,1274.0,1275.9,498384
2026-06-12 09:20:00,1275.6,1276.7,1273.4,1274.0,131526
2026-06-12 09:25:00,1274.2,1274.9,1271.0,1272.0,190209
2026-06-12 09:30:00,1272.6,1272.6,1270.2,1271.5,135194
2026-06-12 09:35:00,1271.5,1271.6,1269.2,1269.9,168456
2026-06-12 09:40:00,1270.0,1270.8,1269.6,1270.2,137401
2026-06-12 09:45:00,1270.1,1270.9,1269.2,1269.9,88695
2026-06-12 09:50:00,1270.0,1270.5,1269.1,1269.3,93465
2026-06-12 09:55:00,1269.4,1270.0,1268.5,1268.8,67696
2026-06-12 10:00:00,1268.6,1269.3,1267.5,1268.7,130969
2026-06-12 10:05:00,1268.7,1269.3,1268.0,1268.4,55158
2026-06-12 10:10:00,1269.0,1270.5,1268.6,1270.0,66802
2026-06-12 10:15:00,1270.0,1270.4,1268.6,1269.6,93105
2026-06-12 10:20:00,1269.6,1270.5,1269.2,1270.5,78242
2026-06-12 10:25:00,1270.5,1270.8,1269.0,1269.9,151584
2026-06-12 10:30:00,1269.6,1269.8,1269.0,1269.4,55518
2026-06-12 10:35:00,1269.4,1270.0,1269.0,1269.9,57957
2026-06-12 10:40:00,1269.9,1269.9,1268.6,1269.1,30154
2026-06-12 10:45:00,1269.0,1269.1,1266.1,1267.8,87636
2026-06-12 10:50:00,1267.6,1267.9,1265.3,1266.8,88269
2026-06-12 10:55:00,1266.8,1268.7,1266.5,1268.2,69053
2026-06-12 11:00:00,1268.5,1268.8,1267.6,1268.5,46876
2026-06-12 11:05:00,1268.5,1268.8,1267.2,1268.8,46379
2026-06-12 11:10:00,1268.6,1270.0,1268.6,1270.0,36708
2026-06-12 11:15:00,1269.9,1270.0,1269.5,1269.9,91248
2026-06-12 11:20:00,1269.9,1270.0,1269.3,1269.9,85310
2026-06-12 11:25:00,1269.9,1270.2,1269.0,1269.9,221969
2026-06-12 11:30:00,1269.7,1270.4,1269.5,1270.0,183354
2026-06-12 11:35:00,1269.9,1270.0,1269.1,1269.1,48465
2026-06-12 11:40:00,1269.2,1270.9,1269.0,1270.7,194484
2026-06-12 11:45:00,1270.7,1270.7,1269.8,1270.0,75139
2026-06-12 11:50:00,1270.0,1270.8,1269.6,1269.9,198780
2026-06-12 11:55:00,1270.0,1270.8,1269.7,1270.0,145949
2026-06-12 12:00:00,1270.0,1271.8,1269.6,1269.7,956886
2026-06-12 12:05:00,1270.0,1270.0,1267.4,1267.7,238607
2026-06-12 12:10:00,1267.7,1267.8,1266.0,1266.5,62846
2026-06-12 12:15:00,1266.5,1266.9,1265.5,1265.9,52849
2026-06-12 12:20:00,1265.9,1267.2,1265.8,1266.6,54906
2026-06-12 12:25:00,1266.6,1267.1,1264.5,1265.2,95945
2026-06-12 12:30:00,1265.0,1265.4,1263.5,1264.6,99813
2026-06-12 12:35:00,1264.2,1264.8,1263.1,1263.5,99605
2026-06-12 12:40:00,1263.4,1264.0,1262.5,1263.7,88532
2026-06-12 12:45:00,1263.6,1264.0,1262.5,1262.9,84519
2026-06-12 12:50:00,1262.6,1263.5,1262.5,1263.5,54275
2026-06-12 12:55:00,1263.5,1264.5,1263.3,1264.0,62186
2026-06-12 13:00:00,1264.2,1264.7,1263.8,1264.4,30983
2026-06-12 13:05:00,1264.6,1265.6,1264.0,1264.3,63468
2026-06-12 13:10:00,1264.4,1265.0,1263.8,1264.0,73303
2026-06-12 13:15:00,1264.0,1265.4,1263.9,1265.0,51088
2026-06-12 13:20:00,1265.2,1266.2,1265.0,1265.3,44678
2026-06-12 13:25:00,1265.3,1268.9,1264.0,1268.3,133961
2026-06-12 13:30:00,1268.3,1274.0,1268.3,1273.0,662437
2026-06-12 13:35:00,1273.1,1277.5,1273.0,1276.0,266799
2026-06-12 13:40:00,1276.0,1277.0,1275.3,1276.3,122929
2026-06-12 13:45:00,1276.4,1280.9,1276.0,1279.2,343702
2026-06-12 13:50:00,1279.1,1279.6,1277.1,1277.9,98450
2026-06-12 13:55:00,1278.0,1282.4,1277.5,1281.5,215635
2026-06-12 14:00:00,1281.5,1285.9,1279.4,1284.0,323003
2026-06-12 14:05:00,1284.0,1284.7,1281.0,1281.5,127887
2026-06-12 14:10:00,1281.5,1282.9,1280.3,1282.7,69861
2026-06-12 14:15:00,1282.8,1284.7,1282.6,1284.7,154093
2026-06-12 14:20:00,1284.9,1285.0,1282.3,1282.8,103397
2026-06-12 14:25:00,1282.6,1284.4,1281.6,1284.0,88418
2026-06-12 14:30:00,1284.0,1284.8,1283.3,1284.5,116674
2026-06-12 14:35:00,1284.5,1287.4,1283.0,1287.2,229976
2026-06-12 14:40:00,1287.2,1287.5,1285.2,1286.3,194204
2026-06-12 14:45:00,1286.3,1287.5,1285.5,1286.8,98084
2026-06-12 14:50:00,1286.8,1292.7,1285.8,1291.0,414922
2026-06-12 14:55:00,1291.0,1291.4,1289.6,1290.4,151926
2026-06-12 15:00:00,1290.4,1292.8,1288.6,1292.3,403720
2026-06-12 15:05:00,1292.3,1293.3,1290.5,1291.4,267197
2026-06-12 15:10:00,1291.4,1292.3,1290.0,1292.0,235445
2026-06-12 15:15:00,1292.0,1297.0,1290.5,1296.0,544896
2026-06-12 15:20:00,1296.1,1296.2,1293.8,1295.1,251284
2026-06-12 15:25:00,1295.0,1296.9,1294.4,1296.4,285244
2026-06-15 09:15:00,1315.3,1325.0,1305.0,1308.5,3033849
2026-06-15 09:20:00,1309.0,1318.6,1308.7,1317.1,1288564
2026-06-15 09:25:00,1317.5,1319.4,1310.5,1311.6,1076945
2026-06-15 09:30:00,1312.5,1315.5,1311.7,1314.6,243173
2026-06-15 09:35:00,1316.0,1318.3,1314.4,1317.3,310763
2026-06-15 09:40:00,1317.0,1321.0,1317.0,1320.5,427065
2026-06-15 09:45:00,1320.5,1321.0,1316.0,1317.5,288052
2026-06-15 09:50:00,1317.5,1319.0,1315.3,1315.8,133828
2026-06-15 09:55:00,1315.8,1316.4,1314.3,1315.2,151559
2026-06-15 10:00:00,1315.2,1317.8,1315.0,1317.0,142917
2026-06-15 10:05:00,1317.4,1317.4,1313.5,1313.5,201637
2026-06-15 10:10:00,1313.8,1314.2,1312.1,1314.1,391699
2026-06-15 10:15:00,1314.1,1315.9,1313.3,1313.4,141915
2026-06-15 10:20:00,1313.8,1316.0,1313.2,1315.4,112516
2026-06-15 10:25:00,1315.3,1318.5,1314.7,1317.6,123267
2026-06-15 10:30:00,1318.0,1318.7,1314.5,1315.0,263378
2026-06-15 10:35:00,1314.9,1315.0,1313.4,1314.1,176015
2026-06-15 10:40:00,1314.4,1314.8,1312.0,1312.6,159384
2026-06-15 10:45:00,1312.6,1314.4,1312.0,1312.6,148120
2026-06-15 10:50:00,1312.4,1313.1,1312.1,1312.5,125823
2026-06-15 10:55:00,1312.7,1313.3,1312.5,1313.0,82658
2026-06-15 11:00:00,1313.0,1313.1,1311.8,1312.1,109628
2026-06-15 11:05:00,1312.1,1312.1,1311.7,1311.8,56754
2026-06-15 11:10:00,1311.9,1313.2,1311.8,1312.9,102499
2026-06-15 11:15:00,1312.9,1314.2,1312.6,1314.2,119434
2026-06-15 11:20:00,1314.0,1315.0,1313.4,1314.9,91190
2026-06-15 11:25:00,1314.9,1314.9,1313.4,1314.3,120177
2026-06-15 11:30:00,1314.3,1315.0,1313.9,1314.4,106947
2026-06-15 11:35:00,1314.8,1314.8,1313.5,1314.1,112567
2026-06-15 11:40:00,1314.1,1314.6,1313.7,1313.8,77260
2026-06-15 11:45:00,1314.0,1314.0,1313.1,1313.6,79764
2026-06-15 11:50:00,1313.6,1313.7,1312.5,1312.7,201324
2026-06-15 11:55:00,1313.1,1313.3,1311.8,1312.5,149405
2026-06-15 12:00:00,1312.6,1312.9,1311.7,1312.0,75387
2026-06-15 12:05:00,1312.0,1312.4,1310.7,1311.0,126634
2026-06-15 12:10:00,1311.2,1311.5,1310.6,1311.0,76106
2026-06-15 12:15:00,1311.0,1311.0,1309.2,1309.5,160897
2026-06-15 12:20:00,1310.0,1310.3,1308.5,1309.0,409862
2026-06-15 12:25:00,1309.0,1309.2,1307.0,1307.5,405817
2026-06-15 12:30:00,1307.9,1308.1,1306.5,1307.1,293354
2026-06-15 12:35:00,1307.1,1307.8,1305.6,1305.7,266624
2026-06-15 12:40:00,1305.7,1305.7,1303.6,1304.7,276818
2026-06-15 12:45:00,1304.9,1305.6,1304.8,1305.0,146226
2026-06-15 12:50:00,1305.0,1305.5,1304.7,1305.0,85216
2026-06-15 12:55:00,1305.0,1305.8,1304.8,1305.3,268852
2026-06-15 13:00:00,1305.5,1305.6,1304.8,1305.5,78312
2026-06-15 13:05:00,1305.6,1307.1,1305.3,1307.0,177755
2026-06-15 13:10:00,1307.1,1309.0,1306.2,1306.8,323339
2026-06-15 13:15:00,1306.8,1306.8,1305.3,1305.7,242240
2026-06-15 13:20:00,1305.7,1306.9,1304.8,1306.2,146786
2026-06-15 13:25:00,1306.3,1306.5,1305.7,1306.2,88784
2026-06-15 13:30:00,1306.5,1307.5,1305.8,1307.3,78327
2026-06-15 13:35:00,1307.3,1308.4,1306.5,1307.0,124417
2026-06-15 13:40:00,1307.1,1307.6,1306.0,1306.5,77196
2026-06-15 13:45:00,1306.5,1308.5,1306.1,1307.1,190249
2026-06-15 13:50:00,1307.3,1308.0,1305.5,1307.2,98927
2026-06-15 13:55:00,1307.3,1309.0,1307.0,1308.9,92822
2026-06-15 14:00:00,1309.0,1309.7,1307.9,1307.9,139599
2026-06-15 14:05:00,1307.9,1309.1,1306.2,1307.1,300531
2026-06-15 14:10:00,1307.1,1308.5,1307.0,1307.4,186239
2026-06-15 14:15:00,1307.5,1309.3,1307.3,1308.6,124436
2026-06-15 14:20:00,1308.5,1309.5,1308.0,1308.9,121744
2026-06-15 14:25:00,1308.9,1309.3,1305.1,1305.8,182741
2026-06-15 14:30:00,1306.2,1308.0,1305.6,1307.6,93317
2026-06-15 14:35:00,1307.8,1309.0,1307.2,1308.7,374168
2026-06-15 14:40:00,1308.8,1309.0,1307.8,1308.1,85241
2026-06-15 14:45:00,1308.2,1308.6,1306.2,1307.9,199469
2026-06-15 14:50:00,1307.9,1308.3,1306.2,1307.3,141638
2026-06-15 14:55:00,1307.1,1308.2,1307.0,1308.1,81621
2026-06-15 15:00:00,1308.1,1308.3,1306.5,1307.7,282835
2026-06-15 15:05:00,1307.5,1307.7,1306.5,1306.5,202458
2026-06-15 15:10:00,1306.5,1306.7,1303.3,1306.1,406375
2026-06-15 15:15:00,1306.3,1308.6,1306.0,1308.6,248449
2026-06-15 15:20:00,1309.0,1309.0,1307.3,1307.8,297674
2026-06-15 15:25:00,1307.9,1308.3,1305.0,1306.5,242170
2026-06-16 09:15:00,1313.4,1313.4,1306.4,1310.0,497190
2026-06-16 09:20:00,1310.0,1311.5,1308.3,1309.2,208093
2026-06-16 09:25:00,1309.7,1312.3,1309.2,1311.8,129037
2026-06-16 09:30:00,1311.8,1313.4,1311.1,1313.0,118973
2026-06-16 09:35:00,1313.2,1315.6,1313.0,1314.8,274506
2026-06-16 09:40:00,1314.9,1315.3,1313.1,1313.8,287047
2026-06-16 09:45:00,1313.8,1315.3,1313.5,1313.7,145085
2026-06-16 09:50:00,1313.8,1315.3,1313.0,1315.0,200034
2026-06-16 09:55:00,1315.3,1318.0,1314.7,1317.3,144705
2026-06-16 10:00:00,1317.5,1318.0,1315.6,1315.8,110816
2026-06-16 10:05:00,1315.9,1316.7,1315.1,1315.6,106454
2026-06-16 10:10:00,1315.6,1318.0,1315.1,1318.0,110448
2026-06-16 10:15:00,1318.0,1320.8,1317.4,1319.0,271872
2026-06-16 10:20:00,1319.0,1321.9,1318.7,1321.4,218544
2026-06-16 10:25:00,1321.4,1323.2,1320.0,1320.8,212633
2026-06-16 10:30:00,1320.7,1321.0,1320.0,1320.0,99182
2026-06-16 10:35:00,1320.1,1321.8,1320.1,1321.6,97259
2026-06-16 10:40:00,1321.7,1322.6,1321.3,1322.0,150341
2026-06-16 10:45:00,1322.3,1326.8,1321.9,1326.3,442848
2026-06-16 10:50:00,1326.3,1328.3,1325.2,1326.3,296705
2026-06-16 10:55:00,1326.2,1329.9,1325.9,1327.5,307646
2026-06-16 11:00:00,1328.2,1328.9,1326.7,1327.8,191557
2026-06-16 11:05:00,1328.0,1332.0,1327.5,1330.2,344052
2026-06-16 11:10:00,1330.2,1330.2,1327.3,1328.7,133972
2026-06-16 11:15:00,1328.7,1329.7,1327.2,1327.5,156855
2026-06-16 11:20:00,1327.2,1327.6,1324.5,1326.6,271053
2026-06-16 11:25:00,1326.9,1327.0,1325.4,1325.9,109084
2026-06-16 11:30:00,1325.9,1327.8,1325.4,1327.1,140499
2026-06-16 11:35:00,1327.0,1327.4,1325.2,1326.0,237963
2026-06-16 11:40:00,1326.0,1328.1,1325.2,1327.9,242459
2026-06-16 11:45:00,1327.7,1329.7,1327.4,1328.5,356032
2026-06-16 11:50:00,1328.5,1330.0,1327.6,1329.5,311634
2026-06-16 11:55:00,1329.5,1331.6,1327.2,1331.5,226570
2026-06-16 12:00:00,1331.5,1333.4,1330.7,1331.3,301988
2026-06-16 12:05:00,1331.3,1332.0,1330.0,1331.3,158267
2026-06-16 12:10:00,1331.6,1332.3,1331.0,1331.2,113427
2026-06-16 12:15:00,1331.0,1331.1,1328.8,1329.2,243644
2026-06-16 12:20:00,1328.8,1329.6,1327.5,1328.2,213193
2026-06-16 12:25:00,1328.2,1331.4,1328.0,1331.2,289153
2026-06-16 12:30:00,1330.8,1331.2,1327.1,1327.8,547988
2026-06-16 12:35:00,1327.3,1330.4,1326.1,1329.7,562500
2026-06-16 12:40:00,1329.7,1331.0,1329.1,1330.8,204520
2026-06-16 12:45:00,1330.8,1331.4,1330.4,1331.4,117500
2026-06-16 12:50:00,1331.4,1332.0,1329.8,1331.0,126695
2026-06-16 12:55:00,1331.0,1332.0,1329.9,1332.0,153791
2026-06-16 13:00:00,1332.0,1332.7,1330.9,1331.0,125059
2026-06-16 13:05:00,1330.9,1332.0,1330.6,1332.0,140139
2026-06-16 13:10:00,1332.0,1332.8,1331.3,1331.9,158267
2026-06-16 13:15:00,1332.0,1332.5,1330.0,1330.0,297864
2026-06-16 13:20:00,1330.4,1332.5,1329.9,1331.8,249082
2026-06-16 13:25:00,1331.9,1332.9,1331.0,1332.7,81394
2026-06-16 13:30:00,1332.9,1333.0,1332.0,1332.4,124417
2026-06-16 13:35:00,1332.3,1332.6,1331.4,1331.5,112584
2026-06-16 13:40:00,1331.4,1332.8,1331.3,1331.7,146323
2026-06-16 13:45:00,1331.9,1332.5,1331.7,1332.0,87485
2026-06-16 13:50:00,1332.1,1332.5,1330.2,1330.7,125992
2026-06-16 13:55:00,1330.4,1331.6,1330.4,1330.4,79261
2026-06-16 14:00:00,1330.4,1331.6,1330.0,1330.9,119654
2026-06-16 14:05:00,1331.0,1332.0,1330.5,1331.4,101320
2026-06-16 14:10:00,1331.5,1332.0,1330.7,1331.9,110647
2026-06-16 14:15:00,1331.4,1332.3,1330.6,1332.0,174557
2026-06-16 14:20:00,1332.0,1332.5,1330.9,1332.1,203151
2026-06-16 14:25:00,1332.1,1332.5,1331.2,1331.9,206890
2026-06-16 14:30:00,1332.0,1332.9,1331.9,1332.5,199141
2026-06-16 14:35:00,1332.5,1332.8,1331.0,1331.9,215020
2026-06-16 14:40:00,1331.9,1332.2,1329.4,1329.4,299569
2026-06-16 14:45:00,1329.6,1331.7,1329.2,1330.0,560710
2026-06-16 14:50:00,1330.0,1332.0,1328.2,1331.4,416866
2026-06-16 14:55:00,1331.7,1332.1,1330.3,1331.0,198979
2026-06-16 15:00:00,1331.1,1332.8,1328.4,1329.8,1062109
2026-06-16 15:05:00,1329.6,1331.8,1326.6,1327.2,1043369
2026-06-16 15:10:00,1327.3,1327.3,1325.5,1326.2,435974
2026-06-16 15:15:00,1326.3,1327.4,1326.2,1327.1,408309
2026-06-16 15:20:00,1326.9,1327.5,1326.5,1327.2,381920
2026-06-16 15:25:00,1326.9,1328.8,1326.7,1328.0,327033
2026-06-17 09:15:00,1333.0,1334.0,1318.5,1319.5,762530
2026-06-17 09:20:00,1319.5,1326.4,1317.0,1326.0,397753
2026-06-17 09:25:00,1326.4,1330.4,1325.7,1330.2,367089
2026-06-17 09:30:00,1330.2,1330.5,1326.3,1326.7,303852
2026-06-17 09:35:00,1326.8,1329.6,1326.5,1329.3,103128
2026-06-17 09:40:00,1329.3,1329.8,1328.8,1329.8,111357
2026-06-17 09:45:00,1329.7,1330.9,1329.3,1330.3,173557
2026-06-17 09:50:00,1330.3,1332.0,1329.9,1330.8,128826
2026-06-17 09:55:00,1331.1,1332.0,1330.1,1331.9,97362
2026-06-17 10:00:00,1331.4,1331.9,1330.0,1330.1,68308
2026-06-17 10:05:00,1330.1,1332.0,1329.6,1331.2,92227
2026-06-17 10:10:00,1331.3,1331.8,1330.1,1330.5,69900
2026-06-17 10:15:00,1330.2,1331.3,1329.9,1330.5,64009
2026-06-17 10:20:00,1330.6,1331.0,1330.1,1330.7,41004
2026-06-17 10:25:00,1330.8,1331.2,1330.2,1330.6,39077
2026-06-17 10:30:00,1330.7,1330.9,1329.3,1329.9,106501
2026-06-17 10:35:00,1329.9,1330.4,1328.9,1330.4,92936
2026-06-17 10:40:00,1330.4,1330.4,1327.0,1327.8,132243
2026-06-17 10:45:00,1327.9,1328.7,1327.3,1328.5,69709
2026-06-17 10:50:00,1328.6,1328.6,1327.5,1328.0,73717
2026-06-17 10:55:00,1327.9,1330.0,1327.9,1329.3,127077
2026-06-17 11:00:00,1329.4,1329.4,1328.4,1329.0,57219
2026-06-17 11:05:00,1328.9,1329.0,1328.6,1328.8,54112
2026-06-17 11:10:00,1328.8,1329.0,1328.0,1328.5,73215
2026-06-17 11:15:00,1328.5,1329.8,1327.4,1329.5,128700
2026-06-17 11:20:00,1329.8,1330.9,1329.7,1330.1,77237
2026-06-17 11:25:00,1330.3,1330.5,1329.5,1330.2,116646
2026-06-17 11:30:00,1330.2,1331.8,1330.2,1330.7,100286
2026-06-17 11:35:00,1331.1,1331.1,1329.2,1329.4,122411
2026-06-17 11:40:00,1329.4,1330.5,1329.1,1330.2,118549
2026-06-17 11:45:00,1330.5,1330.5,1329.4,1330.1,50713
2026-06-17 11:50:00,1330.1,1330.2,1329.5,1330.0,40769
2026-06-17 11:55:00,1330.0,1330.5,1328.5,1328.8,131490
2026-06-17 12:00:00,1328.7,1330.0,1328.1,1329.6,176210
2026-06-17 12:05:00,1329.6,1329.9,1328.5,1329.5,149186
2026-06-17 12:10:00,1329.5,1330.0,1329.2,1329.8,35839
2026-06-17 12:15:00,1329.8,1330.0,1328.8,1329.0,70679
2026-06-17 12:20:00,1329.0,1329.0,1327.2,1327.4,74569
2026-06-17 12:25:00,1327.5,1329.3,1326.1,1328.6,172425
2026-06-17 12:30:00,1328.6,1328.7,1327.4,1328.0,38243
2026-06-17 12:35:00,1328.0,1329.0,1327.2,1328.5,50477
2026-06-17 12:40:00,1329.0,1329.9,1328.1,1329.0,153087
2026-06-17 12:45:00,1329.2,1331.0,1329.0,1330.0,159036
2026-06-17 12:50:00,1330.0,1330.0,1326.8,1326.8,81268
2026-06-17 12:55:00,1326.9,1327.6,1326.5,1327.1,73731
2026-06-17 13:00:00,1326.9,1328.1,1326.0,1327.8,84530
2026-06-17 13:05:00,1327.8,1328.9,1326.8,1327.4,87330
2026-06-17 13:10:00,1327.4,1328.6,1327.0,1327.0,84587
2026-06-17 13:15:00,1327.2,1329.6,1326.7,1328.8,72427
2026-06-17 13:20:00,1328.7,1328.9,1328.5,1328.6,29273
2026-06-17 13:25:00,1328.6,1328.9,1328.3,1328.6,42678
2026-06-17 13:30:00,1328.5,1329.7,1328.2,1329.6,47073
2026-06-17 13:35:00,1329.6,1330.6,1329.4,1329.8,145817
2026-06-17 13:40:00,1329.8,1330.1,1329.0,1329.7,74100
2026-06-17 13:45:00,1329.7,1330.5,1329.6,1330.3,67714
2026-06-17 13:50:00,1330.2,1330.2,1329.0,1329.5,105559
2026-06-17 13:55:00,1329.5,1330.0,1329.2,1329.8,33310
2026-06-17 14:00:00,1329.8,1330.8,1329.1,1329.8,166107
2026-06-17 14:05:00,1329.8,1330.0,1328.8,1328.8,95912
2026-06-17 14:10:00,1328.9,1329.1,1327.4,1328.7,71818
2026-06-17 14:15:00,1328.8,1329.7,1327.0,1329.4,153494
2026-06-17 14:20:00,1329.2,1330.0,1328.9,1329.3,147159
2026-06-17 14:25:00,1329.4,1329.4,1327.6,1328.0,116359
2026-06-17 14:30:00,1328.4,1329.4,1327.7,1329.0,80105
2026-06-17 14:35:00,1329.0,1330.8,1328.4,1329.8,198809
2026-06-17 14:40:00,1329.8,1330.0,1327.6,1328.7,242248
2026-06-17 14:45:00,1328.7,1329.2,1327.6,1327.8,122915
2026-06-17 14:50:00,1328.2,1329.8,1326.3,1329.5,352155
2026-06-17 14:55:00,1329.7,1331.8,1328.0,1331.6,181643
2026-06-17 15:00:00,1331.6,1333.5,1331.3,1332.7,306257
2026-06-17 15:05:00,1332.6,1333.8,1332.0,1333.0,297134
2026-06-17 15:10:00,1333.1,1333.6,1332.1,1332.5,217501
2026-06-17 15:15:00,1332.4,1332.7,1332.0,1332.7,180879
2026-06-17 15:20:00,1332.6,1333.3,1332.6,1333.0,210425
2026-06-17 15:25:00,1332.8,1333.1,1331.5,1332.1,246013
2026-06-18 09:15:00,1330.0,1333.9,1326.0,1326.7,478665
2026-06-18 09:20:00,1326.9,1328.8,1326.0,1327.8,150290
2026-06-18 09:25:00,1327.9,1327.9,1326.5,1327.1,112759
2026-06-18 09:30:00,1327.0,1327.2,1326.3,1326.3,99235
2026-06-18 09:35:00,1326.2,1326.2,1324.0,1326.1,200101
2026-06-18 09:40:00,1326.0,1328.5,1326.0,1327.3,224758
2026-06-18 09:45:00,1327.6,1328.9,1327.2,1328.0,83329
2026-06-18 09:50:00,1327.9,1330.4,1327.5,1329.6,179110
2026-06-18 09:55:00,1329.8,1331.0,1329.0,1330.0,176711
2026-06-18 10:00:00,1330.5,1330.8,1329.1,1329.1,65031
2026-06-18 10:05:00,1329.3,1330.0,1328.9,1329.4,60066
2026-06-18 10:10:00,1329.5,1330.2,1329.1,1329.6,63434
2026-06-18 10:15:00,1329.7,1330.7,1329.5,1330.4,101609
2026-06-18 10:20:00,1330.4,1330.6,1329.5,1330.4,61054
2026-06-18 10:25:00,1330.4,1330.4,1329.1,1329.8,86515
2026-06-18 10:30:00,1329.4,1329.8,1328.9,1329.8,69691
2026-06-18 10:35:00,1329.7,1330.3,1328.3,1328.6,90113
2026-06-18 10:40:00,1328.2,1329.0,1327.0,1328.0,360386
2026-06-18 10:45:00,1328.2,1329.0,1327.0,1327.3,362910
2026-06-18 10:50:00,1327.0,1328.3,1326.1,1328.2,309511
2026-06-18 10:55:00,1328.2,1328.4,1327.3,1328.0,63872
2026-06-18 11:00:00,1328.0,1328.0,1327.0,1327.9,51468
2026-06-18 11:05:00,1328.0,1328.0,1326.7,1327.3,56577
2026-06-18 11:10:00,1327.1,1327.5,1326.0,1326.3,84145
2026-06-18 11:15:00,1326.5,1326.6,1324.0,1324.9,175619
2026-06-18 11:20:00,1325.0,1325.5,1324.0,1324.8,136296
2026-06-18 11:25:00,1325.0,1326.1,1324.5,1325.9,81247
2026-06-18 11:30:00,1325.9,1326.6,1325.7,1326.0,66306
2026-06-18 11:35:00,1326.0,1326.6,1326.0,1326.4,61988
2026-06-18 11:40:00,1326.4,1327.5,1326.4,1327.2,121856
2026-06-18 11:45:00,1327.2,1328.4,1327.0,1327.4,126336
2026-06-18 11:50:00,1327.1,1327.4,1324.6,1325.4,209373
2026-06-18 11:55:00,1325.5,1325.9,1324.7,1324.8,105541
2026-06-18 12:00:00,1324.9,1326.4,1324.8,1326.3,104649
2026-06-18 12:05:00,1326.2,1327.0,1325.2,1325.8,179369
2026-06-18 12:10:00,1325.7,1325.8,1324.2,1325.2,259639
2026-06-18 12:15:00,1325.2,1325.4,1322.6,1324.8,297258
2026-06-18 12:20:00,1325.1,1326.7,1324.2,1326.2,156694
2026-06-18 12:25:00,1326.2,1327.8,1325.5,1327.7,64290
2026-06-18 12:30:00,1327.8,1329.5,1327.1,1329.5,183935
2026-06-18 12:35:00,1329.5,1329.5,1328.4,1328.9,70039
2026-06-18 12:40:00,1328.8,1330.6,1328.8,1330.5,114643
2026-06-18 12:45:00,1330.7,1330.7,1329.5,1330.2,126146
2026-06-18 12:50:00,1330.2,1331.5,1330.0,1330.3,164011
2026-06-18 12:55:00,1330.2,1330.5,1329.2,1329.5,43797
2026-06-18 13:00:00,1329.5,1330.2,1329.2,1329.9,58099
2026-06-18 13:05:00,1329.9,1331.2,1329.6,1330.9,93464
2026-06-18 13:10:00,1331.0,1331.0,1330.8,1331.0,40571
2026-06-18 13:15:00,1330.9,1332.2,1330.5,1331.6,180393
2026-06-18 13:20:00,1331.8,1333.0,1331.0,1331.0,503537
2026-06-18 13:25:00,1331.1,1331.6,1329.3,1331.1,272622
2026-06-18 13:30:00,1331.0,1331.0,1328.3,1329.2,462765
2026-06-18 13:35:00,1329.4,1329.7,1328.0,1328.7,110931
2026-06-18 13:40:00,1328.8,1331.2,1327.6,1330.0,363739
2026-06-18 13:45:00,1329.8,1330.1,1327.3,1327.7,171187
2026-06-18 13:50:00,1327.8,1328.2,1327.0,1327.7,124749
2026-06-18 13:55:00,1327.8,1328.2,1326.5,1328.0,151981
2026-06-18 14:00:00,1328.1,1328.5,1327.0,1327.9,84796
2026-06-18 14:05:00,1327.6,1329.2,1327.1,1327.7,178557
2026-06-18 14:10:00,1327.6,1329.5,1326.0,1326.5,260422
2026-06-18 14:15:00,1326.5,1326.8,1324.5,1324.8,162333
2026-06-18 14:20:00,1324.6,1326.2,1323.2,1326.1,141099
2026-06-18 14:25:00,1326.2,1326.3,1322.7,1323.4,292174
2026-06-18 14:30:00,1323.4,1323.8,1322.0,1323.5,148746
2026-06-18 14:35:00,1323.5,1324.6,1322.8,1322.9,201341
2026-06-18 14:40:00,1323.0,1323.8,1322.5,1323.2,90046
2026-06-18 14:45:00,1323.0,1323.3,1322.0,1322.0,164956
2026-06-18 14:50:00,1322.0,1324.0,1322.0,1322.7,173330
2026-06-18 14:55:00,1322.7,1325.0,1322.6,1324.6,113346
2026-06-18 15:00:00,1324.7,1327.0,1322.9,1325.7,1173066
2026-06-18 15:05:00,1325.7,1327.9,1324.8,1327.7,731907
2026-06-18 15:10:00,1327.7,1330.3,1326.8,1329.5,888371
2026-06-18 15:15:00,1329.8,1330.6,1329.4,1329.9,581331
2026-06-18 15:20:00,1330.0,1331.8,1329.5,1331.5,542919
2026-06-18 15:25:00,1331.8,1332.5,1330.1,1331.0,522037
2026-06-19 09:15:00,1328.0,1336.0,1324.9,1332.2,632295
2026-06-19 09:20:00,1332.4,1333.4,1330.0,1330.8,207500
2026-06-19 09:25:00,1331.0,1333.4,1329.7,1332.9,160900
2026-06-19 09:30:00,1332.7,1333.0,1330.0,1332.4,119526
2026-06-19 09:35:00,1332.9,1332.9,1331.5,1332.5,103467
2026-06-19 09:40:00,1332.6,1334.8,1332.0,1334.0,162431
2026-06-19 09:45:00,1334.3,1335.0,1332.7,1334.9,113215
2026-06-19 09:50:00,1335.0,1335.0,1332.3,1334.5,122360
2026-06-19 09:55:00,1334.2,1334.8,1332.6,1332.7,78208
2026-06-19 10:00:00,1333.0,1334.0,1332.6,1334.0,48540
2026-06-19 10:05:00,1334.0,1337.4,1333.8,1336.3,262858
2026-06-19 10:10:00,1336.1,1338.2,1335.4,1338.1,253632
2026-06-19 10:15:00,1338.0,1338.0,1335.2,1335.6,150242
2026-06-19 10:20:00,1335.5,1335.9,1331.7,1331.7,159210
2026-06-19 10:25:00,1331.9,1332.1,1329.1,1329.5,217588
2026-06-19 10:30:00,1329.5,1330.8,1328.0,1328.8,155540
2026-06-19 10:35:00,1328.8,1329.9,1328.5,1329.5,66958
2026-06-19 10:40:00,1329.4,1330.2,1327.0,1329.7,145872
2026-06-19 10:45:00,1330.0,1331.0,1329.2,1330.7,87625
2026-06-19 10:50:00,1330.7,1331.5,1329.6,1330.4,99424
2026-06-19 10:55:00,1330.7,1331.0,1327.0,1327.6,152575
2026-06-19 11:00:00,1327.6,1327.7,1325.0,1325.2,174215
2026-06-19 11:05:00,1325.2,1326.0,1322.1,1325.6,266982
2026-06-19 11:10:00,1325.6,1325.9,1324.3,1325.7,101295
2026-06-19 11:15:00,1325.8,1325.8,1324.5,1325.3,67762
2026-06-19 11:20:00,1325.3,1325.3,1324.0,1324.0,84023
2026-06-19 11:25:00,1324.3,1325.1,1324.1,1325.0,47493
2026-06-19 11:30:00,1325.1,1325.9,1324.8,1325.1,85194
2026-06-19 11:35:00,1325.1,1326.6,1325.0,1326.1,62240
2026-06-19 11:40:00,1326.1,1326.5,1325.9,1326.3,54258
2026-06-19 11:45:00,1326.5,1326.5,1325.5,1326.4,100475
2026-06-19 11:50:00,1326.4,1327.5,1326.3,1327.4,53674
2026-06-19 11:55:00,1327.2,1328.4,1327.0,1327.3,57122
2026-06-19 12:00:00,1327.5,1327.9,1326.6,1326.9,51588
2026-06-19 12:05:00,1326.4,1326.6,1325.1,1325.2,42818
2026-06-19 12:10:00,1325.2,1326.4,1325.1,1326.4,35064
2026-06-19 12:15:00,1326.4,1327.5,1326.0,1327.0,42340
2026-06-19 12:20:00,1326.9,1327.8,1326.6,1327.6,36724
2026-06-19 12:25:00,1327.6,1328.0,1327.4,1327.7,30630
2026-06-19 12:30:00,1327.7,1328.1,1327.5,1328.0,34030
2026-06-19 12:35:00,1327.9,1328.5,1327.7,1328.5,37164
2026-06-19 12:40:00,1328.3,1329.5,1326.5,1327.4,123926
2026-06-19 12:45:00,1327.4,1329.0,1327.3,1328.8,49319
2026-06-19 12:50:00,1328.9,1330.5,1327.5,1327.8,168484
2026-06-19 12:55:00,1327.8,1327.8,1326.0,1326.7,48603
2026-06-19 13:00:00,1326.5,1326.7,1325.0,1325.2,85612
2026-06-19 13:05:00,1325.0,1326.0,1324.2,1324.6,153663
2026-06-19 13:10:00,1324.9,1325.8,1323.9,1325.5,81871
2026-06-19 13:15:00,1325.5,1325.6,1324.6,1325.3,43930
2026-06-19 13:20:00,1325.2,1325.9,1325.0,1325.2,76134
2026-06-19 13:25:00,1325.2,1325.8,1324.5,1325.6,48952
2026-06-19 13:30:00,1325.7,1327.5,1325.5,1327.3,48754
2026-06-19 13:35:00,1327.5,1328.4,1326.4,1328.3,75962
2026-06-19 13:40:00,1328.3,1330.0,1328.1,1329.5,152375
2026-06-19 13:45:00,1329.5,1329.6,1328.0,1328.7,137484
2026-06-19 13:50:00,1328.9,1328.9,1327.1,1327.4,88769
2026-06-19 13:55:00,1327.1,1329.9,1327.1,1329.6,163222
2026-06-19 14:00:00,1329.5,1330.3,1327.0,1329.2,212935
2026-06-19 14:05:00,1329.4,1330.9,1328.4,1329.2,241591
2026-06-19 14:10:00,1329.3,1333.0,1325.5,1332.2,668939
2026-06-19 14:15:00,1332.4,1336.0,1330.0,1333.9,1056680
2026-06-19 14:20:00,1333.7,1333.9,1307.4,1315.6,1678394
2026-06-19 14:25:00,1315.8,1317.3,1307.0,1307.0,754864
2026-06-19 14:30:00,1307.4,1314.0,1306.1,1313.4,526919
2026-06-19 14:35:00,1313.4,1322.0,1313.4,1316.9,543915
2026-06-19 14:40:00,1317.1,1318.2,1313.4,1316.7,256083
2026-06-19 14:45:00,1316.6,1319.0,1315.0,1318.2,148885
2026-06-19 14:50:00,1318.4,1318.4,1311.4,1311.5,319592
2026-06-19 14:55:00,1311.8,1311.8,1308.0,1309.5,399545
2026-06-19 15:00:00,1309.7,1311.9,1305.6,1311.0,2282156
2026-06-19 15:05:00,1311.3,1312.8,1309.0,1309.5,1889676
2026-06-19 15:10:00,1309.5,1311.1,1309.0,1309.9,1972354
2026-06-19 15:15:00,1309.8,1310.6,1308.2,1309.8,1920388
2026-06-19 15:20:00,1309.8,1310.8,1308.0,1308.7,1673809
2026-06-19 15:25:00,1308.4,1312.0,1305.3,1311.8,1697669
2026-06-22 09:15:00,1316.7,1326.6,1314.1,1325.0,788534
2026-06-22 09:20:00,1325.2,1343.0,1323.8,1342.4,979323
2026-06-22 09:25:00,1342.5,1344.9,1338.2,1340.9,906311
2026-06-22 09:30:00,1340.9,1342.8,1339.0,1340.9,377108
2026-06-22 09:35:00,1340.5,1341.5,1335.9,1339.9,466157
2026-06-22 09:40:00,1339.7,1340.0,1337.3,1337.8,202202
2026-06-22 09:45:00,1337.8,1338.1,1334.4,1338.0,385828
2026-06-22 09:50:00,1337.7,1339.4,1337.5,1337.6,175467
2026-06-22 09:55:00,1337.6,1340.0,1337.0,1339.5,229296
2026-06-22 10:00:00,1339.5,1341.9,1338.8,1339.0,331196
2026-06-22 10:05:00,1339.1,1343.0,1338.0,1342.8,323671
2026-06-22 10:10:00,1342.7,1343.0,1340.4,1341.7,246141
2026-06-22 10:15:00,1341.7,1342.3,1340.2,1340.5,140209
2026-06-22 10:20:00,1340.8,1341.3,1339.6,1340.0,99333
2026-06-22 10:25:00,1340.0,1340.5,1337.5,1338.1,129646
2026-06-22 10:30:00,1338.0,1338.5,1336.1,1336.1,93275
2026-06-22 10:35:00,1336.1,1338.5,1336.0,1336.8,135228
2026-06-22 10:40:00,1337.1,1337.1,1335.1,1336.3,116634
2026-06-22 10:45:00,1336.3,1338.0,1335.7,1338.0,58697
2026-06-22 10:50:00,1337.5,1339.0,1337.5,1338.4,83522
2026-06-22 10:55:00,1338.4,1341.7,1338.3,1341.0,211671
2026-06-22 11:00:00,1341.0,1341.3,1338.4,1339.7,114393
2026-06-22 11:05:00,1340.0,1340.7,1339.4,1339.5,80025
2026-06-22 11:10:00,1339.6,1339.8,1338.1,1338.9,65519
2026-06-22 11:15:00,1338.9,1338.9,1337.4,1338.0,64554
2026-06-22 11:20:00,1338.0,1338.1,1336.0,1337.1,116460
2026-06-22 11:25:00,1337.2,1338.3,1336.8,1337.5,115031
2026-06-22 11:30:00,1337.0,1338.6,1337.0,1338.0,62977
2026-06-22 11:35:00,1338.0,1338.5,1337.7,1338.0,49205
2026-06-22 11:40:00,1337.9,1338.1,1336.9,1337.5,75331
2026-06-22 11:45:00,1337.4,1337.6,1336.0,1336.0,76549
2026-06-22 11:50:00,1336.0,1336.0,1333.3,1334.2,215084
2026-06-22 11:55:00,1334.3,1336.0,1334.2,1336.0,172213
2026-06-22 12:00:00,1336.0,1336.0,1333.3,1333.6,106600
2026-06-22 12:05:00,1334.2,1334.3,1332.6,1332.6,120741
2026-06-22 12:10:00,1332.8,1333.0,1331.8,1332.0,110237
2026-06-22 12:15:00,1331.9,1332.5,1329.8,1330.9,248485
2026-06-22 12:20:00,1330.4,1332.1,1330.1,1331.5,74324
2026-06-22 12:25:00,1331.9,1331.9,1329.3,1330.2,107248
2026-06-22 12:30:00,1330.2,1331.4,1330.0,1331.0,51513
2026-06-22 12:35:00,1331.0,1331.0,1328.6,1329.3,82395
2026-06-22 12:40:00,1329.3,1329.3,1327.4,1328.7,113409
2026-06-22 12:45:00,1328.6,1329.0,1327.5,1328.0,123321
2026-06-22 12:50:00,1328.2,1330.0,1328.1,1329.1,123028
2026-06-22 12:55:00,1328.7,1329.9,1328.4,1329.6,84737
2026-06-22 13:00:00,1329.2,1329.9,1328.8,1329.1,93295
2026-06-22 13:05:00,1329.1,1329.1,1328.4,1329.0,33104
2026-06-22 13:10:00,1328.9,1329.5,1327.5,1329.5,83981
2026-06-22 13:15:00,1329.5,1332.6,1329.4,1331.4,131869
2026-06-22 13:20:00,1331.3,1331.9,1330.5,1331.9,94502
2026-06-22 13:25:00,1331.8,1333.4,1331.5,1333.0,82309
2026-06-22 13:30:00,1332.5,1333.3,1331.5,1331.8,77478
2026-06-22 13:35:00,1331.8,1332.0,1331.5,1331.9,30488
2026-06-22 13:40:00,1332.0,1332.9,1330.5,1332.3,154306
2026-06-22 13:45:00,1332.3,1332.3,1331.9,1332.2,29620
2026-06-22 13:50:00,1332.2,1332.5,1331.7,1332.0,59162
2026-06-22 13:55:00,1332.0,1332.6,1331.5,1331.7,52065
2026-06-22 14:00:00,1331.8,1332.4,1331.1,1331.8,56290
2026-06-22 14:05:00,1331.9,1332.4,1331.1,1331.3,44710
2026-06-22 14:10:00,1331.2,1332.0,1330.0,1330.1,80524
2026-06-22 14:15:00,1330.2,1331.6,1329.8,1330.9,67295
2026-06-22 14:20:00,1330.9,1331.4,1330.7,1330.8,31568
2026-06-22 14:25:00,1330.9,1332.3,1330.7,1331.8,95918
2026-06-22 14:30:00,1331.8,1332.9,1331.8,1332.6,68328
2026-06-22 14:35:00,1332.6,1333.0,1330.7,1330.8,98436
2026-06-22 14:40:00,1330.8,1331.0,1329.8,1330.7,94860
2026-06-22 14:45:00,1330.3,1331.3,1330.1,1330.7,63393
2026-06-22 14:50:00,1330.7,1331.0,1328.9,1329.6,88595
2026-06-22 14:55:00,1329.6,1330.0,1328.0,1328.3,166989
2026-06-22 15:00:00,1328.5,1329.0,1326.4,1327.4,280359
2026-06-22 15:05:00,1327.3,1327.6,1326.1,1326.4,194408
2026-06-22 15:10:00,1326.3,1328.6,1326.2,1327.3,242273
2026-06-22 15:15:00,1327.3,1328.3,1326.0,1326.0,565679
2026-06-22 15:20:00,1326.1,1326.5,1323.9,1324.5,376136
2026-06-22 15:25:00,1324.5,1324.9,1323.0,1324.7,267024
2026-06-23 09:15:00,1328.9,1330.4,1325.2,1329.9,628012
2026-06-23 09:20:00,1330.0,1333.0,1329.7,1330.0,376782
2026-06-23 09:25:00,1329.9,1329.9,1323.8,1324.4,299858
2026-06-23 09:30:00,1324.4,1327.0,1324.4,1326.3,136806
2026-06-23 09:35:00,1326.0,1328.7,1326.0,1327.9,134879
2026-06-23 09:40:00,1327.9,1328.6,1326.7,1328.0,153274
2026-06-23 09:45:00,1328.0,1328.0,1326.6,1326.9,145988
2026-06-23 09:50:00,1326.9,1327.1,1326.1,1326.6,119581
2026-06-23 09:55:00,1326.6,1327.6,1326.1,1326.6,131026
2026-06-23 10:00:00,1326.6,1328.0,1326.6,1327.4,68338
2026-06-23 10:05:00,1327.3,1329.7,1326.4,1329.4,99096
2026-06-23 10:10:00,1329.3,1329.5,1327.8,1328.8,86268
2026-06-23 10:15:00,1328.6,1329.2,1327.5,1328.1,101809
2026-06-23 10:20:00,1328.4,1329.0,1327.5,1328.2,79206
2026-06-23 10:25:00,1328.0,1328.6,1327.1,1327.3,97387
2026-06-23 10:30:00,1327.2,1327.9,1326.5,1327.8,86892
2026-06-23 10:35:00,1327.5,1328.6,1327.3,1328.4,58614
2026-06-23 10:40:00,1328.2,1328.6,1327.5,1328.0,78308
2026-06-23 10:45:00,1328.0,1329.2,1327.5,1328.0,152836
2026-06-23 10:50:00,1328.0,1329.0,1327.7,1328.7,45202
2026-06-23 10:55:00,1328.6,1328.7,1326.5,1326.5,105482
2026-06-23 11:00:00,1326.8,1328.5,1325.3,1328.3,205059
2026-06-23 11:05:00,1328.3,1328.4,1326.3,1326.4,72158
2026-06-23 11:10:00,1326.7,1327.9,1326.2,1327.2,75336
2026-06-23 11:15:00,1326.5,1327.7,1326.5,1327.3,105771
2026-06-23 11:20:00,1327.3,1327.5,1325.7,1326.8,115373
2026-06-23 11:25:00,1326.8,1327.1,1326.1,1326.4,71874
2026-06-23 11:30:00,1326.5,1328.2,1326.2,1328.0,100853
2026-06-23 11:35:00,1328.1,1329.3,1327.5,1328.2,131370
2026-06-23 11:40:00,1328.5,1328.7,1327.6,1328.0,130610
2026-06-23 11:45:00,1327.6,1327.9,1324.6,1325.0,125288
2026-06-23 11:50:00,1325.0,1326.0,1324.1,1324.5,162956
2026-06-23 11:55:00,1324.5,1324.7,1321.5,1323.6,170253
2026-06-23 12:00:00,1323.6,1324.0,1321.3,1322.7,147311
2026-06-23 12:05:00,1322.6,1323.4,1322.5,1322.9,61692
2026-06-23 12:10:00,1323.0,1323.6,1322.1,1323.1,158845
2026-06-23 12:15:00,1323.3,1323.5,1322.0,1323.1,107766
2026-06-23 12:20:00,1323.1,1323.1,1319.2,1319.7,153492
2026-06-23 12:25:00,1319.7,1321.5,1318.7,1320.7,157617
2026-06-23 12:30:00,1321.2,1321.2,1319.5,1320.0,75701
2026-06-23 12:35:00,1320.0,1320.8,1319.8,1320.4,103438
2026-06-23 12:40:00,1320.4,1320.7,1319.7,1320.4,96753
2026-06-23 12:45:00,1320.4,1320.6,1319.3,1319.4,72163
2026-06-23 12:50:00,1319.7,1320.4,1319.5,1319.8,60131
2026-06-23 12:55:00,1320.0,1320.6,1319.9,1320.4,99429
2026-06-23 13:00:00,1320.5,1320.7,1319.3,1319.6,162805
2026-06-23 13:05:00,1319.8,1320.7,1319.5,1320.5,141490
2026-06-23 13:10:00,1320.5,1320.7,1320.3,1320.5,111835
2026-06-23 13:15:00,1320.4,1320.6,1319.7,1320.5,114426
2026-06-23 13:20:00,1320.6,1320.6,1320.3,1320.4,85153
2026-06-23 13:25:00,1320.4,1320.6,1320.1,1320.4,113374
2026-06-23 13:30:00,1320.2,1320.6,1317.0,1317.3,352768
2026-06-23 13:35:00,1317.3,1318.3,1316.1,1317.1,177539
2026-06-23 13:40:00,1317.4,1317.6,1316.3,1317.0,197242
2026-06-23 13:45:00,1317.0,1317.0,1315.1,1315.2,161331
2026-06-23 13:50:00,1315.1,1315.6,1314.0,1315.2,309193
2026-06-23 13:55:00,1315.2,1315.7,1314.4,1315.0,89574
2026-06-23 14:00:00,1315.5,1316.2,1315.2,1315.5,340040
2026-06-23 14:05:00,1315.6,1316.0,1314.6,1315.6,179010
2026-06-23 14:10:00,1315.4,1316.7,1315.0,1316.6,122080
2026-06-23 14:15:00,1316.6,1316.7,1315.7,1316.2,138169
2026-06-23 14:20:00,1316.0,1316.9,1315.2,1315.8,141064
2026-06-23 14:25:00,1315.8,1315.8,1315.0,1315.6,185256
2026-06-23 14:30:00,1315.5,1315.9,1315.3,1315.9,187037
2026-06-23 14:35:00,1315.7,1315.9,1315.2,1315.3,167351
2026-06-23 14:40:00,1315.4,1315.6,1315.0,1315.2,219224
2026-06-23 14:45:00,1315.4,1315.6,1314.7,1315.6,235257
2026-06-23 14:50:00,1315.5,1315.9,1315.0,1315.5,327733
2026-06-23 14:55:00,1315.6,1315.7,1314.9,1315.1,257139
2026-06-23 15:00:00,1315.3,1315.3,1311.6,1313.8,653316
2026-06-23 15:05:00,1313.5,1314.4,1313.0,1313.3,682550
2026-06-23 15:10:00,1313.2,1313.6,1309.5,1310.3,918075
2026-06-23 15:15:00,1310.3,1310.3,1307.2,1307.8,548921
2026-06-23 15:20:00,1307.8,1308.1,1305.3,1305.8,946896
2026-06-23 15:25:00,1305.6,1306.2,1304.0,1306.0,1064920
2026-06-24 09:15:00,1305.7,1308.8,1301.0,1306.3,528540
2026-06-24 09:20:00,1306.7,1307.2,1305.2,1305.6,198611
2026-06-24 09:25:00,1305.4,1306.0,1304.3,1304.9,145283
2026-06-24 09:30:00,1304.8,1305.8,1303.5,1303.6,161252
2026-06-24 09:35:00,1303.6,1304.5,1303.0,1303.5,152992
2026-06-24 09:40:00,1303.7,1304.3,1301.1,1301.2,179135
2026-06-24 09:45:00,1301.2,1301.9,1297.7,1298.0,445518
2026-06-24 09:50:00,1297.9,1300.0,1297.5,1299.6,201154
2026-06-24 09:55:00,1299.6,1304.0,1299.3,1303.3,232778
2026-06-24 10:00:00,1303.3,1309.3,1303.3,1307.5,289440
2026-06-24 10:05:00,1307.5,1311.8,1307.3,1311.5,160189
2026-06-24 10:10:00,1311.3,1311.5,1309.1,1309.9,104965
2026-06-24 10:15:00,1310.1,1310.8,1309.1,1310.3,66824
2026-06-24 10:20:00,1310.2,1313.9,1310.0,1313.0,146215
2026-06-24 10:25:00,1312.7,1314.3,1312.2,1312.8,82517
2026-06-24 10:30:00,1312.6,1313.0,1311.1,1312.1,66032
2026-06-24 10:35:00,1312.2,1312.2,1310.9,1311.8,47702
2026-06-24 10:40:00,1312.0,1312.0,1310.0,1310.0,68848
2026-06-24 10:45:00,1310.2,1311.5,1310.0,1310.4,59533
2026-06-24 10:50:00,1310.4,1312.7,1310.4,1312.0,72536
2026-06-24 10:55:00,1312.0,1312.5,1310.8,1312.4,61104
2026-06-24 11:00:00,1312.4,1313.6,1311.0,1313.1,90705
2026-06-24 11:05:00,1313.2,1314.8,1313.0,1314.8,68634
2026-06-24 11:10:00,1314.8,1314.8,1312.8,1313.3,116308
2026-06-24 11:15:00,1313.5,1314.0,1311.8,1312.2,127736
2026-06-24 11:20:00,1312.2,1312.9,1309.8,1310.2,171656
2026-06-24 11:25:00,1310.2,1312.2,1310.0,1311.9,60223
2026-06-24 11:30:00,1311.9,1312.2,1310.1,1311.7,72678
2026-06-24 11:35:00,1312.2,1312.3,1310.5,1310.5,90732
2026-06-24 11:40:00,1310.8,1312.4,1310.4,1311.8,121715
2026-06-24 11:45:00,1311.8,1313.8,1311.8,1313.5,102784
2026-06-24 11:50:00,1313.5,1314.0,1312.5,1312.9,98985
2026-06-24 11:55:00,1313.0,1313.8,1312.4,1312.7,74705
2026-06-24 12:00:00,1312.5,1313.0,1312.0,1313.0,55457
2026-06-24 12:05:00,1313.0,1313.2,1311.1,1311.2,83912
2026-06-24 12:10:00,1311.3,1312.6,1310.0,1310.5,120452
2026-06-24 12:15:00,1310.5,1312.5,1310.4,1311.4,63911
2026-06-24 12:20:00,1311.4,1312.4,1310.2,1312.2,59991
2026-06-24 12:25:00,1312.2,1313.1,1312.0,1312.9,62371
2026-06-24 12:30:00,1313.0,1313.1,1311.0,1311.5,78226
2026-06-24 12:35:00,1311.7,1311.9,1310.7,1311.7,115521
2026-06-24 12:40:00,1311.9,1313.0,1311.5,1312.9,60202
2026-06-24 12:45:00,1312.9,1312.9,1312.0,1312.9,51153
2026-06-24 12:50:00,1312.9,1314.1,1312.6,1313.9,208986
2026-06-24 12:55:00,1313.9,1317.2,1313.6,1316.2,206859
2026-06-24 13:00:00,1316.2,1316.6,1314.6,1314.6,98550
2026-06-24 13:05:00,1314.7,1317.0,1314.5,1317.0,144927
2026-06-24 13:10:00,1317.0,1319.4,1316.7,1319.3,176071
2026-06-24 13:15:00,1319.3,1320.0,1318.5,1319.1,151144
2026-06-24 13:20:00,1319.1,1319.4,1317.6,1317.7,122206
2026-06-24 13:25:00,1317.9,1318.1,1317.1,1318.0,62643
2026-06-24 13:30:00,1317.9,1319.2,1317.9,1319.1,75215
2026-06-24 13:35:00,1319.2,1320.0,1319.0,1319.4,82757
2026-06-24 13:40:00,1319.5,1320.5,1318.7,1319.8,125709
2026-06-24 13:45:00,1319.8,1322.0,1319.5,1320.5,183436
2026-06-24 13:50:00,1320.7,1321.1,1318.4,1319.5,107369
2026-06-24 13:55:00,1319.5,1319.5,1317.6,1318.6,108348
2026-06-24 14:00:00,1318.7,1318.8,1317.2,1318.0,92869
2026-06-24 14:05:00,1318.0,1320.5,1316.7,1320.4,185228
2026-06-24 14:10:00,1320.2,1321.0,1318.8,1320.4,236008
2026-06-24 14:15:00,1319.9,1320.7,1319.3,1320.0,57642
2026-06-24 14:20:00,1319.7,1320.8,1319.2,1320.3,118343
2026-06-24 14:25:00,1320.6,1320.8,1319.7,1320.2,97130
2026-06-24 14:30:00,1320.2,1320.6,1319.6,1319.7,123342
2026-06-24 14:35:00,1320.0,1320.6,1318.0,1318.3,133248
2026-06-24 14:40:00,1318.2,1320.7,1318.0,1320.0,151612
2026-06-24 14:45:00,1320.1,1320.5,1317.6,1317.8,161966
2026-06-24 14:50:00,1317.7,1319.5,1317.6,1318.0,128741
2026-06-24 14:55:00,1317.9,1318.3,1315.9,1316.5,265947
2026-06-24 15:00:00,1316.5,1316.5,1313.7,1313.7,385510
2026-06-24 15:05:00,1313.8,1314.6,1312.5,1313.0,441704
2026-06-24 15:10:00,1313.0,1313.1,1311.1,1311.7,283090
2026-06-24 15:15:00,1311.8,1314.4,1311.7,1313.7,318237
2026-06-24 15:20:00,1313.7,1315.3,1312.1,1315.0,241237
2026-06-24 15:25:00,1314.9,1315.0,1313.1,1313.4,231385
2026-06-25 09:15:00,1318.0,1323.0,1316.8,1320.9,287807
2026-06-25 09:20:00,1320.9,1324.0,1320.5,1323.0,224575
2026-06-25 09:25:00,1323.0,1323.0,1320.5,1321.0,171876
2026-06-25 09:30:00,1321.0,1322.2,1320.5,1321.3,126684
2026-06-25 09:35:00,1321.2,1322.4,1320.9,1321.4,108774
2026-06-25 09:40:00,1321.3,1322.3,1320.3,1321.5,139048
2026-06-25 09:45:00,1321.5,1323.2,1321.3,1323.0,139884
2026-06-25 09:50:00,1323.0,1327.5,1323.0,1326.2,321766
2026-06-25 09:55:00,1326.1,1328.0,1325.1,1327.5,200135
2026-06-25 10:00:00,1327.6,1327.6,1325.3,1326.9,162772
2026-06-25 10:05:00,1326.5,1326.9,1325.3,1325.3,76431
2026-06-25 10:10:00,1325.3,1326.9,1324.1,1326.6,129612
2026-06-25 10:15:00,1326.9,1328.0,1325.6,1326.4,130722
2026-06-25 10:20:00,1326.4,1326.4,1324.3,1325.1,226460
2026-06-25 10:25:00,1325.2,1326.3,1324.0,1324.4,100649
2026-06-25 10:30:00,1324.0,1325.9,1324.0,1325.0,137716
2026-06-25 10:35:00,1325.2,1325.8,1323.7,1324.1,115687
2026-06-25 10:40:00,1324.4,1325.7,1323.7,1325.0,188079
2026-06-25 10:45:00,1325.5,1326.9,1325.0,1326.5,75141
2026-06-25 10:50:00,1326.7,1326.8,1325.0,1325.0,55156
2026-06-25 10:55:00,1325.1,1326.5,1324.4,1326.3,104844
2026-06-25 11:00:00,1326.3,1326.5,1325.2,1325.6,71391
2026-06-25 11:05:00,1325.6,1326.0,1324.2,1325.8,98936
2026-06-25 11:10:00,1325.8,1326.3,1324.1,1324.7,118974
2026-06-25 11:15:00,1324.7,1325.6,1324.1,1325.5,197879
2026-06-25 11:20:00,1325.5,1325.6,1324.1,1324.6,51406
2026-06-25 11:25:00,1324.4,1324.6,1322.3,1322.4,83840
2026-06-25 11:30:00,1322.9,1323.5,1322.2,1323.0,81055
2026-06-25 11:35:00,1323.0,1323.0,1320.3,1321.4,124230
2026-06-25 11:40:00,1321.0,1322.3,1320.0,1321.0,94460
2026-06-25 11:45:00,1321.0,1322.5,1320.0,1321.7,65783
2026-06-25 11:50:00,1321.8,1323.0,1320.8,1322.5,92863
2026-06-25 11:55:00,1322.8,1324.2,1322.2,1323.8,84279
2026-06-25 12:00:00,1323.8,1324.4,1322.6,1323.5,76229
2026-06-25 12:05:00,1323.5,1323.6,1322.8,1323.0,48971
2026-06-25 12:10:00,1323.0,1323.2,1322.0,1322.0,99531
2026-06-25 12:15:00,1322.0,1322.6,1321.4,1322.4,81100
2026-06-25 12:20:00,1322.4,1322.5,1320.2,1320.2,94903
2026-06-25 12:25:00,1320.5,1320.5,1318.0,1318.0,138516
2026-06-25 12:30:00,1318.2,1318.8,1316.4,1318.0,161548
2026-06-25 12:35:00,1318.0,1320.6,1317.6,1320.2,79316
2026-06-25 12:40:00,1320.2,1320.7,1319.8,1320.1,132020
2026-06-25 12:45:00,1320.2,1320.8,1320.0,1320.7,76799
2026-06-25 12:50:00,1320.7,1321.8,1320.4,1321.0,67939
2026-06-25 12:55:00,1321.3,1322.3,1321.0,1322.3,60266
2026-06-25 13:00:00,1322.3,1323.4,1322.0,1322.1,91598
2026-06-25 13:05:00,1322.6,1323.0,1320.8,1321.5,74593
2026-06-25 13:10:00,1321.5,1321.9,1320.0,1320.4,90422
2026-06-25 13:15:00,1320.4,1321.9,1320.0,1321.6,49585
2026-06-25 13:20:00,1321.5,1321.9,1321.0,1321.5,61229
2026-06-25 13:25:00,1321.4,1322.0,1320.5,1321.2,96355
2026-06-25 13:30:00,1321.5,1322.0,1320.7,1321.9,126477
2026-06-25 13:35:00,1322.0,1322.8,1321.7,1322.2,69035
2026-06-25 13:40:00,1322.3,1322.7,1322.0,1322.1,61688
2026-06-25 13:45:00,1322.3,1322.7,1321.4,1322.6,74455
2026-06-25 13:50:00,1322.5,1322.8,1321.7,1322.1,80498
2026-06-25 13:55:00,1322.2,1322.2,1320.4,1320.8,149094
2026-06-25 14:00:00,1320.3,1321.8,1320.0,1321.4,136829
2026-06-25 14:05:00,1321.5,1322.2,1321.0,1321.9,59173
2026-06-25 14:10:00,1321.7,1322.5,1319.0,1320.0,156527
2026-06-25 14:15:00,1319.9,1319.9,1318.0,1318.9,107770
2026-06-25 14:20:00,1319.1,1320.3,1318.5,1319.3,238465
2026-06-25 14:25:00,1319.3,1319.7,1317.5,1319.4,155669
2026-06-25 14:30:00,1319.4,1320.6,1319.1,1319.5,173372
2026-06-25 14:35:00,1319.8,1320.9,1319.1,1319.3,265504
2026-06-25 14:40:00,1319.4,1319.5,1315.0,1315.3,395862
2026-06-25 14:45:00,1315.5,1318.9,1315.0,1317.5,304447
2026-06-25 14:50:00,1317.8,1319.9,1317.5,1319.5,188835
2026-06-25 14:55:00,1319.6,1320.8,1319.1,1319.6,162108
2026-06-25 15:00:00,1319.9,1320.1,1317.2,1319.1,856589
2026-06-25 15:05:00,1319.2,1320.2,1317.9,1319.5,910567
2026-06-25 15:10:00,1319.7,1320.9,1318.9,1319.0,634272
2026-06-25 15:15:00,1319.0,1319.1,1315.5,1316.2,604058
2026-06-25 15:20:00,1316.1,1316.4,1314.6,1315.4,422578
2026-06-25 15:25:00,1315.4,1317.6,1315.0,1316.5,346444
2026-06-29 09:15:00,1308.0,1313.1,1306.0,1310.7,485051
2026-06-29 09:20:00,1311.0,1313.7,1310.1,1311.5,174183
2026-06-29 09:25:00,1311.5,1311.7,1309.7,1310.6,107673
2026-06-29 09:30:00,1310.6,1311.0,1305.5,1307.3,283402
2026-06-29 09:35:00,1307.3,1310.5,1305.0,1310.1,174320
2026-06-29 09:40:00,1310.1,1311.1,1309.6,1310.0,110835
2026-06-29 09:45:00,1310.0,1310.9,1309.6,1310.1,120537
2026-06-29 09:50:00,1310.2,1310.4,1309.6,1309.8,42048
2026-06-29 09:55:00,1310.0,1310.1,1309.2,1309.8,42137
2026-06-29 10:00:00,1309.8,1310.4,1309.1,1309.1,58315
2026-06-29 10:05:00,1309.1,1311.0,1309.1,1310.7,80010
2026-06-29 10:10:00,1310.7,1311.2,1310.0,1310.4,85041
2026-06-29 10:15:00,1310.4,1310.9,1309.6,1310.3,95485
2026-06-29 10:20:00,1310.3,1311.3,1309.5,1311.3,87051
2026-06-29 10:25:00,1311.3,1312.9,1311.2,1311.8,115976
2026-06-29 10:30:00,1311.8,1313.5,1311.7,1312.7,98948
2026-06-29 10:35:00,1312.6,1313.0,1311.2,1311.8,73421
2026-06-29 10:40:00,1311.8,1312.6,1311.2,1311.4,136118
2026-06-29 10:45:00,1311.7,1312.0,1308.7,1308.9,144171
2026-06-29 10:50:00,1308.9,1308.9,1307.0,1307.8,89158
2026-06-29 10:55:00,1307.8,1308.5,1307.1,1308.0,50629
2026-06-29 11:00:00,1308.2,1309.3,1307.5,1308.6,82300
2026-06-29 11:05:00,1308.6,1309.2,1307.7,1308.5,103125
2026-06-29 11:10:00,1308.5,1308.9,1307.3,1308.1,106255
2026-06-29 11:15:00,1308.0,1309.8,1307.4,1309.7,126364
2026-06-29 11:20:00,1309.8,1310.3,1309.0,1309.2,34707
2026-06-29 11:25:00,1309.2,1309.5,1308.1,1308.6,178759
2026-06-29 11:30:00,1308.5,1309.5,1307.4,1307.6,213054
2026-06-29 11:35:00,1307.6,1309.0,1306.0,1306.3,269296
2026-06-29 11:40:00,1306.2,1306.5,1304.1,1305.4,195607
2026-06-29 11:45:00,1305.1,1305.8,1303.8,1304.0,165210
2026-06-29 11:50:00,1304.0,1304.0,1301.1,1301.3,218211
2026-06-29 11:55:00,1301.1,1304.4,1301.0,1303.6,168477
2026-06-29 12:00:00,1303.7,1304.0,1302.5,1302.8,101699
2026-06-29 12:05:00,1302.9,1304.1,1302.8,1303.3,224135
2026-06-29 12:10:00,1303.5,1304.7,1302.5,1302.5,98539
2026-06-29 12:15:00,1302.6,1304.0,1302.1,1302.1,111445
2026-06-29 12:20:00,1302.2,1303.0,1302.0,1302.6,38637
2026-06-29 12:25:00,1302.8,1302.9,1301.3,1301.7,125110
2026-06-29 12:30:00,1301.8,1303.3,1301.4,1302.0,153254
2026-06-29 12:35:00,1302.0,1303.0,1301.4,1301.7,98191
2026-06-29 12:40:00,1301.9,1301.9,1300.2,1301.4,98210
2026-06-29 12:45:00,1301.4,1302.9,1301.3,1302.4,48608
2026-06-29 12:50:00,1302.7,1302.9,1301.5,1301.6,41599
2026-06-29 12:55:00,1301.6,1302.9,1301.3,1302.4,49662
2026-06-29 13:00:00,1302.5,1302.5,1301.6,1301.6,99959
2026-06-29 13:05:00,1301.7,1302.0,1300.3,1301.9,81963
2026-06-29 13:10:00,1302.0,1302.2,1300.6,1300.7,90318
2026-06-29 13:15:00,1300.8,1301.2,1300.1,1300.2,79713
2026-06-29 13:20:00,1300.4,1300.7,1300.1,1300.1,60882
2026-06-29 13:25:00,1300.3,1301.5,1300.0,1301.4,86043
2026-06-29 13:30:00,1301.5,1303.4,1301.0,1301.1,139008
2026-06-29 13:35:00,1301.1,1302.0,1300.6,1301.0,62047
2026-06-29 13:40:00,1301.2,1301.9,1299.2,1299.2,262559
2026-06-29 13:45:00,1299.7,1299.7,1295.7,1296.0,192461
2026-06-29 13:50:00,1296.0,1297.1,1295.3,1297.0,125934
2026-06-29 13:55:00,1297.0,1297.8,1296.2,1297.3,133721
2026-06-29 14:00:00,1297.3,1297.6,1297.0,1297.2,73787
2026-06-29 14:05:00,1297.5,1297.5,1296.0,1296.5,89096
2026-06-29 14:10:00,1296.4,1296.4,1294.5,1294.7,183484
2026-06-29 14:15:00,1295.0,1295.4,1293.4,1294.7,131828
2026-06-29 14:20:00,1295.1,1295.3,1293.2,1293.5,126306
2026-06-29 14:25:00,1293.5,1294.3,1293.0,1293.6,221363
2026-06-29 14:30:00,1293.9,1297.8,1292.6,1296.4,212728
2026-06-29 14:35:00,1296.6,1297.3,1294.0,1294.8,243718
2026-06-29 14:40:00,1294.8,1296.1,1294.7,1295.6,214306
2026-06-29 14:45:00,1295.8,1296.8,1295.3,1296.7,114584
2026-06-29 14:50:00,1296.7,1297.0,1296.0,1296.0,186862
2026-06-29 14:55:00,1296.5,1296.9,1295.5,1296.0,192385
2026-06-29 15:00:00,1296.2,1300.0,1295.7,1299.1,784613
2026-06-29 15:05:00,1299.0,1301.8,1299.0,1300.7,752759
2026-06-29 15:10:00,1301.4,1301.8,1299.7,1301.7,731568
2026-06-29 15:15:00,1301.7,1302.7,1300.8,1302.5,712567
2026-06-29 15:20:00,1302.1,1303.2,1301.5,1302.5,751682
2026-06-29 15:25:00,1302.4,1302.6,1300.0,1301.5,480524
2026-06-30 09:15:00,1306.9,1306.9,1297.4,1297.6,400467
2026-06-30 09:20:00,1297.5,1297.7,1293.1,1293.5,206127
2026-06-30 09:25:00,1293.6,1294.6,1292.2,1294.6,238765
2026-06-30 09:30:00,1294.6,1295.1,1291.0,1291.6,230426
2026-06-30 09:35:00,1291.6,1293.2,1290.0,1290.3,201104
2026-06-30 09:40:00,1290.4,1291.4,1290.0,1291.3,171269
2026-06-30 09:45:00,1290.9,1294.0,1290.9,1293.2,156708
2026-06-30 09:50:00,1293.2,1294.4,1291.6,1293.6,104353
2026-06-30 09:55:00,1293.6,1295.0,1293.6,1294.8,82818
2026-06-30 10:00:00,1294.8,1296.2,1294.5,1296.1,111156
2026-06-30 10:05:00,1296.2,1296.2,1293.5,1293.8,88731
2026-06-30 10:10:00,1293.8,1295.8,1293.7,1295.5,181303
2026-06-30 10:15:00,1295.5,1295.9,1295.0,1295.7,66175
2026-06-30 10:20:00,1295.7,1296.5,1295.1,1296.2,81640
2026-06-30 10:25:00,1296.3,1296.9,1295.8,1295.9,188681
2026-06-30 10:30:00,1295.8,1296.8,1295.8,1296.3,55374
2026-06-30 10:35:00,1296.2,1297.0,1295.5,1295.9,243516
2026-06-30 10:40:00,1295.9,1295.9,1293.3,1294.6,131264
2026-06-30 10:45:00,1294.6,1296.5,1294.4,1296.2,96584
2026-06-30 10:50:00,1296.2,1297.8,1295.7,1296.2,169638
2026-06-30 10:55:00,1296.1,1296.5,1292.5,1292.5,123807
2026-06-30 11:00:00,1292.7,1294.6,1292.0,1293.9,202455
2026-06-30 11:05:00,1293.9,1294.2,1293.0,1293.3,165089
2026-06-30 11:10:00,1293.3,1297.0,1293.1,1296.7,151173
2026-06-30 11:15:00,1296.6,1297.0,1295.6,1296.8,208500
2026-06-30 11:20:00,1296.6,1297.6,1295.8,1297.5,212544
2026-06-30 11:25:00,1297.5,1300.0,1297.0,1298.3,185162
2026-06-30 11:30:00,1298.0,1298.5,1296.3,1297.1,142103
2026-06-30 11:35:00,1297.0,1297.1,1295.0,1296.5,174174
2026-06-30 11:40:00,1296.6,1297.5,1294.9,1294.9,80729
2026-06-30 11:45:00,1294.9,1295.5,1294.2,1294.9,111918
2026-06-30 11:50:00,1295.0,1297.4,1295.0,1296.9,136007
2026-06-30 11:55:00,1296.6,1297.9,1296.2,1297.8,46308
2026-06-30 12:00:00,1297.6,1297.8,1294.7,1294.7,90476
2026-06-30 12:05:00,1294.7,1295.7,1294.1,1295.0,73902
2026-06-30 12:10:00,1295.1,1295.7,1295.0,1295.3,67975
2026-06-30 12:15:00,1295.3,1295.4,1295.0,1295.4,85088
2026-06-30 12:20:00,1295.4,1297.0,1295.1,1296.9,179314
2026-06-30 12:25:00,1296.9,1297.2,1295.2,1296.4,89877
2026-06-30 12:30:00,1296.4,1297.0,1295.5,1296.8,93010
2026-06-30 12:35:00,1296.7,1298.2,1296.7,1298.1,101386
2026-06-30 12:40:00,1298.3,1299.6,1297.9,1299.0,128435
2026-06-30 12:45:00,1299.0,1299.9,1297.9,1298.3,183906
2026-06-30 12:50:00,1298.2,1298.5,1296.1,1296.9,95967
2026-06-30 12:55:00,1296.9,1299.9,1296.0,1297.5,485722
2026-06-30 13:00:00,1297.5,1297.5,1295.8,1297.4,167178
2026-06-30 13:05:00,1297.2,1297.7,1295.7,1295.7,203886
2026-06-30 13:10:00,1295.8,1296.2,1295.0,1295.6,116743
2026-06-30 13:15:00,1295.4,1295.6,1294.1,1294.7,156262
2026-06-30 13:20:00,1294.8,1294.8,1293.0,1293.4,103401
2026-06-30 13:25:00,1293.2,1295.3,1293.0,1295.0,132558
2026-06-30 13:30:00,1295.0,1295.8,1294.5,1295.2,122770
2026-06-30 13:35:00,1295.2,1296.4,1295.0,1296.1,75514
2026-06-30 13:40:00,1296.3,1297.3,1295.6,1296.6,132784
2026-06-30 13:45:00,1296.6,1296.6,1295.5,1296.3,94265
2026-06-30 13:50:00,1296.4,1297.0,1294.7,1295.0,139562
2026-06-30 13:55:00,1295.0,1295.4,1294.0,1294.9,179792
2026-06-30 14:00:00,1295.0,1295.1,1292.7,1293.1,286911
2026-06-30 14:05:00,1293.1,1294.1,1292.3,1293.4,150985
2026-06-30 14:10:00,1293.4,1293.7,1292.5,1293.0,100590
2026-06-30 14:15:00,1293.2,1294.0,1292.4,1292.9,202918
2026-06-30 14:20:00,1292.9,1295.6,1292.4,1295.6,206326
2026-06-30 14:25:00,1295.7,1297.0,1295.2,1295.9,394706
2026-06-30 14:30:00,1294.9,1295.7,1292.6,1295.1,372236
2026-06-30 14:35:00,1295.1,1296.3,1294.8,1296.1,298344
2026-06-30 14:40:00,1296.0,1296.5,1295.1,1296.0,222765
2026-06-30 14:45:00,1296.2,1296.3,1295.5,1295.7,248855
2026-06-30 14:50:00,1295.7,1296.0,1294.6,1295.9,139208
2026-06-30 14:55:00,1295.9,1296.3,1293.5,1293.6,288028
2026-06-30 15:00:00,1293.8,1294.2,1292.2,1293.7,950647
2026-06-30 15:05:00,1293.7,1294.7,1292.8,1294.2,873312
2026-06-30 15:10:00,1294.2,1295.2,1293.5,1294.8,727830
2026-06-30 15:15:00,1294.8,1295.0,1294.6,1294.7,651127
2026-06-30 15:20:00,1294.7,1294.8,1293.1,1293.7,675620
2026-06-30 15:25:00,1293.6,1294.9,1293.1,1294.5,399974
2026-07-01 09:15:00,1298.9,1300.0,1296.5,1298.8,311802
2026-07-01 09:20:00,1298.8,1299.9,1297.8,1299.6,105245
2026-07-01 09:25:00,1299.6,1301.5,1298.6,1301.1,92675
2026-07-01 09:30:00,1301.5,1301.5,1297.6,1298.3,135319
2026-07-01 09:35:00,1298.3,1300.9,1298.0,1299.7,60342
2026-07-01 09:40:00,1299.7,1300.3,1297.0,1298.1,96305
2026-07-01 09:45:00,1298.1,1299.2,1297.6,1299.1,40207
2026-07-01 09:50:00,1299.1,1301.6,1298.9,1300.9,84430
2026-07-01 09:55:00,1300.9,1308.0,1300.9,1307.4,306764
2026-07-01 10:00:00,1307.3,1311.6,1307.0,1307.5,290885
2026-07-01 10:05:00,1307.9,1309.0,1306.5,1306.5,109298
2026-07-01 10:10:00,1306.8,1308.0,1305.5,1306.5,193563
2026-07-01 10:15:00,1306.3,1309.8,1306.3,1308.6,95311
2026-07-01 10:20:00,1308.8,1309.9,1307.7,1307.8,56088
2026-07-01 10:25:00,1307.5,1308.4,1306.1,1306.2,56730
2026-07-01 10:30:00,1307.0,1308.2,1306.1,1306.7,102298
2026-07-01 10:35:00,1306.6,1307.5,1305.0,1305.2,51995
2026-07-01 10:40:00,1305.3,1306.1,1303.0,1303.9,86467
2026-07-01 10:45:00,1303.8,1305.2,1303.1,1304.7,56519
2026-07-01 10:50:00,1304.6,1306.3,1304.1,1306.2,66654
2026-07-01 10:55:00,1306.2,1306.6,1305.3,1306.5,34926
2026-07-01 11:00:00,1306.5,1307.4,1305.2,1305.7,53776
2026-07-01 11:05:00,1305.6,1306.2,1304.5,1306.1,50673
2026-07-01 11:10:00,1306.3,1311.0,1306.0,1310.6,201158
2026-07-01 11:15:00,1310.8,1312.2,1310.3,1310.6,135629
2026-07-01 11:20:00,1310.5,1310.6,1309.2,1309.2,110936
2026-07-01 11:25:00,1309.2,1309.6,1308.4,1309.0,54088
2026-07-01 11:30:00,1309.1,1309.8,1308.0,1308.3,115050
2026-07-01 11:35:00,1308.0,1309.7,1307.5,1309.0,110202
2026-07-01 11:40:00,1308.8,1310.4,1308.7,1310.0,89729
2026-07-01 11:45:00,1310.1,1311.0,1310.0,1310.0,86881
2026-07-01 11:50:00,1310.2,1310.5,1307.3,1307.4,81388
2026-07-01 11:55:00,1307.4,1308.2,1306.7,1308.2,53532
2026-07-01 12:00:00,1308.2,1308.3,1307.5,1308.1,55193
2026-07-01 12:05:00,1308.1,1310.5,1307.3,1310.2,209622
2026-07-01 12:10:00,1310.3,1310.5,1308.6,1309.3,119200
2026-07-01 12:15:00,1309.2,1309.9,1307.1,1308.0,100817
2026-07-01 12:20:00,1308.0,1309.9,1308.0,1309.9,172624
2026-07-01 12:25:00,1309.9,1310.0,1306.9,1307.3,74159
2026-07-01 12:30:00,1307.5,1310.8,1307.3,1310.2,93968
2026-07-01 12:35:00,1310.1,1311.9,1310.0,1311.6,84013
2026-07-01 12:40:00,1311.4,1311.5,1309.9,1310.0,64287
2026-07-01 12:45:00,1310.0,1310.0,1308.6,1309.1,61386
2026-07-01 12:50:00,1308.8,1309.7,1308.3,1308.3,40149
2026-07-01 12:55:00,1308.5,1308.7,1308.2,1308.4,17717
2026-07-01 13:00:00,1308.4,1308.9,1307.5,1307.8,42714
2026-07-01 13:05:00,1307.8,1308.3,1307.5,1308.2,24399
2026-07-01 13:10:00,1308.0,1308.5,1307.7,1307.8,17362
2026-07-01 13:15:00,1307.9,1309.3,1307.8,1309.1,58148
2026-07-01 13:20:00,1309.1,1309.2,1308.1,1308.1,16256
2026-07-01 13:25:00,1308.3,1308.8,1308.0,1308.6,46446
2026-07-01 13:30:00,1308.7,1309.1,1308.0,1308.4,83048
2026-07-01 13:35:00,1308.5,1311.9,1308.5,1311.1,115945
2026-07-01 13:40:00,1311.0,1311.5,1309.2,1310.5,68066
2026-07-01 13:45:00,1310.4,1310.7,1309.9,1310.2,45143
2026-07-01 13:50:00,1310.3,1310.4,1309.0,1309.3,31619
2026-07-01 13:55:00,1309.2,1310.1,1309.0,1310.0,20277
2026-07-01 14:00:00,1309.9,1311.5,1309.7,1311.0,97943
2026-07-01 14:05:00,1311.2,1311.3,1310.0,1310.3,28786
2026-07-01 14:10:00,1310.4,1310.5,1310.0,1310.0,28488
2026-07-01 14:15:00,1310.2,1310.3,1309.2,1310.2,41356
2026-07-01 14:20:00,1310.1,1310.2,1309.5,1309.8,31505
2026-07-01 14:25:00,1309.8,1310.5,1309.6,1310.0,50679
2026-07-01 14:30:00,1310.0,1310.9,1309.9,1310.1,31788
2026-07-01 14:35:00,1310.2,1310.9,1310.0,1310.0,64698
2026-07-01 14:40:00,1310.0,1310.6,1309.1,1310.5,125658
2026-07-01 14:45:00,1310.4,1310.8,1309.5,1309.5,37621
2026-07-01 14:50:00,1310.0,1310.3,1309.6,1309.9,38471
2026-07-01 14:55:00,1309.9,1310.0,1309.4,1309.5,44525
2026-07-01 15:00:00,1309.8,1310.2,1308.7,1308.7,178370
2026-07-01 15:05:00,1308.8,1309.0,1307.4,1308.8,184614
2026-07-01 15:10:00,1308.7,1308.9,1308.5,1308.5,157267
2026-07-01 15:15:00,1308.7,1308.7,1306.9,1307.0,176070
2026-07-01 15:20:00,1307.1,1308.4,1306.5,1308.1,201976
2026-07-01 15:25:00,1308.2,1308.4,1306.1,1306.5,184097
2026-07-02 09:15:00,1310.0,1311.4,1305.3,1307.9,278169
2026-07-02 09:20:00,1308.0,1311.5,1307.7,1310.6,175809
2026-07-02 09:25:00,1310.6,1312.6,1308.7,1308.7,110513
2026-07-02 09:30:00,1309.0,1310.9,1308.5,1310.4,156270
2026-07-02 09:35:00,1310.2,1312.0,1309.6,1311.9,93115
2026-07-02 09:40:00,1312.0,1313.2,1311.1,1312.0,161195
2026-07-02 09:45:00,1312.0,1312.0,1310.2,1310.6,83911
2026-07-02 09:50:00,1310.6,1310.8,1308.0,1308.5,118329
2026-07-02 09:55:00,1308.5,1309.8,1308.5,1309.3,73597
2026-07-02 10:00:00,1309.2,1309.3,1304.1,1305.4,285708
2026-07-02 10:05:00,1305.3,1306.3,1304.1,1305.9,130040
2026-07-02 10:10:00,1305.9,1307.0,1305.0,1305.0,128066
2026-07-02 10:15:00,1305.0,1305.0,1303.0,1303.7,150315
2026-07-02 10:20:00,1303.4,1304.4,1302.1,1303.5,236668
2026-07-02 10:25:00,1303.8,1304.7,1302.7,1304.0,134033
2026-07-02 10:30:00,1304.0,1304.6,1302.4,1302.9,145476
2026-07-02 10:35:00,1302.9,1304.0,1302.7,1303.9,63704
2026-07-02 10:40:00,1303.7,1303.9,1302.7,1303.3,123949
2026-07-02 10:45:00,1303.3,1303.9,1302.4,1303.4,105439
2026-07-02 10:50:00,1303.4,1304.6,1301.0,1301.1,368419
2026-07-02 10:55:00,1301.1,1303.9,1300.5,1302.0,1271314
2026-07-02 11:00:00,1302.3,1304.1,1301.9,1304.0,185243
2026-07-02 11:05:00,1304.0,1305.8,1303.5,1303.9,298755
2026-07-02 11:10:00,1304.0,1304.3,1303.4,1303.9,80177
2026-07-02 11:15:00,1303.8,1305.3,1303.4,1304.3,195721
2026-07-02 11:20:00,1304.0,1305.0,1302.7,1304.0,489233
2026-07-02 11:25:00,1304.1,1304.7,1301.1,1301.7,526724
2026-07-02 11:30:00,1301.6,1301.7,1299.0,1300.6,429879
2026-07-02 11:35:00,1300.7,1303.0,1299.8,1302.3,106525
2026-07-02 11:40:00,1302.2,1303.0,1300.7,1303.0,107952
2026-07-02 11:45:00,1303.0,1304.0,1302.3,1302.8,479976
2026-07-02 11:50:00,1302.9,1303.1,1302.2,1302.3,96474
2026-07-02 11:55:00,1302.2,1304.3,1302.2,1303.6,414159
2026-07-02 12:00:00,1303.6,1304.2,1302.7,1302.8,229703
2026-07-02 12:05:00,1303.0,1304.6,1302.8,1303.9,396502
2026-07-02 12:10:00,1303.9,1304.3,1303.4,1304.2,251447
2026-07-02 12:15:00,1304.0,1304.4,1303.3,1303.7,312981
2026-07-02 12:20:00,1303.7,1304.8,1303.5,1304.0,460639
2026-07-02 12:25:00,1304.0,1304.4,1303.3,1304.0,184070
2026-07-02 12:30:00,1304.2,1304.2,1303.1,1303.4,176890
2026-07-02 12:35:00,1303.4,1304.1,1303.3,1303.9,72252
2026-07-02 12:40:00,1303.9,1304.0,1302.6,1303.2,185328
2026-07-02 12:45:00,1303.2,1303.8,1302.5,1303.3,123503
2026-07-02 12:50:00,1303.3,1304.1,1302.7,1303.5,102402
2026-07-02 12:55:00,1303.5,1304.0,1303.1,1303.8,156725
2026-07-02 13:00:00,1303.8,1304.1,1302.8,1303.7,212935
2026-07-02 13:05:00,1303.9,1304.5,1303.7,1303.8,122860
2026-07-02 13:10:00,1303.9,1304.6,1303.8,1304.4,132300
2026-07-02 13:15:00,1303.9,1304.5,1303.2,1304.2,211913
2026-07-02 13:20:00,1304.2,1304.5,1303.3,1304.3,230154
2026-07-02 13:25:00,1304.1,1305.0,1303.7,1304.2,381165
2026-07-02 13:30:00,1304.1,1304.5,1303.4,1303.8,302302
2026-07-02 13:35:00,1303.4,1307.0,1303.4,1305.1,198253
2026-07-02 13:40:00,1305.1,1305.4,1303.8,1303.9,127129
2026-07-02 13:45:00,1303.9,1304.7,1303.7,1303.8,165402
2026-07-02 13:50:00,1303.7,1304.9,1303.6,1303.7,123827
2026-07-02 13:55:00,1303.9,1304.1,1303.4,1303.7,104886
2026-07-02 14:00:00,1303.8,1304.2,1303.2,1304.0,126228
2026-07-02 14:05:00,1304.0,1304.5,1303.7,1304.0,136658
2026-07-02 14:10:00,1304.0,1304.6,1303.8,1303.9,167292
2026-07-02 14:15:00,1303.9,1304.5,1303.6,1303.6,177491
2026-07-02 14:20:00,1303.7,1304.5,1303.5,1303.8,111772
2026-07-02 14:25:00,1303.9,1304.0,1303.2,1303.3,146550
2026-07-02 14:30:00,1303.4,1304.0,1303.3,1303.5,97692
2026-07-02 14:35:00,1304.0,1304.1,1303.3,1303.6,107008
2026-07-02 14:40:00,1303.6,1304.5,1303.6,1303.8,134056
2026-07-02 14:45:00,1303.8,1304.9,1303.5,1303.7,264661
2026-07-02 14:50:00,1303.7,1304.2,1303.5,1303.5,163728
2026-07-02 14:55:00,1303.5,1303.9,1302.9,1303.1,146594
2026-07-02 15:00:00,1303.2,1305.4,1303.1,1303.9,716742
2026-07-02 15:05:00,1304.0,1305.8,1303.1,1303.9,1027293
2026-07-02 15:10:00,1304.0,1304.0,1303.4,1303.8,343211
2026-07-02 15:15:00,1303.8,1303.8,1301.7,1302.0,353249
2026-07-02 15:20:00,1302.3,1303.1,1301.3,1302.5,412772
2026-07-02 15:25:00,1302.2,1302.7,1301.0,1301.9,339794
2026-07-03 09:15:00,1312.0,1312.0,1306.0,1306.4,330211
2026-07-03 09:20:00,1306.5,1308.8,1306.1,1307.0,91054
2026-07-03 09:25:00,1307.0,1307.9,1306.6,1307.0,58988
2026-07-03 09:30:00,1307.0,1309.9,1306.8,1309.1,107494
2026-07-03 09:35:00,1309.1,1309.1,1307.8,1308.3,33346
2026-07-03 09:40:00,1308.3,1308.6,1306.5,1307.0,77363
2026-07-03 09:45:00,1306.8,1308.1,1306.6,1307.0,52610
2026-07-03 09:50:00,1307.0,1307.6,1306.1,1306.1,55992
2026-07-03 09:55:00,1306.0,1307.0,1305.2,1307.0,81394
2026-07-03 10:00:00,1306.8,1307.2,1304.1,1304.4,119533
2026-07-03 10:05:00,1304.4,1306.6,1304.1,1306.0,144791
2026-07-03 10:10:00,1306.2,1306.3,1305.0,1305.1,48219
2026-07-03 10:15:00,1305.1,1305.5,1304.5,1304.8,43549
2026-07-03 10:20:00,1304.6,1304.8,1303.5,1304.1,87519
2026-07-03 10:25:00,1304.0,1304.8,1303.4,1304.2,99697
2026-07-03 10:30:00,1304.3,1305.5,1304.2,1305.2,65341
2026-07-03 10:35:00,1305.5,1305.5,1304.1,1304.1,59183
2026-07-03 10:40:00,1304.1,1304.5,1303.3,1303.5,52722
2026-07-03 10:45:00,1303.6,1305.2,1303.1,1304.0,168998
2026-07-03 10:50:00,1304.0,1304.0,1303.5,1303.5,41840
2026-07-03 10:55:00,1303.5,1304.9,1302.5,1303.3,138131
2026-07-03 11:00:00,1303.6,1304.5,1303.0,1304.1,58561
2026-07-03 11:05:00,1304.1,1304.5,1303.0,1303.0,124062
2026-07-03 11:10:00,1303.4,1303.4,1302.0,1302.6,64388
2026-07-03 11:15:00,1302.8,1303.4,1302.5,1302.9,82748
2026-07-03 11:20:00,1303.0,1303.9,1302.0,1303.2,97240
2026-07-03 11:25:00,1303.3,1304.3,1303.0,1303.5,121570
2026-07-03 11:30:00,1303.8,1304.3,1302.9,1304.0,147557
2026-07-03 11:35:00,1303.9,1305.9,1303.6,1305.5,229455
2026-07-03 11:40:00,1305.7,1307.0,1305.2,1305.6,112226
2026-07-03 11:45:00,1305.7,1307.0,1305.0,1306.3,70516
2026-07-03 11:50:00,1306.4,1307.3,1306.0,1307.0,85992
2026-07-03 11:55:00,1307.2,1310.0,1306.6,1309.3,306606
2026-07-03 12:00:00,1309.2,1309.4,1307.7,1308.6,125840
2026-07-03 12:05:00,1308.8,1308.9,1306.0,1306.3,117695
2026-07-03 12:10:00,1306.1,1307.7,1305.4,1307.0,280252
2026-07-03 12:15:00,1307.0,1307.3,1304.8,1305.5,94748
2026-07-03 12:20:00,1305.5,1306.0,1304.1,1304.4,119446
2026-07-03 12:25:00,1304.5,1304.6,1303.0,1303.5,95316
2026-07-03 12:30:00,1303.5,1304.1,1303.2,1303.3,55653
2026-07-03 12:35:00,1303.3,1304.9,1303.1,1303.8,56283
2026-07-03 12:40:00,1303.8,1304.1,1303.2,1303.2,58074
2026-07-03 12:45:00,1303.2,1305.0,1303.1,1304.6,172565
2026-07-03 12:50:00,1304.4,1304.8,1304.0,1304.1,31014
2026-07-03 12:55:00,1304.2,1304.7,1304.0,1304.4,57978
2026-07-03 13:00:00,1304.2,1304.6,1304.0,1304.0,59731
2026-07-03 13:05:00,1304.1,1305.0,1304.0,1304.2,57188
2026-07-03 13:10:00,1304.3,1304.4,1303.0,1303.7,62557
2026-07-03 13:15:00,1303.6,1304.4,1303.2,1304.0,47414
2026-07-03 13:20:00,1304.0,1304.2,1303.5,1303.6,47991
2026-07-03 13:25:00,1303.5,1304.0,1303.0,1303.6,127300
2026-07-03 13:30:00,1303.5,1303.8,1303.0,1303.1,67917
2026-07-03 13:35:00,1303.2,1304.0,1302.3,1303.4,137890
2026-07-03 13:40:00,1303.5,1305.0,1303.3,1304.9,56964
2026-07-03 13:45:00,1305.0,1305.0,1303.5,1305.0,118191
2026-07-03 13:50:00,1304.8,1305.4,1304.5,1305.0,124747
2026-07-03 13:55:00,1304.9,1305.3,1304.1,1304.6,47181
2026-07-03 14:00:00,1304.7,1305.0,1304.4,1304.7,33025
2026-07-03 14:05:00,1304.7,1306.5,1304.5,1306.1,126075
2026-07-03 14:10:00,1306.3,1306.4,1306.0,1306.1,50358
2026-07-03 14:15:00,1306.0,1306.3,1304.8,1306.1,110724
2026-07-03 14:20:00,1306.1,1306.3,1305.5,1306.0,60695
2026-07-03 14:25:00,1305.9,1306.0,1305.5,1305.5,66709
2026-07-03 14:30:00,1305.6,1306.2,1304.5,1304.7,145413
2026-07-03 14:35:00,1304.7,1306.0,1304.1,1305.0,131851
2026-07-03 14:40:00,1305.0,1305.3,1304.1,1304.4,83421
2026-07-03 14:45:00,1304.7,1304.9,1304.0,1304.2,78014
2026-07-03 14:50:00,1304.5,1304.5,1303.2,1303.7,71372
2026-07-03 14:55:00,1303.7,1304.0,1303.1,1303.4,54636
2026-07-03 15:00:00,1303.5,1304.2,1303.5,1304.0,108659
2026-07-03 15:05:00,1303.8,1304.5,1303.6,1303.8,324395
2026-07-03 15:10:00,1303.8,1304.0,1303.7,1303.8,110694
2026-07-03 15:15:00,1303.8,1304.5,1303.5,1304.1,172311
2026-07-03 15:20:00,1304.3,1304.5,1303.5,1303.7,152352
2026-07-03 15:25:00,1303.7,1305.2,1302.5,1305.0,212145
2026-07-06 09:15:00,1304.0,1305.9,1301.0,1302.4,325440
2026-07-06 09:20:00,1301.9,1302.5,1299.4,1301.7,140943
2026-07-06 09:25:00,1301.7,1303.3,1300.1,1300.7,86492
2026-07-06 09:30:00,1301.2,1303.0,1301.2,1303.0,63784
2026-07-06 09:35:00,1303.0,1304.2,1302.8,1303.6,50770
2026-07-06 09:40:00,1303.9,1303.9,1301.8,1302.2,46308
2026-07-06 09:45:00,1302.3,1304.8,1302.2,1303.1,81952
2026-07-06 09:50:00,1303.1,1303.3,1302.3,1302.7,46746
2026-07-06 09:55:00,1303.0,1303.3,1302.7,1303.1,34672
2026-07-06 10:00:00,1303.0,1303.2,1302.2,1302.6,40413
2026-07-06 10:05:00,1302.5,1303.1,1302.2,1303.0,60563
2026-07-06 10:10:00,1302.8,1303.3,1301.5,1303.3,98998
2026-07-06 10:15:00,1303.3,1304.7,1303.1,1304.1,81469
2026-07-06 10:20:00,1304.6,1307.7,1304.5,1306.7,188596
2026-07-06 10:25:00,1306.7,1309.8,1306.3,1309.2,153481
2026-07-06 10:30:00,1309.2,1311.0,1308.8,1310.7,166762
2026-07-06 10:35:00,1310.7,1311.0,1308.5,1308.8,75251
2026-07-06 10:40:00,1308.8,1309.3,1308.3,1308.5,53231
2026-07-06 10:45:00,1308.6,1310.4,1308.0,1310.0,107635
2026-07-06 10:50:00,1310.0,1319.7,1309.7,1319.3,421724
2026-07-06 10:55:00,1319.8,1325.6,1318.7,1322.7,560211
2026-07-06 11:00:00,1323.0,1325.0,1320.0,1321.2,182066
2026-07-06 11:05:00,1321.5,1321.6,1319.6,1320.2,99999
2026-07-06 11:10:00,1320.2,1321.6,1318.7,1321.3,126692
2026-07-06 11:15:00,1321.2,1321.3,1318.0,1318.4,58391
2026-07-06 11:20:00,1318.4,1320.0,1317.4,1319.9,85852
2026-07-06 11:25:00,1319.9,1321.5,1317.8,1321.5,95398
2026-07-06 11:30:00,1321.5,1323.7,1321.2,1322.3,102426
2026-07-06 11:35:00,1322.3,1322.4,1320.2,1320.7,48693
2026-07-06 11:40:00,1320.7,1323.5,1320.4,1323.0,81520
2026-07-06 11:45:00,1323.0,1323.2,1322.3,1322.8,68322
2026-07-06 11:50:00,1322.8,1322.9,1320.2,1321.3,63070
2026-07-06 11:55:00,1321.0,1322.0,1320.5,1321.5,36632
2026-07-06 12:00:00,1321.4,1321.7,1320.1,1320.7,30188
2026-07-06 12:05:00,1320.6,1321.4,1320.3,1321.1,37506
2026-07-06 12:10:00,1321.4,1322.6,1321.1,1322.5,35278
2026-07-06 12:15:00,1322.8,1322.9,1321.1,1322.0,39336
2026-07-06 12:20:00,1321.9,1323.0,1321.9,1322.9,55424
2026-07-06 12:25:00,1322.9,1322.9,1321.1,1322.4,45103
2026-07-06 12:30:00,1322.5,1324.9,1322.4,1324.5,134096
2026-07-06 12:35:00,1324.3,1325.4,1323.7,1324.2,229004
2026-07-06 12:40:00,1324.2,1324.8,1322.2,1323.8,52498
2026-07-06 12:45:00,1323.7,1324.0,1321.5,1322.1,49005
2026-07-06 12:50:00,1322.1,1323.0,1320.9,1321.8,60532
2026-07-06 12:55:00,1321.6,1323.0,1319.2,1321.2,142240
2026-07-06 13:00:00,1321.2,1322.7,1320.0,1322.7,31750
2026-07-06 13:05:00,1322.7,1323.6,1322.1,1323.3,54737
2026-07-06 13:10:00,1323.6,1323.8,1323.0,1323.1,63853
2026-07-06 13:15:00,1323.0,1323.8,1322.6,1323.1,39475
2026-07-06 13:20:00,1323.2,1323.3,1321.4,1321.9,39077
2026-07-06 13:25:00,1321.9,1322.1,1320.6,1321.5,68093
2026-07-06 13:30:00,1321.4,1322.0,1321.2,1321.9,25896
2026-07-06 13:35:00,1321.9,1323.9,1321.6,1323.6,127499
2026-07-06 13:40:00,1323.6,1324.4,1322.0,1322.0,180447
2026-07-06 13:45:00,1322.1,1322.2,1321.3,1322.0,42268
2026-07-06 13:50:00,1322.0,1322.4,1320.0,1320.3,67971
2026-07-06 13:55:00,1320.1,1320.7,1319.0,1319.4,68703
2026-07-06 14:00:00,1319.2,1319.6,1318.3,1319.6,79850
2026-07-06 14:05:00,1319.5,1320.6,1318.2,1319.0,138208
2026-07-06 14:10:00,1319.1,1319.7,1318.1,1318.5,63297
2026-07-06 14:15:00,1318.2,1319.6,1318.0,1318.5,37558
2026-07-06 14:20:00,1318.4,1320.0,1317.6,1319.7,79948
2026-07-06 14:25:00,1319.5,1320.7,1319.4,1319.9,61317
2026-07-06 14:30:00,1319.7,1319.9,1318.5,1318.9,27169
2026-07-06 14:35:00,1319.0,1320.4,1318.9,1319.5,47585
2026-07-06 14:40:00,1319.6,1319.6,1317.6,1318.2,83500
2026-07-06 14:45:00,1318.1,1318.8,1317.1,1317.5,53878
2026-07-06 14:50:00,1317.4,1320.2,1317.4,1319.5,125135
2026-07-06 14:55:00,1319.4,1319.5,1317.6,1317.6,52087
2026-07-06 15:00:00,1317.9,1320.5,1317.9,1320.4,165775
2026-07-06 15:05:00,1320.5,1321.2,1320.0,1320.9,169925
2026-07-06 15:10:00,1320.9,1322.4,1320.8,1321.9,184512
2026-07-06 15:15:00,1321.9,1322.3,1321.0,1321.5,173593
2026-07-06 15:20:00,1321.6,1322.0,1321.1,1322.0,169829
2026-07-06 15:25:00,1321.9,1322.0,1320.7,1321.7,201768
2026-07-07 09:15:00,1323.5,1328.0,1320.9,1321.5,276769
2026-07-07 09:20:00,1321.4,1322.5,1318.3,1319.7,115910
2026-07-07 09:25:00,1319.7,1319.7,1315.2,1316.2,109694
2026-07-07 09:30:00,1316.5,1316.9,1315.1,1315.8,80494
2026-07-07 09:35:00,1315.8,1319.9,1315.1,1317.0,130404
2026-07-07 09:40:00,1317.0,1320.6,1317.0,1319.0,135782
2026-07-07 09:45:00,1319.0,1320.0,1317.7,1319.7,71670
2026-07-07 09:50:00,1319.7,1320.9,1319.4,1320.3,75865
2026-07-07 09:55:00,1320.4,1321.0,1319.2,1319.8,60070
2026-07-07 10:00:00,1319.6,1321.5,1318.6,1320.7,93456
2026-07-07 10:05:00,1320.6,1321.3,1319.2,1321.2,74177
2026-07-07 10:10:00,1320.7,1322.3,1320.0,1320.8,88178
2026-07-07 10:15:00,1320.4,1320.8,1319.0,1319.9,59203
2026-07-07 10:20:00,1319.9,1319.9,1317.0,1318.0,95483
2026-07-07 10:25:00,1318.0,1319.5,1316.7,1319.3,235850
2026-07-07 10:30:00,1319.3,1321.5,1317.4,1321.4,96804
2026-07-07 10:35:00,1321.4,1322.0,1319.6,1320.3,62295
2026-07-07 10:40:00,1320.3,1322.0,1319.0,1319.6,155053
2026-07-07 10:45:00,1319.7,1320.7,1319.0,1319.9,172222
2026-07-07 10:50:00,1319.9,1320.3,1318.3,1320.1,126706
2026-07-07 10:55:00,1319.8,1320.1,1318.0,1318.5,123748
2026-07-07 11:00:00,1318.1,1320.0,1318.1,1318.8,206051
2026-07-07 11:05:00,1318.8,1319.3,1317.8,1318.2,126880
2026-07-07 11:10:00,1318.2,1320.0,1318.1,1319.7,264493
2026-07-07 11:15:00,1319.7,1320.0,1316.4,1316.6,232148
2026-07-07 11:20:00,1317.0,1318.0,1316.3,1316.9,190192
2026-07-07 11:25:00,1317.0,1318.7,1315.0,1316.5,188848
2026-07-07 11:30:00,1316.5,1317.6,1316.2,1317.1,61112
2026-07-07 11:35:00,1317.0,1317.3,1315.5,1316.4,166770
2026-07-07 11:40:00,1316.2,1316.7,1312.0,1312.5,295773
2026-07-07 11:45:00,1312.6,1314.1,1311.8,1313.5,336486
2026-07-07 11:50:00,1313.4,1314.9,1313.2,1313.6,126181
2026-07-07 11:55:00,1313.8,1315.0,1313.5,1314.4,159057
2026-07-07 12:00:00,1314.4,1315.5,1313.5,1314.0,225300
2026-07-07 12:05:00,1313.9,1314.6,1313.3,1314.0,97294
2026-07-07 12:10:00,1314.0,1314.2,1311.1,1313.8,224510
2026-07-07 12:15:00,1313.5,1314.3,1310.0,1312.7,341034
2026-07-07 12:20:00,1312.7,1315.6,1312.7,1314.3,185931
2026-07-07 12:25:00,1314.3,1314.8,1313.2,1314.1,74409
2026-07-07 12:30:00,1313.9,1314.9,1313.0,1314.8,191054
2026-07-07 12:35:00,1314.8,1315.3,1313.3,1314.5,307196
2026-07-07 12:40:00,1314.5,1316.0,1313.8,1315.3,239363
2026-07-07 12:45:00,1315.3,1315.9,1314.6,1315.7,134217
2026-07-07 12:50:00,1315.4,1316.9,1314.5,1316.0,266711
2026-07-07 12:55:00,1315.8,1316.9,1314.1,1316.1,294890
2026-07-07 13:00:00,1316.1,1316.5,1315.1,1315.5,135678
2026-07-07 13:05:00,1315.5,1315.5,1314.5,1314.7,62566
2026-07-07 13:10:00,1315.1,1315.9,1314.6,1315.8,110489
2026-07-07 13:15:00,1315.4,1315.9,1313.3,1313.6,145981
2026-07-07 13:20:00,1313.6,1314.1,1312.0,1312.8,131320
2026-07-07 13:25:00,1313.0,1315.4,1312.8,1314.5,125012
2026-07-07 13:30:00,1314.6,1315.0,1314.0,1314.0,111476
2026-07-07 13:35:00,1314.0,1314.6,1312.2,1313.2,159039
2026-07-07 13:40:00,1313.2,1314.8,1312.9,1313.6,161186
2026-07-07 13:45:00,1314.0,1315.7,1313.3,1313.4,279010
2026-07-07 13:50:00,1314.0,1314.2,1312.2,1313.1,121225
2026-07-07 13:55:00,1312.7,1314.4,1312.6,1313.4,189782
2026-07-07 14:00:00,1313.4,1313.8,1312.1,1313.2,137219
2026-07-07 14:05:00,1312.7,1314.6,1312.7,1314.3,142611
2026-07-07 14:10:00,1314.3,1315.2,1313.8,1314.5,111906
2026-07-07 14:15:00,1314.5,1315.2,1313.3,1313.5,135254
2026-07-07 14:20:00,1313.5,1314.3,1312.9,1313.7,170808
2026-07-07 14:25:00,1313.7,1314.8,1313.5,1313.8,153325
2026-07-07 14:30:00,1313.8,1314.8,1313.7,1314.5,102916
2026-07-07 14:35:00,1314.4,1315.8,1314.0,1315.3,161375
2026-07-07 14:40:00,1315.1,1316.1,1314.1,1316.0,162297
2026-07-07 14:45:00,1315.6,1316.2,1314.4,1316.1,142659
2026-07-07 14:50:00,1315.7,1316.5,1315.1,1315.9,91201
2026-07-07 14:55:00,1315.9,1316.9,1315.0,1315.3,143847
2026-07-07 15:00:00,1315.4,1315.7,1312.5,1312.8,715152
2026-07-07 15:05:00,1312.7,1312.8,1307.6,1307.7,792205
2026-07-07 15:10:00,1307.7,1308.4,1307.0,1307.7,379043
2026-07-07 15:15:00,1307.6,1307.7,1305.7,1306.5,466860
2026-07-07 15:20:00,1306.9,1306.9,1304.4,1304.8,513485
2026-07-07 15:25:00,1304.7,1305.0,1304.1,1304.9,661263
2026-07-08 09:15:00,1297.0,1302.3,1288.6,1292.0,1380185
2026-07-08 09:20:00,1291.6,1292.1,1281.5,1282.0,915322
2026-07-08 09:25:00,1282.0,1282.4,1278.0,1280.0,878457
2026-07-08 09:30:00,1280.3,1281.6,1278.0,1278.6,535276
2026-07-08 09:35:00,1278.2,1280.3,1278.0,1278.2,418149
2026-07-08 09:40:00,1278.1,1281.7,1277.4,1280.8,302150
2026-07-08 09:45:00,1281.0,1283.9,1280.0,1283.2,247967
2026-07-08 09:50:00,1283.5,1285.4,1282.0,1284.9,331843
2026-07-08 09:55:00,1285.0,1288.5,1284.3,1288.0,455467
2026-07-08 10:00:00,1288.0,1288.7,1287.0,1288.0,345029
2026-07-08 10:05:00,1288.2,1290.7,1286.5,1290.0,585787
2026-07-08 10:10:00,1290.2,1293.0,1290.0,1290.9,210188
2026-07-08 10:15:00,1290.9,1292.8,1290.5,1292.8,271008
2026-07-08 10:20:00,1292.9,1293.0,1290.7,1291.0,186564
2026-07-08 10:25:00,1291.0,1293.4,1290.7,1292.8,154011
2026-07-08 10:30:00,1293.2,1293.8,1291.0,1291.3,110428
2026-07-08 10:35:00,1291.1,1292.6,1290.8,1292.2,77505
2026-07-08 10:40:00,1292.3,1295.3,1291.8,1293.1,244216
2026-07-08 10:45:00,1293.3,1293.3,1291.2,1292.7,123869
2026-07-08 10:50:00,1292.7,1293.3,1292.0,1292.1,78858
2026-07-08 10:55:00,1292.1,1293.9,1292.0,1293.1,115787
2026-07-08 11:00:00,1293.1,1293.7,1291.6,1292.1,125349
2026-07-08 11:05:00,1292.1,1293.5,1292.0,1293.2,65530
2026-07-08 11:10:00,1293.4,1293.9,1292.0,1292.4,57735
2026-07-08 11:15:00,1292.4,1292.6,1291.5,1292.6,104312
2026-07-08 11:20:00,1292.6,1292.8,1291.5,1292.8,56781
2026-07-08 11:25:00,1292.9,1293.5,1292.5,1293.1,107560
2026-07-08 11:30:00,1293.1,1293.4,1291.8,1292.2,373317
2026-07-08 11:35:00,1292.5,1293.1,1292.0,1292.5,66472
2026-07-08 11:40:00,1292.6,1293.5,1292.0,1293.0,135658
2026-07-08 11:45:00,1292.7,1293.2,1292.0,1292.7,163441
2026-07-08 11:50:00,1292.8,1294.2,1292.3,1293.3,141235
2026-07-08 11:55:00,1293.4,1294.2,1292.3,1293.0,195915
2026-07-08 12:00:00,1293.0,1293.5,1290.1,1290.6,117398
2026-07-08 12:05:00,1290.5,1291.0,1290.0,1290.0,157746
2026-07-08 12:10:00,1290.2,1291.2,1290.0,1290.3,164751
2026-07-08 12:15:00,1290.2,1291.1,1288.1,1291.0,249612
2026-07-08 12:20:00,1290.7,1291.1,1288.5,1288.9,98101
2026-07-08 12:25:00,1288.5,1291.0,1288.5,1290.2,207394
2026-07-08 12:30:00,1290.2,1290.5,1288.9,1289.9,302820
2026-07-08 12:35:00,1289.4,1290.0,1288.0,1288.7,146177
2026-07-08 12:40:00,1288.3,1290.0,1288.0,1289.4,75515
2026-07-08 12:45:00,1289.5,1289.7,1288.5,1289.0,67759
2026-07-08 12:50:00,1289.0,1291.1,1289.0,1290.5,117202
2026-07-08 12:55:00,1290.9,1291.4,1290.1,1290.3,77406
2026-07-08 13:00:00,1290.2,1291.7,1290.0,1290.2,126668
2026-07-08 13:05:00,1290.5,1291.1,1290.1,1290.4,74458
2026-07-08 13:10:00,1290.4,1291.0,1290.0,1290.1,115847
2026-07-08 13:15:00,1290.2,1291.9,1290.0,1291.6,73299
2026-07-08 13:20:00,1291.9,1292.5,1291.0,1291.2,90900
2026-07-08 13:25:00,1291.7,1291.9,1290.4,1290.6,95773
2026-07-08 13:30:00,1290.9,1291.0,1290.0,1290.5,97491
2026-07-08 13:35:00,1290.6,1292.0,1290.5,1291.2,75400
2026-07-08 13:40:00,1291.3,1292.3,1291.1,1291.5,79055
2026-07-08 13:45:00,1291.6,1292.4,1286.0,1287.3,375144
2026-07-08 13:50:00,1287.2,1287.7,1285.0,1285.9,340288
2026-07-08 13:55:00,1286.0,1286.0,1283.2,1283.2,267115
2026-07-08 14:00:00,1283.7,1284.3,1281.4,1282.1,262300
2026-07-08 14:05:00,1282.0,1282.3,1275.0,1275.7,674860
2026-07-08 14:10:00,1275.9,1276.6,1271.6,1276.5,464045
2026-07-08 14:15:00,1276.4,1280.6,1275.1,1276.7,459169
2026-07-08 14:20:00,1276.8,1278.0,1275.8,1277.0,267913
2026-07-08 14:25:00,1277.0,1278.0,1275.5,1275.7,357507
2026-07-08 14:30:00,1275.7,1278.4,1275.5,1276.4,299724
2026-07-08 14:35:00,1276.7,1277.3,1272.6,1273.7,402637
2026-07-08 14:40:00,1274.0,1275.4,1273.2,1275.0,256709
2026-07-08 14:45:00,1275.2,1276.0,1273.4,1274.6,167008
2026-07-08 14:50:00,1274.6,1275.0,1272.6,1274.5,264910
2026-07-08 14:55:00,1274.5,1276.0,1272.9,1273.5,275251
2026-07-08 15:00:00,1273.3,1277.1,1273.3,1275.6,419242
2026-07-08 15:05:00,1275.7,1276.6,1275.6,1275.8,385867
2026-07-08 15:10:00,1275.6,1277.0,1275.0,1276.0,360554
2026-07-08 15:15:00,1275.9,1276.9,1275.2,1276.0,484244
2026-07-08 15:20:00,1275.9,1276.6,1275.2,1276.1,376543
2026-07-08 15:25:00,1276.0,1276.1,1274.0,1274.9,460250
2026-07-09 09:15:00,1277.1,1281.0,1274.2,1279.5,568387
2026-07-09 09:20:00,1279.5,1284.2,1279.0,1284.0,330374
2026-07-09 09:25:00,1283.9,1286.6,1282.3,1286.0,357337
2026-07-09 09:30:00,1285.4,1286.2,1283.1,1286.1,264191
2026-07-09 09:35:00,1286.0,1288.6,1284.0,1288.0,253410
2026-07-09 09:40:00,1288.1,1288.2,1285.8,1287.9,164825
2026-07-09 09:45:00,1287.9,1290.5,1286.0,1288.0,230564
2026-07-09 09:50:00,1288.1,1290.2,1287.5,1289.8,185493
2026-07-09 09:55:00,1289.8,1290.4,1288.1,1290.0,182057
2026-07-09 10:00:00,1290.0,1292.5,1289.2,1291.5,349592
2026-07-09 10:05:00,1291.5,1292.0,1290.2,1291.5,223318
2026-07-09 10:10:00,1291.5,1291.5,1287.9,1288.6,155914
2026-07-09 10:15:00,1288.7,1288.9,1286.7,1287.1,128814
2026-07-09 10:20:00,1287.0,1291.7,1287.0,1290.8,233617
2026-07-09 10:25:00,1290.9,1291.6,1289.9,1290.7,104839
2026-07-09 10:30:00,1290.5,1291.0,1289.2,1289.8,117894
2026-07-09 10:35:00,1289.8,1290.3,1287.0,1290.2,160789
2026-07-09 10:40:00,1290.2,1296.5,1289.4,1293.8,467201
2026-07-09 10:45:00,1294.1,1294.5,1290.6,1291.3,151582
2026-07-09 10:50:00,1291.3,1293.0,1289.6,1291.0,214372
2026-07-09 10:55:00,1291.1,1291.6,1289.6,1289.8,76661
2026-07-09 11:00:00,1290.0,1290.3,1288.0,1290.0,151820
2026-07-09 11:05:00,1290.2,1290.3,1288.3,1288.6,61807
2026-07-09 11:10:00,1288.6,1289.0,1287.8,1288.7,91753
2026-07-09 11:15:00,1288.5,1289.2,1287.7,1288.6,84228
2026-07-09 11:20:00,1288.6,1290.3,1288.1,1289.4,106344
2026-07-09 11:25:00,1289.4,1291.6,1289.1,1290.2,108259
2026-07-09 11:30:00,1290.2,1290.8,1287.1,1287.7,102705
2026-07-09 11:35:00,1287.7,1288.1,1286.4,1287.4,102661
2026-07-09 11:40:00,1287.3,1287.7,1285.5,1286.4,266948
2026-07-09 11:45:00,1286.4,1287.0,1285.0,1285.8,216723
2026-07-09 11:50:00,1285.9,1289.0,1285.8,1288.3,111955
2026-07-09 11:55:00,1288.8,1289.8,1288.2,1288.7,171518
2026-07-09 12:00:00,1288.7,1289.7,1287.5,1289.6,192001
2026-07-09 12:05:00,1289.6,1291.7,1287.8,1290.8,194494
2026-07-09 12:10:00,1290.8,1292.0,1290.1,1290.5,104463
2026-07-09 12:15:00,1290.5,1292.0,1290.1,1291.0,108166
2026-07-09 12:20:00,1290.9,1294.0,1290.3,1293.6,128097
2026-07-09 12:25:00,1293.7,1293.9,1291.0,1291.7,126799
2026-07-09 12:30:00,1291.3,1291.8,1290.1,1290.2,84325
2026-07-09 12:35:00,1290.1,1290.2,1288.0,1288.9,110020
2026-07-09 12:40:00,1288.7,1289.3,1286.7,1287.3,179661
2026-07-09 12:45:00,1287.2,1289.9,1287.2,1289.2,156843
2026-07-09 12:50:00,1289.5,1291.5,1288.5,1291.5,149043
2026-07-09 12:55:00,1291.5,1291.9,1290.3,1290.8,135866
2026-07-09 13:00:00,1290.6,1291.7,1289.6,1290.9,172757
2026-07-09 13:05:00,1291.1,1291.4,1288.8,1291.1,183881
2026-07-09 13:10:00,1291.1,1291.9,1290.3,1291.2,119633
2026-07-09 13:15:00,1291.3,1292.3,1290.6,1291.8,128455
2026-07-09 13:20:00,1291.6,1292.8,1290.4,1291.2,147701
2026-07-09 13:25:00,1291.1,1291.4,1289.8,1290.3,153612
2026-07-09 13:30:00,1290.3,1292.5,1290.3,1291.5,104169
2026-07-09 13:35:00,1291.5,1292.7,1290.6,1291.7,159415
2026-07-09 13:40:00,1291.4,1292.0,1290.2,1291.1,65277
2026-07-09 13:45:00,1291.1,1291.4,1289.6,1290.0,117787
2026-07-09 13:50:00,1290.0,1290.2,1288.8,1289.0,97446
2026-07-09 13:55:00,1289.0,1289.8,1288.6,1288.7,91979
2026-07-09 14:00:00,1288.7,1289.5,1287.5,1287.7,65031
2026-07-09 14:05:00,1287.7,1288.2,1287.0,1287.2,100640
2026-07-09 14:10:00,1287.1,1288.0,1286.0,1287.1,244680
2026-07-09 14:15:00,1287.1,1288.7,1286.0,1286.4,188916
2026-07-09 14:20:00,1286.2,1287.5,1285.0,1287.1,129091
2026-07-09 14:25:00,1287.5,1288.2,1286.1,1287.8,188510
2026-07-09 14:30:00,1287.8,1289.7,1286.7,1288.6,201779
2026-07-09 14:35:00,1288.6,1289.3,1284.5,1285.7,261215
2026-07-09 14:40:00,1285.6,1286.0,1282.7,1283.5,557842
2026-07-09 14:45:00,1283.6,1284.0,1282.0,1282.5,194083
2026-07-09 14:50:00,1282.4,1285.2,1282.3,1284.1,179105
2026-07-09 14:55:00,1284.2,1285.0,1283.2,1283.3,126939
2026-07-09 15:00:00,1283.6,1283.6,1279.2,1279.9,458069
2026-07-09 15:05:00,1279.9,1281.6,1278.0,1279.4,565724
2026-07-09 15:10:00,1279.3,1279.6,1276.8,1277.3,413222
2026-07-09 15:15:00,1277.3,1279.9,1277.2,1279.9,322763
2026-07-09 15:20:00,1280.2,1282.0,1279.7,1280.2,295882
2026-07-09 15:25:00,1280.1,1282.5,1279.6,1280.9,293939
2026-07-10 09:15:00,1291.9,1293.0,1287.8,1290.2,469873
2026-07-10 09:20:00,1290.2,1299.5,1290.0,1299.5,527306
2026-07-10 09:25:00,1299.3,1302.0,1297.0,1298.0,630113
2026-07-10 09:30:00,1297.9,1299.8,1297.1,1298.7,233133
2026-07-10 09:35:00,1298.2,1299.9,1296.4,1298.0,218047
2026-07-10 09:40:00,1297.6,1303.0,1297.6,1300.3,303180
2026-07-10 09:45:00,1300.4,1303.9,1300.0,1303.3,186665
2026-07-10 09:50:00,1303.4,1304.0,1301.8,1303.8,152345
2026-07-10 09:55:00,1303.8,1303.9,1302.4,1303.0,92349
2026-07-10 10:00:00,1303.0,1304.3,1301.2,1302.0,261823
2026-07-10 10:05:00,1301.9,1302.0,1300.3,1301.5,120344
2026-07-10 10:10:00,1301.5,1302.0,1300.5,1300.6,61292
2026-07-10 10:15:00,1300.6,1300.9,1300.2,1300.9,58563
2026-07-10 10:20:00,1300.9,1301.5,1300.4,1300.7,65122
2026-07-10 10:25:00,1300.8,1301.9,1300.5,1300.7,73902
2026-07-10 10:30:00,1300.8,1300.9,1300.1,1300.6,33573
2026-07-10 10:35:00,1300.7,1301.9,1300.6,1301.7,74602
2026-07-10 10:40:00,1301.8,1302.0,1301.6,1301.9,42013
2026-07-10 10:45:00,1302.0,1302.0,1301.4,1301.9,26390
2026-07-10 10:50:00,1302.0,1302.0,1300.4,1301.0,33995
2026-07-10 10:55:00,1301.0,1302.6,1300.4,1302.6,78001
2026-07-10 11:00:00,1302.6,1303.3,1301.4,1301.5,66457
2026-07-10 11:05:00,1301.6,1301.8,1301.0,1301.0,23600
2026-07-10 11:10:00,1301.1,1301.4,1300.0,1301.3,97311
2026-07-10 11:15:00,1301.0,1301.5,1301.0,1301.2,49396
2026-07-10 11:20:00,1301.2,1301.9,1300.1,1301.7,91227
2026-07-10 11:25:00,1301.9,1301.9,1301.0,1301.0,24394
2026-07-10 11:30:00,1301.3,1302.2,1300.9,1300.9,73758
2026-07-10 11:35:00,1300.9,1301.6,1299.8,1300.7,182343
2026-07-10 11:40:00,1300.9,1302.4,1300.6,1302.0,48437
2026-07-10 11:45:00,1302.2,1302.8,1302.0,1302.4,57772
2026-07-10 11:50:00,1302.4,1302.4,1300.4,1301.4,88593
2026-07-10 11:55:00,1301.3,1302.8,1300.5,1302.5,96873
2026-07-10 12:00:00,1302.6,1302.9,1301.4,1302.4,91227
2026-07-10 12:05:00,1302.5,1302.5,1301.2,1301.7,27919
2026-07-10 12:10:00,1301.8,1301.8,1301.0,1301.5,18064
2026-07-10 12:15:00,1301.6,1301.8,1301.2,1301.5,26893
2026-07-10 12:20:00,1301.5,1301.9,1300.4,1301.6,92049
2026-07-10 12:25:00,1301.8,1302.9,1301.0,1302.6,78114
2026-07-10 12:30:00,1302.5,1302.6,1301.7,1302.1,45339
2026-07-10 12:35:00,1302.3,1302.6,1301.9,1302.2,29284
2026-07-10 12:40:00,1302.5,1302.5,1301.0,1301.7,65097
2026-07-10 12:45:00,1301.8,1302.5,1301.0,1302.5,55157
2026-07-10 12:50:00,1302.1,1303.0,1301.6,1301.9,93989
2026-07-10 12:55:00,1301.9,1302.0,1300.6,1300.8,47813
2026-07-10 13:00:00,1301.2,1303.0,1300.5,1303.0,109503
2026-07-10 13:05:00,1303.0,1303.0,1301.6,1302.0,55809
2026-07-10 13:10:00,1302.0,1302.1,1301.5,1301.8,31510
2026-07-10 13:15:00,1302.0,1302.2,1301.4,1302.1,27123
2026-07-10 13:20:00,1302.1,1302.1,1300.8,1301.2,55950
2026-07-10 13:25:00,1301.2,1302.8,1300.9,1302.7,63303
2026-07-10 13:30:00,1302.6,1304.9,1302.2,1304.6,149343
2026-07-10 13:35:00,1304.6,1304.8,1303.6,1303.9,58499
2026-07-10 13:40:00,1304.0,1304.4,1303.7,1304.0,27217
2026-07-10 13:45:00,1304.2,1305.0,1303.0,1303.2,66223
2026-07-10 13:50:00,1303.2,1304.2,1303.1,1304.0,33517
2026-07-10 13:55:00,1303.7,1304.0,1303.3,1303.3,35392
2026-07-10 14:00:00,1303.6,1303.9,1303.0,1303.5,29293
2026-07-10 14:05:00,1303.5,1303.5,1302.4,1302.5,40070
2026-07-10 14:10:00,1302.6,1303.5,1302.5,1303.5,28491
2026-07-10 14:15:00,1303.4,1304.0,1303.4,1303.9,18027
2026-07-10 14:20:00,1303.9,1305.8,1303.8,1305.3,112663
2026-07-10 14:25:00,1305.2,1307.9,1305.2,1307.5,141703
2026-07-10 14:30:00,1307.4,1307.8,1306.4,1306.6,68855
2026-07-10 14:35:00,1307.0,1307.0,1306.5,1306.8,29287
2026-07-10 14:40:00,1306.8,1307.4,1306.6,1307.0,39736
2026-07-10 14:45:00,1307.2,1307.6,1307.0,1307.5,56738
2026-07-10 14:50:00,1307.5,1307.5,1305.7,1305.9,66719
2026-07-10 14:55:00,1305.7,1306.0,1304.0,1304.5,73698
2026-07-10 15:00:00,1304.4,1305.5,1303.5,1305.3,200870
2026-07-10 15:05:00,1305.3,1306.3,1304.4,1306.0,236765
2026-07-10 15:10:00,1306.0,1307.8,1305.7,1307.5,230142
2026-07-10 15:15:00,1307.3,1308.8,1307.2,1308.8,263689
2026-07-10 15:20:00,1308.8,1310.0,1308.6,1309.9,301585
2026-07-10 15:25:00,1310.0,1311.1,1309.4,1309.6,319670
2026-07-13 09:15:00,1300.0,1303.7,1298.8,1301.3,297473
2026-07-13 09:20:00,1301.3,1304.4,1301.3,1304.1,160526
2026-07-13 09:25:00,1304.4,1305.5,1301.0,1304.9,162542
2026-07-13 09:30:00,1304.6,1305.0,1303.0,1303.6,120276
2026-07-13 09:35:00,1303.2,1304.5,1303.0,1304.2,77354
2026-07-13 09:40:00,1303.5,1305.5,1303.4,1303.7,117748
2026-07-13 09:45:00,1303.7,1305.1,1303.5,1304.8,80029
2026-07-13 09:50:00,1304.8,1306.4,1303.7,1305.2,169730
2026-07-13 09:55:00,1305.3,1306.1,1303.7,1305.0,191212
2026-07-13 10:00:00,1305.0,1305.0,1303.0,1303.5,73819
2026-07-13 10:05:00,1303.8,1303.8,1301.3,1303.1,166211
2026-07-13 10:10:00,1303.1,1303.5,1302.0,1302.3,76600
2026-07-13 10:15:00,1302.4,1303.1,1299.5,1300.1,181668
2026-07-13 10:20:00,1300.5,1301.1,1299.0,1300.1,176512
2026-07-13 10:25:00,1300.1,1302.0,1300.0,1301.3,118646
2026-07-13 10:30:00,1301.6,1301.8,1300.1,1300.4,120359
2026-07-13 10:35:00,1300.5,1301.3,1300.0,1300.1,48114
2026-07-13 10:40:00,1300.0,1300.4,1299.8,1300.0,112741
2026-07-13 10:45:00,1300.0,1300.3,1299.5,1299.6,215909
2026-07-13 10:50:00,1299.7,1300.0,1299.5,1299.9,85088
2026-07-13 10:55:00,1300.0,1300.3,1298.4,1298.8,161381
2026-07-13 11:00:00,1298.8,1299.3,1298.1,1298.9,64340
2026-07-13 11:05:00,1298.9,1299.9,1298.6,1299.5,66205
2026-07-13 11:10:00,1299.1,1300.0,1299.0,1299.4,95803
2026-07-13 11:15:00,1299.4,1299.8,1298.3,1299.0,79421
2026-07-13 11:20:00,1299.5,1300.1,1299.1,1299.6,109879
2026-07-13 11:25:00,1299.6,1299.8,1298.6,1299.0,112554
2026-07-13 11:30:00,1298.9,1299.8,1298.7,1299.0,93816
2026-07-13 11:35:00,1299.2,1300.0,1298.9,1298.9,116551
2026-07-13 11:40:00,1299.0,1299.9,1296.7,1297.4,229683
2026-07-13 11:45:00,1297.4,1298.7,1297.3,1297.7,64704
2026-07-13 11:50:00,1297.8,1298.2,1297.2,1297.4,137940
2026-07-13 11:55:00,1297.2,1298.1,1297.1,1297.5,54056
2026-07-13 12:00:00,1297.6,1299.0,1297.5,1298.2,109054
2026-07-13 12:05:00,1298.3,1299.2,1298.2,1298.9,41684
2026-07-13 12:10:00,1299.0,1300.9,1298.3,1299.9,222579
2026-07-13 12:15:00,1300.0,1300.7,1299.4,1300.0,179815
2026-07-13 12:20:00,1300.0,1300.4,1298.3,1298.7,161144
2026-07-13 12:25:00,1299.3,1299.7,1298.5,1298.7,125635
2026-07-13 12:30:00,1298.7,1299.9,1298.5,1299.9,79834
2026-07-13 12:35:00,1299.4,1300.0,1298.0,1299.3,88333
2026-07-13 12:40:00,1299.3,1300.0,1298.6,1299.3,65124
2026-07-13 12:45:00,1299.3,1299.9,1298.9,1299.8,46194
2026-07-13 12:50:00,1299.4,1302.8,1299.3,1300.5,201578
2026-07-13 12:55:00,1300.5,1301.0,1299.0,1299.3,117891
2026-07-13 13:00:00,1299.3,1299.6,1298.2,1299.2,154540
2026-07-13 13:05:00,1299.0,1300.0,1299.0,1299.9,37741
2026-07-13 13:10:00,1299.7,1300.4,1299.0,1299.6,65856
2026-07-13 13:15:00,1299.8,1300.2,1298.5,1300.1,88019
2026-07-13 13:20:00,1299.9,1300.4,1298.9,1299.0,127395
2026-07-13 13:25:00,1299.0,1299.7,1296.0,1296.8,146078
2026-07-13 13:30:00,1296.5,1297.9,1296.3,1297.2,75181
2026-07-13 13:35:00,1297.1,1298.4,1296.9,1298.0,98430
2026-07-13 13:40:00,1297.8,1298.4,1297.0,1298.0,41209
2026-07-13 13:45:00,1297.6,1298.7,1297.5,1298.7,55112
2026-07-13 13:50:00,1298.7,1298.7,1297.5,1298.0,38631
2026-07-13 13:55:00,1297.7,1298.7,1297.4,1298.0,63290
2026-07-13 14:00:00,1298.2,1298.9,1298.0,1298.3,57930
2026-07-13 14:05:00,1298.3,1299.2,1297.0,1297.7,86990
2026-07-13 14:10:00,1297.7,1299.2,1297.6,1298.2,43101
2026-07-13 14:15:00,1298.2,1299.0,1297.1,1298.0,109976
2026-07-13 14:20:00,1298.1,1299.2,1297.1,1297.7,139045
2026-07-13 14:25:00,1297.6,1298.1,1296.3,1297.0,139207
2026-07-13 14:30:00,1296.9,1298.3,1296.6,1296.9,190984
2026-07-13 14:35:00,1297.0,1297.1,1295.0,1296.6,142819
2026-07-13 14:40:00,1296.5,1297.0,1296.0,1296.5,93379
2026-07-13 14:45:00,1296.5,1298.0,1296.3,1297.7,67710
2026-07-13 14:50:00,1297.8,1299.0,1297.7,1298.5,101484
2026-07-13 14:55:00,1298.7,1298.8,1297.2,1298.1,80902
2026-07-13 15:00:00,1298.2,1298.5,1296.4,1297.1,401948
2026-07-13 15:05:00,1297.1,1297.9,1296.8,1297.3,258759
2026-07-13 15:10:00,1297.2,1297.3,1296.7,1296.7,194074
2026-07-13 15:15:00,1296.7,1296.9,1296.4,1296.5,231880
2026-07-13 15:20:00,1296.6,1296.9,1296.3,1296.6,259079
2026-07-13 15:25:00,1296.6,1297.0,1296.1,1297.0,247203
2026-07-14 09:15:00,1290.0,1296.2,1290.0,1295.4,290071
2026-07-14 09:20:00,1295.4,1298.1,1295.1,1297.7,208045
2026-07-14 09:25:00,1297.7,1298.8,1296.2,1297.3,195651
2026-07-14 09:30:00,1297.3,1298.0,1295.7,1297.3,159964
2026-07-14 09:35:00,1297.2,1298.0,1295.1,1295.2,245951
2026-07-14 09:40:00,1295.4,1297.5,1294.5,1297.2,174647
2026-07-14 09:45:00,1297.2,1297.4,1295.3,1296.2,117941
2026-07-14 09:50:00,1296.2,1296.7,1295.0,1295.1,83691
2026-07-14 09:55:00,1295.1,1299.0,1295.0,1298.4,185280
2026-07-14 10:00:00,1298.1,1301.9,1297.7,1299.2,475250
2026-07-14 10:05:00,1299.4,1300.3,1299.1,1300.1,151195
2026-07-14 10:10:00,1299.9,1300.7,1297.6,1298.4,153415
2026-07-14 10:15:00,1298.1,1299.4,1296.1,1298.0,141086
2026-07-14 10:20:00,1297.9,1299.8,1297.7,1298.4,107091
2026-07-14 10:25:00,1298.5,1298.9,1297.6,1298.0,72787
2026-07-14 10:30:00,1297.9,1299.2,1297.5,1298.8,72601
2026-07-14 10:35:00,1299.0,1299.5,1298.1,1299.1,55753
2026-07-14 10:40:00,1299.1,1302.0,1297.7,1301.4,192015
2026-07-14 10:45:00,1301.7,1304.8,1301.4,1304.4,240137
2026-07-14 10:50:00,1304.5,1305.9,1303.4,1305.5,173806
2026-07-14 10:55:00,1305.5,1307.4,1305.2,1307.1,148000
2026-07-14 11:00:00,1307.4,1308.0,1305.0,1305.3,130539
2026-07-14 11:05:00,1305.0,1306.0,1304.0,1304.8,123191
2026-07-14 11:10:00,1304.8,1305.0,1303.2,1303.5,55109
2026-07-14 11:15:00,1303.6,1304.6,1302.5,1303.3,175527
2026-07-14 11:20:00,1303.5,1304.9,1302.5,1304.6,103247
2026-07-14 11:25:00,1304.3,1304.8,1303.2,1303.3,100848
2026-07-14 11:30:00,1303.2,1303.8,1301.3,1301.3,50286
2026-07-14 11:35:00,1301.4,1302.7,1300.1,1300.4,114268
2026-07-14 11:40:00,1300.2,1301.5,1300.0,1300.4,127125
2026-07-14 11:45:00,1300.0,1302.0,1300.0,1301.2,80538
2026-07-14 11:50:00,1301.2,1302.9,1300.7,1300.8,74134
2026-07-14 11:55:00,1300.7,1302.2,1300.1,1301.6,161843
2026-07-14 12:00:00,1301.7,1303.9,1301.5,1303.1,60636
2026-07-14 12:05:00,1303.4,1303.4,1300.8,1302.2,118851
2026-07-14 12:10:00,1302.3,1302.6,1300.4,1301.0,159354
2026-07-14 12:15:00,1301.0,1301.1,1299.3,1300.7,170255
2026-07-14 12:20:00,1300.7,1300.7,1300.0,1300.2,93767
2026-07-14 12:25:00,1300.1,1300.3,1298.1,1298.4,100994
2026-07-14 12:30:00,1298.4,1299.6,1298.0,1299.2,166593
2026-07-14 12:35:00,1299.1,1301.0,1299.0,1300.4,112655
2026-07-14 12:40:00,1300.4,1301.6,1300.0,1301.0,99982
2026-07-14 12:45:00,1301.0,1301.9,1300.0,1301.6,108954
2026-07-14 12:50:00,1301.3,1301.8,1301.0,1301.1,48101
2026-07-14 12:55:00,1301.2,1302.9,1301.1,1302.3,104502
2026-07-14 13:00:00,1302.2,1303.0,1301.2,1302.6,97190
2026-07-14 13:05:00,1302.8,1303.4,1302.2,1303.2,55425
2026-07-14 13:10:00,1303.4,1303.4,1300.5,1300.5,96056
2026-07-14 13:15:00,1300.8,1302.4,1300.1,1301.6,120441
2026-07-14 13:20:00,1302.1,1302.5,1300.9,1301.1,77303
2026-07-14 13:25:00,1301.2,1302.5,1300.3,1301.9,103538
2026-07-14 13:30:00,1301.8,1302.0,1300.0,1300.5,87722
2026-07-14 13:35:00,1300.5,1300.7,1297.5,1297.9,120647
2026-07-14 13:40:00,1298.1,1299.3,1297.6,1298.3,224441
2026-07-14 13:45:00,1298.3,1299.1,1297.7,1298.5,145025
2026-07-14 13:50:00,1298.7,1298.7,1296.1,1296.1,201614
2026-07-14 13:55:00,1296.4,1296.9,1295.0,1295.8,80591
2026-07-14 14:00:00,1295.7,1295.9,1294.1,1294.7,75831
2026-07-14 14:05:00,1295.0,1295.0,1293.0,1293.0,86857
2026-07-14 14:10:00,1293.1,1294.0,1291.6,1291.6,172572
2026-07-14 14:15:00,1291.7,1293.7,1290.9,1292.4,247384
2026-07-14 14:20:00,1292.5,1293.0,1291.0,1291.4,178713
2026-07-14 14:25:00,1291.7,1292.5,1291.0,1291.8,106332
2026-07-14 14:30:00,1292.0,1292.2,1291.0,1291.7,65806
2026-07-14 14:35:00,1291.8,1292.4,1290.2,1291.2,174989
2026-07-14 14:40:00,1291.2,1291.8,1290.6,1291.0,82330
2026-07-14 14:45:00,1291.0,1291.9,1290.0,1290.4,173424
2026-07-14 14:50:00,1290.4,1291.3,1290.1,1290.3,151942
2026-07-14 14:55:00,1290.6,1292.2,1290.0,1291.3,213184
2026-07-14 15:00:00,1291.2,1294.0,1291.2,1293.4,524160
2026-07-14 15:05:00,1293.4,1295.0,1292.5,1293.1,656048
2026-07-14 15:10:00,1293.1,1295.1,1292.0,1293.7,838786
2026-07-14 15:15:00,1293.7,1294.4,1289.1,1289.9,736733
2026-07-14 15:20:00,1290.0,1295.7,1286.9,1295.1,912739
2026-07-14 15:25:00,1295.0,1296.3,1292.2,1295.0,338298
2026-07-15 09:15:00,1294.1,1300.3,1294.1,1297.7,392142
2026-07-15 09:20:00,1297.7,1304.6,1297.7,1303.7,283440
2026-07-15 09:25:00,1303.6,1310.9,1303.4,1305.3,447064
2026-07-15 09:30:00,1305.3,1306.0,1303.6,1303.9,108082
2026-07-15 09:35:00,1303.9,1305.7,1303.3,1303.4,84965
2026-07-15 09:40:00,1303.5,1303.8,1302.0,1302.2,101118
2026-07-15 09:45:00,1302.3,1302.7,1302.1,1302.4,55324
2026-07-15 09:50:00,1302.4,1302.5,1301.4,1302.4,64143
2026-07-15 09:55:00,1302.6,1302.8,1300.2,1300.4,91396
2026-07-15 10:00:00,1300.5,1301.2,1300.1,1301.0,65299
2026-07-15 10:05:00,1301.0,1302.5,1300.5,1301.7,71705
2026-07-15 10:10:00,1301.8,1304.0,1300.6,1303.8,87656
2026-07-15 10:15:00,1303.9,1306.7,1303.5,1305.8,128819
2026-07-15 10:20:00,1305.7,1305.7,1304.0,1304.9,66070
2026-07-15 10:25:00,1304.9,1305.7,1303.9,1304.6,56082
2026-07-15 10:30:00,1304.7,1304.7,1303.1,1304.2,50608
2026-07-15 10:35:00,1304.2,1304.2,1302.9,1303.5,49908
2026-07-15 10:40:00,1303.4,1304.5,1303.2,1303.8,37807
2026-07-15 10:45:00,1303.8,1304.4,1302.9,1304.3,76985
2026-07-15 10:50:00,1304.1,1304.6,1303.0,1303.4,116778
2026-07-15 10:55:00,1303.8,1303.9,1302.3,1302.5,79467
2026-07-15 11:00:00,1302.6,1303.7,1302.4,1303.3,51992
2026-07-15 11:05:00,1303.1,1303.3,1302.2,1303.2,44212
2026-07-15 11:10:00,1303.2,1303.4,1300.8,1300.9,63884
2026-07-15 11:15:00,1301.0,1303.9,1300.8,1302.7,95732
2026-07-15 11:20:00,1302.7,1302.7,1301.4,1302.5,64038
2026-07-15 11:25:00,1302.5,1306.9,1302.4,1305.8,133894
2026-07-15 11:30:00,1305.9,1306.7,1305.0,1306.4,174219
2026-07-15 11:35:00,1306.5,1306.7,1305.0,1305.2,79498
2026-07-15 11:40:00,1305.2,1305.9,1304.1,1304.5,100886
2026-07-15 11:45:00,1304.6,1304.7,1304.0,1304.5,71847
2026-07-15 11:50:00,1304.6,1304.9,1303.6,1303.9,175963
2026-07-15 11:55:00,1303.9,1306.4,1303.9,1304.3,139516
2026-07-15 12:00:00,1304.8,1305.1,1304.0,1304.3,68192
2026-07-15 12:05:00,1304.3,1305.0,1303.2,1303.5,158001
2026-07-15 12:10:00,1303.5,1303.5,1302.2,1303.2,88430
2026-07-15 12:15:00,1303.3,1304.5,1302.7,1304.4,91334
2026-07-15 12:20:00,1304.3,1304.4,1303.6,1304.1,70730
2026-07-15 12:25:00,1304.1,1304.5,1301.4,1301.9,73478
2026-07-15 12:30:00,1301.9,1301.9,1300.5,1300.6,49946
2026-07-15 12:35:00,1300.6,1300.8,1299.4,1299.4,94436
2026-07-15 12:40:00,1299.4,1301.0,1298.9,1300.6,94013
2026-07-15 12:45:00,1300.6,1300.8,1298.6,1299.4,113959
2026-07-15 12:50:00,1299.4,1300.3,1298.4,1298.5,121902
2026-07-15 12:55:00,1298.4,1298.8,1295.1,1297.1,333995
2026-07-15 13:00:00,1296.9,1298.8,1296.3,1298.8,137158
2026-07-15 13:05:00,1298.8,1299.8,1298.0,1299.3,216064
2026-07-15 13:10:00,1299.2,1299.4,1298.5,1299.3,91994
2026-07-15 13:15:00,1299.1,1299.9,1298.9,1299.9,184032
2026-07-15 13:20:00,1299.8,1300.0,1298.3,1299.6,113723
2026-07-15 13:25:00,1299.6,1300.4,1298.2,1300.4,117799
2026-07-15 13:30:00,1300.1,1300.4,1298.3,1298.9,114244
2026-07-15 13:35:00,1298.8,1300.4,1298.6,1299.8,144466
2026-07-15 13:40:00,1299.5,1300.2,1298.0,1298.6,121685
2026-07-15 13:45:00,1298.3,1301.0,1298.0,1300.3,125225
2026-07-15 13:50:00,1300.3,1300.3,1298.6,1299.3,93634
2026-07-15 13:55:00,1299.3,1300.7,1298.7,1300.4,100369
2026-07-15 14:00:00,1300.3,1300.6,1298.0,1298.6,109536
2026-07-15 14:05:00,1298.5,1299.1,1297.2,1297.4,96613
2026-07-15 14:10:00,1297.1,1297.4,1296.5,1297.1,72932
2026-07-15 14:15:00,1297.1,1299.1,1297.0,1298.1,243446
2026-07-15 14:20:00,1298.0,1298.3,1296.0,1296.5,216629
2026-07-15 14:25:00,1296.5,1297.0,1295.6,1297.0,92886
2026-07-15 14:30:00,1296.9,1297.2,1295.6,1296.6,102495
2026-07-15 14:35:00,1296.6,1298.9,1296.1,1298.8,329898
2026-07-15 14:40:00,1298.7,1298.9,1297.5,1298.8,111149
2026-07-15 14:45:00,1298.7,1298.9,1296.0,1296.5,96067
2026-07-15 14:50:00,1296.4,1297.3,1296.0,1296.8,89082
2026-07-15 14:55:00,1297.2,1297.6,1296.0,1296.3,119787
2026-07-15 15:00:00,1296.2,1297.5,1295.3,1295.6,242287
2026-07-15 15:05:00,1295.6,1295.7,1294.1,1294.6,220518
2026-07-15 15:10:00,1294.6,1295.0,1294.3,1295.0,144125
2026-07-15 15:15:00,1294.9,1296.0,1294.2,1295.1,204163
2026-07-15 15:20:00,1295.2,1296.5,1295.1,1296.3,187676
2026-07-15 15:25:00,1296.4,1297.1,1295.0,1296.2,212950
2026-07-16 09:15:00,1295.5,1303.5,1295.5,1302.1,513446
2026-07-16 09:20:00,1302.2,1304.0,1300.8,1301.1,263801
2026-07-16 09:25:00,1300.9,1302.0,1298.5,1301.9,431706
2026-07-16 09:30:00,1302.7,1305.0,1302.7,1303.4,220493
2026-07-16 09:35:00,1303.4,1303.9,1300.9,1301.4,152667
2026-07-16 09:40:00,1301.7,1309.4,1301.2,1307.9,413718
2026-07-16 09:45:00,1307.9,1307.9,1303.9,1304.1,147686
2026-07-16 09:50:00,1304.0,1305.4,1302.7,1305.1,240755
2026-07-16 09:55:00,1305.2,1308.6,1305.2,1305.2,192913
2026-07-16 10:00:00,1305.0,1306.0,1303.6,1305.3,138689
2026-07-16 10:05:00,1305.0,1306.3,1303.6,1305.4,158079
2026-07-16 10:10:00,1305.5,1306.3,1304.4,1305.8,49571
2026-07-16 10:15:00,1305.9,1308.5,1305.5,1306.8,241852
2026-07-16 10:20:00,1306.8,1307.0,1304.7,1305.0,67299
2026-07-16 10:25:00,1305.0,1306.0,1303.4,1304.6,147325
2026-07-16 10:30:00,1304.7,1306.0,1304.0,1304.4,101021
2026-07-16 10:35:00,1304.4,1305.0,1302.6,1302.8,149106
2026-07-16 10:40:00,1302.8,1304.5,1302.5,1304.3,116068
2026-07-16 10:45:00,1304.4,1304.4,1303.2,1303.5,82128
2026-07-16 10:50:00,1303.6,1304.7,1302.8,1303.0,167973
2026-07-16 10:55:00,1303.0,1303.9,1302.8,1303.7,73745
2026-07-16 11:00:00,1303.8,1305.9,1303.8,1305.1,137589
2026-07-16 11:05:00,1305.2,1308.8,1304.9,1308.1,257482
2026-07-16 11:10:00,1308.2,1308.2,1306.9,1307.1,77772
2026-07-16 11:15:00,1307.1,1307.7,1305.8,1305.8,103065
2026-07-16 11:20:00,1305.9,1306.8,1304.7,1305.1,82432
2026-07-16 11:25:00,1305.1,1306.3,1305.0,1306.0,72632
2026-07-16 11:30:00,1305.8,1307.4,1305.5,1306.6,246860
2026-07-16 11:35:00,1306.7,1307.6,1306.1,1307.2,93636
2026-07-16 11:40:00,1307.2,1307.5,1306.0,1306.3,110328
2026-07-16 11:45:00,1306.3,1308.0,1306.2,1307.2,77561
2026-07-16 11:50:00,1307.2,1307.3,1306.0,1306.5,104694
2026-07-16 11:55:00,1306.5,1308.0,1306.0,1307.3,80131
2026-07-16 12:00:00,1307.4,1307.4,1306.0,1306.3,87433
2026-07-16 12:05:00,1306.4,1306.5,1305.0,1305.0,169326
2026-07-16 12:10:00,1305.0,1306.4,1305.0,1305.1,88773
2026-07-16 12:15:00,1305.3,1305.6,1304.2,1305.2,108262
2026-07-16 12:20:00,1305.2,1305.3,1304.0,1304.4,69954
2026-07-16 12:25:00,1304.2,1305.5,1304.2,1305.4,87044
2026-07-16 12:30:00,1305.4,1305.9,1304.9,1305.6,69840
2026-07-16 12:35:00,1305.7,1305.9,1304.9,1305.0,72813
2026-07-16 12:40:00,1305.0,1305.9,1304.0,1304.0,102368
2026-07-16 12:45:00,1304.0,1305.3,1303.7,1304.8,98026
2026-07-16 12:50:00,1304.6,1304.9,1303.9,1304.3,76669
2026-07-16 12:55:00,1304.3,1304.4,1302.9,1303.2,88642
2026-07-16 13:00:00,1303.1,1303.8,1303.0,1303.4,122899
2026-07-16 13:05:00,1303.2,1305.5,1303.0,1304.9,84939
2026-07-16 13:10:00,1304.8,1305.3,1304.2,1304.3,80520
2026-07-16 13:15:00,1304.2,1305.1,1303.4,1304.5,129708
2026-07-16 13:20:00,1304.6,1306.0,1304.5,1305.1,77593
2026-07-16 13:25:00,1305.2,1305.2,1303.9,1304.1,96652
2026-07-16 13:30:00,1304.2,1304.2,1302.5,1302.8,106557
2026-07-16 13:35:00,1302.9,1302.9,1301.4,1301.4,109142
2026-07-16 13:40:00,1301.4,1301.5,1299.5,1300.1,222732
2026-07-16 13:45:00,1300.2,1301.1,1299.7,1301.0,133364
2026-07-16 13:50:00,1301.1,1302.3,1301.0,1302.1,169211
2026-07-16 13:55:00,1302.1,1303.7,1301.8,1302.9,267915
2026-07-16 14:00:00,1303.0,1303.4,1302.1,1302.4,124543
2026-07-16 14:05:00,1302.6,1303.5,1301.6,1302.1,133239
2026-07-16 14:10:00,1302.1,1303.5,1301.8,1302.2,111025
2026-07-16 14:15:00,1302.2,1303.0,1302.0,1302.5,96275
2026-07-16 14:20:00,1302.5,1302.7,1301.3,1302.3,274339
2026-07-16 14:25:00,1302.3,1303.1,1301.4,1302.0,176592
2026-07-16 14:30:00,1302.1,1302.5,1301.2,1301.8,112380
2026-07-16 14:35:00,1302.0,1302.7,1301.1,1302.4,106153
2026-07-16 14:40:00,1302.7,1304.3,1302.1,1303.5,207714
2026-07-16 14:45:00,1303.7,1303.7,1302.3,1302.3,72845
2026-07-16 14:50:00,1302.3,1302.7,1299.6,1300.6,171698
2026-07-16 14:55:00,1300.7,1302.9,1300.6,1302.0,155525
2026-07-16 15:00:00,1302.4,1303.8,1296.5,1296.9,972913
2026-07-16 15:05:00,1296.9,1298.9,1296.9,1297.7,906316
2026-07-16 15:10:00,1297.7,1298.4,1296.7,1296.9,630527
2026-07-16 15:15:00,1296.8,1296.8,1294.3,1294.8,840358
2026-07-16 15:20:00,1294.7,1294.9,1291.9,1292.6,1051347
2026-07-16 15:25:00,1292.6,1300.9,1291.8,1300.0,1165048
2026-07-17 09:15:00,1300.0,1310.5,1296.1,1309.0,570026
2026-07-17 09:20:00,1309.2,1311.6,1308.6,1310.0,274903
2026-07-17 09:25:00,1309.8,1311.5,1309.0,1311.0,172194
2026-07-17 09:30:00,1310.9,1311.6,1307.1,1307.3,151977
2026-07-17 09:35:00,1307.3,1313.5,1307.1,1312.6,358672
2026-07-17 09:40:00,1312.5,1318.5,1312.4,1317.5,941426
2026-07-17 09:45:00,1317.8,1323.1,1316.4,1321.4,753612
2026-07-17 09:50:00,1321.4,1322.7,1320.1,1322.0,450733
2026-07-17 09:55:00,1322.0,1323.7,1321.7,1322.6,513281
2026-07-17 10:00:00,1322.8,1323.0,1320.3,1320.8,303380
2026-07-17 10:05:00,1321.0,1321.0,1319.0,1319.3,303081
2026-07-17 10:10:00,1319.2,1320.0,1318.7,1319.6,169831
2026-07-17 10:15:00,1319.6,1322.3,1319.4,1321.9,179729
2026-07-17 10:20:00,1322.0,1322.3,1320.0,1321.1,157465
2026-07-17 10:25:00,1321.3,1321.8,1319.6,1320.9,118919
2026-07-17 10:30:00,1321.3,1322.5,1320.0,1321.0,135524
2026-07-17 10:35:00,1320.4,1321.0,1319.8,1320.1,53227
2026-07-17 10:40:00,1320.7,1321.0,1320.0,1320.9,89445
2026-07-17 10:45:00,1320.9,1321.3,1320.0,1320.1,133222
2026-07-17 10:50:00,1320.2,1321.6,1320.0,1321.3,91638
2026-07-17 10:55:00,1321.0,1321.4,1320.2,1320.5,58891
2026-07-17 11:00:00,1320.5,1321.1,1320.0,1320.5,59910
2026-07-17 11:05:00,1320.7,1321.0,1319.8,1320.2,110472
2026-07-17 11:10:00,1320.2,1320.5,1318.1,1319.5,156760
2026-07-17 11:15:00,1319.5,1322.0,1319.2,1321.9,167165
2026-07-17 11:20:00,1321.8,1322.0,1320.8,1321.2,79349
2026-07-17 11:25:00,1321.3,1322.8,1321.0,1322.0,138747
2026-07-17 11:30:00,1321.1,1323.5,1321.0,1321.8,243787
2026-07-17 11:35:00,1321.6,1322.7,1320.7,1321.3,69769
2026-07-17 11:40:00,1321.3,1321.3,1320.5,1320.7,45061
2026-07-17 11:45:00,1320.9,1322.0,1320.6,1320.9,102845
2026-07-17 11:50:00,1321.0,1321.2,1320.5,1320.6,46737
2026-07-17 11:55:00,1321.0,1321.0,1320.1,1320.2,60452
2026-07-17 12:00:00,1320.3,1321.3,1320.2,1321.2,89592
2026-07-17 12:05:00,1320.6,1321.0,1320.0,1320.7,77956
2026-07-17 12:10:00,1320.6,1321.0,1320.0,1320.0,60094
2026-07-17 12:15:00,1320.5,1321.0,1319.7,1321.0,199694
2026-07-17 12:20:00,1320.9,1321.0,1320.0,1320.6,93432
2026-07-17 12:25:00,1320.6,1321.2,1320.1,1321.1,118517
2026-07-17 12:30:00,1321.2,1321.7,1320.4,1321.4,180781
2026-07-17 12:35:00,1321.0,1321.6,1320.0,1320.9,147790
2026-07-17 12:40:00,1321.0,1321.1,1320.4,1320.9,65949
2026-07-17 12:45:00,1321.0,1321.9,1320.5,1321.2,80496
2026-07-17 12:50:00,1321.3,1321.4,1320.0,1321.1,117038
2026-07-17 12:55:00,1321.0,1321.5,1320.3,1320.7,84093
2026-07-17 13:00:00,1320.8,1321.0,1320.1,1320.5,53800
2026-07-17 13:05:00,1320.4,1321.0,1320.3,1320.7,67340
2026-07-17 13:10:00,1320.7,1321.2,1320.1,1320.7,114912
2026-07-17 13:15:00,1320.2,1321.0,1320.1,1320.4,153129
2026-07-17 13:20:00,1320.5,1321.0,1320.2,1320.4,95044
2026-07-17 13:25:00,1320.2,1321.0,1319.5,1320.4,185396
2026-07-17 13:30:00,1320.7,1321.5,1320.1,1321.1,101254
2026-07-17 13:35:00,1321.0,1324.5,1320.7,1322.7,380093
2026-07-17 13:40:00,1322.6,1323.0,1320.1,1320.8,226371
2026-07-17 13:45:00,1320.8,1321.4,1319.7,1320.0,147604
2026-07-17 13:50:00,1320.0,1320.0,1317.3,1319.2,206482
2026-07-17 13:55:00,1319.2,1320.2,1316.5,1317.3,236404
2026-07-17 14:00:00,1317.3,1318.6,1317.0,1318.2,105872
2026-07-17 14:05:00,1318.2,1320.6,1318.0,1319.6,186165
2026-07-17 14:10:00,1319.6,1320.6,1319.1,1320.3,104865
2026-07-17 14:15:00,1320.4,1323.0,1319.5,1322.0,464470
2026-07-17 14:20:00,1322.0,1324.0,1322.0,1323.6,393730
2026-07-17 14:25:00,1323.7,1326.9,1322.7,1323.7,688914
2026-07-17 14:30:00,1323.9,1325.6,1323.4,1325.2,230647
2026-07-17 14:35:00,1325.2,1325.7,1321.4,1321.6,305413
2026-07-17 14:40:00,1321.5,1323.9,1321.2,1323.5,199896
2026-07-17 14:45:00,1323.6,1324.9,1323.0,1323.7,214335
2026-07-17 14:50:00,1323.6,1325.8,1323.3,1323.6,254913
2026-07-17 14:55:00,1323.8,1324.0,1320.6,1321.9,387349
2026-07-17 15:00:00,1321.9,1323.2,1321.2,1322.3,296205
2026-07-17 15:05:00,1322.7,1325.9,1322.3,1325.6,193468
2026-07-17 15:10:00,1325.4,1326.1,1324.8,1325.0,469363
2026-07-17 15:15:00,1325.4,1326.9,1324.3,1326.7,495843
2026-07-17 15:20:00,1326.1,1329.0,1325.6,1328.0,849517
2026-07-17 15:25:00,1328.0,1330.3,1327.1,1328.8,1830376
2026-07-20 09:15:00,1317.2,1342.0,1314.9,1332.0,1480110
2026-07-20 09:20:00,1332.3,1337.7,1325.9,1335.3,619567
2026-07-20 09:25:00,1335.2,1345.9,1334.3,1341.3,1153559
2026-07-20 09:30:00,1341.2,1341.2,1335.0,1338.0,377631
2026-07-20 09:35:00,1338.0,1338.4,1333.6,1335.6,268111
2026-07-20 09:40:00,1335.3,1337.3,1333.7,1335.0,171854
2026-07-20 09:45:00,1335.0,1336.2,1329.4,1330.0,300530
2026-07-20 09:50:00,1329.8,1331.4,1328.2,1329.3,220606
2026-07-20 09:55:00,1328.8,1331.9,1328.4,1330.7,128204
2026-07-20 10:00:00,1330.7,1331.0,1328.7,1329.7,127175
2026-07-20 10:05:00,1329.7,1331.7,1329.0,1331.5,137426
2026-07-20 10:10:00,1331.5,1331.7,1329.0,1329.3,110995
2026-07-20 10:15:00,1329.1,1329.8,1326.7,1327.7,271074
2026-07-20 10:20:00,1327.6,1328.0,1323.4,1324.3,243688
2026-07-20 10:25:00,1324.3,1325.8,1323.0,1325.5,207223
2026-07-20 10:30:00,1325.6,1326.6,1325.1,1325.5,99377
2026-07-20 10:35:00,1325.4,1325.5,1323.5,1323.5,111621
2026-07-20 10:40:00,1323.5,1325.4,1323.5,1325.0,93075
2026-07-20 10:45:00,1324.7,1326.1,1324.6,1326.1,153991
2026-07-20 10:50:00,1326.1,1331.0,1325.2,1330.7,353384
2026-07-20 10:55:00,1331.0,1334.9,1329.0,1331.1,276162
2026-07-20 11:00:00,1331.2,1332.5,1330.1,1332.4,173479
2026-07-20 11:05:00,1332.5,1333.9,1330.0,1332.8,180234
2026-07-20 11:10:00,1332.8,1333.2,1330.5,1332.8,91308
2026-07-20 11:15:00,1333.0,1333.2,1331.5,1332.9,154571
2026-07-20 11:20:00,1332.9,1333.8,1331.7,1331.9,90261
2026-07-20 11:25:00,1331.8,1333.8,1331.5,1332.4,134382
2026-07-20 11:30:00,1332.4,1332.8,1330.8,1332.0,188853
2026-07-20 11:35:00,1331.9,1333.0,1330.4,1332.5,102283
2026-07-20 11:40:00,1332.4,1333.1,1331.0,1331.4,159140
2026-07-20 11:45:00,1331.4,1331.9,1330.1,1330.5,136081
2026-07-20 11:50:00,1330.3,1331.3,1330.0,1330.0,85326
2026-07-20 11:55:00,1330.0,1333.0,1329.8,1332.5,151085
2026-07-20 12:00:00,1332.6,1332.7,1330.6,1331.2,149326
2026-07-20 12:05:00,1331.2,1333.3,1331.0,1332.1,217295
2026-07-20 12:10:00,1332.1,1333.7,1331.9,1332.1,216177
2026-07-20 12:15:00,1332.5,1332.6,1331.2,1331.6,55805
2026-07-20 12:20:00,1331.7,1331.9,1330.2,1330.3,51696
2026-07-20 12:25:00,1330.4,1330.6,1328.1,1328.8,72250
2026-07-20 12:30:00,1329.0,1330.0,1328.8,1329.6,45556
2026-07-20 12:35:00,1329.5,1329.6,1326.2,1326.9,73392
2026-07-20 12:40:00,1327.2,1328.4,1326.7,1327.1,41683
2026-07-20 12:45:00,1327.1,1328.3,1326.3,1328.0,86228
2026-07-20 12:50:00,1328.0,1329.9,1327.0,1328.8,179339
2026-07-20 12:55:00,1329.0,1330.8,1328.6,1330.2,80345
2026-07-20 13:00:00,1330.2,1330.7,1328.9,1329.0,71660
2026-07-20 13:05:00,1329.0,1329.7,1328.0,1328.1,75328
2026-07-20 13:10:00,1328.1,1331.9,1328.0,1331.8,87406
2026-07-20 13:15:00,1331.5,1332.3,1330.0,1330.3,73589
2026-07-20 13:20:00,1330.1,1332.0,1330.1,1330.9,39926
2026-07-20 13:25:00,1330.9,1332.9,1330.0,1332.1,125137
2026-07-20 13:30:00,1332.1,1332.4,1331.0,1331.3,82609
2026-07-20 13:35:00,1331.3,1331.9,1330.1,1330.5,65236
2026-07-20 13:40:00,1330.5,1330.6,1330.1,1330.2,54442
2026-07-20 13:45:00,1330.1,1331.5,1329.1,1330.0,147338
2026-07-20 13:50:00,1330.0,1330.0,1327.0,1327.9,153220
2026-07-20 13:55:00,1327.9,1329.0,1327.5,1328.8,43359
2026-07-20 14:00:00,1328.8,1328.8,1327.4,1327.6,162476
2026-07-20 14:05:00,1327.5,1327.6,1326.1,1326.2,70203
2026-07-20 14:10:00,1326.2,1326.3,1325.0,1325.3,136117
2026-07-20 14:15:00,1325.0,1327.1,1324.5,1326.9,81921
2026-07-20 14:20:00,1326.8,1326.8,1325.5,1325.5,42132
2026-07-20 14:25:00,1325.6,1325.7,1325.0,1325.0,45231
2026-07-20 14:30:00,1325.2,1325.2,1322.8,1323.5,115354
2026-07-20 14:35:00,1323.5,1324.3,1321.1,1321.4,152495
2026-07-20 14:40:00,1321.5,1322.9,1320.6,1322.6,168677
2026-07-20 14:45:00,1322.5,1322.9,1321.9,1322.1,129158
2026-07-20 14:50:00,1322.1,1323.7,1322.0,1323.0,93450
2026-07-20 14:55:00,1323.0,1324.0,1322.0,1322.4,106398
2026-07-20 15:00:00,1322.4,1323.9,1322.3,1323.3,216134
2026-07-20 15:05:00,1323.4,1324.9,1323.2,1323.3,327179
2026-07-20 15:10:00,1323.3,1325.1,1322.7,1324.4,239269
2026-07-20 15:15:00,1324.3,1325.5,1322.1,1322.5,395357
2026-07-20 15:20:00,1322.7,1323.2,1321.0,1321.8,401060
2026-07-20 15:25:00,1322.0,1322.4,1321.0,1321.9,385024
2026-07-21 09:15:00,1321.9,1324.6,1316.7,1317.1,614879
2026-07-21 09:20:00,1317.1,1318.9,1316.1,1317.5,267297
2026-07-21 09:25:00,1317.5,1318.0,1316.2,1316.6,148128
2026-07-21 09:30:00,1316.7,1317.1,1313.3,1314.3,278316
2026-07-21 09:35:00,1314.3,1318.9,1314.1,1318.0,210903
2026-07-21 09:40:00,1318.1,1318.9,1317.5,1318.7,120660
2026-07-21 09:45:00,1318.7,1318.9,1316.3,1317.3,128536
2026-07-21 09:50:00,1317.3,1319.5,1316.8,1319.5,192666
2026-07-21 09:55:00,1319.5,1319.9,1317.7,1317.9,109421
2026-07-21 10:00:00,1317.8,1318.5,1317.5,1317.6,103287
2026-07-21 10:05:00,1317.6,1317.6,1315.7,1316.4,95969
2026-07-21 10:10:00,1316.3,1316.4,1314.9,1315.2,121195
2026-07-21 10:15:00,1315.2,1316.3,1314.7,1315.9,136419
2026-07-21 10:20:00,1315.8,1315.9,1315.0,1315.0,76025
2026-07-21 10:25:00,1315.0,1316.0,1314.0,1314.5,116912
2026-07-21 10:30:00,1314.7,1314.8,1314.1,1314.4,69655
2026-07-21 10:35:00,1314.2,1315.1,1314.1,1315.1,96189
2026-07-21 10:40:00,1315.1,1315.6,1314.8,1315.5,70210
2026-07-21 10:45:00,1315.6,1316.0,1315.2,1315.6,80061
2026-07-21 10:50:00,1315.6,1316.4,1314.8,1315.7,91305
2026-07-21 10:55:00,1315.9,1317.4,1315.7,1317.0,92662
2026-07-21 11:00:00,1316.9,1317.0,1315.5,1315.9,28213
2026-07-21 11:05:00,1315.9,1316.0,1315.4,1315.7,47239
2026-07-21 11:10:00,1315.5,1317.0,1315.5,1316.5,73577
2026-07-21 11:15:00,1316.5,1316.5,1313.8,1314.7,160302
2026-07-21 11:20:00,1314.8,1315.0,1313.6,1314.0,222402
2026-07-21 11:25:00,1313.9,1314.2,1311.8,1312.4,199713
2026-07-21 11:30:00,1312.4,1314.1,1312.1,1313.8,65799
2026-07-21 11:35:00,1313.8,1313.9,1311.3,1313.4,113809
2026-07-21 11:40:00,1313.5,1313.5,1312.0,1312.5,78319
2026-07-21 11:45:00,1312.4,1313.6,1312.1,1313.0,49575
2026-07-21 11:50:00,1312.9,1313.1,1312.3,1312.4,26612
2026-07-21 11:55:00,1312.2,1312.6,1311.0,1311.8,66593
2026-07-21 12:00:00,1311.8,1312.5,1311.6,1312.5,42459
2026-07-21 12:05:00,1312.5,1312.5,1311.0,1311.5,80383
2026-07-21 12:10:00,1311.5,1311.8,1310.0,1310.6,91810
2026-07-21 12:15:00,1310.6,1311.6,1310.3,1311.3,33138
2026-07-21 12:20:00,1311.5,1312.0,1310.7,1311.0,106685
2026-07-21 12:25:00,1311.0,1311.5,1309.7,1309.9,119766
2026-07-21 12:30:00,1309.9,1311.2,1309.2,1311.1,192512
2026-07-21 12:35:00,1311.2,1311.8,1310.7,1311.1,89836
2026-07-21 12:40:00,1311.0,1311.1,1309.4,1309.7,72451
2026-07-21 12:45:00,1309.8,1310.2,1309.0,1309.6,81789
2026-07-21 12:50:00,1309.5,1309.6,1307.9,1308.1,83928
2026-07-21 12:55:00,1308.1,1308.4,1307.2,1307.3,60415
2026-07-21 13:00:00,1307.5,1309.2,1305.2,1306.9,292597
2026-07-21 13:05:00,1307.1,1307.8,1306.6,1307.7,59811
2026-07-21 13:10:00,1307.7,1307.7,1305.6,1305.7,210141
2026-07-21 13:15:00,1305.6,1305.8,1304.2,1305.6,142665
2026-07-21 13:20:00,1305.6,1306.3,1305.0,1306.2,115955
2026-07-21 13:25:00,1306.2,1308.4,1306.0,1308.0,191703
2026-07-21 13:30:00,1307.9,1308.0,1306.2,1307.0,263748
2026-07-21 13:35:00,1307.1,1309.2,1307.0,1309.1,204348
2026-07-21 13:40:00,1309.1,1309.9,1308.1,1309.6,238348
2026-07-21 13:45:00,1309.7,1309.8,1308.0,1308.5,193236
2026-07-21 13:50:00,1309.0,1309.2,1307.3,1308.4,143634
2026-07-21 13:55:00,1308.4,1308.4,1305.9,1306.0,216195
2026-07-21 14:00:00,1306.1,1306.4,1305.5,1305.8,121171
2026-07-21 14:05:00,1306.0,1306.6,1304.6,1304.9,153882
2026-07-21 14:10:00,1304.9,1305.8,1304.3,1305.1,147654
2026-07-21 14:15:00,1305.1,1307.3,1303.4,1307.3,543021
2026-07-21 14:20:00,1307.0,1307.4,1304.3,1305.7,271382
2026-07-21 14:25:00,1305.7,1306.4,1305.0,1305.2,155985
2026-07-21 14:30:00,1305.5,1305.8,1304.9,1305.1,269361
2026-07-21 14:35:00,1305.3,1305.7,1303.8,1304.0,267901
2026-07-21 14:40:00,1304.3,1305.7,1304.1,1305.3,137912
2026-07-21 14:45:00,1305.3,1305.3,1303.6,1304.5,185321
2026-07-21 14:50:00,1304.6,1304.7,1303.1,1304.1,296945
2026-07-21 14:55:00,1304.1,1304.9,1303.5,1303.8,194179
2026-07-21 15:00:00,1303.5,1304.5,1303.1,1303.2,317678
2026-07-21 15:05:00,1303.4,1304.5,1303.1,1303.9,589442
2026-07-21 15:10:00,1303.8,1304.4,1303.1,1303.7,330554
2026-07-21 15:15:00,1303.7,1304.0,1303.2,1303.3,284619
2026-07-21 15:20:00,1303.2,1303.4,1302.8,1303.2,414736
2026-07-21 15:25:00,1303.0,1304.6,1302.7,1304.6,332975
2026-07-22 09:15:00,1302.0,1304.6,1298.2,1300.7,494144
2026-07-22 09:20:00,1300.8,1301.8,1299.0,1300.9,183160
2026-07-22 09:25:00,1300.8,1302.0,1299.0,1299.3,134155
2026-07-22 09:30:00,1299.4,1300.5,1293.0,1294.5,369580
2026-07-22 09:35:00,1294.5,1297.7,1293.2,1297.2,142744
2026-07-22 09:40:00,1297.2,1297.7,1294.3,1294.5,102916
2026-07-22 09:45:00,1294.5,1295.5,1294.5,1295.5,98605
2026-07-22 09:50:00,1295.5,1297.4,1295.2,1296.0,74401
2026-07-22 09:55:00,1296.0,1296.8,1295.0,1296.0,75273
2026-07-22 10:00:00,1295.7,1296.1,1293.0,1293.1,131734
2026-07-22 10:05:00,1293.0,1295.0,1292.3,1294.6,138740
2026-07-22 10:10:00,1294.8,1294.8,1293.0,1293.1,71300
2026-07-22 10:15:00,1293.1,1293.1,1289.3,1289.5,309556
2026-07-22 10:20:00,1289.5,1290.0,1288.0,1288.4,228903
2026-07-22 10:25:00,1288.4,1291.3,1287.7,1291.0,276782
2026-07-22 10:30:00,1291.1,1291.2,1289.0,1289.8,167701
2026-07-22 10:35:00,1289.5,1289.8,1288.4,1288.6,68308
2026-07-22 10:40:00,1288.6,1289.5,1288.1,1288.1,131174
2026-07-22 10:45:00,1288.0,1290.6,1288.0,1288.7,152653
2026-07-22 10:50:00,1288.9,1289.6,1288.1,1289.3,108439
2026-07-22 10:55:00,1289.5,1291.2,1287.1,1291.1,193724
2026-07-22 11:00:00,1291.2,1291.2,1289.3,1289.9,101479
2026-07-22 11:05:00,1290.0,1291.5,1289.4,1291.1,61514
2026-07-22 11:10:00,1291.3,1291.4,1290.0,1290.1,66364
2026-07-22 11:15:00,1290.1,1291.3,1290.0,1290.4,53472
2026-07-22 11:20:00,1290.5,1291.4,1290.0,1290.1,74218
2026-07-22 11:25:00,1290.2,1290.3,1289.0,1289.1,80593
2026-07-22 11:30:00,1289.2,1289.5,1288.9,1289.3,134813
2026-07-22 11:35:00,1289.4,1289.7,1288.4,1289.2,94122
2026-07-22 11:40:00,1289.5,1290.0,1288.7,1289.6,126523
2026-07-22 11:45:00,1289.7,1290.6,1289.5,1289.5,80612
2026-07-22 11:50:00,1289.7,1289.7,1289.0,1289.0,72830
2026-07-22 11:55:00,1289.0,1290.4,1288.3,1289.8,166145
2026-07-22 12:00:00,1290.1,1290.1,1288.8,1289.1,87857
2026-07-22 12:05:00,1289.1,1290.5,1289.0,1289.0,68328
2026-07-22 12:10:00,1289.1,1289.7,1289.0,1289.0,105161
2026-07-22 12:15:00,1289.1,1289.3,1288.2,1288.6,102874
2026-07-22 12:20:00,1288.5,1289.0,1287.1,1288.8,127454
2026-07-22 12:25:00,1288.7,1289.6,1288.6,1289.5,58437
2026-07-22 12:30:00,1289.1,1290.0,1288.9,1289.4,101678
2026-07-22 12:35:00,1289.6,1289.7,1288.9,1289.0,69547
2026-07-22 12:40:00,1289.0,1290.2,1288.5,1289.9,93801
2026-07-22 12:45:00,1289.9,1291.3,1289.4,1290.9,78596
2026-07-22 12:50:00,1290.8,1292.6,1290.6,1291.8,123325
2026-07-22 12:55:00,1291.9,1292.0,1291.2,1291.2,62774
2026-07-22 13:00:00,1291.1,1291.4,1290.3,1290.5,89143
2026-07-22 13:05:00,1290.4,1291.7,1290.1,1291.4,55365
2026-07-22 13:10:00,1291.3,1291.7,1290.0,1290.5,77624
2026-07-22 13:15:00,1290.3,1290.6,1289.1,1289.5,65587
2026-07-22 13:20:00,1289.5,1289.9,1289.0,1289.1,48665
2026-07-22 13:25:00,1289.4,1289.8,1289.1,1289.4,254909
2026-07-22 13:30:00,1289.3,1291.3,1289.1,1291.2,60024
2026-07-22 13:35:00,1291.2,1292.3,1290.9,1291.2,98815
2026-07-22 13:40:00,1291.2,1291.5,1290.1,1290.8,62993
2026-07-22 13:45:00,1290.6,1290.9,1290.0,1290.6,49067
2026-07-22 13:50:00,1290.6,1291.8,1290.2,1291.3,60446
2026-07-22 13:55:00,1291.4,1291.8,1291.0,1291.5,58907
2026-07-22 14:00:00,1291.4,1291.5,1290.0,1290.5,100626
2026-07-22 14:05:00,1290.7,1291.0,1290.2,1290.7,60179
2026-07-22 14:10:00,1290.4,1290.8,1290.0,1290.3,64764
2026-07-22 14:15:00,1290.0,1291.0,1290.0,1290.7,69993
2026-07-22 14:20:00,1290.7,1291.0,1290.0,1290.9,77266
2026-07-22 14:25:00,1290.9,1291.1,1290.1,1290.7,81418
2026-07-22 14:30:00,1290.8,1291.3,1290.2,1291.1,81340
2026-07-22 14:35:00,1291.1,1291.7,1290.3,1290.8,96656
2026-07-22 14:40:00,1290.7,1291.3,1290.0,1290.9,90079
2026-07-22 14:45:00,1291.1,1291.4,1290.5,1291.3,76819
2026-07-22 14:50:00,1291.1,1291.4,1291.0,1291.3,67679
2026-07-22 14:55:00,1291.3,1291.3,1290.1,1291.0,187581
2026-07-22 15:00:00,1291.0,1291.5,1290.7,1290.7,239086
2026-07-22 15:05:00,1290.7,1291.7,1290.6,1291.3,342277
2026-07-22 15:10:00,1291.3,1291.7,1291.2,1291.3,290499
2026-07-22 15:15:00,1291.3,1291.4,1290.6,1291.0,303063
2026-07-22 15:20:00,1291.0,1291.1,1286.1,1286.6,788996
2026-07-22 15:25:00,1286.6,1289.4,1280.7,1283.6,930081
2026-07-23 09:15:00,1283.0,1283.0,1278.4,1281.3,297447
2026-07-23 09:20:00,1281.2,1283.5,1280.3,1283.5,111200
2026-07-23 09:25:00,1283.5,1283.6,1280.7,1281.4,138600
2026-07-23 09:30:00,1281.3,1281.5,1280.1,1281.1,87348
2026-07-23 09:35:00,1281.3,1281.9,1279.2,1281.9,137431
2026-07-23 09:40:00,1280.8,1282.7,1280.4,1281.5,85921
2026-07-23 09:45:00,1281.6,1282.1,1280.0,1281.0,79287
2026-07-23 09:50:00,1281.0,1282.1,1280.9,1282.0,66448
2026-07-23 09:55:00,1282.0,1283.9,1281.9,1283.6,91827
2026-07-23 10:00:00,1283.6,1284.7,1283.4,1284.7,87237
2026-07-23 10:05:00,1284.7,1284.7,1282.8,1283.4,136030
2026-07-23 10:10:00,1283.5,1283.6,1282.4,1283.0,53188
2026-07-23 10:15:00,1283.0,1283.8,1282.5,1283.4,37730
2026-07-23 10:20:00,1283.4,1284.5,1282.7,1284.5,53890
2026-07-23 10:25:00,1284.4,1286.5,1284.4,1285.8,93659
2026-07-23 10:30:00,1285.8,1285.8,1284.3,1284.9,50133
2026-07-23 10:35:00,1285.0,1285.9,1284.9,1285.9,46652
2026-07-23 10:40:00,1285.9,1287.0,1285.7,1287.0,66171
2026-07-23 10:45:00,1287.0,1287.0,1286.0,1286.4,62227
2026-07-23 10:50:00,1286.3,1286.3,1284.6,1284.8,68256
2026-07-23 10:55:00,1284.9,1285.0,1284.0,1284.8,45000
2026-07-23 11:00:00,1284.9,1285.0,1284.6,1284.8,37267
2026-07-23 11:05:00,1284.8,1285.0,1284.5,1284.9,47925
2026-07-23 11:10:00,1284.8,1285.1,1283.4,1285.1,146715
2026-07-23 11:15:00,1284.7,1286.6,1283.9,1285.3,272798
2026-07-23 11:20:00,1285.3,1285.7,1282.8,1282.8,202402
2026-07-23 11:25:00,1282.9,1283.1,1281.6,1282.2,104724
2026-07-23 11:30:00,1282.3,1284.5,1282.1,1284.3,264697
2026-07-23 11:35:00,1284.3,1284.5,1281.3,1281.3,45146
2026-07-23 11:40:00,1281.5,1282.6,1281.3,1282.1,66400
2026-07-23 11:45:00,1282.2,1283.1,1281.4,1282.1,144207
2026-07-23 11:50:00,1282.1,1282.2,1280.3,1280.6,94435
2026-07-23 11:55:00,1280.5,1281.0,1280.3,1280.5,76457
2026-07-23 12:00:00,1280.5,1281.6,1279.9,1281.0,159531
2026-07-23 12:05:00,1281.0,1281.4,1280.3,1281.4,48774
2026-07-23 12:10:00,1281.4,1281.6,1279.1,1279.4,134521
2026-07-23 12:15:00,1279.4,1280.4,1279.1,1279.8,114430
2026-07-23 12:20:00,1279.8,1280.3,1279.4,1279.5,52994
2026-07-23 12:25:00,1279.4,1279.5,1279.0,1279.1,44373
2026-07-23 12:30:00,1279.0,1279.1,1277.0,1277.9,215302
2026-07-23 12:35:00,1278.1,1278.2,1276.1,1276.9,112226
2026-07-23 12:40:00,1276.9,1276.9,1275.0,1275.6,163376
2026-07-23 12:45:00,1275.7,1276.3,1275.0,1275.2,178323
2026-07-23 12:50:00,1275.1,1276.4,1274.9,1276.4,120367
2026-07-23 12:55:00,1276.3,1276.8,1275.6,1276.7,123908
2026-07-23 13:00:00,1276.7,1276.7,1275.5,1275.5,104398
2026-07-23 13:05:00,1275.9,1275.9,1275.0,1275.5,91596
2026-07-23 13:10:00,1275.4,1275.5,1274.5,1275.3,88096
2026-07-23 13:15:00,1275.3,1275.3,1273.0,1274.3,158273
2026-07-23 13:20:00,1274.3,1275.0,1273.2,1274.1,156685
2026-07-23 13:25:00,1274.1,1274.8,1272.0,1272.9,130965
2026-07-23 13:30:00,1272.9,1273.1,1272.1,1272.6,64149
2026-07-23 13:35:00,1272.6,1273.7,1272.0,1273.3,140528
2026-07-23 13:40:00,1273.3,1273.6,1271.8,1272.5,208457
2026-07-23 13:45:00,1272.8,1274.2,1272.7,1273.5,165324
2026-07-23 13:50:00,1273.4,1274.2,1273.2,1273.2,80752
2026-07-23 13:55:00,1273.2,1273.6,1272.5,1273.2,62382
2026-07-23 14:00:00,1273.1,1273.2,1272.4,1272.8,70892
2026-07-23 14:05:00,1272.9,1273.0,1271.4,1271.8,105570
2026-07-23 14:10:00,1271.8,1272.5,1271.3,1272.2,137196
2026-07-23 14:15:00,1272.0,1273.5,1271.6,1273.0,103366
2026-07-23 14:20:00,1273.0,1274.2,1272.6,1274.1,157062
2026-07-23 14:25:00,1274.1,1274.2,1273.3,1273.6,92323
2026-07-23 14:30:00,1273.6,1274.8,1272.4,1274.6,159503
2026-07-23 14:35:00,1274.6,1274.9,1273.3,1273.4,143270
2026-07-23 14:40:00,1273.5,1274.2,1272.6,1272.8,168026
2026-07-23 14:45:00,1272.9,1272.9,1270.1,1270.2,255741
2026-07-23 14:50:00,1270.2,1270.3,1268.3,1269.1,378394
2026-07-23 14:55:00,1269.2,1269.4,1268.2,1269.1,191135
2026-07-23 15:00:00,1269.0,1272.0,1268.0,1268.8,965967
2026-07-23 15:05:00,1268.9,1272.6,1268.8,1271.3,699671
2026-07-23 15:10:00,1271.3,1271.6,1270.5,1271.4,374717
2026-07-23 15:15:00,1271.4,1272.5,1271.4,1272.5,347546
2026-07-23 15:20:00,1272.4,1275.8,1271.5,1275.0,679397
2026-07-23 15:25:00,1275.1,1278.4,1271.7,1272.6,1155692
2026-07-24 09:15:00,1265.0,1269.2,1249.8,1268.7,899818
2026-07-24 09:20:00,1268.4,1271.0,1267.0,1267.2,250001
2026-07-24 09:25:00,1267.4,1268.3,1263.9,1264.8,389611
2026-07-24 09:30:00,1264.8,1265.1,1263.8,1263.9,199298
2026-07-24 09:35:00,1263.9,1265.0,1263.8,1264.9,106927
2026-07-24 09:40:00,1264.9,1266.9,1264.8,1266.8,190529
2026-07-24 09:45:00,1266.8,1267.0,1265.4,1266.3,95605
2026-07-24 09:50:00,1266.3,1268.9,1265.9,1268.2,103509
2026-07-24 09:55:00,1268.1,1268.6,1266.7,1267.2,86882
2026-07-24 10:00:00,1267.1,1267.4,1265.8,1266.3,107921
2026-07-24 10:05:00,1266.3,1268.0,1266.2,1267.5,61953
2026-07-24 10:10:00,1267.5,1268.7,1267.4,1268.7,105549
2026-07-24 10:15:00,1268.5,1269.9,1267.9,1269.3,90023
2026-07-24 10:20:00,1269.2,1270.5,1268.7,1270.2,110840
2026-07-24 10:25:00,1270.2,1272.0,1270.1,1271.4,124144
2026-07-24 10:30:00,1271.3,1271.9,1270.4,1270.5,91906
2026-07-24 10:35:00,1270.5,1271.8,1270.2,1271.8,71343
2026-07-24 10:40:00,1271.8,1271.8,1270.3,1270.6,66380
2026-07-24 10:45:00,1270.6,1273.4,1270.6,1272.9,156561
2026-07-24 10:50:00,1272.9,1274.4,1272.8,1273.2,148766
2026-07-24 10:55:00,1273.2,1273.6,1272.7,1273.1,74741
2026-07-24 11:00:00,1273.1,1273.5,1272.9,1273.5,89739
2026-07-24 11:05:00,1273.5,1273.8,1273.2,1273.4,41646
2026-07-24 11:10:00,1273.3,1275.0,1272.6,1274.7,173136
2026-07-24 11:15:00,1274.7,1279.0,1274.4,1278.3,175572
2026-07-24 11:20:00,1278.1,1281.5,1278.1,1280.7,220610
2026-07-24 11:25:00,1280.6,1282.9,1279.2,1279.4,245653
2026-07-24 11:30:00,1279.4,1279.8,1276.5,1277.2,180243
2026-07-24 11:35:00,1276.7,1279.8,1276.7,1279.2,147626
2026-07-24 11:40:00,1279.2,1281.5,1278.8,1281.2,88360
2026-07-24 11:45:00,1281.2,1281.7,1280.9,1281.6,79107
2026-07-24 11:50:00,1281.6,1282.0,1281.2,1281.3,70821
2026-07-24 11:55:00,1281.0,1281.4,1279.5,1280.0,173159
2026-07-24 12:00:00,1280.1,1280.1,1279.0,1280.1,65894
2026-07-24 12:05:00,1280.1,1280.5,1279.6,1280.4,74700
2026-07-24 12:10:00,1280.1,1280.4,1278.2,1278.7,74438
2026-07-24 12:15:00,1278.9,1280.4,1278.3,1280.0,172062
2026-07-24 12:20:00,1280.0,1281.8,1279.6,1281.2,80981
2026-07-24 12:25:00,1281.7,1283.4,1281.4,1282.8,110659
2026-07-24 12:30:00,1282.8,1283.0,1281.5,1282.0,80768
2026-07-24 12:35:00,1281.9,1282.8,1280.9,1282.2,118527
2026-07-24 12:40:00,1282.1,1282.8,1281.4,1282.8,50214
2026-07-24 12:45:00,1282.8,1282.8,1281.5,1282.1,66619
2026-07-24 12:50:00,1282.0,1282.2,1281.4,1281.7,51659
2026-07-24 12:55:00,1281.7,1282.9,1281.5,1282.6,71403
2026-07-24 13:00:00,1282.5,1282.6,1281.4,1281.5,59592
2026-07-24 13:05:00,1281.2,1282.1,1280.3,1282.0,68144
2026-07-24 13:10:00,1281.9,1282.0,1280.8,1281.2,76936
2026-07-24 13:15:00,1281.2,1281.8,1280.4,1281.5,50717
2026-07-24 13:20:00,1281.5,1281.5,1280.8,1281.2,48088
2026-07-24 13:25:00,1281.2,1281.3,1280.6,1281.0,51916
2026-07-24 13:30:00,1280.5,1280.5,1278.7,1279.1,79134
2026-07-24 13:35:00,1279.0,1279.3,1278.1,1279.0,77131
2026-07-24 13:40:00,1279.0,1279.0,1277.0,1278.3,92966
2026-07-24 13:45:00,1278.2,1278.6,1277.4,1278.0,81142
2026-07-24 13:50:00,1278.4,1279.5,1277.7,1279.5,78244
2026-07-24 13:55:00,1279.4,1281.1,1279.0,1281.1,74478
2026-07-24 14:00:00,1281.1,1281.5,1279.6,1281.0,69213
2026-07-24 14:05:00,1281.0,1281.0,1278.9,1278.9,80487
2026-07-24 14:10:00,1278.9,1279.0,1278.1,1278.8,89891
2026-07-24 14:15:00,1278.8,1279.2,1278.1,1278.5,105427
2026-07-24 14:20:00,1278.4,1278.9,1277.4,1278.2,68800
2026-07-24 14:25:00,1278.3,1279.4,1277.1,1278.6,170503
2026-07-24 14:30:00,1278.5,1279.0,1276.9,1277.1,80567
2026-07-24 14:35:00,1277.4,1278.0,1276.6,1278.0,68781
2026-07-24 14:40:00,1277.9,1278.2,1275.7,1276.8,184472
2026-07-24 14:45:00,1276.7,1277.5,1276.7,1277.5,66087
2026-07-24 14:50:00,1277.5,1279.9,1277.1,1279.9,136470
2026-07-24 14:55:00,1279.6,1280.3,1278.6,1279.4,97725
2026-07-24 15:00:00,1279.4,1279.9,1277.1,1277.1,256796
2026-07-24 15:05:00,1277.1,1277.5,1276.5,1276.9,237022
2026-07-24 15:10:00,1277.0,1278.4,1276.6,1278.3,223181
2026-07-24 15:15:00,1278.1,1278.9,1277.9,1278.1,227417
2026-07-24 15:20:00,1278.1,1278.8,1278.0,1278.8,286504
2026-07-24 15:25:00,1278.3,1280.9,1278.1,1280.3,240456
2026-07-27 09:15:00,1288.2,1288.7,1283.1,1283.9,323866
2026-07-27 09:20:00,1283.9,1286.5,1283.5,1284.3,125680
2026-07-27 09:25:00,1284.3,1284.5,1282.5,1283.5,108815
2026-07-27 09:30:00,1283.5,1284.0,1283.5,1284.0,102338
2026-07-27 09:35:00,1283.7,1286.9,1283.5,1285.7,211895
2026-07-27 09:40:00,1285.6,1285.7,1284.2,1284.2,59198
2026-07-27 09:45:00,1284.4,1284.6,1283.5,1283.6,66130
2026-07-27 09:50:00,1283.7,1283.7,1282.2,1282.4,84119
2026-07-27 09:55:00,1282.4,1283.7,1281.3,1283.5,137053
2026-07-27 10:00:00,1283.5,1283.5,1282.2,1282.9,48672
2026-07-27 10:05:00,1282.8,1283.3,1282.0,1282.6,72237
2026-07-27 10:10:00,1282.6,1283.8,1282.0,1283.8,47231
2026-07-27 10:15:00,1283.8,1284.0,1281.6,1282.6,57276
2026-07-27 10:20:00,1282.6,1282.6,1280.7,1280.9,79651
2026-07-27 10:25:00,1280.7,1282.5,1280.7,1282.3,35519
2026-07-27 10:30:00,1282.4,1282.5,1281.2,1282.5,49543
2026-07-27 10:35:00,1282.5,1282.5,1280.5,1280.9,51846
2026-07-27 10:40:00,1280.9,1283.2,1280.6,1282.8,81986
2026-07-27 10:45:00,1282.9,1283.0,1281.3,1281.4,51152
2026-07-27 10:50:00,1281.3,1281.7,1280.1,1281.1,152126
2026-07-27 10:55:00,1281.1,1282.4,1280.7,1281.1,74401
2026-07-27 11:00:00,1281.6,1282.2,1281.0,1281.6,102264
2026-07-27 11:05:00,1281.6,1282.1,1281.1,1281.8,37878
2026-07-27 11:10:00,1281.8,1282.1,1281.1,1281.4,51335
2026-07-27 11:15:00,1281.4,1282.9,1281.2,1282.9,70852
2026-07-27 11:20:00,1282.9,1283.5,1282.7,1283.5,55442
2026-07-27 11:25:00,1283.5,1283.9,1282.6,1282.7,60932
2026-07-27 11:30:00,1282.7,1283.0,1282.0,1282.4,75886
2026-07-27 11:35:00,1282.6,1282.8,1281.8,1281.9,49991
2026-07-27 11:40:00,1281.9,1283.3,1281.8,1282.2,37938
2026-07-27 11:45:00,1282.2,1283.4,1281.8,1281.8,93546
2026-07-27 11:50:00,1282.1,1282.7,1281.6,1282.3,40739
2026-07-27 11:55:00,1282.0,1283.0,1282.0,1282.2,46980
2026-07-27 12:00:00,1282.5,1282.5,1281.3,1281.4,48084
2026-07-27 12:05:00,1281.4,1281.5,1280.0,1280.7,83064
2026-07-27 12:10:00,1280.8,1280.9,1279.2,1280.2,92391
2026-07-27 12:15:00,1280.4,1280.9,1279.8,1279.9,65157
2026-07-27 12:20:00,1280.0,1280.1,1278.5,1279.6,69314
2026-07-27 12:25:00,1279.9,1280.5,1279.3,1279.3,42146
2026-07-27 12:30:00,1279.4,1280.0,1279.0,1279.5,48867
2026-07-27 12:35:00,1279.5,1279.9,1279.0,1279.3,88058
2026-07-27 12:40:00,1279.3,1279.6,1278.7,1278.8,70236
2026-07-27 12:45:00,1278.7,1278.9,1278.0,1278.3,85919
2026-07-27 12:50:00,1278.1,1279.9,1278.0,1279.0,100779
2026-07-27 12:55:00,1278.9,1279.5,1278.7,1279.4,41179
2026-07-27 13:00:00,1279.2,1280.5,1279.0,1280.3,55250
2026-07-27 13:05:00,1279.9,1281.4,1279.8,1280.0,111869
2026-07-27 13:10:00,1280.2,1280.9,1279.4,1280.9,51378
2026-07-27 13:15:00,1280.9,1281.8,1280.6,1281.2,46966
2026-07-27 13:20:00,1281.1,1281.4,1280.4,1280.9,52244
2026-07-27 13:25:00,1281.0,1281.1,1279.5,1279.6,41867
2026-07-27 13:30:00,1279.6,1279.9,1278.9,1279.0,110068
2026-07-27 13:35:00,1279.0,1279.8,1278.1,1279.3,76265
2026-07-27 13:40:00,1279.5,1279.7,1278.4,1279.4,58512
2026-07-27 13:45:00,1279.2,1279.9,1279.0,1279.3,70301
2026-07-27 13:50:00,1279.3,1279.9,1279.0,1279.4,62779
2026-07-27 13:55:00,1279.3,1280.0,1278.9,1279.6,77906
2026-07-27 14:00:00,1279.6,1279.8,1279.3,1279.3,37397
2026-07-27 14:05:00,1279.4,1280.0,1278.9,1280.0,78227
2026-07-27 14:10:00,1280.0,1280.0,1279.0,1279.6,46711
2026-07-27 14:15:00,1279.7,1279.8,1278.0,1278.4,127728
2026-07-27 14:20:00,1278.5,1279.5,1278.2,1279.4,102128
2026-07-27 14:25:00,1279.4,1280.0,1278.5,1279.6,153333
2026-07-27 14:30:00,1279.6,1280.0,1279.4,1279.6,88231
2026-07-27 14:35:00,1279.6,1280.0,1279.0,1279.3,77719
2026-07-27 14:40:00,1279.4,1279.9,1279.0,1279.9,87449
2026-07-27 14:45:00,1279.9,1280.1,1279.0,1279.6,138460
2026-07-27 14:50:00,1279.9,1280.2,1279.4,1279.8,105043
2026-07-27 14:55:00,1279.6,1280.5,1279.5,1280.3,77261
2026-07-27 15:00:00,1280.0,1280.2,1279.5,1279.5,217893
2026-07-27 15:05:00,1279.5,1279.8,1279.3,1279.7,230987
2026-07-27 15:10:00,1279.7,1279.9,1279.6,1279.7,238678
2026-07-27 15:15:00,1279.7,1279.8,1279.4,1279.8,264811
2026-07-27 15:20:00,1279.8,1281.1,1279.7,1280.0,361813
2026-07-27 15:25:00,1279.5,1282.0,1279.2,1281.0,279860
2026-07-28 09:15:00,1275.0,1277.0,1268.5,1276.3,492740
2026-07-28 09:20:00,1276.5,1276.8,1275.0,1275.9,97710
2026-07-28 09:25:00,1275.8,1275.9,1274.1,1274.4,83671
2026-07-28 09:30:00,1274.4,1275.2,1271.7,1271.9,108925
2026-07-28 09:35:00,1271.8,1274.0,1271.8,1273.4,63344
2026-07-28 09:40:00,1273.4,1274.4,1273.2,1273.7,68692
2026-07-28 09:45:00,1273.7,1273.7,1272.6,1273.5,71556
2026-07-28 09:50:00,1273.5,1275.5,1273.0,1275.4,49726
2026-07-28 09:55:00,1275.5,1275.6,1274.0,1274.7,75215
2026-07-28 10:00:00,1274.7,1274.7,1272.8,1274.2,70428
2026-07-28 10:05:00,1274.2,1274.4,1272.2,1273.9,60733
2026-07-28 10:10:00,1273.9,1274.0,1272.3,1272.9,61454
2026-07-28 10:15:00,1272.9,1273.2,1272.5,1272.9,44173
2026-07-28 10:20:00,1273.0,1275.1,1272.0,1275.1,99934
2026-07-28 10:25:00,1274.9,1275.2,1274.3,1275.1,74954
2026-07-28 10:30:00,1275.1,1276.0,1275.0,1275.2,66492
2026-07-28 10:35:00,1275.3,1275.4,1274.1,1275.0,68868
2026-07-28 10:40:00,1275.1,1276.0,1275.0,1275.7,56966
2026-07-28 10:45:00,1275.7,1276.0,1275.4,1275.4,58936
2026-07-28 10:50:00,1275.6,1277.0,1275.1,1277.0,103720
2026-07-28 10:55:00,1277.0,1278.4,1276.2,1278.4,185017
2026-07-28 11:00:00,1278.4,1279.2,1276.4,1277.3,176941
2026-07-28 11:05:00,1277.3,1278.5,1275.5,1275.6,103188
2026-07-28 11:10:00,1275.5,1276.0,1275.0,1275.9,76089
2026-07-28 11:15:00,1275.9,1276.8,1275.7,1276.0,63719
2026-07-28 11:20:00,1276.0,1276.0,1273.9,1275.1,97773
2026-07-28 11:25:00,1275.0,1275.2,1273.8,1274.4,193999
2026-07-28 11:30:00,1274.4,1274.7,1273.9,1273.9,47047
2026-07-28 11:35:00,1274.0,1274.3,1273.5,1273.7,42032
2026-07-28 11:40:00,1273.6,1274.0,1273.2,1273.3,40514
2026-07-28 11:45:00,1273.2,1274.5,1272.7,1274.0,58788
2026-07-28 11:50:00,1273.9,1274.1,1272.5,1272.5,71799
2026-07-28 11:55:00,1272.5,1272.7,1272.0,1272.1,77862
2026-07-28 12:00:00,1272.1,1272.7,1272.0,1272.5,51290
2026-07-28 12:05:00,1272.5,1273.8,1272.5,1273.4,44773
2026-07-28 12:10:00,1273.5,1273.7,1273.3,1273.6,46663
2026-07-28 12:15:00,1273.5,1273.6,1273.1,1273.2,46469
2026-07-28 12:20:00,1273.2,1273.6,1273.0,1273.5,52644
2026-07-28 12:25:00,1273.5,1273.7,1273.2,1273.2,34874
2026-07-28 12:30:00,1273.2,1274.0,1273.2,1273.9,38720
2026-07-28 12:35:00,1273.9,1274.0,1273.2,1273.3,53537
2026-07-28 12:40:00,1273.3,1273.6,1273.0,1273.0,41604
2026-07-28 12:45:00,1273.0,1273.8,1273.0,1273.0,57579
2026-07-28 12:50:00,1273.1,1273.2,1272.8,1272.8,71953
2026-07-28 12:55:00,1272.7,1273.0,1272.0,1272.1,70027
2026-07-28 13:00:00,1272.1,1272.3,1271.8,1272.1,46382
2026-07-28 13:05:00,1272.2,1272.7,1272.1,1272.2,45884
2026-07-28 13:10:00,1272.3,1272.8,1271.0,1272.6,147649
2026-07-28 13:15:00,1272.6,1272.8,1271.9,1272.0,39889
2026-07-28 13:20:00,1272.0,1273.2,1271.8,1272.7,46571
2026-07-28 13:25:00,1272.7,1272.8,1271.7,1271.9,36946
2026-07-28 13:30:00,1271.9,1272.7,1271.8,1272.3,55480
2026-07-28 13:35:00,1272.3,1272.6,1271.6,1271.8,53922
2026-07-28 13:40:00,1271.7,1271.8,1271.0,1271.1,48131
2026-07-28 13:45:00,1271.0,1271.4,1270.4,1270.9,72753
2026-07-28 13:50:00,1270.8,1272.8,1270.8,1272.8,163730
2026-07-28 13:55:00,1272.8,1273.0,1270.4,1271.1,85214
2026-07-28 14:00:00,1271.0,1271.8,1270.6,1271.0,76412
2026-07-28 14:05:00,1271.4,1272.6,1270.2,1272.2,137516
2026-07-28 14:10:00,1272.2,1272.3,1271.0,1271.1,28332
2026-07-28 14:15:00,1271.1,1272.2,1271.0,1271.0,47207
2026-07-28 14:20:00,1271.1,1272.0,1271.0,1271.1,48780
2026-07-28 14:25:00,1271.0,1272.0,1271.0,1271.2,56486
2026-07-28 14:30:00,1271.1,1271.1,1270.0,1270.0,66036
2026-07-28 14:35:00,1270.0,1270.4,1270.0,1270.4,91521
2026-07-28 14:40:00,1270.0,1270.4,1268.4,1269.9,228626
2026-07-28 14:45:00,1269.5,1269.7,1266.7,1267.1,190683
2026-07-28 14:50:00,1267.2,1268.4,1266.5,1267.9,203908
2026-07-28 14:55:00,1267.5,1268.3,1267.0,1267.3,98215
2026-07-28 15:00:00,1267.6,1267.9,1266.2,1266.6,480388
2026-07-28 15:05:00,1266.5,1267.2,1266.1,1267.2,506017
2026-07-28 15:10:00,1267.0,1268.6,1266.6,1268.6,566996
2026-07-28 15:15:00,1268.5,1269.0,1266.0,1267.1,777243
2026-07-28 15:20:00,1267.1,1269.8,1265.9,1269.6,624091
2026-07-28 15:25:00,1269.6,1272.0,1269.1,1271.9,438827
2026-07-29 09:15:00,1275.0,1276.8,1271.2,1273.8,333970
2026-07-29 09:20:00,1273.8,1275.0,1273.2,1273.6,135013
2026-07-29 09:25:00,1273.6,1275.0,1272.3,1274.8,111804
2026-07-29 09:30:00,1274.7,1280.0,1274.7,1276.3,226795
2026-07-29 09:35:00,1276.3,1277.8,1276.0,1277.2,121706
2026-07-29 09:40:00,1277.3,1278.5,1275.7,1276.0,118492
2026-07-29 09:45:00,1276.0,1277.2,1275.7,1275.9,91156
2026-07-29 09:50:00,1275.9,1276.2,1275.0,1275.5,108026
2026-07-29 09:55:00,1275.5,1275.5,1273.3,1273.5,66349
2026-07-29 10:00:00,1273.7,1273.8,1272.2,1273.4,135829
2026-07-29 10:05:00,1273.6,1274.0,1273.0,1273.6,74558
2026-07-29 10:10:00,1273.6,1274.0,1272.2,1273.4,248507
2026-07-29 10:15:00,1273.4,1275.0,1272.2,1272.2,91559
2026-07-29 10:20:00,1272.3,1272.9,1271.8,1272.0,102995
2026-07-29 10:25:00,1272.5,1272.6,1271.1,1271.3,80284
2026-07-29 10:30:00,1271.2,1272.2,1271.0,1272.2,72721
2026-07-29 10:35:00,1272.2,1272.4,1271.3,1271.5,65498
2026-07-29 10:40:00,1271.4,1271.5,1271.0,1271.3,66761
2026-07-29 10:45:00,1271.3,1271.4,1270.0,1270.3,87909
2026-07-29 10:50:00,1270.4,1270.4,1269.1,1269.5,104311
2026-07-29 10:55:00,1269.8,1271.5,1269.3,1270.4,83864
2026-07-29 11:00:00,1270.3,1271.2,1269.7,1270.7,70655
2026-07-29 11:05:00,1270.7,1270.7,1270.2,1270.3,44197
2026-07-29 11:10:00,1270.3,1271.2,1269.7,1271.2,105077
2026-07-29 11:15:00,1271.0,1271.0,1270.0,1270.4,97442
2026-07-29 11:20:00,1270.5,1272.1,1269.6,1271.3,93616
2026-07-29 11:25:00,1271.2,1271.6,1269.5,1269.7,133812
2026-07-29 11:30:00,1269.5,1270.5,1268.7,1270.0,103645
2026-07-29 11:35:00,1270.0,1270.5,1269.7,1270.0,68715
2026-07-29 11:40:00,1270.0,1272.8,1269.9,1272.7,100970
2026-07-29 11:45:00,1272.8,1273.0,1272.4,1272.7,56578
2026-07-29 11:50:00,1272.8,1273.3,1271.6,1271.6,98791
2026-07-29 11:55:00,1271.6,1272.4,1271.2,1271.2,95467
2026-07-29 12:00:00,1271.3,1271.6,1270.3,1271.3,59044
2026-07-29 12:05:00,1271.5,1272.2,1271.3,1272.0,35449
2026-07-29 12:10:00,1271.9,1272.1,1271.8,1271.9,62089
2026-07-29 12:15:00,1271.9,1272.1,1271.8,1271.9,34757
2026-07-29 12:20:00,1272.0,1272.0,1271.6,1271.6,49128
2026-07-29 12:25:00,1271.8,1272.5,1271.5,1272.2,50016
2026-07-29 12:30:00,1272.4,1273.0,1272.1,1272.6,65424
2026-07-29 12:35:00,1272.9,1273.1,1272.5,1272.5,43927
2026-07-29 12:40:00,1272.8,1273.9,1272.5,1273.3,54182
2026-07-29 12:45:00,1273.5,1273.8,1271.2,1271.2,97074
2026-07-29 12:50:00,1271.6,1272.5,1271.3,1272.0,45436
2026-07-29 12:55:00,1272.2,1272.5,1271.6,1272.1,26202
2026-07-29 13:00:00,1272.3,1274.1,1271.4,1273.7,90395
2026-07-29 13:05:00,1273.7,1278.0,1273.5,1277.0,202898
2026-07-29 13:10:00,1277.1,1279.7,1277.0,1278.7,261582
2026-07-29 13:15:00,1279.2,1279.8,1277.0,1278.8,225542
2026-07-29 13:20:00,1278.5,1279.3,1277.6,1277.6,125369
2026-07-29 13:25:00,1277.9,1277.9,1276.6,1277.1,117548
2026-07-29 13:30:00,1277.1,1282.0,1276.2,1281.6,269095
2026-07-29 13:35:00,1281.5,1281.6,1279.1,1279.2,79378
2026-07-29 13:40:00,1278.9,1279.4,1277.6,1278.0,132184
2026-07-29 13:45:00,1278.0,1280.0,1277.5,1279.0,93637
2026-07-29 13:50:00,1279.0,1281.3,1279.0,1280.6,258385
2026-07-29 13:55:00,1280.8,1280.8,1280.0,1280.0,63946
2026-07-29 14:00:00,1280.2,1282.4,1280.0,1281.0,162443
2026-07-29 14:05:00,1281.0,1281.2,1279.0,1279.6,149159
2026-07-29 14:10:00,1279.9,1280.3,1279.0,1279.1,44127
2026-07-29 14:15:00,1279.0,1279.1,1277.3,1278.0,182082
2026-07-29 14:20:00,1277.5,1278.6,1277.4,1278.1,88634
2026-07-29 14:25:00,1277.9,1279.0,1277.2,1278.2,102598
2026-07-29 14:30:00,1278.2,1279.1,1276.7,1276.7,122976
2026-07-29 14:35:00,1277.1,1278.2,1276.6,1278.1,119583
2026-07-29 14:40:00,1278.1,1278.6,1276.8,1278.0,163148
2026-07-29 14:45:00,1278.0,1280.3,1278.0,1279.0,176471
2026-07-29 14:50:00,1279.1,1280.3,1277.9,1280.3,181064
2026-07-29 14:55:00,1280.0,1280.7,1279.5,1280.0,139006
2026-07-29 15:00:00,1280.0,1280.1,1276.4,1276.5,197987
2026-07-29 15:05:00,1276.6,1276.7,1275.8,1276.3,417884
2026-07-29 15:10:00,1276.4,1276.5,1275.2,1275.7,204323
2026-07-29 15:15:00,1275.6,1275.6,1274.7,1275.2,305893
2026-07-29 15:20:00,1275.1,1276.0,1274.8,1275.1,237312
2026-07-29 15:25:00,1275.2,1277.2,1275.0,1277.1,266908
2026-07-30 09:15:00,1279.8,1281.7,1275.3,1279.8,333057
2026-07-30 09:20:00,1280.4,1283.0,1280.2,1281.5,121065
2026-07-30 09:25:00,1281.5,1282.7,1280.8,1281.6,79857
2026-07-30 09:30:00,1281.5,1281.8,1280.4,1281.3,67382
2026-07-30 09:35:00,1281.3,1282.3,1280.9,1281.1,51555
2026-07-30 09:40:00,1281.0,1281.0,1279.6,1279.6,68477
2026-07-30 09:45:00,1279.7,1280.7,1279.0,1280.4,47713
2026-07-30 09:50:00,1280.6,1281.0,1280.3,1280.9,25134
2026-07-30 09:55:00,1280.9,1283.7,1280.9,1282.2,92534
2026-07-30 10:00:00,1282.3,1283.7,1281.4,1282.8,64435
2026-07-30 10:05:00,1282.6,1282.9,1280.5,1280.6,46684
2026-07-30 10:10:00,1280.7,1281.8,1280.6,1280.8,37036
2026-07-30 10:15:00,1280.7,1281.5,1280.6,1280.9,58329
2026-07-30 10:20:00,1280.8,1281.3,1280.5,1280.6,51790
2026-07-30 10:25:00,1280.7,1281.6,1280.1,1281.1,95923
2026-07-30 10:30:00,1281.0,1281.5,1281.0,1281.5,42150
2026-07-30 10:35:00,1281.5,1284.0,1281.3,1283.8,131861
2026-07-30 10:40:00,1283.9,1286.9,1283.6,1285.5,217484
2026-07-30 10:45:00,1285.4,1286.5,1284.6,1284.9,55843
2026-07-30 10:50:00,1284.8,1285.1,1284.6,1285.1,28859
2026-07-30 10:55:00,1285.1,1286.2,1284.5,1284.7,112848
2026-07-30 11:00:00,1284.7,1286.0,1284.1,1285.2,49321
2026-07-30 11:05:00,1285.2,1285.4,1284.1,1285.4,64661
2026-07-30 11:10:00,1285.4,1286.9,1285.2,1286.1,73036
2026-07-30 11:15:00,1286.0,1286.4,1285.1,1285.2,105301
2026-07-30 11:20:00,1285.8,1285.8,1285.0,1285.2,65521
2026-07-30 11:25:00,1285.1,1287.5,1285.1,1287.5,60614
2026-07-30 11:30:00,1287.3,1291.6,1287.3,1291.0,233643
2026-07-30 11:35:00,1291.1,1291.2,1288.8,1290.0,141713
2026-07-30 11:40:00,1290.1,1290.7,1290.0,1290.4,66379
2026-07-30 11:45:00,1290.4,1290.5,1289.0,1289.5,167899
2026-07-30 11:50:00,1289.4,1289.9,1289.4,1289.6,63232
2026-07-30 11:55:00,1289.7,1289.9,1289.1,1289.3,108741
2026-07-30 12:00:00,1289.3,1289.4,1288.1,1289.3,178004
2026-07-30 12:05:00,1289.3,1290.0,1289.1,1289.8,51694
2026-07-30 12:10:00,1289.7,1289.8,1289.3,1289.4,55152
2026-07-30 12:15:00,1289.6,1289.8,1287.8,1289.4,142202
2026-07-30 12:20:00,1289.2,1289.7,1289.0,1289.1,43106
2026-07-30 12:25:00,1289.1,1290.3,1289.0,1289.5,64063
2026-07-30 12:30:00,1289.9,1292.9,1289.9,1292.9,161607
2026-07-30 12:35:00,1292.9,1294.0,1291.8,1293.0,160060
2026-07-30 12:40:00,1292.9,1297.0,1292.9,1295.3,311495
2026-07-30 12:45:00,1295.4,1295.4,1293.1,1293.7,137870
2026-07-30 12:50:00,1293.6,1294.9,1292.6,1294.9,189523
2026-07-30 12:55:00,1294.8,1294.9,1294.0,1294.3,117279
2026-07-30 13:00:00,1294.7,1294.8,1290.2,1292.0,344172
2026-07-30 13:05:00,1291.9,1294.5,1291.1,1294.4,235500
2026-07-30 13:10:00,1294.5,1294.5,1292.0,1292.2,165765
2026-07-30 13:15:00,1292.5,1292.6,1291.6,1291.7,102855
2026-07-30 13:20:00,1291.7,1293.0,1291.4,1292.9,54575
2026-07-30 13:25:00,1293.0,1293.9,1291.6,1292.5,168612
2026-07-30 13:30:00,1292.5,1292.7,1291.6,1292.5,58457
2026-07-30 13:35:00,1292.6,1293.9,1291.4,1291.9,201922
2026-07-30 13:40:00,1292.0,1293.3,1291.9,1292.3,104709
2026-07-30 13:45:00,1292.2,1293.0,1291.8,1291.9,74569
2026-07-30 13:50:00,1291.9,1292.8,1291.4,1292.8,96349
2026-07-30 13:55:00,1292.7,1292.8,1290.1,1290.8,90262
2026-07-30 14:00:00,1290.9,1291.3,1290.4,1291.1,41981
2026-07-30 14:05:00,1291.1,1291.1,1289.7,1290.2,112031
2026-07-30 14:10:00,1290.2,1290.8,1289.9,1289.9,97844
2026-07-30 14:15:00,1290.0,1291.5,1288.9,1291.1,222015
2026-07-30 14:20:00,1291.1,1291.3,1288.8,1289.6,149817
2026-07-30 14:25:00,1289.6,1290.1,1288.7,1289.9,90603
2026-07-30 14:30:00,1289.8,1290.8,1289.3,1290.1,96044
2026-07-30 14:35:00,1290.2,1293.6,1289.8,1293.3,122640
2026-07-30 14:40:00,1293.3,1293.5,1292.2,1292.6,160158
2026-07-30 14:45:00,1292.6,1293.9,1292.0,1292.5,149656
2026-07-30 14:50:00,1292.4,1292.6,1290.9,1291.1,95734
2026-07-30 14:55:00,1291.2,1291.9,1290.7,1291.6,51618
2026-07-30 15:00:00,1292.0,1293.2,1291.3,1293.0,277938
2026-07-30 15:05:00,1293.0,1294.6,1290.5,1293.3,1311494
2026-07-30 15:10:00,1293.3,1294.6,1292.7,1293.3,437600
2026-07-30 15:15:00,1293.3,1293.5,1292.5,1292.6,261703
2026-07-30 15:20:00,1292.5,1295.2,1291.7,1294.5,1060565
2026-07-30 15:25:00,1294.6,1294.9,1287.6,1289.4,986977
2026-07-31 09:15:00,1295.0,1299.8,1295.0,1296.4,255387
2026-07-31 09:20:00,1296.7,1298.9,1296.6,1298.2,88735
2026-07-31 09:25:00,1298.5,1300.9,1297.0,1297.3,126762
2026-07-31 09:30:00,1297.6,1297.7,1294.0,1294.6,99609
2026-07-31 09:35:00,1294.7,1296.8,1293.6,1296.5,79479
2026-07-31 09:40:00,1296.4,1298.2,1295.0,1298.0,83185
2026-07-31 09:45:00,1298.3,1299.2,1296.7,1299.1,91307
2026-07-31 09:50:00,1299.0,1299.7,1298.0,1299.2,37956
2026-07-31 09:55:00,1299.3,1299.4,1298.2,1298.6,43286
2026-07-31 10:00:00,1298.9,1299.3,1297.6,1297.7,37794
2026-07-31 10:05:00,1297.8,1297.8,1296.4,1297.1,40396
2026-07-31 10:10:00,1297.0,1300.9,1296.6,1300.7,118327
2026-07-31 10:15:00,1300.7,1301.0,1297.9,1298.4,112469
2026-07-31 10:20:00,1298.8,1299.8,1298.5,1299.3,55339
2026-07-31 10:25:00,1299.2,1299.5,1298.1,1298.5,51902
2026-07-31 10:30:00,1298.3,1299.9,1296.8,1296.9,164511
2026-07-31 10:35:00,1297.0,1299.4,1296.0,1298.1,139345
2026-07-31 10:40:00,1298.2,1298.2,1297.0,1297.8,44827
2026-07-31 10:45:00,1297.8,1299.2,1297.6,1298.4,60817
2026-07-31 10:50:00,1298.3,1298.4,1297.3,1297.5,52341
2026-07-31 10:55:00,1297.7,1298.0,1297.2,1297.6,39043
2026-07-31 11:00:00,1297.5,1297.8,1296.2,1297.2,46402
2026-07-31 11:05:00,1297.4,1298.0,1296.3,1297.2,140160
2026-07-31 11:10:00,1297.1,1299.2,1296.5,1299.1,53179
2026-07-31 11:15:00,1299.2,1299.5,1298.0,1298.8,87829
2026-07-31 11:20:00,1298.7,1300.5,1298.7,1299.1,132034
2026-07-31 11:25:00,1299.1,1300.2,1298.5,1299.0,98414
2026-07-31 11:30:00,1299.1,1299.1,1298.6,1298.8,37617
2026-07-31 11:35:00,1298.8,1299.5,1298.8,1299.3,54405
2026-07-31 11:40:00,1299.4,1299.4,1299.0,1299.1,26739
2026-07-31 11:45:00,1299.2,1299.2,1298.8,1299.0,33064
2026-07-31 11:50:00,1299.0,1299.7,1298.9,1299.1,37679
2026-07-31 11:55:00,1299.2,1299.4,1299.0,1299.0,28509
2026-07-31 12:00:00,1299.1,1299.5,1298.2,1299.5,38534
2026-07-31 12:05:00,1299.5,1300.6,1299.1,1300.5,57304
2026-07-31 12:10:00,1300.5,1300.8,1300.2,1300.6,44464
2026-07-31 12:15:00,1300.7,1300.7,1300.2,1300.2,26904
2026-07-31 12:20:00,1300.3,1300.3,1299.6,1300.2,39649
2026-07-31 12:25:00,1300.2,1301.0,1300.0,1301.0,60342
2026-07-31 12:30:00,1301.0,1301.0,1300.2,1300.9,38940
2026-07-31 12:35:00,1301.0,1301.3,1300.3,1300.7,41194
2026-07-31 12:40:00,1300.7,1301.0,1300.0,1300.9,71743
2026-07-31 12:45:00,1301.0,1301.0,1300.6,1301.0,41204
2026-07-31 12:50:00,1300.8,1303.3,1300.6,1303.1,170812
2026-07-31 12:55:00,1303.1,1303.8,1302.9,1303.1,176470
2026-07-31 13:00:00,1303.1,1303.4,1303.0,1303.1,47568
2026-07-31 13:05:00,1303.2,1303.3,1301.6,1301.9,104382
2026-07-31 13:10:00,1301.9,1302.8,1301.5,1302.3,38803
2026-07-31 13:15:00,1302.3,1302.8,1302.1,1302.4,32726
2026-07-31 13:20:00,1302.6,1303.0,1302.0,1302.4,75530
2026-07-31 13:25:00,1302.5,1303.1,1302.0,1302.1,59133
2026-07-31 13:30:00,1302.1,1302.4,1301.0,1301.1,77726
2026-07-31 13:35:00,1301.1,1302.9,1301.0,1302.3,49726
2026-07-31 13:40:00,1302.4,1302.6,1301.9,1301.9,68068
2026-07-31 13:45:00,1302.0,1302.6,1301.9,1302.1,51666
2026-07-31 13:50:00,1302.1,1303.6,1302.1,1303.0,56756
2026-07-31 13:55:00,1303.4,1304.4,1303.0,1304.2,82503
2026-07-31 14:00:00,1304.1,1305.0,1302.4,1302.4,125241
2026-07-31 14:05:00,1302.7,1303.8,1302.1,1303.2,132809
2026-07-31 14:10:00,1303.0,1305.0,1303.0,1304.8,59688
2026-07-31 14:15:00,1304.9,1304.9,1304.0,1304.5,75545
2026-07-31 14:20:00,1304.3,1305.0,1304.0,1305.0,78284
2026-07-31 14:25:00,1304.7,1305.4,1304.4,1305.0,105929
2026-07-31 14:30:00,1305.2,1305.4,1302.7,1302.7,109099
2026-07-31 14:35:00,1302.7,1303.4,1301.7,1302.4,113558
2026-07-31 14:40:00,1302.1,1302.8,1301.3,1302.1,123525
2026-07-31 14:45:00,1302.5,1304.2,1302.1,1303.5,148602
2026-07-31 14:50:00,1303.9,1305.5,1303.4,1305.2,248064
2026-07-31 14:55:00,1305.3,1305.3,1304.0,1304.6,109084
2026-07-31 15:00:00,1304.6,1308.3,1304.6,1307.9,548216
2026-07-31 15:05:00,1308.1,1309.7,1307.9,1308.7,592244
2026-07-31 15:10:00,1308.7,1309.0,1308.1,1308.8,490028
2026-07-31 15:15:00,1308.8,1309.4,1307.7,1307.9,552707
2026-07-31 15:20:00,1307.9,1308.1,1306.1,1307.6,428636
2026-07-31 15:25:00,1307.8,1307.9,1304.0,1305.0,371812
2026-08-03 09:15:00,1315.2,1315.8,1311.8,1312.2,415461
2026-08-03 09:20:00,1312.7,1314.4,1311.2,1314.2,301829
2026-08-03 09:25:00,1314.1,1314.5,1311.8,1313.4,195294
2026-08-03 09:30:00,1313.7,1314.4,1313.0,1313.7,130579
2026-08-03 09:35:00,1314.3,1314.3,1312.5,1313.0,217448
2026-08-03 09:40:00,1312.9,1313.0,1312.2,1312.8,88520
2026-08-03 09:45:00,1312.7,1312.8,1310.8,1311.0,128901
2026-08-03 09:50:00,1311.0,1311.5,1310.0,1311.0,128765
2026-08-03 09:55:00,1311.0,1312.9,1311.0,1312.9,112298
2026-08-03 10:00:00,1312.8,1313.7,1310.5,1310.8,135445
2026-08-03 10:05:00,1310.9,1311.1,1308.8,1311.0,100571
2026-08-03 10:10:00,1310.6,1311.5,1310.6,1310.9,50634
2026-08-03 10:15:00,1311.0,1312.5,1310.5,1311.8,65375
2026-08-03 10:20:00,1311.6,1311.9,1309.7,1310.0,54600
2026-08-03 10:25:00,1309.9,1312.1,1309.9,1310.8,54268
2026-08-03 10:30:00,1310.8,1311.5,1310.6,1311.5,53379
2026-08-03 10:35:00,1311.5,1314.9,1311.4,1314.9,106137
2026-08-03 10:40:00,1314.9,1315.0,1313.5,1313.8,120056
2026-08-03 10:45:00,1313.7,1313.7,1312.5,1312.8,54068
2026-08-03 10:50:00,1312.8,1312.8,1312.1,1312.3,34774
2026-08-03 10:55:00,1312.3,1312.3,1310.2,1311.0,95601
2026-08-03 11:00:00,1311.1,1313.9,1310.6,1313.9,86558
2026-08-03 11:05:00,1313.9,1314.1,1313.0,1313.1,62993
2026-08-03 11:10:00,1313.1,1313.1,1311.6,1311.9,43770
2026-08-03 11:15:00,1311.8,1312.4,1311.3,1311.5,45017
2026-08-03 11:20:00,1311.9,1311.9,1310.6,1311.3,73045
2026-08-03 11:25:00,1311.3,1312.3,1311.2,1312.2,92441
2026-08-03 11:30:00,1312.3,1312.3,1311.0,1311.4,97088
2026-08-03 11:35:00,1311.4,1312.3,1311.2,1312.1,56559
2026-08-03 11:40:00,1312.1,1312.4,1310.5,1310.6,95111
2026-08-03 11:45:00,1310.7,1310.9,1309.0,1309.5,213964
2026-08-03 11:50:00,1309.5,1311.0,1309.5,1310.5,77533
2026-08-03 11:55:00,1310.4,1310.5,1309.4,1309.6,97606
2026-08-03 12:00:00,1309.6,1310.1,1309.1,1309.2,108975
2026-08-03 12:05:00,1309.2,1310.5,1309.1,1309.5,52391
2026-08-03 12:10:00,1309.2,1310.3,1309.1,1310.1,91343
2026-08-03 12:15:00,1310.1,1310.7,1310.0,1310.0,64175
2026-08-03 12:20:00,1310.1,1310.9,1310.0,1310.9,95391
2026-08-03 12:25:00,1310.9,1311.1,1309.4,1309.9,75206
2026-08-03 12:30:00,1309.7,1309.9,1309.2,1309.6,44223
2026-08-03 12:35:00,1309.4,1309.6,1307.2,1308.5,146756
2026-08-03 12:40:00,1308.5,1309.7,1308.3,1309.1,68425
2026-08-03 12:45:00,1309.2,1310.0,1307.4,1308.7,87732
2026-08-03 12:50:00,1308.9,1309.8,1308.3,1309.6,53076
2026-08-03 12:55:00,1309.5,1309.7,1308.6,1308.8,51673
2026-08-03 13:00:00,1308.6,1309.5,1308.5,1309.0,41917
2026-08-03 13:05:00,1309.0,1309.9,1308.7,1309.8,87041
2026-08-03 13:10:00,1309.7,1309.9,1309.0,1309.3,46478
2026-08-03 13:15:00,1309.4,1309.9,1309.0,1309.0,55219
2026-08-03 13:20:00,1309.1,1309.4,1308.5,1308.6,57898
2026-08-03 13:25:00,1308.6,1309.8,1308.0,1308.9,61549
2026-08-03 13:30:00,1308.9,1309.0,1307.7,1307.8,53117
2026-08-03 13:35:00,1307.9,1309.5,1307.4,1307.9,65914
2026-08-03 13:40:00,1308.0,1309.3,1306.6,1308.6,83872
2026-08-03 13:45:00,1308.5,1309.1,1307.4,1307.4,51426
2026-08-03 13:50:00,1307.4,1308.4,1307.2,1308.0,46313
2026-08-03 13:55:00,1308.0,1309.2,1307.5,1308.4,57561
2026-08-03 14:00:00,1308.5,1308.9,1308.1,1308.8,26838
2026-08-03 14:05:00,1308.7,1309.0,1308.5,1308.9,28280
2026-08-03 14:10:00,1308.9,1309.9,1308.4,1309.8,47340
2026-08-03 14:15:00,1309.7,1309.7,1308.0,1308.8,62429
2026-08-03 14:20:00,1308.7,1308.9,1306.7,1307.8,266640
2026-08-03 14:25:00,1307.9,1310.0,1307.9,1309.3,84494
2026-08-03 14:30:00,1309.4,1310.0,1309.0,1309.6,87069
2026-08-03 14:35:00,1309.5,1310.4,1309.0,1309.5,97891
2026-08-03 14:40:00,1309.5,1310.3,1309.1,1310.2,54554
2026-08-03 14:45:00,1310.2,1310.8,1310.0,1310.4,56806
2026-08-03 14:50:00,1310.6,1311.0,1309.8,1309.9,97849
2026-08-03 14:55:00,1309.8,1310.2,1309.2,1309.3,82337
2026-08-03 15:00:00,1309.4,1309.5,1307.6,1308.5,202091
2026-08-03 15:05:00,1308.4,1308.4,1306.4,1307.6,201449
2026-08-03 15:10:00,1307.8,1310.2,1306.0,1309.0,302659
2026-08-03 15:15:00,1309.0,1309.0,1309.0,1309.0,11
2026-08-03 15:20:00,1309.0,1309.0,1309.0,1309.0,0
2026-08-03 15:25:00,1309.0,1319.0,1309.0,1319.0,400421
2026-08-04 09:15:00,1315.0,1315.0,1306.0,1306.5,425084
2026-08-04 09:20:00,1306.6,1309.5,1306.6,1308.4,122741
2026-08-04 09:25:00,1308.6,1308.9,1307.1,1307.1,62695
2026-08-04 09:30:00,1307.2,1307.4,1305.1,1305.2,119434
2026-08-04 09:35:00,1305.1,1305.5,1304.0,1304.3,176662
2026-08-04 09:40:00,1304.6,1306.9,1304.3,1306.8,108988
2026-08-04 09:45:00,1306.5,1306.8,1305.9,1306.2,95201
2026-08-04 09:50:00,1306.7,1307.6,1305.8,1306.0,81467
2026-08-04 09:55:00,1306.0,1306.6,1305.1,1305.7,65767
2026-08-04 10:00:00,1305.6,1306.6,1305.4,1306.0,44239
2026-08-04 10:05:00,1306.0,1306.2,1305.0,1305.0,82642
2026-08-04 10:10:00,1305.1,1305.9,1304.8,1305.7,105123
2026-08-04 10:15:00,1305.8,1305.9,1305.5,1305.6,45906
2026-08-04 10:20:00,1305.7,1305.7,1301.4,1302.1,224296
2026-08-04 10:25:00,1302.5,1303.1,1301.0,1302.4,140202
2026-08-04 10:30:00,1302.2,1302.4,1300.3,1301.6,104173
2026-08-04 10:35:00,1301.7,1302.2,1301.2,1302.0,46891
2026-08-04 10:40:00,1301.9,1302.5,1301.8,1302.0,48551
2026-08-04 10:45:00,1301.9,1302.4,1301.0,1301.2,63120
2026-08-04 10:50:00,1301.3,1301.7,1300.4,1301.4,66749
2026-08-04 10:55:00,1301.3,1301.8,1300.5,1300.8,38254
2026-08-04 11:00:00,1300.8,1301.3,1300.8,1301.0,46582
2026-08-04 11:05:00,1301.1,1301.2,1300.1,1300.3,59066
2026-08-04 11:10:00,1300.3,1300.9,1300.0,1300.3,146756
2026-08-04 11:15:00,1300.7,1300.7,1300.0,1300.1,48014
2026-08-04 11:20:00,1300.3,1300.4,1298.3,1299.4,115709
2026-08-04 11:25:00,1299.5,1300.1,1298.5,1298.8,119345
2026-08-04 11:30:00,1298.6,1299.4,1298.2,1298.5,114085
2026-08-04 11:35:00,1298.8,1300.4,1298.4,1299.8,135903
2026-08-04 11:40:00,1300.2,1300.2,1298.5,1298.8,124990
2026-08-04 11:45:00,1299.2,1299.7,1297.3,1297.5,107904
2026-08-04 11:50:00,1297.7,1298.1,1297.1,1297.4,42025
2026-08-04 11:55:00,1297.2,1297.8,1295.4,1295.5,139089
2026-08-04 12:00:00,1295.8,1297.6,1294.4,1296.9,136515
2026-08-04 12:05:00,1296.8,1297.2,1296.0,1296.0,61028
2026-08-04 12:10:00,1296.0,1296.3,1295.1,1296.2,72137
2026-08-04 12:15:00,1296.3,1296.4,1295.4,1296.2,51649
2026-08-04 12:20:00,1296.2,1296.5,1295.0,1295.6,93992
2026-08-04 12:25:00,1295.7,1296.1,1293.1,1293.9,140503
2026-08-04 12:30:00,1294.0,1294.0,1292.5,1293.0,156831
2026-08-04 12:35:00,1292.9,1293.8,1292.1,1293.8,114313
2026-08-04 12:40:00,1293.5,1293.8,1292.6,1293.4,104860
2026-08-04 12:45:00,1293.7,1294.6,1292.2,1293.2,94232
2026-08-04 12:50:00,1293.2,1294.6,1293.2,1293.5,52463
2026-08-04 12:55:00,1293.3,1293.5,1292.5,1292.7,103571
2026-08-04 13:00:00,1293.2,1294.1,1292.7,1293.3,101107
2026-08-04 13:05:00,1293.3,1293.3,1292.1,1292.1,70781
2026-08-04 13:10:00,1292.5,1293.7,1292.1,1292.2,42175
2026-08-04 13:15:00,1292.1,1293.3,1292.0,1292.5,73825
2026-08-04 13:20:00,1292.5,1293.4,1292.1,1293.4,87159
2026-08-04 13:25:00,1293.4,1293.5,1292.1,1292.1,121049
2026-08-04 13:30:00,1292.1,1292.9,1292.1,1292.6,71013
2026-08-04 13:35:00,1292.8,1293.5,1292.5,1293.3,52478
2026-08-04 13:40:00,1293.4,1293.7,1292.6,1292.7,49121
2026-08-04 13:45:00,1292.9,1293.3,1292.1,1292.9,57795
2026-08-04 13:50:00,1293.0,1293.5,1291.2,1291.4,125088
2026-08-04 13:55:00,1291.4,1292.0,1290.4,1291.6,290889
2026-08-04 14:00:00,1292.0,1292.0,1291.0,1291.5,154248
2026-08-04 14:05:00,1291.9,1293.0,1291.1,1292.0,108852
2026-08-04 14:10:00,1292.0,1294.9,1291.8,1294.7,215205
2026-08-04 14:15:00,1294.7,1295.7,1293.7,1295.7,393581
2026-08-04 14:20:00,1295.6,1296.4,1294.4,1295.4,216092
2026-08-04 14:25:00,1295.1,1296.0,1293.8,1295.7,171287
2026-08-04 14:30:00,1295.6,1297.4,1291.6,1293.3,920146
2026-08-04 14:35:00,1293.3,1294.5,1292.9,1293.9,113346
2026-08-04 14:40:00,1293.8,1294.1,1292.5,1292.5,114843
2026-08-04 14:45:00,1293.0,1294.3,1292.6,1293.3,148365
2026-08-04 14:50:00,1293.3,1294.0,1292.2,1292.7,203037
2026-08-04 14:55:00,1292.7,1292.8,1291.0,1291.1,290093
2026-08-04 15:00:00,1291.8,1291.9,1290.0,1290.0,300249
2026-08-04 15:05:00,1290.0,1292.0,1289.5,1290.2,373895
2026-08-04 15:10:00,1290.4,1291.0,1286.4,1290.6,491201
2026-08-04 15:15:00,1290.6,1290.6,1290.6,1290.6,100
2026-08-04 15:20:00,1290.6,1290.6,1290.6,1290.6,0
2026-08-04 15:25:00,1290.6,1290.9,1290.6,1290.9,500773
2026-08-05 09:15:00,1293.0,1299.0,1292.5,1294.4,706616
2026-08-05 09:20:00,1294.4,1296.8,1294.1,1296.2,237619
2026-08-05 09:25:00,1296.4,1296.6,1295.1,1295.7,119356
2026-08-05 09:30:00,1295.6,1295.6,1294.2,1294.5,117811
2026-08-05 09:35:00,1294.7,1295.0,1294.3,1295.0,65613
2026-08-05 09:40:00,1294.9,1296.0,1293.2,1293.6,128290
2026-08-05 09:45:00,1293.7,1294.0,1292.6,1292.9,102177
2026-08-05 09:50:00,1292.9,1293.1,1291.2,1291.3,83676
2026-08-05 09:55:00,1291.4,1291.5,1290.6,1290.8,97000
2026-08-05 10:00:00,1290.7,1292.5,1290.7,1291.7,104868
2026-08-05 10:05:00,1291.8,1292.0,1290.7,1291.3,73943
2026-08-05 10:10:00,1291.4,1292.2,1291.1,1292.0,45633
2026-08-05 10:15:00,1292.1,1292.1,1291.0,1291.3,68596
2026-08-05 10:20:00,1291.3,1293.6,1291.0,1293.5,114164
2026-08-05 10:25:00,1293.5,1293.6,1292.1,1292.4,80986
2026-08-05 10:30:00,1292.3,1292.5,1289.6,1290.9,181999
2026-08-05 10:35:00,1290.9,1291.1,1290.8,1291.0,52472
2026-08-05 10:40:00,1291.1,1292.2,1291.0,1292.0,63607
2026-08-05 10:45:00,1292.0,1292.4,1290.7,1290.8,97822
2026-08-05 10:50:00,1290.7,1291.2,1290.6,1291.0,57156
2026-08-05 10:55:00,1291.0,1293.5,1290.9,1293.2,208774
2026-08-05 11:00:00,1293.3,1294.2,1291.6,1291.9,125623
2026-08-05 11:05:00,1292.0,1293.5,1290.7,1290.8,174681
2026-08-05 11:10:00,1290.9,1291.7,1290.3,1291.3,120719
2026-08-05 11:15:00,1291.5,1291.7,1290.5,1290.5,67336
2026-08-05 11:20:00,1290.6,1291.6,1290.5,1291.1,149421
2026-08-05 11:25:00,1291.1,1291.1,1289.2,1290.0,1409490
2026-08-05 11:30:00,1290.0,1290.2,1288.3,1288.6,144377
2026-08-05 11:35:00,1288.6,1289.2,1288.0,1288.3,112759
2026-08-05 11:40:00,1288.4,1288.5,1288.0,1288.3,41729
2026-08-05 11:45:00,1288.3,1288.5,1288.0,1288.0,56702
2026-08-05 11:50:00,1288.0,1288.1,1287.4,1287.7,67577
2026-08-05 11:55:00,1287.6,1287.8,1286.0,1286.4,86075
2026-08-05 12:00:00,1286.3,1286.7,1286.0,1286.2,58838
2026-08-05 12:05:00,1286.1,1286.9,1286.1,1286.6,50282
2026-08-05 12:10:00,1286.5,1287.2,1286.5,1287.1,51714
2026-08-05 12:15:00,1287.1,1287.8,1287.0,1287.3,66838
2026-08-05 12:20:00,1287.4,1288.0,1285.4,1286.3,259724
2026-08-05 12:25:00,1286.5,1286.9,1285.6,1286.2,82050
2026-08-05 12:30:00,1286.3,1286.3,1285.6,1285.8,47168
2026-08-05 12:35:00,1285.9,1285.9,1284.1,1285.3,785562
2026-08-05 12:40:00,1285.2,1286.2,1285.0,1286.0,398797
2026-08-05 12:45:00,1286.1,1286.3,1283.7,1284.0,443171
2026-08-05 12:50:00,1284.0,1284.3,1283.6,1283.6,52792
2026-08-05 12:55:00,1283.7,1284.0,1283.1,1284.0,77387
2026-08-05 13:00:00,1284.0,1285.8,1283.8,1285.4,181188
2026-08-05 13:05:00,1285.7,1285.7,1283.0,1284.9,328812
2026-08-05 13:10:00,1284.9,1285.5,1283.6,1285.5,247958
2026-08-05 13:15:00,1284.8,1286.6,1284.7,1285.3,408702
2026-08-05 13:20:00,1285.4,1287.5,1281.4,1281.7,553547
2026-08-05 13:25:00,1281.9,1283.0,1280.6,1282.1,1398029
2026-08-05 13:30:00,1282.1,1282.3,1279.7,1280.0,341209
2026-08-05 13:35:00,1279.9,1280.8,1279.7,1280.3,115301
2026-08-05 13:40:00,1280.4,1280.5,1279.1,1279.6,188627
2026-08-05 13:45:00,1279.6,1281.0,1279.2,1280.7,290267
2026-08-05 13:50:00,1280.7,1281.4,1278.7,1279.7,756464
2026-08-05 13:55:00,1279.6,1279.9,1277.9,1277.9,256400
2026-08-05 14:00:00,1277.9,1278.7,1277.1,1278.2,233337
2026-08-05 14:05:00,1278.3,1278.5,1276.8,1277.0,1293860
2026-08-05 14:10:00,1277.0,1277.5,1276.7,1276.8,130379
2026-08-05 14:15:00,1276.7,1277.4,1276.5,1276.9,176271
2026-08-05 14:20:00,1276.8,1277.1,1274.2,1275.0,939899
2026-08-05 14:25:00,1274.7,1275.8,1274.4,1275.0,338698
2026-08-05 14:30:00,1275.1,1275.3,1274.6,1274.8,259284
2026-08-05 14:35:00,1274.8,1275.3,1274.4,1275.1,277328
2026-08-05 14:40:00,1275.1,1275.2,1273.2,1273.5,524630
2026-08-05 14:45:00,1273.4,1275.7,1273.4,1275.2,343747
2026-08-05 14:50:00,1275.2,1275.3,1272.2,1272.8,717297
2026-08-05 14:55:00,1272.7,1272.9,1271.2,1272.4,389831
2026-08-05 15:00:00,1272.5,1276.0,1272.2,1275.6,1545517
2026-08-05 15:05:00,1275.6,1275.6,1272.6,1272.9,2746946
2026-08-05 15:10:00,1273.0,1280.3,1270.1,1280.0,1696978
2026-08-05 15:15:00,1280.0,1280.0,1280.0,1280.0,141
2026-08-05 15:20:00,1280.0,1280.0,1280.0,1280.0,0
2026-08-05 15:25:00,1280.0,1280.0,1280.0,1280.0,266135
2026-08-06 09:15:00,1285.0,1296.7,1281.2,1296.0,1108643
2026-08-06 09:20:00,1296.5,1301.1,1296.1,1298.1,693441
2026-08-06 09:25:00,1298.0,1298.3,1295.0,1297.7,380790
2026-08-06 09:30:00,1297.9,1300.6,1297.5,1300.4,280377
2026-08-06 09:35:00,1300.1,1300.9,1299.0,1299.0,214337
2026-08-06 09:40:00,1299.5,1301.4,1299.0,1300.9,209476
2026-08-06 09:45:00,1301.0,1304.4,1299.5,1303.7,369158
2026-08-06 09:50:00,1303.6,1304.9,1303.0,1303.9,210606
2026-08-06 09:55:00,1304.0,1305.0,1303.5,1303.7,185933
2026-08-06 10:00:00,1303.7,1303.8,1302.0,1302.2,255682
2026-08-06 10:05:00,1302.0,1302.1,1300.8,1301.8,143368
2026-08-06 10:10:00,1301.7,1301.9,1300.3,1300.7,96564
2026-08-06 10:15:00,1300.7,1300.9,1298.2,1299.2,184133
2026-08-06 10:20:00,1299.5,1300.4,1299.0,1300.3,82112
2026-08-06 10:25:00,1300.4,1300.4,1299.0,1300.0,55159
2026-08-06 10:30:00,1299.9,1301.0,1299.5,1300.4,70282
2026-08-06 10:35:00,1300.5,1300.7,1299.5,1300.0,48350
2026-08-06 10:40:00,1300.0,1301.0,1299.3,1300.7,86305
2026-08-06 10:45:00,1300.6,1301.7,1300.0,1301.1,90885
2026-08-06 10:50:00,1301.2,1304.8,1300.6,1304.5,177189
2026-08-06 10:55:00,1304.7,1307.3,1304.0,1307.0,311899
2026-08-06 11:00:00,1306.9,1307.0,1305.1,1305.3,117921
2026-08-06 11:05:00,1305.6,1307.5,1305.0,1307.0,538372
2026-08-06 11:10:00,1307.3,1308.7,1307.0,1308.3,231684
2026-08-06 11:15:00,1309.3,1311.9,1307.7,1311.6,457765
2026-08-06 11:20:00,1311.3,1313.4,1310.4,1313.4,439895
2026-08-06 11:25:00,1313.0,1314.4,1311.6,1313.9,365234
2026-08-06 11:30:00,1313.9,1314.9,1310.1,1311.5,230791
2026-08-06 11:35:00,1311.5,1312.2,1311.1,1311.4,106422
2026-08-06 11:40:00,1311.4,1316.4,1311.4,1315.8,496474
2026-08-06 11:45:00,1315.8,1317.1,1315.0,1316.5,483009
2026-08-06 11:50:00,1316.6,1317.8,1316.0,1316.0,226554
2026-08-06 11:55:00,1316.0,1319.4,1316.0,1319.2,312719
2026-08-06 12:00:00,1319.2,1319.5,1316.9,1317.0,611615
2026-08-06 12:05:00,1317.1,1317.4,1315.3,1315.7,133022
2026-08-06 12:10:00,1315.7,1316.2,1315.0,1315.9,206488
2026-08-06 12:15:00,1316.1,1316.4,1315.2,1316.1,119230
2026-08-06 12:20:00,1316.0,1316.1,1314.1,1315.4,152498
2026-08-06 12:25:00,1315.5,1316.7,1315.4,1316.4,105161
2026-08-06 12:30:00,1316.5,1318.5,1316.4,1318.2,125193
2026-08-06 12:35:00,1318.3,1320.7,1318.2,1320.4,530308
2026-08-06 12:40:00,1320.5,1321.7,1319.5,1320.7,222256
2026-08-06 12:45:00,1320.6,1321.6,1320.0,1320.0,233552
2026-08-06 12:50:00,1320.0,1320.8,1319.4,1320.0,209995
2026-08-06 12:55:00,1320.0,1321.5,1320.0,1320.4,308796
2026-08-06 13:00:00,1320.4,1325.2,1320.3,1322.9,799305
2026-08-06 13:05:00,1322.5,1323.0,1320.0,1322.1,318211
2026-08-06 13:10:00,1322.1,1323.0,1320.5,1320.7,189332
2026-08-06 13:15:00,1320.7,1323.4,1320.0,1321.5,334973
2026-08-06 13:20:00,1321.8,1321.8,1318.2,1319.1,242337
2026-08-06 13:25:00,1319.2,1321.0,1319.1,1320.0,112312
2026-08-06 13:30:00,1319.9,1321.0,1319.5,1320.8,93467
2026-08-06 13:35:00,1320.9,1321.5,1319.2,1319.7,394813
2026-08-06 13:40:00,1319.2,1320.3,1319.1,1319.5,163121
2026-08-06 13:45:00,1319.6,1320.4,1317.7,1318.4,261098
2026-08-06 13:50:00,1318.3,1319.5,1317.7,1319.2,220549
2026-08-06 13:55:00,1319.3,1320.3,1317.7,1320.3,215968
2026-08-06 14:00:00,1319.9,1320.3,1318.3,1319.2,149722
2026-08-06 14:05:00,1319.1,1321.1,1318.9,1320.0,144842
2026-08-06 14:10:00,1320.0,1321.7,1320.0,1321.2,184276
2026-08-06 14:15:00,1321.1,1323.1,1321.1,1323.0,155568
2026-08-06 14:20:00,1322.8,1323.0,1321.8,1322.0,179014
2026-08-06 14:25:00,1322.1,1323.2,1322.0,1322.9,143020
2026-08-06 14:30:00,1322.9,1323.4,1321.1,1321.8,317305
2026-08-06 14:35:00,1321.9,1322.8,1321.9,1322.8,166187
2026-08-06 14:40:00,1322.7,1323.5,1321.2,1321.8,414381
2026-08-06 14:45:00,1321.8,1322.7,1321.6,1322.3,164758
2026-08-06 14:50:00,1322.4,1322.5,1321.0,1321.3,203264
2026-08-06 14:55:00,1321.3,1321.9,1320.5,1321.7,208359
2026-08-06 15:00:00,1321.3,1321.9,1319.6,1320.1,522189
2026-08-06 15:05:00,1320.7,1322.6,1319.6,1321.1,632590
2026-08-06 15:10:00,1321.2,1322.4,1320.3,1322.0,341123
2026-08-06 15:15:00,1321.0,1321.0,1321.0,1321.0,128
2026-08-06 15:20:00,1321.0,1321.0,1321.0,1321.0,0
2026-08-06 15:25:00,1321.0,1325.0,1321.0,1325.0,623001
2026-08-07 09:15:00,1320.0,1331.6,1320.0,1327.2,782625
2026-08-07 09:20:00,1327.5,1327.6,1325.0,1327.1,190510
2026-08-07 09:25:00,1327.2,1327.4,1322.1,1322.2,136775
2026-08-07 09:30:00,1322.2,1323.0,1321.1,1321.4,118131
2026-08-07 09:35:00,1321.4,1322.0,1318.7,1319.0,118568
2026-08-07 09:40:00,1319.3,1320.6,1318.1,1320.3,113805
2026-08-07 09:45:00,1320.3,1320.3,1317.2,1317.6,81435
2026-08-07 09:50:00,1318.0,1318.8,1316.6,1317.9,88265
2026-08-07 09:55:00,1318.1,1323.9,1317.9,1323.0,169285
2026-08-07 10:00:00,1323.0,1323.0,1321.0,1321.3,93213
2026-08-07 10:05:00,1321.3,1321.4,1319.2,1319.3,55642
2026-08-07 10:10:00,1319.3,1319.7,1318.1,1319.0,60864
2026-08-07 10:15:00,1319.4,1319.7,1317.3,1319.5,101986
2026-08-07 10:20:00,1319.7,1320.9,1319.0,1319.0,44858
2026-08-07 10:25:00,1319.2,1320.2,1318.7,1320.2,38167
2026-08-07 10:30:00,1320.3,1320.3,1319.1,1320.2,35131
2026-08-07 10:35:00,1319.9,1321.1,1319.5,1320.7,70341
2026-08-07 10:40:00,1320.9,1324.5,1320.3,1324.2,124579
2026-08-07 10:45:00,1324.2,1326.7,1324.0,1325.5,154817
2026-08-07 10:50:00,1325.9,1325.9,1323.1,1324.3,72477
2026-08-07 10:55:00,1324.3,1325.4,1323.6,1324.0,105857
2026-08-07 11:00:00,1324.4,1325.0,1323.7,1323.8,93609
2026-08-07 11:05:00,1323.9,1325.2,1323.6,1325.0,231965
2026-08-07 11:10:00,1324.9,1325.3,1324.9,1325.0,110155
2026-08-07 11:15:00,1325.1,1325.2,1323.6,1324.6,136892
2026-08-07 11:20:00,1324.6,1330.7,1324.6,1330.3,328481
2026-08-07 11:25:00,1330.3,1332.7,1330.0,1331.8,217027
2026-08-07 11:30:00,1331.8,1333.5,1330.2,1333.3,349534
2026-08-07 11:35:00,1333.3,1335.7,1333.3,1335.2,324987
2026-08-07 11:40:00,1335.5,1337.0,1335.0,1335.0,190860
2026-08-07 11:45:00,1335.1,1335.4,1334.5,1334.6,223400
2026-08-07 11:50:00,1335.1,1335.2,1333.1,1334.7,301965
2026-08-07 11:55:00,1335.0,1335.9,1334.6,1335.6,70405
2026-08-07 12:00:00,1335.6,1335.7,1334.8,1335.2,76894
2026-08-07 12:05:00,1335.0,1335.2,1334.3,1335.0,342691
2026-08-07 12:10:00,1335.1,1335.4,1332.0,1332.2,182172
2026-08-07 12:15:00,1332.5,1332.8,1332.0,1332.7,81899
2026-08-07 12:20:00,1332.7,1332.7,1329.5,1330.0,98464
2026-08-07 12:25:00,1330.3,1331.0,1329.5,1329.5,62156
2026-08-07 12:30:00,1329.8,1333.0,1329.0,1333.0,72691
2026-08-07 12:35:00,1333.0,1334.7,1332.0,1334.4,69451
2026-08-07 12:40:00,1334.4,1334.7,1332.0,1333.8,58706
2026-08-07 12:45:00,1333.7,1333.8,1332.4,1333.7,44619
2026-08-07 12:50:00,1333.8,1333.8,1331.2,1331.7,99878
2026-08-07 12:55:00,1332.0,1332.2,1330.6,1331.9,119205
2026-08-07 13:00:00,1332.1,1334.0,1330.1,1333.6,117892
2026-08-07 13:05:00,1333.9,1334.2,1332.4,1333.5,103355
2026-08-07 13:10:00,1333.5,1334.5,1332.3,1332.6,134242
2026-08-07 13:15:00,1332.4,1332.8,1330.2,1330.6,83034
2026-08-07 13:20:00,1330.6,1332.9,1330.2,1331.8,114727
2026-08-07 13:25:00,1332.0,1332.9,1331.4,1331.4,62717
2026-08-07 13:30:00,1331.5,1332.0,1330.8,1330.8,46906
2026-08-07 13:35:00,1331.0,1331.0,1329.2,1330.7,56680
2026-08-07 13:40:00,1330.7,1331.0,1329.7,1330.7,40061
2026-08-07 13:45:00,1330.7,1331.5,1329.0,1331.0,102751
2026-08-07 13:50:00,1331.1,1331.7,1329.5,1330.5,78255
2026-08-07 13:55:00,1330.5,1331.2,1330.0,1330.5,46181
2026-08-07 14:00:00,1330.5,1331.0,1329.6,1329.6,43584
2026-08-07 14:05:00,1330.0,1331.3,1329.5,1331.0,64567
2026-08-07 14:10:00,1330.8,1331.2,1329.7,1330.0,54583
2026-08-07 14:15:00,1330.1,1330.6,1329.7,1330.5,37312
2026-08-07 14:20:00,1330.5,1330.8,1328.5,1329.8,81783
2026-08-07 14:25:00,1329.8,1329.8,1325.8,1326.1,145806
2026-08-07 14:30:00,1326.1,1328.8,1325.5,1326.8,175929
2026-08-07 14:35:00,1326.8,1327.9,1325.2,1327.6,86431
2026-08-07 14:40:00,1327.8,1327.8,1326.0,1326.4,80614
2026-08-07 14:45:00,1326.9,1332.0,1326.4,1331.3,160856
2026-08-07 14:50:00,1330.9,1331.6,1328.5,1330.6,112067
2026-08-07 14:55:00,1330.6,1332.8,1329.7,1330.9,177782
2026-08-07 15:00:00,1330.9,1332.3,1330.5,1332.0,117777
2026-08-07 15:05:00,1332.3,1332.3,1330.0,1330.4,136215
2026-08-07 15:10:00,1330.5,1331.7,1328.0,1330.5,188228
2026-08-07 15:15:00,1329.0,1329.0,1329.0,1329.0,12
2026-08-07 15:20:00,1329.0,1329.0,1329.0,1329.0,0
2026-08-07 15:25:00,1329.0,1334.8,1329.0,1334.8,436952
2026-08-10 09:15:00,1330.1,1332.1,1326.5,1327.9,256260
2026-08-10 09:20:00,1327.8,1328.5,1326.2,1327.2,141455
2026-08-10 09:25:00,1327.4,1327.4,1324.2,1325.4,104245
2026-08-10 09:30:00,1325.4,1325.5,1324.1,1325.0,139096
2026-08-10 09:35:00,1325.1,1325.8,1324.0,1325.2,134359
2026-08-10 09:40:00,1325.1,1325.4,1322.7,1323.5,114887
2026-08-10 09:45:00,1323.8,1324.3,1322.1,1323.3,171459
2026-08-10 09:50:00,1323.5,1324.0,1323.1,1323.7,89577
2026-08-10 09:55:00,1323.6,1323.7,1322.9,1323.0,41407
2026-08-10 10:00:00,1323.4,1324.0,1322.7,1323.4,48979
2026-08-10 10:05:00,1323.2,1323.9,1321.3,1322.8,91597
2026-08-10 10:10:00,1322.8,1323.4,1322.0,1322.8,97122
2026-08-10 10:15:00,1322.8,1326.8,1322.8,1325.0,130755
2026-08-10 10:20:00,1325.0,1328.0,1324.8,1327.7,93234
2026-08-10 10:25:00,1328.0,1328.8,1326.5,1327.7,110264
2026-08-10 10:30:00,1327.9,1328.0,1326.7,1327.1,79054
2026-08-10 10:35:00,1327.1,1327.8,1326.5,1327.0,40676
2026-08-10 10:40:00,1327.0,1328.2,1326.7,1327.5,44020
2026-08-10 10:45:00,1327.6,1329.4,1327.1,1328.5,87283
2026-08-10 10:50:00,1328.5,1329.2,1327.7,1328.9,68916
2026-08-10 10:55:00,1328.9,1328.9,1327.8,1328.1,44916
2026-08-10 11:00:00,1328.1,1331.5,1327.9,1330.5,173543
2026-08-10 11:05:00,1330.5,1330.6,1329.0,1329.1,158444
2026-08-10 11:10:00,1329.2,1330.7,1327.2,1330.6,105950
2026-08-10 11:15:00,1330.5,1331.0,1329.4,1331.0,48653
2026-08-10 11:20:00,1331.0,1331.5,1329.8,1330.0,94013
2026-08-10 11:25:00,1330.0,1331.9,1329.7,1331.0,92157
2026-08-10 11:30:00,1331.0,1331.0,1329.2,1329.3,44565
2026-08-10 11:35:00,1329.2,1332.9,1328.7,1331.6,152614
2026-08-10 11:40:00,1331.7,1331.9,1329.4,1329.4,138033
2026-08-10 11:45:00,1329.5,1329.5,1327.7,1329.0,119998
2026-08-10 11:50:00,1328.9,1329.1,1327.3,1327.7,138302
2026-08-10 11:55:00,1327.7,1328.2,1326.5,1326.8,87811
2026-08-10 12:00:00,1326.7,1327.9,1326.4,1327.1,64019
2026-08-10 12:05:00,1327.2,1327.3,1326.1,1327.0,100248
2026-08-10 12:10:00,1326.8,1327.9,1326.5,1327.4,58763
2026-08-10 12:15:00,1327.2,1330.8,1327.0,1329.9,96371
2026-08-10 12:20:00,1329.8,1330.9,1329.5,1330.2,68975
2026-08-10 12:25:00,1330.3,1330.8,1329.9,1329.9,48163
2026-08-10 12:30:00,1330.0,1331.7,1329.5,1330.5,118753
2026-08-10 12:35:00,1330.5,1331.1,1330.0,1330.7,71274
2026-08-10 12:40:00,1330.5,1330.9,1327.7,1327.7,61908
2026-08-10 12:45:00,1328.0,1328.0,1326.6,1326.9,100936
2026-08-10 12:50:00,1327.0,1328.0,1326.0,1326.7,131692
2026-08-10 12:55:00,1326.7,1327.0,1325.9,1325.9,76224
2026-08-10 13:00:00,1326.1,1327.0,1324.4,1325.4,145811
2026-08-10 13:05:00,1325.1,1326.3,1324.6,1324.8,75438
2026-08-10 13:10:00,1325.2,1325.6,1324.6,1324.9,67794
2026-08-10 13:15:00,1324.9,1325.4,1323.4,1324.3,84307
2026-08-10 13:20:00,1324.5,1325.8,1324.0,1324.7,71813
2026-08-10 13:25:00,1324.7,1326.2,1324.7,1325.3,107554
2026-08-10 13:30:00,1325.5,1326.8,1324.8,1326.7,93448
2026-08-10 13:35:00,1326.7,1327.0,1325.6,1325.9,84991
2026-08-10 13:40:00,1326.0,1326.4,1325.7,1326.0,55883
2026-08-10 13:45:00,1326.2,1326.9,1325.5,1326.5,88343
2026-08-10 13:50:00,1326.2,1327.7,1325.5,1327.3,166513
2026-08-10 13:55:00,1327.3,1327.3,1324.7,1325.3,89080
2026-08-10 14:00:00,1325.1,1325.6,1324.8,1325.2,74355
2026-08-10 14:05:00,1325.1,1326.7,1325.1,1326.4,67264
2026-08-10 14:10:00,1326.2,1326.4,1326.0,1326.0,67006
2026-08-10 14:15:00,1326.1,1326.2,1324.7,1325.0,139026
2026-08-10 14:20:00,1324.9,1326.4,1324.7,1326.2,138886
2026-08-10 14:25:00,1325.8,1327.5,1325.7,1326.7,203471
2026-08-10 14:30:00,1326.4,1326.5,1325.8,1326.3,102868
2026-08-10 14:35:00,1326.3,1327.1,1325.7,1326.5,210267
2026-08-10 14:40:00,1326.7,1327.1,1325.7,1326.6,167688
2026-08-10 14:45:00,1326.2,1327.4,1324.8,1325.3,185172
2026-08-10 14:50:00,1325.5,1326.1,1325.2,1325.6,130656
2026-08-10 14:55:00,1325.5,1326.3,1325.4,1326.3,103896
2026-08-10 15:00:00,1326.3,1326.7,1325.5,1326.3,189130
2026-08-10 15:05:00,1326.3,1327.6,1325.8,1326.3,214061
2026-08-10 15:10:00,1326.1,1327.0,1324.0,1324.0,263431
2026-08-10 15:15:00,1324.0,1324.0,1324.0,1324.0,212
2026-08-10 15:20:00,1324.0,1324.0,1324.0,1324.0,0
2026-08-10 15:25:00,1324.0,1327.3,1324.0,1327.3,303878
2026-08-11 09:15:00,1326.6,1327.0,1315.4,1316.0,275343
2026-08-11 09:20:00,1315.4,1319.8,1314.1,1319.7,135190
2026-08-11 09:25:00,1319.7,1320.0,1317.9,1319.2,75789
2026-08-11 09:30:00,1319.2,1319.4,1318.5,1318.8,48095
2026-08-11 09:35:00,1318.8,1319.1,1317.5,1318.0,70763
2026-08-11 09:40:00,1318.1,1318.4,1317.3,1317.9,79788
2026-08-11 09:45:00,1318.0,1318.2,1317.2,1318.0,64022
2026-08-11 09:50:00,1318.0,1318.4,1317.6,1317.7,44244
2026-08-11 09:55:00,1317.7,1318.7,1317.5,1318.4,84576
2026-08-11 10:00:00,1318.4,1320.0,1318.2,1319.6,57745
2026-08-11 10:05:00,1319.6,1319.8,1319.2,1319.3,45948
2026-08-11 10:10:00,1319.3,1319.3,1318.6,1318.9,30440
2026-08-11 10:15:00,1318.9,1319.5,1318.3,1319.0,42751
2026-08-11 10:20:00,1319.0,1322.7,1318.9,1322.7,79247
2026-08-11 10:25:00,1322.6,1324.3,1322.5,1323.4,91541
2026-08-11 10:30:00,1323.0,1323.1,1321.4,1321.7,111164
2026-08-11 10:35:00,1321.6,1321.8,1320.8,1321.6,29671
2026-08-11 10:40:00,1321.4,1321.9,1320.3,1320.9,62149
2026-08-11 10:45:00,1320.9,1321.9,1320.3,1321.6,30219
2026-08-11 10:50:00,1321.9,1322.5,1321.5,1322.1,43169
2026-08-11 10:55:00,1322.1,1322.5,1320.7,1321.0,33047
2026-08-11 11:00:00,1320.6,1321.2,1318.8,1319.3,79848
2026-08-11 11:05:00,1318.9,1320.1,1318.9,1319.0,61053
2026-08-11 11:10:00,1319.0,1320.4,1318.8,1320.4,44902
2026-08-11 11:15:00,1320.5,1320.9,1319.0,1319.2,90823
2026-08-11 11:20:00,1319.1,1319.9,1319.0,1319.1,54517
2026-08-11 11:25:00,1319.0,1319.8,1318.8,1319.4,49846
2026-08-11 11:30:00,1319.5,1319.7,1319.3,1319.3,35417
2026-08-11 11:35:00,1319.7,1320.3,1319.0,1319.1,54040
2026-08-11 11:40:00,1319.3,1319.5,1318.8,1319.1,36963
2026-08-11 11:45:00,1319.2,1320.2,1319.1,1320.0,60380
2026-08-11 11:50:00,1320.0,1320.1,1319.3,1319.7,70651
2026-08-11 11:55:00,1319.5,1320.4,1318.8,1319.9,63687
2026-08-11 12:00:00,1320.3,1320.3,1318.0,1318.2,62690
2026-08-11 12:05:00,1318.2,1319.0,1318.1,1318.8,39161
2026-08-11 12:10:00,1318.8,1319.9,1318.7,1319.7,115626
2026-08-11 12:15:00,1319.9,1320.9,1319.2,1320.4,122875
2026-08-11 12:20:00,1320.5,1322.5,1320.0,1321.2,128864
2026-08-11 12:25:00,1321.2,1322.0,1320.5,1320.7,74043
2026-08-11 12:30:00,1320.6,1321.9,1320.6,1321.3,25582
2026-08-11 12:35:00,1321.3,1321.9,1321.0,1321.3,35492
2026-08-11 12:40:00,1321.2,1322.5,1321.0,1321.8,172786
2026-08-11 12:45:00,1321.8,1322.7,1321.4,1322.7,45681
2026-08-11 12:50:00,1322.8,1323.7,1322.1,1322.9,51566
2026-08-11 12:55:00,1323.2,1323.6,1322.9,1323.0,66318
2026-08-11 13:00:00,1323.0,1323.4,1322.4,1323.2,80163
2026-08-11 13:05:00,1323.3,1324.9,1322.5,1324.2,353359
2026-08-11 13:10:00,1324.2,1324.3,1323.8,1324.0,58543
2026-08-11 13:15:00,1324.0,1326.5,1323.6,1325.8,161167
2026-08-11 13:20:00,1326.0,1326.4,1324.4,1325.2,154027
2026-08-11 13:25:00,1325.3,1328.7,1323.7,1324.5,281494
2026-08-11 13:30:00,1324.6,1325.1,1322.6,1323.7,84564
2026-08-11 13:35:00,1323.8,1323.8,1322.1,1323.2,96625
2026-08-11 13:40:00,1323.2,1324.8,1323.1,1323.9,121046
2026-08-11 13:45:00,1323.9,1325.9,1323.4,1323.6,179208
2026-08-11 13:50:00,1323.9,1324.2,1322.9,1323.5,181425
2026-08-11 13:55:00,1323.5,1323.6,1321.5,1321.9,287308
2026-08-11 14:00:00,1322.2,1323.4,1321.2,1323.0,175454
2026-08-11 14:05:00,1323.4,1324.6,1322.5,1324.0,343972
2026-08-11 14:10:00,1324.3,1324.4,1322.6,1324.0,148783
2026-08-11 14:15:00,1324.0,1324.6,1322.0,1322.3,146814
2026-08-11 14:20:00,1322.0,1324.5,1321.9,1324.2,213896
2026-08-11 14:25:00,1323.7,1326.4,1323.1,1324.0,437842
2026-08-11 14:30:00,1324.0,1324.9,1323.3,1323.8,206779
2026-08-11 14:35:00,1323.8,1324.2,1323.0,1323.6,90726
2026-08-11 14:40:00,1324.0,1324.0,1323.5,1323.7,36646
2026-08-11 14:45:00,1323.6,1324.4,1323.2,1323.6,98072
2026-08-11 14:50:00,1323.7,1324.2,1323.5,1323.9,70816
2026-08-11 14:55:00,1323.7,1324.0,1322.9,1323.8,115134
2026-08-11 15:00:00,1323.7,1325.0,1322.7,1324.7,290558
2026-08-11 15:05:00,1324.9,1325.4,1320.5,1322.1,584751
2026-08-11 15:10:00,1322.1,1323.0,1319.5,1320.6,331716
2026-08-11 15:15:00,1320.6,1320.6,1320.6,1320.6,21
2026-08-11 15:20:00,1320.6,1320.6,1320.6,1320.6,0
2026-08-11 15:25:00,1320.6,1323.9,1320.6,1323.9,1008106
2026-08-12 09:15:00,1323.9,1326.0,1316.1,1319.0,464735
2026-08-12 09:20:00,1319.3,1319.3,1316.0,1316.8,104179
2026-08-12 09:25:00,1316.8,1320.4,1316.8,1319.5,193011
2026-08-12 09:30:00,1319.6,1319.6,1315.2,1317.2,103902
2026-08-12 09:35:00,1317.2,1317.2,1316.0,1316.3,91025
2026-08-12 09:40:00,1316.1,1317.5,1316.0,1317.2,69864
2026-08-12 09:45:00,1317.2,1317.2,1314.6,1315.5,118402
2026-08-12 09:50:00,1315.9,1315.9,1315.0,1315.4,84263
2026-08-12 09:55:00,1315.4,1316.0,1315.0,1315.8,62927
2026-08-12 10:00:00,1315.8,1315.8,1314.0,1315.2,90041
2026-08-12 10:05:00,1315.2,1315.3,1313.1,1313.6,76478
2026-08-12 10:10:00,1313.6,1313.7,1311.1,1311.2,120555
2026-08-12 10:15:00,1311.1,1312.8,1309.2,1312.3,118384
2026-08-12 10:20:00,1312.3,1312.8,1311.7,1312.0,58943
2026-08-12 10:25:00,1312.3,1313.2,1311.9,1312.9,56734
2026-08-12 10:30:00,1312.9,1315.0,1312.6,1314.0,95509
2026-08-12 10:35:00,1314.0,1314.3,1313.2,1313.7,62118
2026-08-12 10:40:00,1313.7,1314.7,1313.3,1314.1,82305
2026-08-12 10:45:00,1314.1,1314.1,1312.6,1313.1,67935
2026-08-12 10:50:00,1313.1,1313.5,1312.3,1312.9,57727
2026-08-12 10:55:00,1313.2,1314.0,1311.5,1311.5,116199
2026-08-12 11:00:00,1312.2,1312.6,1311.6,1312.5,44525
2026-08-12 11:05:00,1312.5,1312.8,1311.4,1312.3,91888
2026-08-12 11:10:00,1312.4,1313.6,1311.7,1312.1,91203
2026-08-12 11:15:00,1312.1,1313.1,1311.9,1312.5,46169
2026-08-12 11:20:00,1312.3,1313.0,1311.7,1311.8,80553
2026-08-12 11:25:00,1311.6,1313.5,1311.4,1312.6,111170
2026-08-12 11:30:00,1312.7,1312.7,1311.6,1312.5,33180
2026-08-12 11:35:00,1312.5,1313.4,1311.9,1312.0,106511
2026-08-12 11:40:00,1312.0,1314.1,1311.8,1313.4,127719
2026-08-12 11:45:00,1313.7,1313.7,1311.8,1311.9,49083
2026-08-12 11:50:00,1311.9,1313.0,1311.6,1312.6,140858
2026-08-12 11:55:00,1312.6,1312.8,1311.4,1312.4,102285
2026-08-12 12:00:00,1312.1,1313.1,1311.1,1311.5,99948
2026-08-12 12:05:00,1311.2,1311.7,1311.0,1311.1,59195
2026-08-12 12:10:00,1311.2,1311.2,1310.5,1310.7,82188
2026-08-12 12:15:00,1310.8,1311.1,1310.3,1311.1,121173
2026-08-12 12:20:00,1311.1,1312.0,1310.1,1311.8,252162
2026-08-12 12:25:00,1311.4,1312.4,1311.1,1312.4,45305
2026-08-12 12:30:00,1312.6,1313.5,1312.3,1313.0,51473
2026-08-12 12:35:00,1313.0,1313.6,1312.5,1313.4,32168
2026-08-12 12:40:00,1313.8,1315.4,1313.0,1313.0,212583
2026-08-12 12:45:00,1313.1,1314.3,1312.7,1313.0,121378
2026-08-12 12:50:00,1313.2,1314.1,1313.0,1313.3,102764
2026-08-12 12:55:00,1313.7,1313.7,1313.0,1313.5,44805
2026-08-12 13:00:00,1313.2,1313.7,1312.9,1313.3,50981
2026-08-12 13:05:00,1313.3,1315.2,1313.0,1315.1,89839
2026-08-12 13:10:00,1315.0,1315.3,1314.3,1314.9,73991
2026-08-12 13:15:00,1314.9,1316.0,1314.7,1316.0,62766
2026-08-12 13:20:00,1315.6,1316.2,1315.1,1315.5,73371
2026-08-12 13:25:00,1315.6,1315.7,1313.7,1315.2,152037
2026-08-12 13:30:00,1315.7,1315.9,1314.6,1315.3,60369
2026-08-12 13:35:00,1315.6,1316.0,1314.9,1315.3,64721
2026-08-12 13:40:00,1315.9,1315.9,1314.4,1314.5,22224
2026-08-12 13:45:00,1315.0,1315.1,1313.9,1315.1,30965
2026-08-12 13:50:00,1315.0,1315.1,1313.9,1314.0,22876
2026-08-12 13:55:00,1314.2,1315.1,1313.9,1315.1,41263
2026-08-12 14:00:00,1314.5,1315.2,1313.6,1314.0,32310
2026-08-12 14:05:00,1314.1,1314.9,1313.7,1314.7,59974
2026-08-12 14:10:00,1314.7,1314.7,1313.2,1313.9,71294
2026-08-12 14:15:00,1313.8,1314.2,1313.3,1314.0,37074
2026-08-12 14:20:00,1314.0,1314.7,1313.0,1313.8,76183
2026-08-12 14:25:00,1314.3,1314.8,1313.5,1314.7,31298
2026-08-12 14:30:00,1314.7,1318.5,1314.4,1317.2,196053
2026-08-12 14:35:00,1317.6,1318.4,1316.8,1317.5,58306
2026-08-12 14:40:00,1317.9,1318.0,1316.8,1317.9,34910
2026-08-12 14:45:00,1318.0,1318.5,1317.3,1318.4,199595
2026-08-12 14:50:00,1318.9,1322.9,1318.3,1322.9,264236
2026-08-12 14:55:00,1323.0,1323.5,1320.5,1321.2,270545
2026-08-12 15:00:00,1321.2,1322.3,1321.2,1321.5,268246
2026-08-12 15:05:00,1321.5,1321.8,1319.6,1320.0,267588
2026-08-12 15:10:00,1320.3,1321.0,1318.1,1320.5,312042
2026-08-12 15:15:00,1320.5,1320.5,1320.5,1320.5,1
2026-08-12 15:20:00,1320.5,1320.5,1320.5,1320.5,0
2026-08-12 15:25:00,1320.5,1329.0,1320.5,1329.0,357541
2026-08-13 09:15:00,1327.8,1327.8,1310.4,1314.9,381559
2026-08-13 09:20:00,1315.0,1315.5,1312.4,1313.0,118249
2026-08-13 09:25:00,1312.2,1312.4,1310.0,1311.3,188974
2026-08-13 09:30:00,1311.3,1311.4,1307.2,1310.6,228306
2026-08-13 09:35:00,1310.7,1312.0,1310.1,1311.9,91957
2026-08-13 09:40:00,1311.9,1313.2,1310.8,1312.6,112851
2026-08-13 09:45:00,1312.6,1315.0,1312.2,1314.7,87058
2026-08-13 09:50:00,1314.7,1315.0,1313.1,1314.0,48051
2026-08-13 09:55:00,1314.3,1314.5,1313.4,1314.5,42639
2026-08-13 10:00:00,1314.5,1314.5,1313.1,1313.1,52761
2026-08-13 10:05:00,1313.6,1314.2,1313.1,1313.2,44496
2026-08-13 10:10:00,1313.5,1314.2,1312.3,1313.7,67791
2026-08-13 10:15:00,1313.7,1314.0,1313.0,1313.6,31558
2026-08-13 10:20:00,1313.4,1313.8,1312.6,1313.2,70538
2026-08-13 10:25:00,1313.1,1313.1,1311.0,1311.2,72521
2026-08-13 10:30:00,1311.0,1312.1,1310.5,1310.9,78705
2026-08-13 10:35:00,1310.9,1310.9,1310.2,1310.5,59614
2026-08-13 10:40:00,1310.5,1311.4,1310.4,1311.2,67799
2026-08-13 10:45:00,1311.1,1313.3,1310.9,1313.1,79005
2026-08-13 10:50:00,1313.0,1313.3,1312.6,1313.1,60599
2026-08-13 10:55:00,1313.2,1313.2,1311.1,1312.1,139002
2026-08-13 11:00:00,1312.1,1312.3,1311.0,1311.2,94077
2026-08-13 11:05:00,1311.1,1312.3,1310.8,1312.1,79180
2026-08-13 11:10:00,1312.1,1312.2,1310.8,1311.0,39825
2026-08-13 11:15:00,1311.3,1312.5,1311.2,1312.1,29708
2026-08-13 11:20:00,1312.0,1312.1,1310.8,1310.9,65725
2026-08-13 11:25:00,1310.8,1311.7,1310.8,1310.8,61309
2026-08-13 11:30:00,1310.8,1310.8,1308.7,1309.2,159467
2026-08-13 11:35:00,1309.2,1309.6,1309.0,1309.2,45107
2026-08-13 11:40:00,1309.3,1309.4,1309.0,1309.3,57652
2026-08-13 11:45:00,1309.3,1310.0,1309.0,1309.7,84888
2026-08-13 11:50:00,1309.9,1310.8,1309.7,1310.3,57973
2026-08-13 11:55:00,1310.4,1313.1,1310.2,1312.9,89320
2026-08-13 12:00:00,1312.9,1315.9,1312.8,1315.0,131430
2026-08-13 12:05:00,1315.0,1315.4,1313.5,1313.7,93593
2026-08-13 12:10:00,1313.6,1314.5,1313.5,1314.2,85856
2026-08-13 12:15:00,1314.2,1314.4,1313.7,1314.2,66002
2026-08-13 12:20:00,1314.2,1314.4,1314.0,1314.1,60366
2026-08-13 12:25:00,1314.2,1314.2,1313.2,1313.4,74783
2026-08-13 12:30:00,1313.8,1314.4,1313.4,1314.3,62179
2026-08-13 12:35:00,1314.5,1315.0,1313.6,1314.1,104053
2026-08-13 12:40:00,1314.2,1315.1,1314.0,1314.3,57333
2026-08-13 12:45:00,1314.4,1315.2,1313.6,1314.4,140286
2026-08-13 12:50:00,1314.2,1315.3,1313.0,1314.9,306164
2026-08-13 12:55:00,1314.9,1314.9,1313.3,1314.6,72838
2026-08-13 13:00:00,1314.5,1316.0,1314.3,1315.1,145940
2026-08-13 13:05:00,1315.2,1316.4,1315.0,1316.1,159713
2026-08-13 13:10:00,1316.0,1316.9,1312.5,1313.2,268796
2026-08-13 13:15:00,1313.7,1315.1,1311.8,1312.9,367315
2026-08-13 13:20:00,1312.7,1313.6,1311.5,1311.7,84145
2026-08-13 13:25:00,1311.5,1313.3,1311.1,1313.2,43947
2026-08-13 13:30:00,1312.9,1313.9,1312.2,1313.5,111361
2026-08-13 13:35:00,1313.5,1315.2,1313.5,1314.9,156926
2026-08-13 13:40:00,1315.2,1315.9,1314.5,1315.7,77288
2026-08-13 13:45:00,1315.2,1316.9,1314.3,1314.9,376081
2026-08-13 13:50:00,1315.4,1316.1,1314.5,1315.6,110493
2026-08-13 13:55:00,1316.0,1316.5,1314.5,1315.4,180113
2026-08-13 14:00:00,1315.6,1315.6,1313.4,1313.8,107732
2026-08-13 14:05:00,1314.2,1314.3,1312.5,1312.6,64080
2026-08-13 14:10:00,1312.7,1313.2,1312.5,1313.0,51346
2026-08-13 14:15:00,1313.0,1314.5,1313.0,1314.0,123533
2026-08-13 14:20:00,1314.3,1315.7,1314.0,1315.0,74801
2026-08-13 14:25:00,1315.0,1315.8,1314.6,1315.6,122847
2026-08-13 14:30:00,1315.6,1316.4,1314.1,1314.1,184854
2026-08-13 14:35:00,1314.1,1314.8,1313.8,1314.2,78008
2026-08-13 14:40:00,1314.3,1315.9,1314.1,1315.3,115722
2026-08-13 14:45:00,1315.7,1315.7,1314.6,1315.1,220173
2026-08-13 14:50:00,1315.3,1315.6,1314.2,1314.6,164594
2026-08-13 14:55:00,1314.8,1314.8,1312.8,1313.7,238693
2026-08-13 15:00:00,1313.5,1315.0,1313.1,1314.1,293328
2026-08-13 15:05:00,1314.5,1314.5,1311.2,1312.6,343306
2026-08-13 15:10:00,1312.6,1314.5,1311.3,1313.6,249099
2026-08-13 15:15:00,1314.3,1314.3,1314.3,1314.3,2625
2026-08-13 15:20:00,1314.3,1314.3,1314.3,1314.3,0
2026-08-13 15:25:00,1314.3,1317.0,1314.3,1317.0,508712
2026-08-14 09:15:00,1317.0,1317.5,1308.5,1310.1,293502
2026-08-14 09:20:00,1310.1,1310.7,1308.0,1309.1,135772
2026-08-14 09:25:00,1309.3,1309.4,1307.2,1308.9,143551
2026-08-14 09:30:00,1308.7,1310.1,1308.2,1309.3,129742
2026-08-14 09:35:00,1309.7,1310.3,1309.0,1309.3,102455
2026-08-14 09:40:00,1309.3,1309.5,1308.4,1308.5,91880
2026-08-14 09:45:00,1308.8,1309.2,1308.1,1309.2,84257
2026-08-14 09:50:00,1308.7,1309.2,1308.1,1308.1,127258
2026-08-14 09:55:00,1308.6,1309.4,1308.1,1309.3,53980
2026-08-14 10:00:00,1309.1,1309.9,1308.7,1309.8,66576
2026-08-14 10:05:00,1309.6,1310.0,1309.5,1310.0,54443
2026-08-14 10:10:00,1310.0,1310.1,1309.0,1309.2,64244
2026-08-14 10:15:00,1309.0,1309.4,1308.6,1309.2,74120
2026-08-14 10:20:00,1309.2,1309.3,1307.5,1308.0,108483
2026-08-14 10:25:00,1307.9,1308.0,1307.6,1307.9,56058
2026-08-14 10:30:00,1308.0,1308.0,1305.1,1306.5,226434
2026-08-14 10:35:00,1306.5,1307.0,1305.9,1307.0,60049
2026-08-14 10:40:00,1306.9,1307.2,1306.5,1307.2,41080
2026-08-14 10:45:00,1307.0,1307.3,1306.8,1307.0,36113
2026-08-14 10:50:00,1307.0,1307.2,1306.3,1306.5,82635
2026-08-14 10:55:00,1306.3,1306.6,1305.6,1305.9,102137
2026-08-14 11:00:00,1306.0,1306.0,1304.0,1304.3,193118
2026-08-14 11:05:00,1304.5,1304.5,1303.1,1303.8,70039
2026-08-14 11:10:00,1303.8,1304.6,1303.7,1304.1,34574
2026-08-14 11:15:00,1304.0,1304.5,1303.7,1304.2,35631
2026-08-14 11:20:00,1304.2,1304.5,1303.2,1303.8,40899
2026-08-14 11:25:00,1303.8,1303.9,1301.5,1302.4,179123
2026-08-14 11:30:00,1302.4,1303.5,1301.6,1303.4,73991
2026-08-14 11:35:00,1303.3,1303.8,1303.0,1303.8,65101
2026-08-14 11:40:00,1303.8,1304.9,1303.4,1304.7,137535
2026-08-14 11:45:00,1304.8,1305.4,1304.5,1305.0,72558
2026-08-14 11:50:00,1305.0,1305.8,1304.8,1305.2,105289
2026-08-14 11:55:00,1305.3,1305.5,1304.0,1304.5,66729
2026-08-14 12:00:00,1304.2,1304.6,1303.4,1304.4,126382
2026-08-14 12:05:00,1304.3,1304.5,1303.6,1304.3,58515
2026-08-14 12:10:00,1304.3,1304.5,1304.1,1304.4,34713
2026-08-14 12:15:00,1304.5,1304.8,1304.0,1304.4,46597
2026-08-14 12:20:00,1304.4,1304.9,1304.2,1304.4,45525
2026-08-14 12:25:00,1304.9,1304.9,1304.1,1304.7,41973
2026-08-14 12:30:00,1304.8,1305.1,1304.1,1305.0,65684
2026-08-14 12:35:00,1304.9,1305.5,1304.7,1305.0,42304
2026-08-14 12:40:00,1305.1,1305.5,1304.9,1305.5,76725
2026-08-14 12:45:00,1305.5,1305.6,1305.1,1305.5,31485
2026-08-14 12:50:00,1305.4,1305.7,1305.1,1305.5,40295
2026-08-14 12:55:00,1305.3,1305.6,1305.0,1305.6,73569
2026-08-14 13:00:00,1305.5,1306.4,1305.2,1306.2,124358
2026-08-14 13:05:00,1306.0,1306.4,1305.5,1306.1,37195
2026-08-14 13:10:00,1306.1,1307.5,1305.9,1307.2,184836
2026-08-14 13:15:00,1307.3,1307.6,1306.2,1307.1,141381
2026-08-14 13:20:00,1307.3,1307.9,1306.8,1307.0,720660
2026-08-14 13:25:00,1307.2,1307.5,1307.0,1307.4,85422
2026-08-14 13:30:00,1307.3,1307.5,1306.8,1307.3,118363
2026-08-14 13:35:00,1307.2,1307.6,1306.8,1307.5,100427
2026-08-14 13:40:00,1307.6,1307.8,1307.0,1307.6,97479
2026-08-14 13:45:00,1307.6,1309.9,1307.5,1309.7,385282
2026-08-14 13:50:00,1309.7,1310.5,1309.5,1310.4,217602
2026-08-14 13:55:00,1310.5,1313.2,1310.1,1311.7,764114
2026-08-14 14:00:00,1311.8,1312.3,1310.2,1310.6,231670
2026-08-14 14:05:00,1310.8,1311.4,1309.7,1310.1,184506
2026-08-14 14:10:00,1310.0,1311.0,1309.5,1309.8,156675
2026-08-14 14:15:00,1309.9,1310.6,1309.1,1309.9,134305
2026-08-14 14:20:00,1309.5,1310.1,1308.2,1308.6,214794
2026-08-14 14:25:00,1308.9,1309.2,1308.3,1308.6,90825
2026-08-14 14:30:00,1309.1,1309.2,1308.3,1309.1,92522
2026-08-14 14:35:00,1309.2,1310.0,1309.1,1309.7,148933
2026-08-14 14:40:00,1309.5,1310.1,1309.1,1309.5,199964
2026-08-14 14:45:00,1309.4,1309.8,1309.0,1309.2,118883
2026-08-14 14:50:00,1309.3,1310.0,1309.2,1310.0,140037
2026-08-14 14:55:00,1310.1,1310.4,1309.4,1309.5,152797
2026-08-14 15:00:00,1309.5,1309.6,1308.5,1308.5,195171
2026-08-14 15:05:00,1308.9,1309.9,1308.6,1309.8,420017
2026-08-14 15:10:00,1309.7,1309.8,1306.3,1308.7,464452
2026-08-14 15:15:00,1308.7,1308.7,1308.7,1308.7,0
2026-08-14 15:20:00,1308.7,1308.7,1308.7,1308.7,0
2026-08-14 15:25:00,1308.7,1310.0,1308.7,1310.0,600979
2026-08-17 09:15:00,1314.0,1314.1,1305.3,1307.8,534566
2026-08-17 09:20:00,1307.2,1308.6,1305.1,1306.0,201693
2026-08-17 09:25:00,1306.0,1307.6,1305.6,1306.5,101662
2026-08-17 09:30:00,1306.4,1306.5,1305.6,1306.5,62630
2026-08-17 09:35:00,1306.5,1306.8,1306.1,1306.6,55904
2026-08-17 09:40:00,1306.6,1306.7,1304.0,1304.5,174751
2026-08-17 09:45:00,1304.4,1305.2,1304.0,1305.1,53897
2026-08-17 09:50:00,1305.1,1305.2,1304.3,1304.7,35820
2026-08-17 09:55:00,1304.7,1305.1,1304.1,1304.5,53020
2026-08-17 10:00:00,1304.9,1305.1,1304.1,1305.0,49970
2026-08-17 10:05:00,1305.0,1305.8,1304.3,1305.4,49137
2026-08-17 10:10:00,1305.5,1305.6,1305.0,1305.4,74406
2026-08-17 10:15:00,1305.4,1305.4,1304.1,1304.5,51154
2026-08-17 10:20:00,1304.5,1304.5,1303.4,1303.9,94735
2026-08-17 10:25:00,1303.5,1304.3,1302.7,1303.6,179606
2026-08-17 10:30:00,1303.6,1303.7,1302.0,1302.1,180541
2026-08-17 10:35:00,1302.1,1302.6,1301.5,1302.0,137667
2026-08-17 10:40:00,1302.0,1302.5,1300.1,1300.6,163705
2026-08-17 10:45:00,1300.3,1300.6,1299.1,1300.0,141240
2026-08-17 10:50:00,1300.0,1300.3,1299.6,1299.9,92087
2026-08-17 10:55:00,1299.6,1301.2,1299.6,1300.0,92381
2026-08-17 11:00:00,1300.0,1300.5,1299.9,1300.2,76229
2026-08-17 11:05:00,1300.2,1300.4,1299.9,1300.2,60474
2026-08-17 11:10:00,1300.2,1300.2,1299.8,1300.1,42172
2026-08-17 11:15:00,1300.1,1300.1,1298.1,1299.5,77107
2026-08-17 11:20:00,1299.5,1300.1,1299.3,1300.0,43246
2026-08-17 11:25:00,1300.2,1300.5,1300.0,1300.0,66617
2026-08-17 11:30:00,1300.0,1300.2,1299.6,1299.8,52787
2026-08-17 11:35:00,1299.8,1300.9,1299.7,1300.1,110878
2026-08-17 11:40:00,1300.2,1301.7,1300.0,1301.7,86065
2026-08-17 11:45:00,1301.5,1302.0,1300.2,1301.0,146584
2026-08-17 11:50:00,1301.0,1301.5,1300.0,1300.1,84550
2026-08-17 11:55:00,1300.4,1301.7,1300.1,1301.1,98292
2026-08-17 12:00:00,1301.1,1301.3,1300.2,1300.9,85070
2026-08-17 12:05:00,1300.4,1302.5,1300.3,1302.3,115101
2026-08-17 12:10:00,1302.3,1302.7,1300.4,1301.8,128398
2026-08-17 12:15:00,1301.8,1302.7,1301.1,1302.7,180532
2026-08-17 12:20:00,1302.6,1303.5,1302.2,1303.5,62892
2026-08-17 12:25:00,1303.4,1304.1,1302.8,1303.6,339990
2026-08-17 12:30:00,1303.0,1304.7,1302.1,1304.2,315631
2026-08-17 12:35:00,1304.2,1306.8,1303.6,1305.1,2723073
2026-08-17 12:40:00,1305.1,1308.5,1304.6,1308.0,402784
2026-08-17 12:45:00,1308.0,1314.5,1307.9,1313.0,930053
2026-08-17 12:50:00,1313.0,1314.8,1312.1,1312.5,164873
2026-08-17 12:55:00,1312.1,1313.2,1312.1,1312.9,97378
2026-08-17 13:00:00,1312.8,1317.8,1312.8,1317.0,252432
2026-08-17 13:05:00,1316.9,1317.6,1315.0,1315.0,115782
2026-08-17 13:10:00,1315.0,1316.1,1315.0,1315.3,122791
2026-08-17 13:15:00,1315.3,1316.3,1315.0,1315.8,122776
2026-08-17 13:20:00,1315.8,1316.5,1313.4,1316.1,292970
2026-08-17 13:25:00,1316.1,1318.4,1315.7,1317.3,203254
2026-08-17 13:30:00,1317.5,1319.0,1316.9,1318.5,202895
2026-08-17 13:35:00,1318.7,1319.1,1315.8,1317.0,126716
2026-08-17 13:40:00,1317.0,1318.1,1316.1,1318.0,138952
2026-08-17 13:45:00,1318.0,1318.1,1316.4,1316.6,85437
2026-08-17 13:50:00,1316.8,1318.8,1316.1,1318.5,256647
2026-08-17 13:55:00,1318.2,1318.6,1315.4,1315.7,72245
2026-08-17 14:00:00,1315.9,1317.0,1315.4,1316.4,129498
2026-08-17 14:05:00,1316.4,1317.4,1316.0,1316.8,62658
2026-08-17 14:10:00,1316.8,1316.9,1315.1,1315.1,140610
2026-08-17 14:15:00,1315.1,1316.9,1315.1,1315.8,84551
2026-08-17 14:20:00,1315.2,1315.7,1313.6,1314.6,260264
2026-08-17 14:25:00,1314.1,1314.9,1314.0,1314.6,33776
2026-08-17 14:30:00,1314.5,1315.2,1314.2,1314.6,77210
2026-08-17 14:35:00,1315.0,1316.8,1314.5,1316.0,223396
2026-08-17 14:40:00,1316.0,1316.5,1316.0,1316.0,32541
2026-08-17 14:45:00,1316.4,1317.5,1316.0,1317.4,79482
2026-08-17 14:50:00,1317.1,1317.4,1316.1,1316.8,106644
2026-08-17 14:55:00,1316.8,1317.4,1316.3,1317.4,93820
2026-08-17 15:00:00,1317.4,1319.3,1316.5,1318.5,229321
2026-08-17 15:05:00,1318.0,1318.7,1316.9,1318.4,180779
2026-08-17 15:10:00,1318.3,1320.8,1318.0,1320.0,239692
2026-08-17 15:15:00,1320.0,1320.0,1320.0,1320.0,826
2026-08-17 15:20:00,1320.0,1320.0,1320.0,1320.0,0
2026-08-17 15:25:00,1320.0,1320.0,1316.0,1316.0,287518
2026-08-18 09:15:00,1314.0,1315.2,1311.2,1313.6,232470
2026-08-18 09:20:00,1313.9,1320.6,1312.8,1319.4,256961
2026-08-18 09:25:00,1319.0,1328.0,1319.0,1322.5,505775
2026-08-18 09:30:00,1322.4,1324.6,1320.6,1323.4,242588
2026-08-18 09:35:00,1323.4,1327.0,1323.1,1325.7,235755
2026-08-18 09:40:00,1325.7,1328.6,1324.0,1324.7,202191
2026-08-18 09:45:00,1324.4,1324.9,1323.2,1324.2,78872
2026-08-18 09:50:00,1324.3,1325.5,1323.5,1323.8,124488
2026-08-18 09:55:00,1324.1,1324.7,1322.6,1324.3,90404
2026-08-18 10:00:00,1324.3,1324.4,1323.1,1324.0,158324
2026-08-18 10:05:00,1324.1,1324.8,1323.7,1323.9,83647
2026-08-18 10:10:00,1323.9,1324.1,1323.5,1323.9,33712
2026-08-18 10:15:00,1323.8,1324.0,1322.3,1323.9,95446
2026-08-18 10:20:00,1323.9,1324.0,1321.1,1321.5,142814
2026-08-18 10:25:00,1321.7,1322.3,1321.2,1321.8,79274
2026-08-18 10:30:00,1321.9,1323.3,1321.6,1323.0,70660
2026-08-18 10:35:00,1322.8,1323.0,1321.6,1322.4,74666
2026-08-18 10:40:00,1322.4,1323.0,1321.3,1322.1,84282
2026-08-18 10:45:00,1322.1,1322.5,1319.2,1320.1,157057
2026-08-18 10:50:00,1320.3,1321.0,1319.9,1320.6,46061
2026-08-18 10:55:00,1321.0,1321.6,1320.1,1321.4,55458
2026-08-18 11:00:00,1321.6,1323.3,1320.9,1322.6,78169
2026-08-18 11:05:00,1322.7,1323.5,1322.1,1322.9,60870
2026-08-18 11:10:00,1323.2,1323.7,1322.7,1323.3,81489
2026-08-18 11:15:00,1323.4,1324.2,1323.0,1323.7,66367
2026-08-18 11:20:00,1323.9,1324.2,1323.0,1323.9,35900
2026-08-18 11:25:00,1323.7,1323.8,1322.0,1322.1,78446
2026-08-18 11:30:00,1322.1,1322.4,1320.8,1321.3,110255
2026-08-18 11:35:00,1321.3,1321.7,1320.9,1321.3,50786
2026-08-18 11:40:00,1321.4,1321.8,1321.0,1321.2,30004
2026-08-18 11:45:00,1321.1,1322.8,1321.0,1322.1,118198
2026-08-18 11:50:00,1322.4,1323.3,1322.0,1322.5,73498
2026-08-18 11:55:00,1322.5,1323.3,1322.0,1323.0,58407
2026-08-18 12:00:00,1323.1,1325.5,1322.6,1324.4,109007
2026-08-18 12:05:00,1324.4,1325.5,1324.0,1324.5,56336
2026-08-18 12:10:00,1324.9,1325.7,1324.5,1325.3,117294
2026-08-18 12:15:00,1325.0,1325.6,1324.0,1325.3,106298
2026-08-18 12:20:00,1325.1,1325.8,1324.7,1325.1,74911
2026-08-18 12:25:00,1325.3,1325.3,1324.8,1325.1,58870
2026-08-18 12:30:00,1325.0,1325.2,1324.7,1324.8,149026
2026-08-18 12:35:00,1324.7,1325.2,1324.0,1324.2,249259
2026-08-18 12:40:00,1324.2,1324.4,1322.6,1323.0,160092
2026-08-18 12:45:00,1323.0,1324.4,1322.8,1324.3,66193
2026-08-18 12:50:00,1324.0,1324.5,1324.0,1324.1,50232
2026-08-18 12:55:00,1324.3,1324.4,1322.8,1322.8,81511
2026-08-18 13:00:00,1322.8,1323.5,1321.7,1322.7,153410
2026-08-18 13:05:00,1322.7,1323.7,1322.1,1323.2,161845
2026-08-18 13:10:00,1323.2,1323.2,1322.5,1323.1,45162
2026-08-18 13:15:00,1323.1,1323.8,1322.5,1323.5,69394
2026-08-18 13:20:00,1323.5,1324.2,1323.0,1323.4,104144
2026-08-18 13:25:00,1323.6,1323.9,1323.0,1323.6,77982
2026-08-18 13:30:00,1323.7,1324.2,1323.2,1324.0,56685
2026-08-18 13:35:00,1323.9,1324.0,1323.0,1323.4,54168
2026-08-18 13:40:00,1323.4,1324.0,1323.0,1323.6,68876
2026-08-18 13:45:00,1323.7,1324.3,1323.1,1323.8,55226
2026-08-18 13:50:00,1323.8,1324.9,1323.4,1324.5,51056
2026-08-18 13:55:00,1324.5,1324.5,1323.1,1323.7,73170
2026-08-18 14:00:00,1323.8,1324.6,1323.7,1324.5,84805
2026-08-18 14:05:00,1324.6,1324.9,1323.9,1324.3,158612
2026-08-18 14:10:00,1324.2,1324.2,1322.3,1323.0,72544
2026-08-18 14:15:00,1323.3,1324.0,1323.0,1323.2,71543
2026-08-18 14:20:00,1323.0,1324.7,1322.8,1324.0,495689
2026-08-18 14:25:00,1324.4,1325.1,1322.8,1324.2,415771
2026-08-18 14:30:00,1324.5,1324.5,1323.0,1323.8,204721
2026-08-18 14:35:00,1324.0,1325.1,1323.8,1324.4,148807
2026-08-18 14:40:00,1324.5,1324.9,1323.9,1323.9,58554
2026-08-18 14:45:00,1323.7,1323.8,1322.1,1323.6,116342
2026-08-18 14:50:00,1323.7,1324.0,1322.8,1323.2,93913
2026-08-18 14:55:00,1323.4,1324.8,1323.1,1324.0,263241
2026-08-18 15:00:00,1324.4,1325.0,1322.7,1322.8,217148
2026-08-18 15:05:00,1322.8,1323.6,1318.7,1321.3,341675
2026-08-18 15:10:00,1321.3,1323.0,1320.0,1321.3,473321
2026-08-18 15:15:00,1321.3,1321.3,1321.3,1321.3,1760
2026-08-18 15:20:00,1321.3,1321.3,1321.3,1321.3,0
2026-08-18 15:25:00,1321.3,1322.0,1321.3,1322.0,551084
2026-08-19 09:15:00,1320.3,1321.6,1316.5,1318.3,273912
2026-08-19 09:20:00,1318.3,1318.3,1313.0,1313.0,160694
2026-08-19 09:25:00,1313.1,1315.8,1312.7,1313.6,128442
2026-08-19 09:30:00,1314.0,1314.4,1313.0,1313.5,88298
2026-08-19 09:35:00,1313.5,1317.0,1313.5,1317.0,73435
2026-08-19 09:40:00,1317.0,1317.7,1316.0,1316.9,98189
2026-08-19 09:45:00,1316.8,1316.9,1315.1,1315.7,123800
2026-08-19 09:50:00,1315.7,1316.0,1314.8,1314.8,63811
2026-08-19 09:55:00,1314.8,1315.0,1314.0,1314.5,32623
2026-08-19 10:00:00,1314.7,1315.1,1313.6,1314.3,75051
2026-08-19 10:05:00,1314.6,1315.0,1314.2,1314.3,38462
2026-08-19 10:10:00,1314.2,1314.8,1314.0,1314.1,50166
2026-08-19 10:15:00,1314.1,1314.5,1311.6,1311.6,99248
2026-08-19 10:20:00,1311.6,1312.2,1310.6,1311.3,88767
2026-08-19 10:25:00,1311.3,1312.0,1311.1,1311.2,48392
2026-08-19 10:30:00,1311.2,1312.3,1310.5,1311.9,128215
2026-08-19 10:35:00,1311.9,1312.2,1311.0,1311.5,50089
2026-08-19 10:40:00,1311.5,1312.7,1311.2,1312.2,61553
2026-08-19 10:45:00,1312.2,1312.3,1311.2,1312.3,64752
2026-08-19 10:50:00,1312.3,1314.5,1312.0,1314.5,74638
2026-08-19 10:55:00,1314.5,1315.5,1314.0,1314.9,85779
2026-08-19 11:00:00,1314.9,1314.9,1313.7,1314.8,57979
2026-08-19 11:05:00,1314.4,1315.4,1313.0,1315.0,70562
2026-08-19 11:10:00,1315.2,1315.7,1313.8,1315.0,139056
2026-08-19 11:15:00,1315.1,1315.3,1314.4,1315.2,72209
2026-08-19 11:20:00,1315.2,1315.6,1314.8,1315.2,87934
2026-08-19 11:25:00,1315.2,1315.9,1314.9,1315.1,104069
2026-08-19 11:30:00,1315.1,1315.3,1313.1,1314.1,116496
2026-08-19 11:35:00,1314.2,1314.6,1313.8,1314.1,104689
2026-08-19 11:40:00,1314.2,1315.1,1313.7,1314.3,70726
2026-08-19 11:45:00,1314.3,1314.8,1313.3,1314.7,58000
2026-08-19 11:50:00,1314.7,1315.2,1313.5,1315.0,92097
2026-08-19 11:55:00,1315.1,1315.1,1314.0,1314.5,155086
2026-08-19 12:00:00,1314.3,1314.6,1313.8,1314.2,111165
2026-08-19 12:05:00,1314.2,1314.2,1311.8,1312.5,240326
2026-08-19 12:10:00,1312.6,1312.6,1312.0,1312.2,45688
2026-08-19 12:15:00,1312.2,1313.3,1312.0,1313.3,56264
2026-08-19 12:20:00,1313.3,1314.9,1312.6,1314.7,184329
2026-08-19 12:25:00,1314.7,1314.9,1313.7,1314.6,64705
2026-08-19 12:30:00,1314.6,1315.0,1314.0,1315.0,68733
2026-08-19 12:35:00,1315.0,1315.1,1314.1,1314.4,70718
2026-08-19 12:40:00,1314.5,1315.3,1314.0,1315.1,76051
2026-08-19 12:45:00,1315.1,1315.5,1314.7,1315.4,94624
2026-08-19 12:50:00,1315.3,1315.5,1315.0,1315.3,28617
2026-08-19 12:55:00,1315.2,1316.0,1313.9,1315.9,93420
2026-08-19 13:00:00,1316.0,1316.7,1315.5,1316.5,104405
2026-08-19 13:05:00,1316.5,1316.5,1314.8,1316.1,84557
2026-08-19 13:10:00,1316.2,1316.2,1314.8,1315.1,102828
2026-08-19 13:15:00,1315.0,1315.2,1313.3,1313.5,108479
2026-08-19 13:20:00,1313.5,1314.7,1313.1,1313.6,182452
2026-08-19 13:25:00,1313.5,1314.1,1313.3,1313.9,33254
2026-08-19 13:30:00,1313.9,1314.4,1313.5,1314.1,35003
2026-08-19 13:35:00,1314.2,1314.4,1313.3,1314.4,47996
2026-08-19 13:40:00,1313.9,1314.7,1312.4,1312.7,221514
2026-08-19 13:45:00,1312.9,1313.6,1312.4,1313.0,67405
2026-08-19 13:50:00,1313.1,1313.2,1312.0,1312.8,48302
2026-08-19 13:55:00,1312.6,1314.2,1312.6,1314.1,77386
2026-08-19 14:00:00,1313.8,1314.1,1312.8,1313.2,64120
2026-08-19 14:05:00,1313.6,1313.9,1313.0,1313.4,17538
2026-08-19 14:10:00,1313.4,1313.5,1310.6,1311.2,75388
2026-08-19 14:15:00,1311.2,1311.5,1308.4,1308.8,222056
2026-08-19 14:20:00,1308.8,1309.3,1307.7,1308.0,85887
2026-08-19 14:25:00,1308.1,1308.9,1307.5,1308.2,55468
2026-08-19 14:30:00,1308.6,1309.3,1308.2,1308.9,68618
2026-08-19 14:35:00,1309.0,1311.4,1308.5,1308.7,62677
2026-08-19 14:40:00,1308.8,1309.8,1308.5,1309.0,61351
2026-08-19 14:45:00,1309.1,1309.1,1307.7,1308.3,56920
2026-08-19 14:50:00,1308.3,1309.7,1308.2,1309.5,195384
2026-08-19 14:55:00,1309.6,1309.8,1307.5,1308.0,153951
2026-08-19 15:00:00,1308.0,1309.2,1307.3,1308.5,171417
2026-08-19 15:05:00,1308.5,1308.9,1304.7,1305.0,241327
2026-08-19 15:10:00,1304.9,1308.0,1303.5,1306.9,296629
2026-08-19 15:15:00,1306.6,1306.6,1306.6,1306.6,154
2026-08-19 15:20:00,1306.6,1306.6,1306.6,1306.6,0
2026-08-19 15:25:00,1306.6,1311.0,1306.6,1311.0,339866
2026-08-20 09:15:00,1315.5,1315.7,1308.5,1309.5,408593
2026-08-20 09:20:00,1309.5,1310.7,1308.1,1308.7,145490
2026-08-20 09:25:00,1308.5,1309.3,1307.0,1307.5,84703
2026-08-20 09:30:00,1308.1,1308.6,1307.0,1308.0,155386
2026-08-20 09:35:00,1308.0,1309.8,1307.7,1308.9,182768
2026-08-20 09:40:00,1308.9,1309.5,1308.5,1308.8,50619
2026-08-20 09:45:00,1309.0,1309.8,1308.2,1308.4,54492
2026-08-20 09:50:00,1309.0,1309.8,1308.5,1309.0,73552
2026-08-20 09:55:00,1309.1,1309.8,1309.0,1309.0,51849
2026-08-20 10:00:00,1309.1,1310.2,1309.0,1309.5,22505
2026-08-20 10:05:00,1309.7,1310.0,1309.0,1309.5,26479
2026-08-20 10:10:00,1309.4,1310.0,1309.0,1310.0,22939
2026-08-20 10:15:00,1309.9,1311.7,1309.5,1311.6,73724
2026-08-20 10:20:00,1311.7,1311.7,1310.3,1310.6,39889
2026-08-20 10:25:00,1310.6,1310.9,1309.0,1309.0,31634
2026-08-20 10:30:00,1309.2,1309.9,1309.0,1309.1,17785
2026-08-20 10:35:00,1309.3,1309.5,1309.0,1309.0,25262
2026-08-20 10:40:00,1309.0,1309.7,1309.0,1309.3,21431
2026-08-20 10:45:00,1309.1,1309.3,1308.0,1308.9,40219
2026-08-20 10:50:00,1308.9,1309.3,1307.3,1307.4,56982
2026-08-20 10:55:00,1307.4,1309.9,1307.2,1309.5,45791
2026-08-20 11:00:00,1309.5,1310.8,1309.5,1310.4,42540
2026-08-20 11:05:00,1310.2,1310.8,1310.1,1310.8,19450
2026-08-20 11:10:00,1310.8,1311.0,1310.0,1310.2,23072
2026-08-20 11:15:00,1310.3,1310.3,1309.1,1309.4,28982
2026-08-20 11:20:00,1309.6,1310.1,1308.8,1310.0,47103
2026-08-20 11:25:00,1310.1,1310.3,1309.2,1309.3,40108
2026-08-20 11:30:00,1309.2,1311.5,1309.1,1311.0,54942
2026-08-20 11:35:00,1310.8,1311.2,1310.6,1310.6,31578
2026-08-20 11:40:00,1311.0,1311.0,1310.5,1310.8,32348
2026-08-20 11:45:00,1310.8,1310.9,1310.4,1310.8,22306
2026-08-20 11:50:00,1310.6,1311.6,1310.2,1311.5,24591
2026-08-20 11:55:00,1311.5,1311.8,1311.0,1311.8,44539
2026-08-20 12:00:00,1311.6,1311.8,1310.4,1311.1,72942
2026-08-20 12:05:00,1311.2,1311.2,1310.2,1311.1,29537
2026-08-20 12:10:00,1311.1,1311.5,1310.6,1311.2,58483
2026-08-20 12:15:00,1311.2,1311.4,1310.6,1311.0,26749
2026-08-20 12:20:00,1311.3,1311.5,1310.6,1310.8,58299
2026-08-20 12:25:00,1311.0,1311.4,1310.2,1311.1,29768
2026-08-20 12:30:00,1311.2,1311.3,1310.2,1310.4,21608
2026-08-20 12:35:00,1310.8,1311.2,1310.2,1311.1,28300
2026-08-20 12:40:00,1311.0,1313.5,1311.0,1313.4,151450
2026-08-20 12:45:00,1313.3,1314.9,1313.0,1314.0,132343
2026-08-20 12:50:00,1314.2,1316.2,1313.8,1315.0,186482
2026-08-20 12:55:00,1315.0,1316.1,1313.7,1315.0,360532
2026-08-20 13:00:00,1315.2,1315.3,1314.0,1314.7,106994
2026-08-20 13:05:00,1314.9,1315.0,1313.9,1314.4,39012
2026-08-20 13:10:00,1314.5,1315.0,1313.1,1313.9,72511
2026-08-20 13:15:00,1313.8,1314.5,1313.0,1313.0,36299
2026-08-20 13:20:00,1313.1,1315.3,1312.8,1314.9,88982
2026-08-20 13:25:00,1314.6,1315.6,1314.2,1315.6,33429
2026-08-20 13:30:00,1315.6,1316.5,1315.5,1316.0,73246
2026-08-20 13:35:00,1316.1,1316.4,1314.7,1314.9,45474
2026-08-20 13:40:00,1315.1,1315.7,1314.4,1315.3,27588
2026-08-20 13:45:00,1315.4,1315.5,1314.6,1314.7,19550
2026-08-20 13:50:00,1315.1,1315.1,1313.5,1313.5,28663
2026-08-20 13:55:00,1313.7,1314.3,1312.2,1312.8,37327
2026-08-20 14:00:00,1312.3,1313.0,1311.8,1312.8,94015
2026-08-20 14:05:00,1312.9,1314.0,1312.5,1313.5,43786
2026-08-20 14:10:00,1313.4,1314.4,1313.4,1313.8,21586
2026-08-20 14:15:00,1314.0,1314.0,1312.9,1313.9,19135
2026-08-20 14:20:00,1313.9,1314.4,1312.8,1314.3,76728
2026-08-20 14:25:00,1314.1,1314.9,1313.1,1314.4,58847
2026-08-20 14:30:00,1314.4,1315.0,1313.5,1313.9,32072
2026-08-20 14:35:00,1314.2,1314.8,1313.6,1314.5,49241
2026-08-20 14:40:00,1314.2,1314.7,1313.9,1314.2,64825
2026-08-20 14:45:00,1314.5,1314.6,1313.7,1314.4,143581
2026-08-20 14:50:00,1314.4,1315.2,1313.8,1314.2,223746
2026-08-20 14:55:00,1314.0,1314.4,1313.4,1314.0,66829
2026-08-20 15:00:00,1313.9,1314.0,1312.7,1313.3,98598
2026-08-20 15:05:00,1313.6,1313.7,1312.5,1312.8,126072
2026-08-20 15:10:00,1312.9,1313.3,1310.5,1311.0,229170
2026-08-20 15:15:00,1311.0,1311.0,1311.0,1311.0,847
2026-08-20 15:20:00,1311.0,1311.0,1311.0,1311.0,0
2026-08-20 15:25:00,1311.0,1313.2,1311.0,1313.2,300168
2026-08-21 09:15:00,1314.0,1314.5,1308.6,1310.2,217557
2026-08-21 09:20:00,1310.2,1312.0,1309.2,1311.7,131680
2026-08-21 09:25:00,1311.7,1311.8,1310.0,1310.8,41954
2026-08-21 09:30:00,1310.5,1310.5,1309.2,1309.7,52718
2026-08-21 09:35:00,1309.7,1310.0,1309.1,1309.7,52253
2026-08-21 09:40:00,1309.7,1310.2,1309.4,1309.6,43149
2026-08-21 09:45:00,1309.7,1309.9,1308.1,1308.8,65006
2026-08-21 09:50:00,1309.0,1309.5,1308.6,1309.4,27170
2026-08-21 09:55:00,1309.4,1309.6,1308.5,1309.1,92425
2026-08-21 10:00:00,1309.1,1310.7,1309.0,1309.9,65525
2026-08-21 10:05:00,1309.9,1309.9,1308.2,1308.3,35381
2026-08-21 10:10:00,1308.3,1310.4,1308.0,1310.1,93074
2026-08-21 10:15:00,1310.0,1310.5,1309.9,1310.1,83758
2026-08-21 10:20:00,1310.1,1310.3,1309.5,1309.6,48430
2026-08-21 10:25:00,1309.5,1310.0,1309.5,1309.8,34058
2026-08-21 10:30:00,1309.9,1310.7,1309.8,1310.1,40375
2026-08-21 10:35:00,1310.1,1310.8,1310.0,1310.5,47811
2026-08-21 10:40:00,1310.6,1312.0,1310.5,1311.6,50764
2026-08-21 10:45:00,1311.5,1311.8,1311.0,1311.1,31697
2026-08-21 10:50:00,1311.0,1312.0,1311.0,1311.6,58767
2026-08-21 10:55:00,1311.6,1313.4,1311.4,1313.3,126799
2026-08-21 11:00:00,1313.4,1313.9,1312.3,1313.0,54847
2026-08-21 11:05:00,1313.1,1313.5,1312.5,1312.7,66803
2026-08-21 11:10:00,1312.7,1313.3,1312.1,1312.8,36869
2026-08-21 11:15:00,1312.8,1313.4,1312.4,1312.5,45760
2026-08-21 11:20:00,1312.4,1312.8,1311.9,1312.0,112834
2026-08-21 11:25:00,1312.2,1312.6,1311.9,1312.5,29221
2026-08-21 11:30:00,1312.2,1313.4,1312.2,1313.1,40881
2026-08-21 11:35:00,1313.2,1313.4,1312.5,1312.5,42773
2026-08-21 11:40:00,1312.8,1312.9,1312.1,1312.3,59575
2026-08-21 11:45:00,1312.4,1312.8,1312.0,1312.8,124487
2026-08-21 11:50:00,1312.7,1313.4,1312.3,1312.4,90274
2026-08-21 11:55:00,1312.4,1312.9,1311.4,1312.0,128691
2026-08-21 12:00:00,1312.0,1312.2,1311.7,1312.1,76055
2026-08-21 12:05:00,1312.0,1312.3,1311.9,1312.0,86048
2026-08-21 12:10:00,1312.1,1312.3,1311.9,1312.0,62448
2026-08-21 12:15:00,1312.0,1312.2,1311.2,1312.1,120141
2026-08-21 12:20:00,1312.0,1312.2,1311.6,1312.0,65243
2026-08-21 12:25:00,1312.0,1312.2,1311.0,1311.0,83468
2026-08-21 12:30:00,1311.1,1311.4,1310.5,1311.2,54949
2026-08-21 12:35:00,1311.2,1311.5,1311.0,1311.1,70908
2026-08-21 12:40:00,1311.0,1311.5,1310.8,1310.8,47070
2026-08-21 12:45:00,1310.8,1311.3,1310.6,1311.0,65465
2026-08-21 12:50:00,1311.0,1311.4,1310.8,1311.1,50683
2026-08-21 12:55:00,1311.1,1311.7,1310.9,1311.4,61284
2026-08-21 13:00:00,1311.4,1312.6,1311.3,1311.5,52588
2026-08-21 13:05:00,1311.5,1312.1,1311.3,1311.8,20693
2026-08-21 13:10:00,1311.7,1311.8,1310.1,1310.2,41805
2026-08-21 13:15:00,1310.5,1311.6,1310.3,1311.6,59190
2026-08-21 13:20:00,1311.5,1311.6,1311.0,1311.0,65894
2026-08-21 13:25:00,1311.1,1311.1,1310.1,1311.0,56553
2026-08-21 13:30:00,1311.0,1311.0,1310.6,1310.8,48537
2026-08-21 13:35:00,1310.8,1310.9,1310.3,1310.4,70555
2026-08-21 13:40:00,1310.4,1311.0,1310.4,1310.5,68496
2026-08-21 13:45:00,1310.5,1310.8,1309.9,1310.0,100752
2026-08-21 13:50:00,1309.9,1310.8,1309.5,1310.1,95340
2026-08-21 13:55:00,1309.9,1310.7,1309.4,1309.4,39042
2026-08-21 14:00:00,1309.4,1310.3,1309.2,1310.0,56091
2026-08-21 14:05:00,1310.0,1310.2,1308.0,1308.2,41841
2026-08-21 14:10:00,1308.1,1308.8,1308.0,1308.7,32780
2026-08-21 14:15:00,1308.5,1309.0,1308.5,1308.9,32060
2026-08-21 14:20:00,1308.9,1310.2,1308.5,1309.5,69867
2026-08-21 14:25:00,1309.9,1310.2,1309.0,1310.2,65628
2026-08-21 14:30:00,1310.3,1310.6,1309.0,1309.0,59338
2026-08-21 14:35:00,1309.5,1309.7,1309.0,1309.5,32227
2026-08-21 14:40:00,1309.5,1310.0,1309.0,1309.5,58305
2026-08-21 14:45:00,1309.5,1310.4,1309.1,1309.2,58964
2026-08-21 14:50:00,1309.6,1311.1,1309.4,1310.5,262470
2026-08-21 14:55:00,1310.3,1310.6,1309.1,1309.2,55624
2026-08-21 15:00:00,1309.2,1310.7,1309.2,1310.6,100244
2026-08-21 15:05:00,1310.6,1312.0,1310.5,1310.6,187035
2026-08-21 15:10:00,1311.0,1313.0,1309.1,1313.0,160551
2026-08-21 15:15:00,1314.0,1314.0,1314.0,1314.0,22347
2026-08-21 15:20:00,1314.0,1314.0,1314.0,1314.0,0
2026-08-21 15:25:00,1314.0,1316.0,1314.0,1316.0,272798
2026-08-24 09:15:00,1316.6,1320.0,1312.0,1317.8,292369
2026-08-24 09:20:00,1317.9,1318.0,1316.2,1317.2,127783
2026-08-24 09:25:00,1317.1,1317.1,1315.5,1315.8,88123
2026-08-24 09:30:00,1316.0,1316.0,1314.1,1314.4,74581
2026-08-24 09:35:00,1314.4,1314.7,1313.3,1313.6,55619
2026-08-24 09:40:00,1313.5,1313.7,1311.9,1313.4,113292
2026-08-24 09:45:00,1313.4,1313.5,1313.0,1313.3,44117
2026-08-24 09:50:00,1313.3,1313.6,1313.2,1313.4,40226
2026-08-24 09:55:00,1313.4,1314.3,1313.2,1313.4,47720
2026-08-24 10:00:00,1313.3,1313.5,1313.0,1313.0,64459
2026-08-24 10:05:00,1313.3,1313.9,1312.7,1313.3,59339
2026-08-24 10:10:00,1313.3,1314.0,1313.0,1314.0,46530
2026-08-24 10:15:00,1314.0,1314.3,1312.7,1313.9,52468
2026-08-24 10:20:00,1313.9,1315.5,1313.6,1314.4,97906
2026-08-24 10:25:00,1314.4,1314.7,1313.5,1313.5,47477
2026-08-24 10:30:00,1313.6,1313.6,1312.4,1313.0,60006
2026-08-24 10:35:00,1313.1,1313.9,1313.0,1313.6,48651
2026-08-24 10:40:00,1313.7,1313.7,1312.9,1312.9,41064
2026-08-24 10:45:00,1313.0,1313.2,1311.0,1311.1,81670
2026-08-24 10:50:00,1311.2,1311.3,1310.9,1311.0,68273
2026-08-24 10:55:00,1311.1,1311.1,1309.5,1309.5,83502
2026-08-24 11:00:00,1309.5,1309.8,1308.6,1308.9,106758
2026-08-24 11:05:00,1308.8,1309.4,1308.0,1308.9,74266
2026-08-24 11:10:00,1308.9,1309.0,1308.2,1308.5,71495
2026-08-24 11:15:00,1308.4,1308.5,1308.0,1308.4,47445
2026-08-24 11:20:00,1308.4,1308.5,1304.5,1305.5,192324
2026-08-24 11:25:00,1305.6,1306.1,1304.8,1306.0,77937
2026-08-24 11:30:00,1305.7,1306.1,1304.7,1305.1,68886
2026-08-24 11:35:00,1305.0,1305.8,1304.6,1305.5,73746
2026-08-24 11:40:00,1305.5,1305.6,1305.2,1305.2,65781
2026-08-24 11:45:00,1305.3,1305.6,1304.6,1305.2,60644
2026-08-24 11:50:00,1305.3,1305.8,1305.0,1305.1,50689
2026-08-24 11:55:00,1305.2,1305.2,1304.0,1305.0,56499
2026-08-24 12:00:00,1305.1,1305.3,1304.5,1305.0,50147
2026-08-24 12:05:00,1305.0,1307.0,1304.6,1307.0,55840
2026-08-24 12:10:00,1307.0,1308.3,1306.7,1308.1,106006
2026-08-24 12:15:00,1307.6,1308.1,1307.2,1307.6,89080
2026-08-24 12:20:00,1307.5,1308.1,1307.5,1307.5,59817
2026-08-24 12:25:00,1307.6,1307.7,1307.3,1307.6,95140
2026-08-24 12:30:00,1307.5,1307.6,1306.7,1307.0,77424
2026-08-24 12:35:00,1307.1,1307.7,1305.4,1305.6,55387
2026-08-24 12:40:00,1305.6,1305.9,1305.1,1305.7,32162
2026-08-24 12:45:00,1305.7,1306.2,1305.6,1306.1,40493
2026-08-24 12:50:00,1306.2,1306.2,1305.5,1305.7,30653
2026-08-24 12:55:00,1305.8,1306.2,1305.5,1306.0,98363
2026-08-24 13:00:00,1306.0,1306.4,1305.0,1305.1,105713
2026-08-24 13:05:00,1305.3,1305.5,1304.1,1304.3,259665
2026-08-24 13:10:00,1304.3,1305.4,1304.3,1305.1,165010
2026-08-24 13:15:00,1305.1,1305.6,1305.0,1305.6,110579
2026-08-24 13:20:00,1305.5,1306.0,1305.0,1305.6,76783
2026-08-24 13:25:00,1305.7,1307.3,1305.6,1305.8,165039
2026-08-24 13:30:00,1305.9,1306.5,1305.0,1305.2,39498
2026-08-24 13:35:00,1305.3,1305.9,1305.0,1305.0,34545
2026-08-24 13:40:00,1305.1,1305.2,1305.0,1305.2,28425
2026-08-24 13:45:00,1305.2,1306.1,1305.1,1305.9,41129
2026-08-24 13:50:00,1305.6,1305.7,1304.0,1304.1,83880
2026-08-24 13:55:00,1304.0,1304.1,1303.2,1303.8,50083
2026-08-24 14:00:00,1304.0,1306.0,1303.2,1304.3,107384
2026-08-24 14:05:00,1304.2,1305.8,1304.2,1304.3,137154
2026-08-24 14:10:00,1304.4,1304.4,1303.0,1303.0,51124
2026-08-24 14:15:00,1303.0,1303.2,1302.6,1302.7,60469
2026-08-24 14:20:00,1302.7,1304.0,1302.4,1303.6,75393
2026-08-24 14:25:00,1303.3,1305.7,1303.2,1305.0,269191
2026-08-24 14:30:00,1305.0,1305.1,1304.1,1304.9,155568
2026-08-24 14:35:00,1304.9,1305.5,1304.4,1305.2,88484
2026-08-24 14:40:00,1305.3,1305.4,1304.0,1304.8,85839
2026-08-24 14:45:00,1304.9,1304.9,1304.0,1304.7,104624
2026-08-24 14:50:00,1304.8,1305.0,1304.0,1304.5,290023
2026-08-24 14:55:00,1304.6,1305.9,1304.5,1305.8,174510
2026-08-24 15:00:00,1305.8,1306.7,1305.6,1305.9,200910
2026-08-24 15:05:00,1306.0,1306.4,1305.4,1306.1,255831
2026-08-24 15:10:00,1306.2,1306.4,1303.6,1304.0,249391
2026-08-24 15:15:00,1304.1,1304.1,1304.1,1304.1,3
2026-08-24 15:20:00,1304.1,1304.1,1304.1,1304.1,0
2026-08-24 15:25:00,1304.1,1309.8,1304.1,1309.8,377584
2026-08-25 09:15:00,1304.3,1306.1,1301.8,1305.0,171028
2026-08-25 09:20:00,1305.0,1305.0,1302.8,1302.9,112881
2026-08-25 09:25:00,1303.0,1303.6,1302.6,1302.9,69341
2026-08-25 09:30:00,1302.7,1303.5,1302.0,1303.5,56127
2026-08-25 09:35:00,1303.5,1303.7,1302.9,1303.1,82068
2026-08-25 09:40:00,1303.2,1304.0,1303.0,1303.1,41422
2026-08-25 09:45:00,1303.3,1303.5,1302.1,1302.1,43088
2026-08-25 09:50:00,1302.5,1302.5,1300.5,1301.5,95575
2026-08-25 09:55:00,1301.5,1301.8,1301.0,1301.6,37433
2026-08-25 10:00:00,1301.6,1301.6,1300.8,1301.2,50455
2026-08-25 10:05:00,1301.1,1301.5,1300.8,1301.1,49427
2026-08-25 10:10:00,1301.1,1302.1,1301.0,1302.1,59202
2026-08-25 10:15:00,1301.8,1302.3,1301.2,1301.6,49830
2026-08-25 10:20:00,1301.8,1302.2,1300.1,1300.5,84359
2026-08-25 10:25:00,1300.4,1301.0,1300.0,1300.3,69423
2026-08-25 10:30:00,1300.5,1301.3,1300.2,1300.8,40577
2026-08-25 10:35:00,1300.8,1301.5,1300.2,1301.2,36876
2026-08-25 10:40:00,1301.3,1301.7,1300.8,1301.4,55242
2026-08-25 10:45:00,1301.4,1302.9,1301.2,1302.5,83589
2026-08-25 10:50:00,1302.8,1303.2,1302.2,1302.5,63161
2026-08-25 10:55:00,1302.8,1302.9,1301.4,1301.6,54185
2026-08-25 11:00:00,1301.9,1302.2,1301.4,1302.0,55862
2026-08-25 11:05:00,1301.9,1302.3,1301.6,1301.6,43040
2026-08-25 11:10:00,1301.8,1302.0,1301.0,1301.4,31920
2026-08-25 11:15:00,1301.5,1301.6,1301.0,1301.3,35056
2026-08-25 11:20:00,1301.2,1302.2,1301.2,1302.2,85964
2026-08-25 11:25:00,1302.2,1302.4,1301.2,1301.5,50470
2026-08-25 11:30:00,1301.3,1302.1,1301.3,1302.0,71060
2026-08-25 11:35:00,1302.1,1302.2,1301.1,1301.7,45223
2026-08-25 11:40:00,1301.7,1302.9,1301.7,1302.8,59356
2026-08-25 11:45:00,1302.9,1303.1,1302.0,1302.6,49331
2026-08-25 11:50:00,1302.5,1302.9,1302.0,1302.7,65080
2026-08-25 11:55:00,1302.9,1304.8,1302.4,1304.4,92096
2026-08-25 12:00:00,1304.8,1305.3,1302.5,1305.3,260343
2026-08-25 12:05:00,1305.3,1305.9,1304.7,1305.0,219241
2026-08-25 12:10:00,1305.2,1305.2,1304.1,1304.8,68963
2026-08-25 12:15:00,1304.5,1305.7,1304.5,1304.7,79400
2026-08-25 12:20:00,1304.8,1305.6,1304.8,1305.0,125551
2026-08-25 12:25:00,1305.3,1306.0,1304.5,1305.1,147443
2026-08-25 12:30:00,1304.8,1305.1,1302.5,1303.8,183475
2026-08-25 12:35:00,1303.4,1304.9,1303.4,1304.7,31676
2026-08-25 12:40:00,1304.7,1304.8,1304.0,1304.0,79982
2026-08-25 12:45:00,1304.2,1305.0,1303.1,1304.3,105391
2026-08-25 12:50:00,1304.5,1304.5,1302.5,1302.5,95145
2026-08-25 12:55:00,1303.2,1304.2,1302.6,1303.5,131654
2026-08-25 13:00:00,1303.5,1303.9,1302.0,1303.2,71153
2026-08-25 13:05:00,1303.1,1303.2,1302.5,1302.7,58320
2026-08-25 13:10:00,1302.6,1303.2,1302.4,1302.5,42834
2026-08-25 13:15:00,1302.7,1303.2,1302.4,1302.6,76050
2026-08-25 13:20:00,1302.5,1303.1,1301.6,1301.9,53133
2026-08-25 13:25:00,1301.8,1302.6,1301.5,1302.2,37279
2026-08-25 13:30:00,1302.2,1303.4,1301.8,1303.0,39144
2026-08-25 13:35:00,1302.8,1302.9,1301.7,1302.5,65455
2026-08-25 13:40:00,1302.5,1303.0,1301.6,1302.5,51951
2026-08-25 13:45:00,1302.4,1302.7,1301.2,1301.5,57119
2026-08-25 13:50:00,1301.4,1305.0,1301.2,1304.4,92657
2026-08-25 13:55:00,1304.7,1304.9,1302.7,1303.8,128896
2026-08-25 14:00:00,1303.9,1303.9,1301.6,1303.3,48750
2026-08-25 14:05:00,1303.5,1303.9,1302.8,1303.3,42545
2026-08-25 14:10:00,1303.3,1304.3,1303.2,1303.8,38241
2026-08-25 14:15:00,1303.6,1304.3,1303.6,1304.3,33664
2026-08-25 14:20:00,1304.2,1304.9,1304.1,1304.4,55802
2026-08-25 14:25:00,1304.5,1306.0,1304.2,1306.0,96189
2026-08-25 14:30:00,1306.0,1307.0,1305.0,1305.6,220025
2026-08-25 14:35:00,1305.9,1306.7,1304.4,1305.9,72855
2026-08-25 14:40:00,1306.0,1306.7,1305.6,1306.4,91076
2026-08-25 14:45:00,1306.5,1308.9,1306.0,1308.9,171383
2026-08-25 14:50:00,1308.9,1310.4,1308.1,1309.6,572787
2026-08-25 14:55:00,1309.9,1312.5,1309.2,1312.1,198450
2026-08-25 15:00:00,1311.9,1314.3,1310.8,1314.0,183258
2026-08-25 15:05:00,1314.0,1314.6,1312.7,1312.7,161472
2026-08-25 15:10:00,1313.1,1317.1,1311.6,1312.7,414076
2026-08-25 15:15:00,1312.7,1312.7,1312.7,1312.7,0
2026-08-25 15:20:00,1312.7,1312.7,1312.7,1312.7,0
2026-08-25 15:25:00,1312.7,1317.0,1312.7,1317.0,280640
2026-08-26 09:15:00,1310.0,1314.8,1308.0,1310.0,282441
2026-08-26 09:20:00,1310.0,1312.3,1309.2,1311.9,73171
2026-08-26 09:25:00,1311.9,1312.5,1310.9,1311.1,60688
2026-08-26 09:30:00,1311.2,1312.0,1309.2,1309.6,111619
2026-08-26 09:35:00,1309.5,1310.3,1309.1,1309.9,47118
2026-08-26 09:40:00,1310.0,1311.0,1309.9,1310.9,51910
2026-08-26 09:45:00,1310.9,1315.0,1310.5,1313.7,153474
2026-08-26 09:50:00,1314.0,1315.6,1312.4,1313.2,73734
2026-08-26 09:55:00,1313.4,1314.0,1311.5,1312.3,46571
2026-08-26 10:00:00,1312.4,1315.3,1312.0,1315.3,72858
2026-08-26 10:05:00,1315.2,1315.5,1313.2,1313.4,45438
2026-08-26 10:10:00,1313.5,1313.5,1312.1,1312.6,34207
2026-08-26 10:15:00,1312.6,1313.4,1310.7,1311.1,38971
2026-08-26 10:20:00,1310.9,1311.8,1310.4,1310.9,39300
2026-08-26 10:25:00,1311.0,1311.9,1310.7,1311.6,43412
2026-08-26 10:30:00,1311.5,1314.0,1311.1,1313.3,56566
2026-08-26 10:35:00,1313.3,1313.3,1311.8,1311.9,58521
2026-08-26 10:40:00,1311.9,1313.6,1311.5,1312.6,67736
2026-08-26 10:45:00,1312.6,1312.8,1311.1,1312.0,37243
2026-08-26 10:50:00,1311.9,1312.4,1311.1,1311.7,30986
2026-08-26 10:55:00,1311.7,1312.3,1311.1,1311.4,20156
2026-08-26 11:00:00,1311.4,1312.6,1311.3,1312.5,45467
2026-08-26 11:05:00,1312.5,1312.5,1311.2,1311.7,19641
2026-08-26 11:10:00,1311.7,1312.5,1311.5,1312.0,18137
2026-08-26 11:15:00,1311.9,1312.2,1310.5,1310.5,39196
2026-08-26 11:20:00,1310.5,1311.4,1310.1,1310.1,29876
2026-08-26 11:25:00,1310.4,1310.9,1310.1,1310.5,36795
2026-08-26 11:30:00,1310.4,1310.5,1309.3,1309.6,68316
2026-08-26 11:35:00,1309.5,1310.2,1309.5,1309.6,26872
2026-08-26 11:40:00,1309.5,1310.2,1309.4,1309.9,31316
2026-08-26 11:45:00,1309.9,1310.0,1308.6,1308.7,41693
2026-08-26 11:50:00,1308.8,1309.0,1308.2,1308.2,68186
2026-08-26 11:55:00,1308.3,1308.9,1308.1,1308.1,32569
2026-08-26 12:00:00,1308.2,1308.5,1307.0,1307.3,75042
2026-08-26 12:05:00,1308.0,1308.0,1305.6,1306.0,73157
2026-08-26 12:10:00,1306.0,1306.7,1305.8,1306.4,38907
2026-08-26 12:15:00,1306.5,1307.7,1305.8,1307.7,66770
2026-08-26 12:20:00,1307.5,1308.0,1307.1,1307.5,40641
2026-08-26 12:25:00,1307.8,1307.8,1307.0,1307.1,26075
2026-08-26 12:30:00,1307.1,1307.2,1306.1,1306.8,39204
2026-08-26 12:35:00,1306.7,1307.4,1306.6,1306.8,85037
2026-08-26 12:40:00,1306.8,1306.8,1306.0,1306.7,22828
2026-08-26 12:45:00,1306.7,1307.8,1306.3,1306.3,25766
2026-08-26 12:50:00,1306.3,1306.6,1306.0,1306.1,22606
2026-08-26 12:55:00,1306.0,1307.0,1306.0,1306.6,19356
2026-08-26 13:00:00,1306.7,1306.7,1305.1,1305.8,37134
2026-08-26 13:05:00,1305.6,1306.2,1305.4,1305.5,26463
2026-08-26 13:10:00,1305.5,1305.6,1305.2,1305.2,16031
2026-08-26 13:15:00,1305.3,1305.4,1304.0,1304.8,87418
2026-08-26 13:20:00,1304.7,1304.9,1304.2,1304.4,37832
2026-08-26 13:25:00,1304.3,1304.5,1303.5,1304.0,56879
2026-08-26 13:30:00,1303.9,1304.2,1303.8,1303.9,26072
2026-08-26 13:35:00,1303.8,1304.0,1303.3,1303.8,61829
2026-08-26 13:40:00,1303.9,1304.4,1303.3,1303.3,41000
2026-08-26 13:45:00,1303.3,1303.7,1302.5,1303.2,71996
2026-08-26 13:50:00,1303.2,1303.9,1303.1,1303.2,40875
2026-08-26 13:55:00,1303.3,1303.9,1303.1,1303.8,23247
2026-08-26 14:00:00,1303.7,1303.9,1302.6,1303.1,100764
2026-08-26 14:05:00,1303.1,1303.2,1302.2,1302.8,49031
2026-08-26 14:10:00,1302.8,1303.9,1302.6,1302.9,57191
2026-08-26 14:15:00,1303.0,1305.4,1302.9,1303.5,104838
2026-08-26 14:20:00,1303.5,1304.2,1303.0,1303.8,199240
2026-08-26 14:25:00,1303.5,1303.5,1302.1,1302.3,80063
2026-08-26 14:30:00,1302.3,1303.5,1302.1,1302.3,138856
2026-08-26 14:35:00,1302.5,1303.1,1302.3,1302.7,60972
2026-08-26 14:40:00,1302.6,1302.9,1302.5,1302.7,52490
2026-08-26 14:45:00,1302.6,1303.2,1302.0,1302.3,110382
2026-08-26 14:50:00,1302.1,1302.5,1300.0,1300.8,403189
2026-08-26 14:55:00,1300.8,1301.7,1300.0,1301.0,239964
2026-08-26 15:00:00,1301.0,1302.0,1300.3,1301.9,213039
2026-08-26 15:05:00,1301.9,1302.2,1301.2,1301.8,164174
2026-08-26 15:10:00,1301.6,1302.7,1301.3,1302.5,239228
2026-08-26 15:15:00,1302.5,1302.5,1302.5,1302.5,628
2026-08-26 15:20:00,1302.5,1302.5,1302.5,1302.5,0
2026-08-26 15:25:00,1302.5,1302.5,1298.0,1298.0,412243
2026-08-27 09:15:00,1305.0,1308.4,1302.3,1303.8,356442
2026-08-27 09:20:00,1303.6,1305.4,1303.0,1304.9,70474
2026-08-27 09:25:00,1304.6,1305.0,1301.2,1301.5,96773
2026-08-27 09:30:00,1301.8,1302.3,1299.2,1300.8,115909
2026-08-27 09:35:00,1301.0,1301.9,1300.0,1301.6,85438
2026-08-27 09:40:00,1301.5,1302.7,1301.5,1302.5,40716
2026-08-27 09:45:00,1302.6,1303.6,1302.4,1303.2,41275
2026-08-27 09:50:00,1303.2,1303.4,1302.6,1303.0,46218
2026-08-27 09:55:00,1303.1,1303.1,1301.3,1301.4,50094
2026-08-27 10:00:00,1301.4,1301.7,1300.1,1300.3,47394
2026-08-27 10:05:00,1300.5,1300.5,1298.1,1299.3,89855
2026-08-27 10:10:00,1299.5,1299.7,1298.2,1298.4,37847
2026-08-27 10:15:00,1298.7,1299.0,1296.4,1296.7,83894
2026-08-27 10:20:00,1296.7,1297.3,1296.1,1296.2,60576
2026-08-27 10:25:00,1296.2,1297.2,1295.0,1296.1,305893
2026-08-27 10:30:00,1296.2,1296.9,1296.0,1296.7,43860
2026-08-27 10:35:00,1296.4,1296.8,1295.5,1296.2,47473
2026-08-27 10:40:00,1296.2,1296.7,1295.5,1295.5,36646
2026-08-27 10:45:00,1295.4,1296.0,1294.7,1294.7,46514
2026-08-27 10:50:00,1294.8,1294.8,1292.8,1293.6,161395
2026-08-27 10:55:00,1293.6,1293.9,1291.8,1292.2,118270
2026-08-27 11:00:00,1292.2,1292.2,1290.3,1291.4,145717
2026-08-27 11:05:00,1291.6,1292.0,1290.1,1290.5,91846
2026-08-27 11:10:00,1290.5,1290.5,1290.0,1290.0,125469
2026-08-27 11:15:00,1290.1,1290.2,1287.9,1288.0,172541
2026-08-27 11:20:00,1288.0,1288.8,1287.0,1288.5,149467
2026-08-27 11:25:00,1288.5,1289.8,1288.4,1289.6,76283
2026-08-27 11:30:00,1289.7,1291.6,1289.5,1290.0,134034
2026-08-27 11:35:00,1290.0,1290.1,1289.0,1289.1,52591
2026-08-27 11:40:00,1289.1,1291.1,1289.0,1289.7,137007
2026-08-27 11:45:00,1289.8,1289.8,1289.0,1289.1,73934
2026-08-27 11:50:00,1289.0,1290.0,1288.5,1290.0,96091
2026-08-27 11:55:00,1289.9,1294.2,1289.6,1292.3,410367
2026-08-27 12:00:00,1292.4,1292.5,1290.9,1292.0,209035
2026-08-27 12:05:00,1292.0,1292.0,1289.4,1290.2,142842
2026-08-27 12:10:00,1290.1,1291.1,1289.7,1290.9,84787
2026-08-27 12:15:00,1290.9,1291.8,1290.0,1291.1,105894
2026-08-27 12:20:00,1291.0,1292.8,1291.0,1292.2,105307
2026-08-27 12:25:00,1292.3,1293.3,1292.0,1292.8,103038
2026-08-27 12:30:00,1292.8,1293.7,1291.6,1293.7,243459
2026-08-27 12:35:00,1293.2,1296.3,1292.6,1296.0,201367
2026-08-27 12:40:00,1295.9,1296.0,1293.7,1295.3,114154
2026-08-27 12:45:00,1295.3,1295.4,1294.4,1295.0,75597
2026-08-27 12:50:00,1295.3,1295.9,1295.0,1295.1,131018
2026-08-27 12:55:00,1295.1,1295.2,1293.5,1293.7,149626
2026-08-27 13:00:00,1293.7,1295.0,1293.5,1294.5,82354
2026-08-27 13:05:00,1294.4,1294.9,1294.1,1294.4,125054
2026-08-27 13:10:00,1294.3,1295.2,1294.0,1295.1,67817
2026-08-27 13:15:00,1295.1,1295.5,1293.9,1294.1,76132
2026-08-27 13:20:00,1294.0,1295.4,1293.9,1295.4,120074
2026-08-27 13:25:00,1295.3,1295.4,1292.7,1294.7,484878
2026-08-27 13:30:00,1294.8,1296.0,1292.3,1293.3,199165
2026-08-27 13:35:00,1293.1,1293.4,1291.3,1292.0,90899
2026-08-27 13:40:00,1292.2,1292.2,1290.2,1290.3,87857
2026-08-27 13:45:00,1290.3,1291.4,1289.4,1290.2,105460
2026-08-27 13:50:00,1290.1,1291.0,1289.6,1290.7,106760
2026-08-27 13:55:00,1290.6,1291.5,1290.1,1290.6,46107
2026-08-27 14:00:00,1290.4,1291.0,1289.8,1290.2,104863
2026-08-27 14:05:00,1290.1,1291.1,1290.0,1290.6,78152
2026-08-27 14:10:00,1291.1,1292.4,1289.8,1290.0,380191
2026-08-27 14:15:00,1290.0,1291.2,1289.5,1289.7,142196
2026-08-27 14:20:00,1289.5,1290.0,1289.5,1289.7,87817
2026-08-27 14:25:00,1289.8,1290.7,1289.6,1290.7,93639
2026-08-27 14:30:00,1290.7,1292.1,1289.5,1291.2,364941
2026-08-27 14:35:00,1291.0,1291.9,1289.2,1290.6,555044
2026-08-27 14:40:00,1290.6,1290.8,1289.7,1290.6,145277
2026-08-27 14:45:00,1290.7,1291.0,1289.6,1290.1,193710
2026-08-27 14:50:00,1290.1,1290.3,1289.2,1290.0,182559
2026-08-27 14:55:00,1289.8,1290.3,1288.7,1289.5,248525
2026-08-27 15:00:00,1289.4,1289.8,1288.5,1288.7,276714
2026-08-27 15:05:00,1288.7,1288.8,1287.6,1288.2,410262
2026-08-27 15:10:00,1288.2,1288.8,1287.7,1288.1,297834
2026-08-27 15:15:00,1288.5,1288.5,1288.5,1288.5,7211
2026-08-27 15:20:00,1288.5,1288.5,1288.5,1288.5,0
2026-08-27 15:25:00,1288.5,1288.5,1282.2,1282.2,688271
2026-08-28 09:15:00,1284.9,1291.8,1284.5,1286.6,256261
2026-08-28 09:20:00,1286.6,1289.4,1286.6,1287.7,157928
2026-08-28 09:25:00,1287.7,1289.5,1287.0,1287.2,128890
2026-08-28 09:30:00,1287.2,1287.8,1286.2,1287.0,144854
2026-08-28 09:35:00,1286.9,1287.3,1285.5,1287.1,76968
2026-08-28 09:40:00,1287.2,1288.1,1287.1,1287.7,46859
2026-08-28 09:45:00,1287.8,1287.9,1286.1,1286.2,50331
2026-08-28 09:50:00,1286.2,1286.7,1285.4,1286.6,61993
2026-08-28 09:55:00,1286.5,1286.9,1286.0,1286.7,45196
2026-08-28 10:00:00,1286.7,1287.7,1285.0,1286.1,94247
2026-08-28 10:05:00,1286.0,1286.5,1285.3,1286.3,46065
2026-08-28 10:10:00,1286.2,1287.6,1285.6,1287.3,45035
2026-08-28 10:15:00,1287.2,1290.8,1287.1,1288.6,122670
2026-08-28 10:20:00,1288.6,1289.5,1287.3,1288.0,69209
2026-08-28 10:25:00,1287.9,1289.0,1287.5,1288.8,62547
2026-08-28 10:30:00,1288.7,1288.8,1287.9,1288.4,43648
2026-08-28 10:35:00,1288.4,1289.2,1288.2,1288.3,34976
2026-08-28 10:40:00,1288.2,1289.1,1287.4,1287.4,39075
2026-08-28 10:45:00,1287.5,1288.8,1287.2,1288.5,33278
2026-08-28 10:50:00,1288.3,1288.6,1286.5,1286.6,62817
2026-08-28 10:55:00,1286.7,1287.1,1286.0,1286.6,55211
2026-08-28 11:00:00,1286.8,1287.9,1286.6,1287.1,48446
2026-08-28 11:05:00,1287.3,1287.7,1286.2,1286.4,44444
2026-08-28 11:10:00,1286.3,1287.6,1286.1,1287.3,54895
2026-08-28 11:15:00,1287.4,1289.9,1286.5,1288.0,324182
2026-08-28 11:20:00,1288.0,1288.2,1286.3,1286.4,114344
2026-08-28 11:25:00,1286.3,1286.5,1284.1,1284.2,133145
2026-08-28 11:30:00,1284.1,1285.1,1284.0,1284.5,64794
2026-08-28 11:35:00,1284.3,1284.5,1283.1,1283.7,74193
2026-08-28 11:40:00,1283.7,1284.2,1283.6,1283.9,34000
2026-08-28 11:45:00,1283.9,1284.0,1283.0,1283.0,78243
2026-08-28 11:50:00,1283.0,1283.3,1282.3,1282.6,62417
2026-08-28 11:55:00,1282.5,1282.6,1281.1,1281.2,101773
2026-08-28 12:00:00,1281.3,1282.9,1281.2,1282.5,47456
2026-08-28 12:05:00,1282.4,1282.5,1281.2,1281.3,68153
2026-08-28 12:10:00,1281.3,1281.9,1281.2,1281.6,39054
2026-08-28 12:15:00,1281.5,1282.9,1281.5,1282.1,55322
2026-08-28 12:20:00,1282.1,1282.6,1281.1,1281.3,478434
2026-08-28 12:25:00,1281.2,1282.1,1281.2,1281.9,79948
2026-08-28 12:30:00,1281.9,1284.9,1281.7,1284.1,439555
2026-08-28 12:35:00,1284.1,1284.6,1283.0,1283.1,67204
2026-08-28 12:40:00,1283.0,1283.2,1282.5,1282.7,39495
2026-08-28 12:45:00,1282.7,1283.2,1282.0,1282.5,68467
2026-08-28 12:50:00,1282.4,1282.5,1281.6,1282.0,42417
2026-08-28 12:55:00,1282.1,1282.6,1282.0,1282.3,37150
2026-08-28 13:00:00,1282.2,1284.1,1282.0,1283.0,193273
2026-08-28 13:05:00,1283.2,1283.9,1282.3,1283.0,70211
2026-08-28 13:10:00,1282.9,1283.4,1282.5,1283.1,36763
2026-08-28 13:15:00,1283.1,1283.6,1282.9,1283.0,56299
2026-08-28 13:20:00,1283.1,1284.4,1283.0,1284.1,65135
2026-08-28 13:25:00,1284.1,1284.1,1283.5,1283.5,32443
2026-08-28 13:30:00,1283.6,1283.9,1283.5,1283.5,42494
2026-08-28 13:35:00,1283.5,1284.2,1283.5,1284.1,62538
2026-08-28 13:40:00,1284.0,1284.7,1282.6,1282.6,85489
2026-08-28 13:45:00,1282.6,1282.8,1282.0,1282.0,31344
2026-08-28 13:50:00,1282.1,1282.1,1281.0,1281.6,104731
2026-08-28 13:55:00,1281.7,1281.7,1281.2,1281.2,35445
2026-08-28 14:00:00,1281.3,1281.3,1281.0,1281.0,45485
2026-08-28 14:05:00,1281.1,1281.1,1280.3,1280.7,71801
2026-08-28 14:10:00,1280.8,1282.1,1280.8,1282.1,74515
2026-08-28 14:15:00,1281.9,1282.1,1281.9,1282.1,35009
2026-08-28 14:20:00,1282.0,1282.3,1281.9,1282.1,45045
2026-08-28 14:25:00,1282.0,1282.9,1282.0,1282.7,56103
2026-08-28 14:30:00,1282.7,1283.4,1282.2,1282.6,102477
2026-08-28 14:35:00,1282.6,1283.0,1282.1,1282.4,68020
2026-08-28 14:40:00,1282.5,1282.5,1282.1,1282.3,46792
2026-08-28 14:45:00,1282.3,1283.0,1282.0,1282.8,62278
2026-08-28 14:50:00,1282.9,1284.0,1282.6,1283.0,276477
2026-08-28 14:55:00,1283.1,1283.1,1282.2,1282.6,69444
2026-08-28 15:00:00,1282.5,1282.8,1281.2,1281.2,101763
2026-08-28 15:05:00,1281.3,1281.3,1280.0,1280.8,187340
2026-08-28 15:10:00,1280.7,1284.5,1280.7,1283.7,212269
2026-08-28 15:15:00,1283.7,1283.7,1283.7,1283.7,434
2026-08-28 15:20:00,1283.7,1283.7,1283.7,1283.7,0
2026-08-28 15:25:00,1283.7,1287.0,1283.7,1287.0,195195
2026-08-31 09:15:00,1278.7,1278.7,1273.0,1274.0,576807
2026-08-31 09:20:00,1273.9,1276.7,1271.4,1272.3,347133
2026-08-31 09:25:00,1272.3,1272.7,1271.0,1272.7,211367
2026-08-31 09:30:00,1272.7,1274.5,1272.4,1274.0,151652
2026-08-31 09:35:00,1274.0,1274.7,1273.1,1274.5,126321
2026-08-31 09:40:00,1274.5,1274.5,1272.8,1273.1,164786
2026-08-31 09:45:00,1273.0,1274.2,1272.3,1273.8,112150
2026-08-31 09:50:00,1274.0,1275.9,1273.8,1275.5,101095
2026-08-31 09:55:00,1275.5,1275.6,1275.0,1275.3,63977
2026-08-31 10:00:00,1275.3,1275.9,1275.2,1275.7,72564
2026-08-31 10:05:00,1275.6,1276.7,1275.6,1276.4,119822
2026-08-31 10:10:00,1276.5,1276.5,1275.0,1275.8,73305
2026-08-31 10:15:00,1275.8,1276.8,1275.6,1276.2,74059
2026-08-31 10:20:00,1276.3,1277.1,1276.0,1276.6,97479
2026-08-31 10:25:00,1276.2,1279.7,1276.2,1278.7,154998
2026-08-31 10:30:00,1278.7,1278.8,1277.0,1277.0,67383
2026-08-31 10:35:00,1277.1,1277.7,1276.1,1276.3,80753
2026-08-31 10:40:00,1276.5,1276.6,1276.1,1276.1,38922
2026-08-31 10:45:00,1276.3,1276.3,1275.6,1275.8,39936
2026-08-31 10:50:00,1275.6,1275.8,1275.0,1275.2,61953
2026-08-31 10:55:00,1275.3,1277.9,1275.2,1277.5,88274
2026-08-31 11:00:00,1277.9,1277.9,1277.0,1277.2,40935
2026-08-31 11:05:00,1277.1,1277.2,1275.8,1276.7,54261
2026-08-31 11:10:00,1276.7,1277.8,1276.0,1277.7,50758
2026-08-31 11:15:00,1277.6,1278.5,1277.5,1278.3,56442
2026-08-31 11:20:00,1278.3,1280.7,1278.2,1280.0,136564
2026-08-31 11:25:00,1280.2,1282.2,1280.0,1282.0,102373
2026-08-31 11:30:00,1282.1,1283.3,1280.9,1282.7,109315
2026-08-31 11:35:00,1282.6,1283.5,1281.3,1282.4,96154
2026-08-31 11:40:00,1282.4,1283.9,1282.3,1283.9,63996
2026-08-31 11:45:00,1283.8,1283.9,1280.9,1281.7,216624
2026-08-31 11:50:00,1281.6,1285.7,1281.1,1285.5,127269
2026-08-31 11:55:00,1285.7,1287.0,1284.5,1285.2,141513
2026-08-31 12:00:00,1285.2,1286.8,1285.1,1286.5,94543
2026-08-31 12:05:00,1286.5,1286.5,1283.4,1283.8,71225
2026-08-31 12:10:00,1283.6,1283.8,1281.8,1283.0,133523
2026-08-31 12:15:00,1283.0,1284.3,1282.4,1284.3,65643
2026-08-31 12:20:00,1284.3,1284.9,1284.2,1284.7,86455
2026-08-31 12:25:00,1284.7,1284.8,1283.7,1284.2,71914
2026-08-31 12:30:00,1284.2,1284.9,1283.6,1284.7,44406
2026-08-31 12:35:00,1284.7,1286.2,1284.6,1286.1,51197
2026-08-31 12:40:00,1286.2,1286.9,1285.3,1286.5,51200
2026-08-31 12:45:00,1286.4,1286.6,1285.8,1286.6,40637
2026-08-31 12:50:00,1286.5,1288.0,1286.1,1288.0,77639
2026-08-31 12:55:00,1287.6,1288.8,1287.3,1287.6,84757
2026-08-31 13:00:00,1287.8,1288.0,1287.0,1287.3,52797
2026-08-31 13:05:00,1287.0,1287.2,1285.4,1285.6,48877
2026-08-31 13:10:00,1285.7,1287.0,1285.2,1287.0,54111
2026-08-31 13:15:00,1287.0,1287.7,1286.0,1286.0,50698
2026-08-31 13:20:00,1286.1,1286.1,1285.0,1285.6,70128
2026-08-31 13:25:00,1285.7,1285.9,1284.3,1285.5,73784
2026-08-31 13:30:00,1285.5,1286.7,1285.0,1286.3,38221
2026-08-31 13:35:00,1286.0,1287.0,1285.6,1286.3,50803
2026-08-31 13:40:00,1286.3,1287.3,1286.0,1286.0,36366
2026-08-31 13:45:00,1286.0,1287.8,1286.0,1287.8,46654
2026-08-31 13:50:00,1287.7,1287.8,1286.6,1287.5,40933
2026-08-31 13:55:00,1287.5,1287.7,1286.0,1286.8,34432
2026-08-31 14:00:00,1286.9,1287.2,1284.5,1285.0,116083
2026-08-31 14:05:00,1285.1,1286.4,1284.1,1284.8,137584
2026-08-31 14:10:00,1284.9,1286.8,1284.4,1286.8,89908
2026-08-31 14:15:00,1286.8,1287.4,1286.1,1286.7,90993
2026-08-31 14:20:00,1286.8,1286.8,1285.5,1285.9,74971
2026-08-31 14:25:00,1286.0,1286.5,1284.4,1285.1,90487
2026-08-31 14:30:00,1285.1,1287.7,1285.0,1287.1,95491
2026-08-31 14:35:00,1287.0,1287.3,1286.5,1287.1,62950
2026-08-31 14:40:00,1287.1,1287.5,1286.5,1287.0,61062
2026-08-31 14:45:00,1287.1,1293.0,1287.0,1292.7,287652
2026-08-31 14:50:00,1292.8,1293.9,1291.9,1292.9,137095
2026-08-31 14:55:00,1292.9,1293.4,1289.6,1291.3,162620
2026-08-31 15:00:00,1291.0,1297.1,1290.9,1297.0,401828
2026-08-31 15:05:00,1296.5,1297.0,1293.7,1296.6,316383
2026-08-31 15:10:00,1296.6,1297.6,1292.8,1294.9,449947
2026-08-31 15:15:00,1294.9,1294.9,1294.9,1294.9,0
2026-08-31 15:20:00,1294.9,1294.9,1294.9,1294.9,18447397
2026-08-31 15:25:00,1294.9,1294.9,1277.0,1277.0,8460216
2026-09-01 09:15:00,1285.0,1286.9,1280.0,1284.6,870203
2026-09-01 09:20:00,1284.9,1292.1,1283.9,1290.9,548807
2026-09-01 09:25:00,1291.0,1296.8,1290.9,1296.3,520501
2026-09-01 09:30:00,1296.0,1297.5,1293.8,1294.5,239073
2026-09-01 09:35:00,1294.5,1295.0,1293.2,1295.0,1732362
2026-09-01 09:40:00,1295.0,1300.7,1295.0,1298.5,330414
2026-09-01 09:45:00,1298.5,1298.5,1293.0,1294.2,152260
2026-09-01 09:50:00,1294.2,1295.2,1293.2,1293.6,75183
2026-09-01 09:55:00,1293.3,1295.0,1293.1,1294.0,73701
2026-09-01 10:00:00,1294.2,1297.2,1293.6,1297.2,89643
2026-09-01 10:05:00,1297.2,1304.7,1297.0,1301.5,314258
2026-09-01 10:10:00,1301.4,1302.3,1299.5,1301.5,156323
2026-09-01 10:15:00,1301.5,1304.3,1301.4,1303.5,236394
2026-09-01 10:20:00,1303.6,1303.9,1301.4,1302.7,122411
2026-09-01 10:25:00,1302.8,1302.9,1300.6,1302.0,85334
2026-09-01 10:30:00,1302.0,1302.3,1300.8,1301.0,62817
2026-09-01 10:35:00,1300.8,1301.9,1300.7,1301.7,56548
2026-09-01 10:40:00,1301.7,1303.7,1301.0,1302.6,97553
2026-09-01 10:45:00,1302.7,1302.9,1302.0,1302.5,29623
2026-09-01 10:50:00,1302.2,1302.8,1301.5,1302.3,43760
2026-09-01 10:55:00,1302.3,1306.0,1301.5,1305.9,249307
2026-09-01 11:00:00,1305.9,1305.9,1304.1,1304.5,45711
2026-09-01 11:05:00,1304.6,1304.6,1304.0,1304.0,46773
2026-09-01 11:10:00,1304.2,1305.0,1303.7,1304.0,60619
2026-09-01 11:15:00,1304.0,1305.1,1303.2,1304.3,156935
2026-09-01 11:20:00,1304.7,1306.5,1304.1,1305.4,112387
2026-09-01 11:25:00,1305.2,1305.5,1305.0,1305.0,71754
2026-09-01 11:30:00,1305.2,1306.6,1305.0,1305.6,96357
2026-09-01 11:35:00,1306.0,1309.5,1305.0,1308.5,293040
2026-09-01 11:40:00,1308.8,1311.8,1308.0,1311.6,272707
2026-09-01 11:45:00,1311.7,1311.7,1307.5,1308.3,126303
2026-09-01 11:50:00,1308.3,1310.0,1307.6,1308.4,141352
2026-09-01 11:55:00,1308.5,1308.6,1307.5,1307.8,62167
2026-09-01 12:00:00,1307.8,1307.8,1306.3,1306.9,90975
2026-09-01 12:05:00,1307.0,1308.0,1306.8,1307.1,104116
2026-09-01 12:10:00,1307.1,1307.1,1306.2,1306.6,53395
2026-09-01 12:15:00,1306.6,1309.2,1306.1,1307.9,86400
2026-09-01 12:20:00,1307.9,1309.0,1307.6,1308.1,147755
2026-09-01 12:25:00,1308.2,1311.4,1307.9,1311.0,237724
2026-09-01 12:30:00,1310.8,1311.1,1310.0,1310.1,54148
2026-09-01 12:35:00,1310.2,1310.8,1309.2,1310.0,127778
2026-09-01 12:40:00,1310.0,1310.7,1308.5,1308.8,99858
2026-09-01 12:45:00,1308.8,1308.8,1307.7,1307.8,58027
2026-09-01 12:50:00,1308.0,1308.1,1307.0,1307.2,66915
2026-09-01 12:55:00,1307.2,1307.6,1305.6,1305.6,55239
2026-09-01 13:00:00,1306.0,1306.0,1305.0,1305.5,63259
2026-09-01 13:05:00,1305.4,1305.5,1303.2,1304.0,125652
2026-09-01 13:10:00,1303.9,1304.0,1302.0,1302.0,85254
2026-09-01 13:15:00,1302.1,1302.9,1301.4,1302.3,150708
2026-09-01 13:20:00,1302.3,1302.5,1302.0,1302.3,75926
2026-09-01 13:25:00,1302.3,1303.1,1301.9,1303.0,83514
2026-09-01 13:30:00,1303.1,1303.3,1301.6,1302.0,63596
2026-09-01 13:35:00,1302.0,1302.9,1301.2,1302.9,144935
2026-09-01 13:40:00,1302.9,1303.4,1301.2,1302.8,94605
2026-09-01 13:45:00,1302.7,1303.1,1301.6,1302.0,63483
2026-09-01 13:50:00,1302.0,1302.1,1301.1,1301.9,77045
2026-09-01 13:55:00,1301.6,1303.5,1301.6,1302.3,92257
2026-09-01 14:00:00,1302.3,1302.9,1301.8,1301.9,43194
2026-09-01 14:05:00,1302.0,1302.6,1301.2,1301.5,83414
2026-09-01 14:10:00,1301.6,1303.2,1301.4,1302.9,112090
2026-09-01 14:15:00,1303.4,1303.6,1302.3,1302.6,57249
2026-09-01 14:20:00,1302.7,1303.0,1301.9,1302.0,57107
2026-09-01 14:25:00,1302.0,1302.5,1301.5,1302.5,105930
2026-09-01 14:30:00,1302.4,1303.5,1302.1,1303.4,84208
2026-09-01 14:35:00,1303.4,1303.5,1301.8,1302.0,116038
2026-09-01 14:40:00,1302.4,1303.0,1301.8,1302.7,40371
2026-09-01 14:45:00,1302.6,1303.0,1301.8,1302.6,120866
2026-09-01 14:50:00,1302.6,1303.5,1301.6,1303.1,391221
2026-09-01 14:55:00,1303.1,1303.5,1302.4,1302.6,151045
2026-09-01 15:00:00,1302.6,1302.7,1302.0,1302.2,102739
2026-09-01 15:05:00,1302.0,1303.0,1301.7,1302.0,274047
2026-09-01 15:10:00,1302.4,1303.0,1301.7,1302.6,282752
2026-09-01 15:15:00,1302.6,1302.6,1302.6,1302.6,0
2026-09-01 15:20:00,1302.6,1302.6,1302.6,1302.6,0
2026-09-01 15:25:00,1302.6,1309.0,1302.6,1309.0,603687
2026-09-02 09:15:00,1298.0,1301.8,1297.0,1300.2,370890
2026-09-02 09:20:00,1300.2,1300.3,1293.1,1294.4,279688
2026-09-02 09:25:00,1294.5,1296.9,1294.4,1294.9,230113
2026-09-02 09:30:00,1296.0,1297.4,1294.5,1297.0,244210
2026-09-02 09:35:00,1297.0,1297.9,1295.3,1296.5,129580
2026-09-02 09:40:00,1296.6,1300.0,1296.3,1298.6,166636
2026-09-02 09:45:00,1298.7,1299.3,1297.0,1297.8,128220
2026-09-02 09:50:00,1298.1,1303.7,1297.7,1301.7,234070
2026-09-02 09:55:00,1301.7,1301.7,1300.9,1301.3,163315
2026-09-02 10:00:00,1301.3,1302.9,1301.2,1302.6,176615
2026-09-02 10:05:00,1302.8,1304.9,1302.5,1303.6,127466
2026-09-02 10:10:00,1303.5,1307.1,1303.4,1305.0,160850
2026-09-02 10:15:00,1305.2,1307.9,1305.0,1307.8,162431
2026-09-02 10:20:00,1307.9,1311.2,1307.0,1310.8,277680
2026-09-02 10:25:00,1310.9,1315.0,1309.4,1315.0,369255
2026-09-02 10:30:00,1315.0,1321.9,1314.5,1318.2,869936
2026-09-02 10:35:00,1318.5,1318.6,1316.1,1316.5,234689
2026-09-02 10:40:00,1316.6,1318.4,1314.4,1314.7,226438
2026-09-02 10:45:00,1314.5,1315.4,1312.2,1312.5,113817
2026-09-02 10:50:00,1312.5,1313.3,1310.1,1310.7,147687
2026-09-02 10:55:00,1310.7,1310.7,1308.8,1309.0,176741
2026-09-02 11:00:00,1308.9,1309.8,1306.5,1307.0,129554
2026-09-02 11:05:00,1306.8,1308.0,1306.0,1307.0,127251
2026-09-02 11:10:00,1307.0,1308.2,1306.8,1307.6,128461
2026-09-02 11:15:00,1308.0,1309.3,1307.0,1308.2,89478
2026-09-02 11:20:00,1308.3,1309.1,1306.9,1307.1,104245
2026-09-02 11:25:00,1307.1,1307.1,1306.1,1306.4,64731
2026-09-02 11:30:00,1306.4,1306.4,1304.1,1304.5,103503
2026-09-02 11:35:00,1304.7,1304.9,1303.7,1304.7,148446
2026-09-02 11:40:00,1304.7,1304.9,1304.0,1304.2,103458
2026-09-02 11:45:00,1304.2,1306.0,1303.6,1305.8,118178
2026-09-02 11:50:00,1305.8,1305.9,1304.9,1305.4,101717
2026-09-02 11:55:00,1305.4,1305.9,1303.3,1304.1,86940
2026-09-02 12:00:00,1304.1,1306.4,1303.6,1303.9,133292
2026-09-02 12:05:00,1304.0,1304.4,1303.5,1304.3,79573
2026-09-02 12:10:00,1304.4,1307.4,1304.2,1306.2,155054
2026-09-02 12:15:00,1306.1,1306.2,1304.2,1304.3,91156
2026-09-02 12:20:00,1304.4,1305.3,1303.7,1304.5,153552
2026-09-02 12:25:00,1304.6,1304.8,1304.2,1304.6,81551
2026-09-02 12:30:00,1304.5,1306.5,1304.3,1306.0,149646
2026-09-02 12:35:00,1306.0,1307.4,1305.6,1305.9,145989
2026-09-02 12:40:00,1305.8,1308.0,1305.6,1307.4,271611
2026-09-02 12:45:00,1307.2,1307.5,1306.4,1307.4,126442
2026-09-02 12:50:00,1307.4,1307.9,1307.4,1307.8,90968
2026-09-02 12:55:00,1307.9,1308.9,1307.3,1308.8,123094
2026-09-02 13:00:00,1308.9,1310.0,1307.5,1307.5,145975
2026-09-02 13:05:00,1307.6,1308.8,1306.7,1308.0,191803
2026-09-02 13:10:00,1307.9,1309.2,1307.2,1309.1,157948
2026-09-02 13:15:00,1309.1,1309.7,1308.3,1308.8,168767
2026-09-02 13:20:00,1308.8,1310.8,1308.6,1309.0,144338
2026-09-02 13:25:00,1309.1,1310.8,1308.9,1310.3,127832
2026-09-02 13:30:00,1310.3,1312.4,1310.1,1312.4,258549
2026-09-02 13:35:00,1312.4,1313.2,1311.0,1311.0,123756
2026-09-02 13:40:00,1311.1,1312.4,1311.0,1312.2,130053
2026-09-02 13:45:00,1312.2,1315.0,1312.2,1312.7,201346
2026-09-02 13:50:00,1312.7,1313.2,1311.4,1313.2,254633
2026-09-02 13:55:00,1313.2,1313.7,1312.9,1313.3,98713
2026-09-02 14:00:00,1313.4,1313.7,1312.8,1312.9,108820
2026-09-02 14:05:00,1312.9,1313.7,1312.9,1313.5,149753
2026-09-02 14:10:00,1313.5,1313.9,1312.8,1312.9,125745
2026-09-02 14:15:00,1313.0,1313.6,1312.8,1313.3,123996
2026-09-02 14:20:00,1313.4,1315.8,1313.0,1314.2,219745
2026-09-02 14:25:00,1314.2,1314.3,1313.6,1313.8,155817
2026-09-02 14:30:00,1313.8,1315.7,1313.7,1314.6,201338
2026-09-02 14:35:00,1314.5,1316.0,1313.9,1314.9,252568
2026-09-02 14:40:00,1315.0,1315.1,1312.9,1313.1,203758
2026-09-02 14:45:00,1313.1,1315.4,1313.0,1313.8,211849
2026-09-02 14:50:00,1313.9,1313.9,1312.8,1313.4,327997
2026-09-02 14:55:00,1313.3,1313.4,1311.6,1312.0,176235
2026-09-02 15:00:00,1312.0,1312.3,1310.7,1312.2,304182
2026-09-02 15:05:00,1312.1,1312.2,1310.5,1311.8,231674
2026-09-02 15:10:00,1311.8,1313.9,1311.7,1313.7,253363
2026-09-02 15:15:00,1313.1,1313.1,1313.1,1313.1,502
2026-09-02 15:20:00,1313.1,1313.1,1313.1,1313.1,0
2026-09-02 15:25:00,1313.1,1313.1,1313.1,1313.1,432823
2026-09-03 09:15:00,1313.1,1315.8,1312.2,1314.2,258300
2026-09-03 09:20:00,1314.3,1316.8,1310.6,1310.8,260594
2026-09-03 09:25:00,1311.3,1313.8,1310.8,1313.6,163202
2026-09-03 09:30:00,1313.6,1315.9,1313.6,1314.7,113601
2026-09-03 09:35:00,1314.7,1315.9,1314.0,1315.9,121970
2026-09-03 09:40:00,1315.8,1316.0,1313.1,1313.4,102432
2026-09-03 09:45:00,1313.5,1314.2,1312.7,1313.0,83781
2026-09-03 09:50:00,1313.3,1313.5,1311.9,1312.1,85607
2026-09-03 09:55:00,1312.1,1312.9,1311.7,1311.7,81063
2026-09-03 10:00:00,1311.7,1311.7,1307.9,1309.6,306281
2026-09-03 10:05:00,1309.5,1309.6,1308.5,1309.2,71061
2026-09-03 10:10:00,1309.0,1309.9,1308.8,1309.1,60210
2026-09-03 10:15:00,1309.4,1310.7,1308.6,1310.1,89230
2026-09-03 10:20:00,1310.6,1310.7,1309.0,1309.3,59126
2026-09-03 10:25:00,1309.4,1310.1,1308.0,1308.0,73820
2026-09-03 10:30:00,1308.1,1308.6,1306.8,1307.5,93499
2026-09-03 10:35:00,1307.4,1307.4,1306.5,1307.2,83214
2026-09-03 10:40:00,1307.2,1307.5,1305.5,1306.2,86631
2026-09-03 10:45:00,1306.4,1308.6,1306.3,1307.6,132291
2026-09-03 10:50:00,1307.5,1308.3,1307.4,1307.4,94637
2026-09-03 10:55:00,1307.3,1308.7,1307.0,1307.2,84301
2026-09-03 11:00:00,1307.4,1307.6,1306.1,1306.6,67088
2026-09-03 11:05:00,1306.5,1306.7,1305.4,1305.7,78791
2026-09-03 11:10:00,1305.8,1306.9,1305.0,1305.4,96325
2026-09-03 11:15:00,1305.2,1308.6,1305.0,1308.4,140177
2026-09-03 11:20:00,1308.2,1308.6,1307.4,1307.6,78651
2026-09-03 11:25:00,1307.6,1308.2,1307.4,1307.6,110285
2026-09-03 11:30:00,1308.1,1310.0,1307.6,1309.8,188508
2026-09-03 11:35:00,1309.8,1310.9,1309.1,1309.3,65704
2026-09-03 11:40:00,1309.4,1310.1,1309.2,1309.7,104662
2026-09-03 11:45:00,1309.8,1310.8,1309.1,1310.4,123474
2026-09-03 11:50:00,1310.5,1311.4,1309.0,1309.7,141366
2026-09-03 11:55:00,1309.6,1311.5,1309.0,1310.8,140204
2026-09-03 12:00:00,1310.7,1311.7,1308.0,1309.7,224112
2026-09-03 12:05:00,1309.6,1309.7,1308.0,1308.3,100778
2026-09-03 12:10:00,1308.4,1310.3,1308.3,1309.1,98553
2026-09-03 12:15:00,1308.8,1309.9,1307.5,1308.3,80850
2026-09-03 12:20:00,1308.4,1308.6,1307.0,1307.1,80762
2026-09-03 12:25:00,1307.2,1308.5,1307.0,1307.4,66819
2026-09-03 12:30:00,1307.3,1308.7,1307.2,1307.8,58954
2026-09-03 12:35:00,1308.0,1309.7,1307.5,1309.2,90741
2026-09-03 12:40:00,1309.1,1309.8,1308.5,1308.8,60345
2026-09-03 12:45:00,1308.7,1309.2,1308.0,1308.3,47520
2026-09-03 12:50:00,1308.4,1310.8,1308.0,1310.3,58928
2026-09-03 12:55:00,1310.2,1311.0,1309.3,1310.5,103190
2026-09-03 13:00:00,1310.4,1310.4,1308.4,1308.9,82712
2026-09-03 13:05:00,1308.8,1309.9,1308.8,1309.6,62855
2026-09-03 13:10:00,1309.6,1310.2,1308.5,1309.0,71764
2026-09-03 13:15:00,1309.0,1310.4,1308.7,1310.0,88010
2026-09-03 13:20:00,1310.0,1310.2,1309.3,1309.4,46170
2026-09-03 13:25:00,1309.0,1309.7,1308.0,1308.2,83581
2026-09-03 13:30:00,1308.1,1309.5,1308.1,1309.1,77393
2026-09-03 13:35:00,1309.1,1309.3,1306.5,1306.6,146082
2026-09-03 13:40:00,1306.6,1307.5,1306.0,1307.1,97234
2026-09-03 13:45:00,1307.1,1308.0,1306.0,1307.9,147767
2026-09-03 13:50:00,1307.8,1308.0,1305.4,1305.8,147788
2026-09-03 13:55:00,1305.8,1307.9,1305.4,1307.5,275937
2026-09-03 14:00:00,1307.6,1307.7,1305.4,1306.3,208913
2026-09-03 14:05:00,1306.2,1306.5,1305.4,1305.4,130135
2026-09-03 14:10:00,1305.5,1306.5,1305.4,1306.0,63084
2026-09-03 14:15:00,1306.1,1306.9,1305.5,1306.9,153027
2026-09-03 14:20:00,1307.0,1308.8,1306.6,1308.3,250150
2026-09-03 14:25:00,1308.4,1308.9,1307.6,1307.6,214636
2026-09-03 14:30:00,1307.8,1308.6,1307.3,1307.9,173033
2026-09-03 14:35:00,1308.0,1308.4,1307.4,1307.8,136807
2026-09-03 14:40:00,1308.1,1308.7,1307.5,1308.5,124407
2026-09-03 14:45:00,1308.5,1308.7,1308.1,1308.4,76116
2026-09-03 14:50:00,1308.5,1309.0,1308.4,1308.8,108258
2026-09-03 14:55:00,1308.4,1312.0,1308.4,1311.2,305477
2026-09-03 15:00:00,1311.0,1311.8,1310.1,1310.5,131188
2026-09-03 15:05:00,1310.3,1311.1,1309.0,1310.4,194529
2026-09-03 15:10:00,1310.4,1311.8,1308.3,1309.0,435859
2026-09-03 15:15:00,1309.1,1309.1,1309.1,1309.1,303
2026-09-03 15:20:00,1309.1,1309.1,1309.1,1309.1,0
2026-09-03 15:25:00,1309.1,1309.1,1302.5,1302.5,689749
2026-09-04 09:15:00,1304.1,1319.4,1304.1,1319.0,384995
2026-09-04 09:20:00,1319.2,1322.0,1314.1,1315.2,371797
2026-09-04 09:25:00,1315.3,1315.3,1313.1,1314.6,120709
2026-09-04 09:30:00,1314.6,1314.8,1312.8,1314.5,160835
2026-09-04 09:35:00,1314.6,1314.8,1312.8,1313.7,124385
2026-09-04 09:40:00,1313.7,1314.7,1313.0,1313.7,70231
2026-09-04 09:45:00,1313.7,1323.0,1313.7,1322.7,473849
2026-09-04 09:50:00,1323.0,1332.3,1322.5,1330.8,1046783
2026-09-04 09:55:00,1330.8,1332.0,1327.4,1327.5,441768
2026-09-04 10:00:00,1327.8,1328.0,1325.0,1327.1,193348
2026-09-04 10:05:00,1327.0,1328.6,1326.5,1326.8,119189
2026-09-04 10:10:00,1326.8,1327.0,1325.7,1326.8,111193
2026-09-04 10:15:00,1327.0,1328.0,1325.9,1326.1,82976
2026-09-04 10:20:00,1326.4,1327.5,1325.9,1325.9,117713
2026-09-04 10:25:00,1326.0,1326.0,1325.1,1326.0,83554
2026-09-04 10:30:00,1325.9,1328.9,1325.9,1328.3,144509
2026-09-04 10:35:00,1328.3,1328.6,1326.9,1327.9,97099
2026-09-04 10:40:00,1327.9,1328.3,1326.2,1326.7,61827
2026-09-04 10:45:00,1326.5,1327.8,1326.0,1326.4,151399
2026-09-04 10:50:00,1326.4,1326.8,1325.5,1326.4,68476
2026-09-04 10:55:00,1326.5,1327.0,1326.2,1326.5,78650
2026-09-04 11:00:00,1326.5,1328.4,1326.3,1327.4,184579
2026-09-04 11:05:00,1327.4,1327.5,1326.3,1327.5,87619
2026-09-04 11:10:00,1327.5,1327.5,1325.3,1325.5,74984
2026-09-04 11:15:00,1325.5,1327.0,1325.0,1327.0,78583
2026-09-04 11:20:00,1327.0,1328.5,1325.9,1328.1,222974
2026-09-04 11:25:00,1328.4,1328.4,1326.3,1326.3,74688
2026-09-04 11:30:00,1326.4,1327.9,1326.3,1327.9,137802
2026-09-04 11:35:00,1327.8,1329.8,1327.3,1329.2,176667
2026-09-04 11:40:00,1329.4,1329.5,1327.0,1328.5,118783
2026-09-04 11:45:00,1328.5,1328.7,1327.0,1328.2,183698
2026-09-04 11:50:00,1328.5,1328.7,1327.6,1328.7,132506
2026-09-04 11:55:00,1328.7,1331.0,1328.4,1330.4,307439
2026-09-04 12:00:00,1330.4,1330.7,1329.2,1329.4,104815
2026-09-04 12:05:00,1329.4,1333.0,1329.2,1332.8,400610
2026-09-04 12:10:00,1332.7,1333.0,1329.0,1330.2,199121
2026-09-04 12:15:00,1330.2,1330.9,1329.7,1330.0,155712
2026-09-04 12:20:00,1330.0,1332.0,1329.8,1331.2,186203
2026-09-04 12:25:00,1331.3,1332.4,1330.3,1331.3,242531
2026-09-04 12:30:00,1331.3,1331.3,1329.5,1329.9,134184
2026-09-04 12:35:00,1329.9,1330.5,1329.3,1329.7,65875
2026-09-04 12:40:00,1329.8,1330.2,1329.0,1329.3,98362
2026-09-04 12:45:00,1329.3,1329.5,1327.8,1328.7,178091
2026-09-04 12:50:00,1328.8,1329.1,1328.1,1328.8,113350
2026-09-04 12:55:00,1329.0,1329.3,1326.4,1326.9,94993
2026-09-04 13:00:00,1326.9,1328.0,1326.0,1326.4,90446
2026-09-04 13:05:00,1326.3,1327.0,1326.0,1326.2,58143
2026-09-04 13:10:00,1326.1,1327.2,1326.1,1326.7,53048
2026-09-04 13:15:00,1326.5,1327.2,1326.1,1326.4,64441
2026-09-04 13:20:00,1326.5,1326.8,1325.7,1326.2,139644
2026-09-04 13:25:00,1326.3,1326.3,1325.0,1325.2,63202
2026-09-04 13:30:00,1325.3,1326.0,1324.6,1325.2,191921
2026-09-04 13:35:00,1325.2,1326.4,1324.4,1326.3,71773
2026-09-04 13:40:00,1326.3,1327.7,1325.1,1325.7,179201
2026-09-04 13:45:00,1325.8,1326.8,1325.1,1326.3,84053
2026-09-04 13:50:00,1326.1,1327.2,1325.4,1326.9,222080
2026-09-04 13:55:00,1326.9,1326.9,1325.8,1326.0,72599
2026-09-04 14:00:00,1326.2,1327.3,1326.0,1326.3,93997
2026-09-04 14:05:00,1326.5,1327.4,1326.2,1326.7,84211
2026-09-04 14:10:00,1326.9,1328.3,1326.7,1328.2,78086
2026-09-04 14:15:00,1328.1,1328.3,1327.5,1328.0,65898
2026-09-04 14:20:00,1327.9,1329.1,1327.8,1328.8,100204
2026-09-04 14:25:00,1329.2,1330.0,1328.5,1329.1,142319
2026-09-04 14:30:00,1329.0,1329.8,1328.0,1328.0,79062
2026-09-04 14:35:00,1328.2,1328.2,1326.0,1326.2,57950
2026-09-04 14:40:00,1326.2,1329.0,1325.8,1328.1,148923
2026-09-04 14:45:00,1328.0,1328.5,1327.6,1328.0,92377
2026-09-04 14:50:00,1328.0,1328.5,1326.4,1327.2,351002
2026-09-04 14:55:00,1327.4,1327.5,1326.1,1327.5,304153
2026-09-04 15:00:00,1327.3,1329.0,1327.0,1328.8,233371
2026-09-04 15:05:00,1328.5,1330.0,1328.0,1329.1,420825
2026-09-04 15:10:00,1328.8,1329.8,1326.9,1329.0,546247
2026-09-04 15:15:00,1329.0,1329.0,1329.0,1329.0,0
2026-09-04 15:20:00,1329.0,1329.0,1329.0,1329.0,0
2026-09-04 15:25:00,1329.0,1329.0,1322.0,1322.0,625800
2026-09-07 09:15:00,1323.1,1324.2,1318.0,1321.3,192174
2026-09-07 09:20:00,1320.4,1320.9,1318.3,1318.4,143444
2026-09-07 09:25:00,1318.5,1318.6,1316.9,1318.1,99314
2026-09-07 09:30:00,1318.0,1319.9,1317.7,1319.5,89529
2026-09-07 09:35:00,1319.6,1319.6,1317.9,1318.3,80200
2026-09-07 09:40:00,1318.1,1318.6,1316.8,1317.4,85163
2026-09-07 09:45:00,1317.5,1317.8,1316.0,1316.2,61560
2026-09-07 09:50:00,1315.5,1316.0,1313.8,1313.8,95077
2026-09-07 09:55:00,1314.2,1316.0,1313.2,1315.7,88267
2026-09-07 10:00:00,1315.7,1317.0,1315.0,1316.8,123256
2026-09-07 10:05:00,1316.8,1317.8,1316.1,1317.2,94603
2026-09-07 10:10:00,1317.2,1319.2,1317.1,1318.6,77384
2026-09-07 10:15:00,1318.6,1319.5,1315.5,1315.9,106569
2026-09-07 10:20:00,1315.9,1316.3,1315.3,1316.0,56076
2026-09-07 10:25:00,1315.9,1316.9,1315.9,1316.2,47551
2026-09-07 10:30:00,1316.3,1316.7,1316.1,1316.5,36979
2026-09-07 10:35:00,1316.5,1316.9,1315.3,1315.4,57077
2026-09-07 10:40:00,1315.5,1315.9,1314.5,1315.2,63169
2026-09-07 10:45:00,1315.2,1315.4,1314.4,1314.7,42027
2026-09-07 10:50:00,1314.7,1315.0,1313.6,1313.8,45749
2026-09-07 10:55:00,1314.0,1314.5,1312.3,1312.9,80107
2026-09-07 11:00:00,1312.9,1313.3,1312.0,1312.6,69847
2026-09-07 11:05:00,1312.6,1313.0,1312.1,1312.9,53664
2026-09-07 11:10:00,1313.0,1313.6,1312.2,1312.9,59220
2026-09-07 11:15:00,1312.9,1312.9,1311.7,1312.8,61894
2026-09-07 11:20:00,1312.7,1313.2,1312.1,1312.5,38873
2026-09-07 11:25:00,1312.3,1312.3,1310.5,1310.9,58944
2026-09-07 11:30:00,1310.9,1311.0,1310.2,1310.4,44776
2026-09-07 11:35:00,1310.4,1310.8,1310.2,1310.8,43098
2026-09-07 11:40:00,1310.7,1312.7,1310.2,1312.5,74678
2026-09-07 11:45:00,1312.2,1313.1,1312.0,1313.0,91187
2026-09-07 11:50:00,1313.0,1313.3,1312.2,1312.8,89726
2026-09-07 11:55:00,1312.8,1312.9,1311.0,1311.0,36798
2026-09-07 12:00:00,1311.1,1311.3,1310.3,1310.3,28002
2026-09-07 12:05:00,1310.4,1310.6,1310.0,1310.4,52813
2026-09-07 12:10:00,1310.4,1310.4,1309.0,1309.2,78308
2026-09-07 12:15:00,1309.2,1309.4,1308.1,1308.3,54720
2026-09-07 12:20:00,1308.4,1308.4,1307.6,1308.0,37003
2026-09-07 12:25:00,1307.8,1308.0,1307.3,1307.7,37201
2026-09-07 12:30:00,1307.6,1307.7,1306.6,1307.2,60938
2026-09-07 12:35:00,1307.2,1308.1,1306.4,1307.2,129913
2026-09-07 12:40:00,1307.2,1308.8,1307.0,1307.5,178982
2026-09-07 12:45:00,1307.5,1307.5,1307.0,1307.1,33138
2026-09-07 12:50:00,1307.0,1307.2,1306.3,1306.5,53437
2026-09-07 12:55:00,1306.7,1307.6,1305.7,1306.7,240480
2026-09-07 13:00:00,1306.6,1308.9,1306.5,1308.9,87172
2026-09-07 13:05:00,1308.7,1310.7,1308.6,1310.5,166468
2026-09-07 13:10:00,1310.3,1311.3,1309.9,1310.4,131136
2026-09-07 13:15:00,1310.4,1311.3,1310.1,1311.1,56876
2026-09-07 13:20:00,1311.1,1311.7,1311.0,1311.1,82953
2026-09-07 13:25:00,1311.1,1311.5,1310.3,1310.6,150525
2026-09-07 13:30:00,1310.5,1310.7,1304.6,1308.0,512147
2026-09-07 13:35:00,1308.0,1308.4,1307.2,1307.8,66146
2026-09-07 13:40:00,1307.8,1308.8,1307.0,1308.7,90978
2026-09-07 13:45:00,1308.7,1309.0,1306.7,1307.2,409604
2026-09-07 13:50:00,1307.1,1308.2,1306.6,1307.5,130669
2026-09-07 13:55:00,1307.6,1307.8,1307.2,1307.3,89146
2026-09-07 14:00:00,1307.5,1309.5,1306.1,1307.1,613238
2026-09-07 14:05:00,1307.3,1307.4,1306.0,1306.3,133593
2026-09-07 14:10:00,1306.3,1306.9,1306.0,1306.2,108059
2026-09-07 14:15:00,1306.4,1306.8,1306.2,1306.8,124853
2026-09-07 14:20:00,1306.7,1307.1,1306.5,1307.1,95331
2026-09-07 14:25:00,1307.1,1307.4,1306.7,1306.7,176187
2026-09-07 14:30:00,1306.8,1306.8,1305.7,1306.3,174871
2026-09-07 14:35:00,1306.0,1306.5,1305.0,1305.3,270236
2026-09-07 14:40:00,1305.4,1305.5,1304.7,1304.8,141639
2026-09-07 14:45:00,1305.0,1305.2,1304.5,1304.8,139849
2026-09-07 14:50:00,1304.9,1305.5,1304.0,1304.6,236298
2026-09-07 14:55:00,1304.6,1305.0,1303.6,1304.4,260444
2026-09-07 15:00:00,1304.4,1304.9,1304.0,1304.3,293044
2026-09-07 15:05:00,1304.3,1304.8,1302.6,1303.6,609700
2026-09-07 15:10:00,1303.9,1308.1,1301.9,1308.0,1026041
2026-09-07 15:15:00,1308.0,1308.0,1308.0,1308.0,1
2026-09-07 15:20:00,1308.0,1308.0,1308.0,1308.0,0
2026-09-07 15:25:00,1308.0,1309.5,1308.0,1309.5,300611
2026-09-08 09:15:00,1304.1,1306.8,1300.0,1303.4,231344
2026-09-08 09:20:00,1303.6,1303.6,1299.5,1300.5,116729
2026-09-08 09:25:00,1300.2,1300.4,1298.2,1299.2,118479
2026-09-08 09:30:00,1299.2,1302.0,1298.5,1301.7,133664
2026-09-08 09:35:00,1301.7,1302.2,1301.1,1301.5,84267
2026-09-08 09:40:00,1301.5,1302.5,1301.0,1302.3,85553
2026-09-08 09:45:00,1302.2,1304.0,1301.4,1301.9,84664
2026-09-08 09:50:00,1302.1,1302.6,1300.3,1301.5,88548
2026-09-08 09:55:00,1300.9,1301.8,1300.4,1301.4,59985
2026-09-08 10:00:00,1301.1,1301.9,1300.9,1301.2,44657
2026-09-08 10:05:00,1301.2,1301.3,1300.1,1301.0,57940
2026-09-08 10:10:00,1301.0,1301.9,1300.2,1301.3,51416
2026-09-08 10:15:00,1301.6,1302.1,1300.1,1300.5,67035
2026-09-08 10:20:00,1300.4,1302.0,1300.0,1302.0,96328
2026-09-08 10:25:00,1301.9,1302.0,1300.6,1300.8,60419
2026-09-08 10:30:00,1300.7,1301.9,1300.7,1301.0,81174
2026-09-08 10:35:00,1301.0,1301.3,1297.1,1297.6,183322
2026-09-08 10:40:00,1297.6,1298.7,1297.0,1297.5,93279
2026-09-08 10:45:00,1297.6,1298.9,1297.2,1298.8,101636
2026-09-08 10:50:00,1298.8,1300.3,1296.9,1297.2,227107
2026-09-08 10:55:00,1297.4,1297.4,1295.2,1295.5,209222
2026-09-08 11:00:00,1295.6,1295.7,1294.0,1294.5,138305
2026-09-08 11:05:00,1294.7,1295.0,1293.0,1293.8,193895
2026-09-08 11:10:00,1293.8,1295.2,1293.6,1294.6,102718
2026-09-08 11:15:00,1294.6,1296.0,1294.0,1294.7,132680
2026-09-08 11:20:00,1294.7,1294.8,1293.3,1293.6,49834
2026-09-08 11:25:00,1293.6,1295.8,1293.5,1294.1,260946
2026-09-08 11:30:00,1294.5,1295.8,1293.8,1295.2,164508
2026-09-08 11:35:00,1295.2,1295.8,1294.0,1294.1,169972
2026-09-08 11:40:00,1294.3,1295.0,1292.5,1293.1,144786
2026-09-08 11:45:00,1292.7,1293.1,1291.1,1291.2,177618
2026-09-08 11:50:00,1291.3,1292.1,1290.3,1291.9,115758
2026-09-08 11:55:00,1292.0,1292.0,1291.0,1291.4,84327
2026-09-08 12:00:00,1291.3,1291.6,1290.4,1291.2,108982
2026-09-08 12:05:00,1291.1,1291.6,1290.9,1291.3,64040
2026-09-08 12:10:00,1291.2,1291.6,1290.7,1291.0,62286
2026-09-08 12:15:00,1291.1,1291.3,1290.7,1291.3,51546
2026-09-08 12:20:00,1291.3,1292.7,1290.5,1292.0,164906
2026-09-08 12:25:00,1292.0,1292.4,1291.2,1292.0,80846
2026-09-08 12:30:00,1292.0,1292.8,1291.8,1292.8,80297
2026-09-08 12:35:00,1292.7,1293.8,1292.6,1293.5,98410
2026-09-08 12:40:00,1293.4,1294.3,1293.3,1294.1,71688
2026-09-08 12:45:00,1294.3,1294.3,1292.5,1293.8,65201
2026-09-08 12:50:00,1293.6,1293.7,1292.2,1293.2,77778
2026-09-08 12:55:00,1293.2,1293.3,1292.2,1292.9,49431
2026-09-08 13:00:00,1292.9,1292.9,1291.5,1291.6,55485
2026-09-08 13:05:00,1291.6,1292.3,1291.5,1291.9,59973
2026-09-08 13:10:00,1291.9,1292.1,1291.6,1292.1,37794
2026-09-08 13:15:00,1292.1,1292.4,1291.6,1292.4,44181
2026-09-08 13:20:00,1292.4,1292.5,1292.1,1292.5,50166
2026-09-08 13:25:00,1292.5,1292.5,1292.1,1292.2,49151
2026-09-08 13:30:00,1292.1,1292.4,1291.1,1292.1,58730
2026-09-08 13:35:00,1292.0,1292.2,1291.0,1291.5,80134
2026-09-08 13:40:00,1291.3,1292.0,1290.9,1291.3,126919
2026-09-08 13:45:00,1291.1,1292.3,1290.8,1291.7,80820
2026-09-08 13:50:00,1291.6,1291.7,1289.0,1290.0,218142
2026-09-08 13:55:00,1289.9,1290.2,1288.0,1288.5,148259
2026-09-08 14:00:00,1288.5,1290.7,1288.4,1290.0,96695
2026-09-08 14:05:00,1290.0,1291.6,1289.9,1290.7,277131
2026-09-08 14:10:00,1290.3,1290.9,1290.0,1290.6,162693
2026-09-08 14:15:00,1290.6,1290.9,1290.1,1290.6,58486
2026-09-08 14:20:00,1290.6,1291.7,1290.5,1291.6,67392
2026-09-08 14:25:00,1291.6,1293.3,1291.0,1293.3,106985
2026-09-08 14:30:00,1293.3,1293.4,1292.6,1293.0,98605
2026-09-08 14:35:00,1293.0,1293.7,1292.9,1293.6,106193
2026-09-08 14:40:00,1293.6,1293.6,1292.8,1293.3,97117
2026-09-08 14:45:00,1293.2,1293.5,1291.1,1291.1,271569
2026-09-08 14:50:00,1291.3,1291.7,1289.7,1290.3,299481
2026-09-08 14:55:00,1290.1,1290.4,1288.5,1289.6,257000
2026-09-08 15:00:00,1289.6,1290.5,1289.4,1289.9,212566
2026-09-08 15:05:00,1289.9,1291.7,1289.8,1291.7,307889
2026-09-08 15:10:00,1291.6,1292.5,1289.5,1292.0,401251
2026-09-08 15:15:00,1292.0,1292.0,1292.0,1292.0,0
2026-09-08 15:20:00,1292.0,1292.0,1292.0,1292.0,0
2026-09-08 15:25:00,1292.0,1294.9,1292.0,1294.9,936571
2026-09-09 09:05:00,1283.5,1283.5,1283.5,1283.5,203034
2026-09-09 09:10:00,1283.5,1283.5,1283.5,1283.5,0
2026-09-09 09:15:00,1283.5,1287.4,1277.2,1281.1,682360
2026-09-09 09:20:00,1281.1,1283.7,1281.0,1281.6,372233
2026-09-09 09:25:00,1281.4,1282.3,1280.0,1280.7,312641
2026-09-09 09:30:00,1280.7,1287.4,1280.5,1285.5,285495
2026-09-09 09:35:00,1285.6,1288.8,1284.5,1285.9,205635
2026-09-09 09:40:00,1285.9,1288.9,1285.3,1288.5,314753
2026-09-09 09:45:00,1288.3,1288.3,1284.2,1284.5,227489
2026-09-09 09:50:00,1284.5,1285.8,1283.0,1285.8,225630
2026-09-09 09:55:00,1285.8,1287.6,1285.2,1287.1,153275
2026-09-09 10:00:00,1287.1,1287.5,1286.0,1286.5,171598
2026-09-09 10:05:00,1286.6,1287.5,1285.8,1285.9,184962
2026-09-09 10:10:00,1285.9,1286.0,1284.3,1285.0,157645
2026-09-09 10:15:00,1285.0,1286.6,1284.9,1286.3,99970
2026-09-09 10:20:00,1286.3,1289.7,1285.5,1287.6,300584
2026-09-09 10:25:00,1287.5,1288.6,1287.2,1287.5,90605
2026-09-09 10:30:00,1287.6,1288.0,1284.6,1284.9,102078
2026-09-09 10:35:00,1284.8,1285.0,1283.6,1284.4,133127
2026-09-09 10:40:00,1284.3,1284.3,1283.6,1284.0,57262
2026-09-09 10:45:00,1283.8,1284.5,1283.8,1284.3,68752
2026-09-09 10:50:00,1284.3,1284.5,1283.9,1284.5,56561
2026-09-09 10:55:00,1284.8,1288.8,1284.8,1288.7,106323
2026-09-09 11:00:00,1288.5,1288.9,1287.6,1288.0,100477
2026-09-09 11:05:00,1287.9,1288.7,1286.6,1288.5,128859
2026-09-09 11:10:00,1288.5,1289.8,1288.4,1289.3,68308
2026-09-09 11:15:00,1289.2,1294.7,1289.2,1294.1,263102
2026-09-09 11:20:00,1294.0,1294.5,1291.2,1291.5,94467
2026-09-09 11:25:00,1292.1,1292.5,1290.5,1290.6,56622
2026-09-09 11:30:00,1290.6,1291.1,1289.1,1289.8,84294
2026-09-09 11:35:00,1289.6,1290.5,1289.3,1289.8,97285
2026-09-09 11:40:00,1289.6,1289.8,1288.3,1289.3,52039
2026-09-09 11:45:00,1289.4,1289.4,1286.4,1286.7,91827
2026-09-09 11:50:00,1286.8,1286.9,1285.4,1285.4,72958
2026-09-09 11:55:00,1285.5,1286.8,1285.0,1285.1,87947
2026-09-09 12:00:00,1285.1,1285.7,1284.3,1284.6,77971
2026-09-09 12:05:00,1284.7,1285.2,1283.7,1284.3,136198
2026-09-09 12:10:00,1284.3,1285.5,1284.1,1285.1,51385
2026-09-09 12:15:00,1285.2,1286.8,1284.9,1286.1,87606
2026-09-09 12:20:00,1286.2,1286.7,1285.3,1286.0,67917
2026-09-09 12:25:00,1285.8,1286.1,1284.9,1286.1,158076
2026-09-09 12:30:00,1286.1,1287.7,1285.7,1287.5,158917
2026-09-09 12:35:00,1287.5,1288.7,1286.3,1286.8,145350
2026-09-09 12:40:00,1286.8,1288.2,1286.6,1288.2,102728
2026-09-09 12:45:00,1288.2,1289.2,1288.1,1288.2,135756
2026-09-09 12:50:00,1288.2,1288.5,1287.3,1287.9,128761
2026-09-09 12:55:00,1287.9,1288.1,1287.2,1287.5,77958
2026-09-09 13:00:00,1287.6,1287.7,1285.7,1285.9,77548
2026-09-09 13:05:00,1285.9,1287.9,1285.8,1287.6,171601
2026-09-09 13:10:00,1287.6,1288.3,1286.7,1287.6,108618
2026-09-09 13:15:00,1287.6,1288.3,1286.9,1287.0,129956
2026-09-09 13:20:00,1287.2,1289.8,1286.3,1288.2,167262
2026-09-09 13:25:00,1288.2,1290.3,1287.9,1290.2,171267
2026-09-09 13:30:00,1290.2,1290.6,1287.2,1287.6,161289
2026-09-09 13:35:00,1287.7,1289.2,1287.0,1288.7,113651
2026-09-09 13:40:00,1288.6,1288.9,1288.2,1288.5,55846
2026-09-09 13:45:00,1288.5,1289.0,1287.9,1288.3,60529
2026-09-09 13:50:00,1288.3,1290.2,1288.3,1288.6,83606
2026-09-09 13:55:00,1288.7,1288.9,1287.4,1288.1,68014
2026-09-09 14:00:00,1288.1,1289.0,1287.3,1287.9,160448
2026-09-09 14:05:00,1287.9,1289.8,1287.8,1288.9,271890
2026-09-09 14:10:00,1289.0,1290.0,1288.5,1290.0,153312
2026-09-09 14:15:00,1290.1,1290.1,1287.2,1288.8,118580
2026-09-09 14:20:00,1288.6,1290.0,1287.4,1289.3,268193
2026-09-09 14:25:00,1289.4,1289.6,1287.2,1287.7,182706
2026-09-09 14:30:00,1287.7,1287.8,1285.5,1286.6,124084
2026-09-09 14:35:00,1286.5,1286.6,1284.8,1285.3,113924
2026-09-09 14:40:00,1285.3,1285.4,1284.1,1284.8,147811
2026-09-09 14:45:00,1284.8,1285.0,1283.4,1284.5,132727
2026-09-09 14:50:00,1284.4,1286.8,1284.2,1286.3,340679
2026-09-09 14:55:00,1286.2,1288.0,1285.9,1286.6,274643
2026-09-09 15:00:00,1286.6,1287.3,1286.5,1287.1,214205
2026-09-09 15:05:00,1287.1,1287.1,1285.2,1286.1,357404
2026-09-09 15:10:00,1286.1,1287.2,1284.8,1285.7,233394
2026-09-09 15:15:00,1285.7,1285.7,1285.7,1285.7,0
2026-09-09 15:20:00,1285.7,1285.7,1285.7,1285.7,0
2026-09-09 15:25:00,1285.7,1285.7,1279.0,1279.0,650056
2026-09-10 09:15:00,1278.5,1285.3,1278.5,1283.8,207280
2026-09-10 09:20:00,1283.6,1283.8,1278.5,1280.8,244889
2026-09-10 09:25:00,1280.9,1281.0,1275.1,1276.2,232139
2026-09-10 09:30:00,1276.4,1276.8,1271.1,1275.2,369327
2026-09-10 09:35:00,1275.5,1275.5,1273.6,1274.5,117974
2026-09-10 09:40:00,1274.6,1275.4,1270.0,1270.4,319660
2026-09-10 09:45:00,1270.4,1274.4,1270.1,1274.2,136752
2026-09-10 09:50:00,1274.2,1277.1,1274.0,1276.7,101222
2026-09-10 09:55:00,1276.6,1277.0,1275.6,1276.0,83587
2026-09-10 10:00:00,1276.1,1276.1,1275.1,1275.5,74776
2026-09-10 10:05:00,1275.6,1276.0,1274.1,1274.7,108997
2026-09-10 10:10:00,1274.7,1275.3,1274.2,1274.8,47925
2026-09-10 10:15:00,1274.8,1276.1,1274.3,1274.9,91490
2026-09-10 10:20:00,1274.8,1275.7,1274.1,1275.2,34721
2026-09-10 10:25:00,1275.2,1275.6,1274.6,1275.0,36736
2026-09-10 10:30:00,1275.0,1275.5,1274.4,1274.8,34411
2026-09-10 10:35:00,1274.8,1275.8,1274.7,1275.6,31858
2026-09-10 10:40:00,1275.7,1276.2,1275.0,1275.9,83551
2026-09-10 10:45:00,1276.1,1276.2,1274.4,1274.6,75996
2026-09-10 10:50:00,1274.4,1274.8,1274.0,1274.1,73669
2026-09-10 10:55:00,1274.0,1274.0,1272.5,1273.1,100395
2026-09-10 11:00:00,1273.5,1273.9,1273.1,1273.2,51963
2026-09-10 11:05:00,1273.2,1274.2,1273.0,1273.6,95898
2026-09-10 11:10:00,1273.6,1274.2,1273.1,1274.0,51474
2026-09-10 11:15:00,1274.3,1275.1,1273.0,1275.0,188576
2026-09-10 11:20:00,1275.1,1275.5,1273.4,1274.1,127290
2026-09-10 11:25:00,1274.1,1274.6,1273.5,1274.3,53519
2026-09-10 11:30:00,1274.4,1275.7,1273.0,1273.5,60768
2026-09-10 11:35:00,1273.6,1274.1,1272.5,1272.6,68714
2026-09-10 11:40:00,1272.6,1273.8,1271.2,1272.4,184225
2026-09-10 11:45:00,1272.2,1272.9,1271.5,1272.6,85190
2026-09-10 11:50:00,1272.6,1274.3,1272.6,1274.3,41441
2026-09-10 11:55:00,1274.3,1274.3,1271.7,1273.6,171506
2026-09-10 12:00:00,1273.7,1274.5,1273.1,1273.5,110359
2026-09-10 12:05:00,1273.5,1274.2,1273.2,1273.8,50100
2026-09-10 12:10:00,1274.0,1277.9,1273.7,1275.5,387532
2026-09-10 12:15:00,1275.7,1276.5,1275.0,1275.2,90056
2026-09-10 12:20:00,1275.2,1277.6,1275.2,1275.8,165232
2026-09-10 12:25:00,1275.8,1277.1,1275.7,1276.4,70305
2026-09-10 12:30:00,1276.5,1277.2,1275.5,1275.7,62857
2026-09-10 12:35:00,1275.7,1276.4,1274.7,1275.1,42367
2026-09-10 12:40:00,1275.1,1276.1,1275.0,1275.1,126697
2026-09-10 12:45:00,1275.3,1275.4,1273.0,1274.8,108384
2026-09-10 12:50:00,1274.9,1275.4,1274.4,1275.4,42114
2026-09-10 12:55:00,1275.4,1275.4,1273.8,1274.0,97884
2026-09-10 13:00:00,1274.0,1274.2,1272.7,1273.6,88343
2026-09-10 13:05:00,1273.6,1274.0,1272.3,1273.2,113077
2026-09-10 13:10:00,1273.2,1274.1,1273.0,1273.9,67733
2026-09-10 13:15:00,1274.1,1274.5,1273.1,1273.4,65236
2026-09-10 13:20:00,1273.6,1274.0,1273.0,1273.4,33619
2026-09-10 13:25:00,1273.6,1274.3,1273.3,1273.7,152356
2026-09-10 13:30:00,1273.7,1274.3,1273.0,1273.1,110199
2026-09-10 13:35:00,1273.2,1274.0,1273.0,1273.5,31491
2026-09-10 13:40:00,1273.8,1274.2,1273.2,1273.8,67511
2026-09-10 13:45:00,1273.6,1273.8,1272.5,1273.1,43806
2026-09-10 13:50:00,1273.1,1273.5,1273.0,1273.1,41144
2026-09-10 13:55:00,1273.1,1273.2,1272.1,1273.2,96156
2026-09-10 14:00:00,1273.2,1273.2,1271.4,1271.5,94806
2026-09-10 14:05:00,1271.5,1272.0,1270.7,1271.0,131773
2026-09-10 14:10:00,1271.0,1271.5,1270.5,1270.8,65299
2026-09-10 14:15:00,1270.5,1271.4,1270.5,1271.2,58179
2026-09-10 14:20:00,1271.1,1272.1,1271.1,1272.0,60171
2026-09-10 14:25:00,1272.0,1272.9,1270.9,1271.4,163566
2026-09-10 14:30:00,1271.4,1271.7,1270.5,1271.2,59673
2026-09-10 14:35:00,1271.2,1271.3,1270.1,1270.3,179431
2026-09-10 14:40:00,1270.5,1270.5,1269.0,1269.3,214520
2026-09-10 14:45:00,1269.3,1270.1,1269.2,1269.8,120309
2026-09-10 14:50:00,1269.9,1271.6,1269.9,1270.3,246349
2026-09-10 14:55:00,1270.3,1271.0,1269.6,1270.0,221458
2026-09-10 15:00:00,1270.0,1270.0,1268.4,1269.2,287170
2026-09-10 15:05:00,1269.0,1269.7,1267.1,1267.1,362799
2026-09-10 15:10:00,1267.2,1269.0,1266.3,1268.7,391553
2026-09-10 15:15:00,1268.7,1268.7,1268.7,1268.7,7
2026-09-10 15:20:00,1268.7,1268.7,1268.7,1268.7,0
2026-09-10 15:25:00,1268.7,1274.0,1268.7,1274.0,508879
2026-09-11 09:15:00,1267.0,1267.4,1261.5,1264.0,375152
2026-09-11 09:20:00,1264.0,1264.5,1262.6,1263.3,122562
2026-09-11 09:25:00,1263.3,1263.5,1261.6,1262.3,116050
2026-09-11 09:30:00,1262.3,1262.5,1258.7,1259.9,296334
2026-09-11 09:35:00,1259.9,1260.8,1258.2,1259.4,155199
2026-09-11 09:40:00,1259.5,1260.0,1258.7,1259.2,108726
2026-09-11 09:45:00,1259.2,1260.1,1259.2,1259.9,135555
2026-09-11 09:50:00,1259.9,1260.0,1259.2,1259.5,59468
2026-09-11 09:55:00,1259.5,1260.0,1259.2,1259.8,74462
2026-09-11 10:00:00,1259.8,1259.8,1258.5,1259.5,86709
2026-09-11 10:05:00,1259.1,1259.8,1258.5,1258.7,104347
2026-09-11 10:10:00,1258.9,1260.0,1258.8,1259.7,52122
2026-09-11 10:15:00,1259.7,1259.7,1258.4,1258.8,99590
2026-09-11 10:20:00,1258.9,1259.3,1256.5,1258.4,163369
2026-09-11 10:25:00,1258.4,1258.6,1256.5,1256.7,78514
2026-09-11 10:30:00,1256.7,1257.3,1255.4,1256.9,217975
2026-09-11 10:35:00,1256.9,1257.3,1256.4,1256.8,47279
2026-09-11 10:40:00,1256.6,1256.9,1254.0,1255.0,246244
2026-09-11 10:45:00,1255.0,1255.7,1254.2,1254.9,158767
2026-09-11 10:50:00,1254.9,1254.9,1253.0,1254.3,138860
2026-09-11 10:55:00,1254.4,1254.8,1254.3,1254.5,44505
2026-09-11 11:00:00,1254.5,1255.8,1254.5,1255.0,66347
2026-09-11 11:05:00,1255.0,1256.0,1254.8,1255.3,53709
2026-09-11 11:10:00,1255.3,1257.4,1255.0,1257.1,68751
2026-09-11 11:15:00,1257.0,1257.5,1256.0,1257.1,132542
2026-09-11 11:20:00,1257.1,1258.1,1256.4,1257.8,63768
2026-09-11 11:25:00,1257.8,1258.7,1257.5,1258.3,147891
2026-09-11 11:30:00,1258.3,1258.3,1257.6,1258.0,27624
2026-09-11 11:35:00,1258.1,1259.4,1257.8,1258.8,45186
2026-09-11 11:40:00,1258.8,1259.3,1258.3,1259.3,55627
2026-09-11 11:45:00,1259.2,1261.3,1258.1,1258.6,189651
2026-09-11 11:50:00,1258.6,1258.8,1257.8,1258.3,42780
2026-09-11 11:55:00,1258.3,1258.8,1257.8,1258.8,44264
2026-09-11 12:00:00,1258.4,1258.8,1258.0,1258.6,36083
2026-09-11 12:05:00,1258.6,1259.7,1258.5,1258.7,44797
2026-09-11 12:10:00,1258.7,1258.7,1256.7,1257.8,56712
2026-09-11 12:15:00,1257.6,1258.5,1257.6,1258.4,31577
2026-09-11 12:20:00,1258.3,1258.4,1257.3,1258.0,31978
2026-09-11 12:25:00,1258.0,1258.2,1257.1,1257.7,69867
2026-09-11 12:30:00,1257.6,1258.3,1257.1,1257.3,45654
2026-09-11 12:35:00,1257.3,1257.5,1256.5,1257.1,61335
2026-09-11 12:40:00,1257.5,1258.0,1256.7,1257.4,46548
2026-09-11 12:45:00,1257.4,1257.9,1256.1,1257.3,71774
2026-09-11 12:50:00,1257.3,1257.8,1257.0,1257.7,31347
2026-09-11 12:55:00,1257.6,1258.2,1257.0,1257.4,74427
2026-09-11 13:00:00,1257.4,1257.5,1256.1,1256.2,74200
2026-09-11 13:05:00,1256.1,1256.7,1255.1,1255.6,93915
2026-09-11 13:10:00,1255.6,1256.0,1255.1,1255.6,72056
2026-09-11 13:15:00,1255.8,1255.8,1255.0,1255.2,82029
2026-09-11 13:20:00,1255.2,1255.5,1254.8,1255.3,88885
2026-09-11 13:25:00,1255.3,1255.8,1254.9,1255.2,134702
2026-09-11 13:30:00,1255.3,1256.0,1254.9,1255.7,122632
2026-09-11 13:35:00,1255.6,1256.5,1255.0,1255.7,159620
2026-09-11 13:40:00,1255.7,1257.3,1255.5,1256.1,141466
2026-09-11 13:45:00,1256.2,1256.4,1255.2,1255.8,56755
2026-09-11 13:50:00,1255.5,1258.6,1255.5,1258.1,172795
2026-09-11 13:55:00,1258.1,1259.6,1257.5,1259.1,158595
2026-09-11 14:00:00,1259.3,1263.9,1259.1,1263.0,253424
2026-09-11 14:05:00,1263.3,1263.4,1261.0,1263.2,159550
2026-09-11 14:10:00,1263.2,1263.8,1262.1,1262.8,97229
2026-09-11 14:15:00,1262.8,1263.5,1262.1,1263.0,67626
2026-09-11 14:20:00,1263.3,1264.0,1263.0,1264.0,84996
2026-09-11 14:25:00,1263.7,1265.5,1263.1,1265.2,164777
2026-09-11 14:30:00,1265.2,1265.5,1263.9,1264.4,92722
2026-09-11 14:35:00,1264.4,1265.0,1263.2,1263.9,101963
2026-09-11 14:40:00,1264.2,1265.0,1263.4,1264.6,85561
2026-09-11 14:45:00,1264.6,1264.8,1263.1,1263.7,99139
2026-09-11 14:50:00,1263.7,1263.9,1261.5,1261.6,287515
2026-09-11 14:55:00,1261.7,1263.0,1261.3,1263.0,115963
2026-09-11 15:00:00,1263.0,1263.3,1261.8,1262.0,107302
2026-09-11 15:05:00,1262.3,1263.0,1261.2,1262.9,144014
2026-09-11 15:10:00,1263.0,1264.2,1262.1,1263.0,201696
2026-09-11 15:15:00,1263.0,1263.0,1263.0,1263.0,11
2026-09-11 15:20:00,1263.0,1263.0,1263.0,1263.0,0
2026-09-11 15:25:00,1263.0,1263.0,1257.5,1257.5,842771
2026-09-15 09:15:00,1252.5,1257.7,1249.2,1253.4,1356217
2026-09-15 09:20:00,1253.1,1254.0,1252.1,1252.6,311056
2026-09-15 09:25:00,1252.0,1252.6,1249.6,1252.5,333027
2026-09-15 09:30:00,1252.5,1255.4,1252.5,1255.3,207128
2026-09-15 09:35:00,1255.2,1259.4,1255.2,1258.6,249666
2026-09-15 09:40:00,1258.8,1259.1,1256.1,1256.7,203266
2026-09-15 09:45:00,1256.5,1257.0,1254.1,1254.2,146119
2026-09-15 09:50:00,1254.2,1255.1,1253.6,1255.0,162863
2026-09-15 09:55:00,1254.9,1255.0,1253.1,1254.4,130540
2026-09-15 10:00:00,1254.4,1254.8,1253.7,1254.4,88277
2026-09-15 10:05:00,1254.4,1256.3,1254.3,1255.6,142087
2026-09-15 10:10:00,1255.7,1256.5,1255.0,1256.0,94242
2026-09-15 10:15:00,1255.9,1256.9,1255.5,1256.2,67401
2026-09-15 10:20:00,1256.2,1257.1,1255.6,1256.7,80748
2026-09-15 10:25:00,1256.6,1256.6,1255.3,1255.3,69473
2026-09-15 10:30:00,1255.3,1255.6,1254.6,1255.4,83290
2026-09-15 10:35:00,1255.4,1256.1,1255.3,1255.4,123371
2026-09-15 10:40:00,1255.7,1255.7,1254.5,1255.1,110333
2026-09-15 10:45:00,1255.1,1255.1,1254.1,1254.2,124941
2026-09-15 10:50:00,1254.1,1254.5,1253.0,1254.0,248659
2026-09-15 10:55:00,1254.0,1255.6,1253.7,1255.4,96211
2026-09-15 11:00:00,1255.4,1256.8,1255.2,1256.6,67974
2026-09-15 11:05:00,1256.5,1256.6,1256.1,1256.2,54960
2026-09-15 11:10:00,1256.2,1258.2,1255.6,1257.3,150418
2026-09-15 11:15:00,1257.4,1257.5,1256.1,1256.3,111407
2026-09-15 11:20:00,1256.3,1256.3,1255.4,1256.2,96645
2026-09-15 11:25:00,1256.2,1256.3,1255.1,1255.4,78704
2026-09-15 11:30:00,1255.2,1255.5,1254.4,1255.3,130340
2026-09-15 11:35:00,1254.9,1256.4,1254.9,1256.3,88419
2026-09-15 11:40:00,1256.4,1256.5,1255.6,1255.8,66330
2026-09-15 11:45:00,1255.9,1257.1,1255.5,1255.9,151338
2026-09-15 11:50:00,1255.8,1256.3,1255.0,1255.2,102775
2026-09-15 11:55:00,1255.2,1255.3,1255.0,1255.3,55631
2026-09-15 12:00:00,1255.3,1256.8,1255.2,1256.4,50497
2026-09-15 12:05:00,1256.4,1256.9,1255.9,1256.2,77229
2026-09-15 12:10:00,1256.2,1256.2,1255.1,1255.9,148736
2026-09-15 12:15:00,1255.9,1256.0,1255.2,1255.4,43539
2026-09-15 12:20:00,1255.4,1255.8,1255.0,1255.6,69784
2026-09-15 12:25:00,1255.6,1255.6,1255.4,1255.5,58012
2026-09-15 12:30:00,1255.5,1255.5,1254.0,1254.1,199841
2026-09-15 12:35:00,1254.0,1254.8,1254.0,1254.4,74400
2026-09-15 12:40:00,1254.3,1254.4,1254.3,1254.4,43535
2026-09-15 12:45:00,1254.3,1255.1,1254.2,1254.9,95828
2026-09-15 12:50:00,1255.0,1257.2,1255.0,1257.0,118472
2026-09-15 12:55:00,1257.1,1257.2,1255.0,1255.1,242015
2026-09-15 13:00:00,1255.1,1255.3,1253.5,1254.1,189637
2026-09-15 13:05:00,1254.0,1254.3,1252.6,1252.7,106846
2026-09-15 13:10:00,1252.6,1252.7,1252.0,1252.0,99293
2026-09-15 13:15:00,1252.0,1252.2,1251.2,1251.7,124337
2026-09-15 13:20:00,1251.6,1251.7,1251.0,1251.1,86517
2026-09-15 13:25:00,1251.1,1251.6,1250.8,1250.9,86055
2026-09-15 13:30:00,1250.8,1250.9,1250.3,1250.7,124568
2026-09-15 13:35:00,1250.5,1251.2,1250.4,1250.6,88015
2026-09-15 13:40:00,1250.5,1250.6,1250.0,1250.1,125445
2026-09-15 13:45:00,1250.1,1250.3,1250.0,1250.2,100674
2026-09-15 13:50:00,1250.2,1250.6,1250.0,1250.2,107423
2026-09-15 13:55:00,1250.1,1250.1,1248.1,1249.3,279799
2026-09-15 14:00:00,1249.3,1249.9,1249.1,1249.5,58249
2026-09-15 14:05:00,1249.5,1249.6,1249.0,1249.1,93028
2026-09-15 14:10:00,1249.0,1249.0,1245.0,1245.2,288856
2026-09-15 14:15:00,1245.1,1245.3,1243.0,1243.2,236728
2026-09-15 14:20:00,1243.2,1244.5,1242.0,1242.5,225777
2026-09-15 14:25:00,1242.5,1242.5,1241.1,1241.3,206062
2026-09-15 14:30:00,1241.3,1242.6,1241.1,1242.3,113639
2026-09-15 14:35:00,1242.2,1242.7,1242.1,1242.2,110199
2026-09-15 14:40:00,1242.2,1242.4,1242.0,1242.2,119889
2026-09-15 14:45:00,1241.9,1241.9,1236.9,1238.7,474389
2026-09-15 14:50:00,1238.7,1243.5,1238.1,1243.0,862852
2026-09-15 14:55:00,1243.1,1243.6,1242.0,1242.0,231568
2026-09-15 15:00:00,1242.1,1242.1,1241.3,1241.5,177752
2026-09-15 15:05:00,1241.6,1241.7,1239.5,1239.6,261727
2026-09-15 15:10:00,1239.7,1240.9,1238.5,1239.0,384618
2026-09-15 15:15:00,1239.0,1239.0,1239.0,1239.0,7
2026-09-15 15:20:00,1239.0,1239.0,1239.0,1239.0,0
2026-09-15 15:25:00,1239.0,1239.0,1235.3,1235.3,958959
2026-09-16 09:15:00,1243.0,1253.0,1242.0,1245.5,595874
2026-09-16 09:20:00,1245.4,1250.9,1244.7,1249.9,216804
2026-09-16 09:25:00,1249.9,1252.5,1248.5,1252.5,437894
2026-09-16 09:30:00,1252.5,1253.5,1249.8,1252.3,442862
2026-09-16 09:35:00,1252.3,1252.3,1250.1,1250.3,117636
2026-09-16 09:40:00,1250.1,1250.4,1247.7,1248.4,180724
2026-09-16 09:45:00,1248.4,1249.8,1246.9,1249.7,164733
2026-09-16 09:50:00,1250.0,1252.0,1249.9,1251.5,120084
2026-09-16 09:55:00,1251.6,1253.9,1251.4,1253.4,146231
2026-09-16 10:00:00,1253.5,1254.8,1251.7,1251.7,139168
2026-09-16 10:05:00,1251.8,1251.8,1250.3,1251.2,89431
2026-09-16 10:10:00,1251.2,1251.2,1249.5,1249.6,76650
2026-09-16 10:15:00,1249.2,1251.1,1249.2,1250.4,82467
2026-09-16 10:20:00,1250.0,1251.5,1250.0,1251.1,65149
2026-09-16 10:25:00,1251.1,1253.8,1251.1,1252.4,115244
2026-09-16 10:30:00,1252.3,1254.6,1252.0,1254.5,102006
2026-09-16 10:35:00,1254.5,1255.0,1252.6,1253.0,104440
2026-09-16 10:40:00,1253.1,1254.3,1252.7,1254.3,68425
2026-09-16 10:45:00,1254.2,1254.5,1253.1,1253.3,55984
2026-09-16 10:50:00,1253.3,1254.1,1252.0,1253.1,150448
2026-09-16 10:55:00,1253.1,1253.8,1252.1,1253.8,98215
2026-09-16 11:00:00,1253.7,1254.5,1253.7,1253.7,90272
2026-09-16 11:05:00,1253.6,1253.7,1252.2,1253.2,51804
2026-09-16 11:10:00,1253.2,1253.3,1251.5,1251.7,39440
2026-09-16 11:15:00,1251.6,1252.4,1251.3,1252.2,54173
2026-09-16 11:20:00,1252.1,1253.7,1251.3,1251.7,122868
2026-09-16 11:25:00,1252.0,1252.0,1250.5,1250.6,48517
2026-09-16 11:30:00,1250.6,1252.2,1249.2,1250.0,203459
2026-09-16 11:35:00,1250.0,1251.5,1249.8,1250.5,55702
2026-09-16 11:40:00,1250.5,1251.3,1250.5,1250.7,30784
2026-09-16 11:45:00,1250.6,1250.7,1250.0,1250.5,60024
2026-09-16 11:50:00,1250.5,1251.4,1250.0,1250.2,41188
2026-09-16 11:55:00,1250.3,1250.3,1249.2,1250.2,51230
2026-09-16 12:00:00,1250.3,1250.6,1249.2,1250.1,79437
2026-09-16 12:05:00,1250.1,1250.8,1250.0,1250.5,119788
2026-09-16 12:10:00,1250.9,1252.1,1249.7,1250.7,163827
2026-09-16 12:15:00,1250.7,1251.4,1249.2,1250.2,138815
2026-09-16 12:20:00,1250.1,1251.1,1249.9,1250.5,81445
2026-09-16 12:25:00,1250.6,1251.3,1249.9,1250.6,80243
2026-09-16 12:30:00,1250.8,1251.5,1250.3,1250.5,91573
2026-09-16 12:35:00,1250.8,1251.2,1250.0,1250.8,36589
2026-09-16 12:40:00,1250.8,1251.8,1250.2,1251.7,49853
2026-09-16 12:45:00,1251.5,1252.1,1251.0,1252.0,105600
2026-09-16 12:50:00,1252.0,1252.6,1251.5,1252.3,114892
2026-09-16 12:55:00,1252.4,1252.5,1251.1,1251.5,216724
2026-09-16 13:00:00,1251.4,1252.5,1251.0,1252.2,227565
2026-09-16 13:05:00,1252.2,1253.1,1252.2,1252.4,230043
2026-09-16 13:10:00,1252.5,1253.0,1252.0,1252.3,111300
2026-09-16 13:15:00,1252.2,1252.4,1251.6,1252.4,364152
2026-09-16 13:20:00,1252.3,1252.4,1252.0,1252.0,46760
2026-09-16 13:25:00,1252.0,1252.2,1251.0,1251.1,88969
2026-09-16 13:30:00,1251.0,1251.4,1250.3,1250.3,47465
2026-09-16 13:35:00,1250.3,1251.1,1250.0,1250.0,54252
2026-09-16 13:40:00,1250.1,1250.6,1248.7,1249.0,139431
2026-09-16 13:45:00,1249.0,1250.4,1249.0,1249.2,115193
2026-09-16 13:50:00,1249.3,1249.9,1248.4,1249.1,79516
2026-09-16 13:55:00,1248.9,1249.2,1248.4,1248.5,45853
2026-09-16 14:00:00,1248.5,1249.3,1248.5,1248.6,57913
2026-09-16 14:05:00,1248.6,1248.9,1247.5,1247.5,62668
2026-09-16 14:10:00,1247.5,1248.4,1247.2,1248.2,57822
2026-09-16 14:15:00,1248.4,1248.8,1248.3,1248.5,72798
2026-09-16 14:20:00,1248.3,1248.4,1247.7,1248.0,66213
2026-09-16 14:25:00,1248.0,1248.1,1248.0,1248.1,56446
2026-09-16 14:30:00,1248.1,1248.2,1247.2,1247.3,84374
2026-09-16 14:35:00,1247.3,1247.9,1247.3,1247.7,56512
2026-09-16 14:40:00,1247.9,1247.9,1247.5,1247.6,64004
2026-09-16 14:45:00,1247.6,1247.9,1247.3,1247.8,114015
2026-09-16 14:50:00,1247.6,1249.0,1247.5,1248.8,221399
2026-09-16 14:55:00,1248.7,1250.7,1248.4,1248.6,366856
2026-09-16 15:00:00,1248.6,1248.6,1247.4,1247.8,200203
2026-09-16 15:05:00,1248.0,1248.4,1246.7,1247.2,260991
2026-09-16 15:10:00,1247.4,1247.9,1246.4,1247.6,223963
2026-09-16 15:15:00,1246.9,1246.9,1246.9,1246.9,2103
2026-09-16 15:20:00,1246.9,1246.9,1246.9,1246.9,0
2026-09-16 15:25:00,1246.9,1246.9,1240.0,1240.0,752158
2026-09-17 09:15:00,1244.8,1253.4,1244.5,1249.5,353907
2026-09-17 09:20:00,1249.5,1250.4,1246.4,1246.4,113622
2026-09-17 09:25:00,1246.5,1247.5,1245.1,1245.6,157657
2026-09-17 09:30:00,1245.7,1247.3,1245.2,1246.8,100762
2026-09-17 09:35:00,1246.7,1247.1,1245.2,1245.6,67880
2026-09-17 09:40:00,1245.5,1245.5,1243.5,1244.3,107784
2026-09-17 09:45:00,1244.1,1244.5,1243.6,1243.9,52584
2026-09-17 09:50:00,1243.9,1245.2,1242.8,1245.1,59609
2026-09-17 09:55:00,1245.1,1245.8,1243.3,1244.7,58241
2026-09-17 10:00:00,1244.7,1245.1,1244.0,1244.8,44852
2026-09-17 10:05:00,1244.9,1247.0,1244.8,1247.0,72749
2026-09-17 10:10:00,1247.0,1247.9,1246.6,1247.1,87084
2026-09-17 10:15:00,1247.2,1247.6,1245.5,1245.5,50911
2026-09-17 10:20:00,1245.6,1245.9,1244.9,1245.4,42331
2026-09-17 10:25:00,1245.5,1246.6,1245.2,1246.4,57814
2026-09-17 10:30:00,1246.3,1246.4,1244.0,1244.0,54647
2026-09-17 10:35:00,1244.0,1244.8,1243.3,1243.5,46189
2026-09-17 10:40:00,1243.7,1244.8,1242.1,1244.2,166001
2026-09-17 10:45:00,1244.2,1244.9,1243.8,1244.4,39031
2026-09-17 10:50:00,1244.5,1244.9,1243.5,1243.5,74232
2026-09-17 10:55:00,1243.6,1245.1,1243.5,1244.4,79421
2026-09-17 11:00:00,1244.4,1244.4,1242.0,1242.0,69790
2026-09-17 11:05:00,1242.1,1242.6,1238.9,1239.6,171824
2026-09-17 11:10:00,1239.6,1240.0,1238.5,1239.1,96061
2026-09-17 11:15:00,1239.1,1240.9,1238.5,1240.6,83608
2026-09-17 11:20:00,1240.6,1241.4,1240.0,1240.9,37268
2026-09-17 11:25:00,1240.9,1241.3,1240.0,1240.4,36772
2026-09-17 11:30:00,1240.1,1240.1,1239.0,1240.0,47995
2026-09-17 11:35:00,1239.9,1240.0,1239.0,1240.0,26693
2026-09-17 11:40:00,1239.9,1240.1,1239.7,1240.0,217596
2026-09-17 11:45:00,1239.9,1242.5,1239.3,1242.2,273543
2026-09-17 11:50:00,1242.1,1243.5,1242.0,1242.5,244738
2026-09-17 11:55:00,1242.8,1246.0,1242.7,1246.0,195887
2026-09-17 12:00:00,1246.1,1247.7,1244.3,1245.1,535783
2026-09-17 12:05:00,1245.1,1247.0,1244.8,1245.7,138294
2026-09-17 12:10:00,1245.5,1247.4,1245.5,1246.8,71242
2026-09-17 12:15:00,1247.0,1248.5,1246.0,1247.1,83246
2026-09-17 12:20:00,1247.4,1248.2,1247.0,1247.3,44379
2026-09-17 12:25:00,1247.3,1247.3,1246.5,1246.8,50989
2026-09-17 12:30:00,1246.8,1247.0,1245.8,1246.8,46155
2026-09-17 12:35:00,1247.0,1247.6,1246.2,1247.1,87621
2026-09-17 12:40:00,1247.1,1247.3,1245.4,1245.7,44400
2026-09-17 12:45:00,1245.7,1246.4,1245.5,1245.5,30699
2026-09-17 12:50:00,1245.6,1246.0,1245.2,1245.8,49192
2026-09-17 12:55:00,1245.8,1245.9,1245.7,1245.8,29047
2026-09-17 13:00:00,1245.8,1247.1,1245.5,1245.6,73207
2026-09-17 13:05:00,1245.7,1246.0,1245.5,1245.9,29585
2026-09-17 13:10:00,1245.8,1246.3,1245.7,1245.7,68340
2026-09-17 13:15:00,1245.9,1247.2,1245.6,1246.0,84562
2026-09-17 13:20:00,1246.0,1246.7,1245.0,1245.2,54565
2026-09-17 13:25:00,1245.4,1245.4,1242.0,1242.5,118140
2026-09-17 13:30:00,1242.6,1242.7,1241.2,1242.1,91681
2026-09-17 13:35:00,1242.1,1242.1,1240.0,1240.2,74089
2026-09-17 13:40:00,1240.5,1241.8,1240.1,1241.1,98048
2026-09-17 13:45:00,1241.1,1242.4,1241.1,1242.1,57631
2026-09-17 13:50:00,1242.1,1242.9,1241.9,1241.9,56946
2026-09-17 13:55:00,1242.1,1242.7,1241.6,1242.1,47709
2026-09-17 14:00:00,1242.2,1242.3,1241.2,1242.0,52130
2026-09-17 14:05:00,1241.8,1242.7,1241.2,1241.6,74430
2026-09-17 14:10:00,1241.5,1244.2,1241.5,1243.7,81656
2026-09-17 14:15:00,1243.8,1244.9,1243.6,1244.2,59716
2026-09-17 14:20:00,1244.3,1245.4,1244.2,1245.1,72427
2026-09-17 14:25:00,1245.0,1245.0,1243.7,1244.6,85058
2026-09-17 14:30:00,1244.6,1245.3,1244.0,1244.2,76687
2026-09-17 14:35:00,1244.2,1246.0,1244.1,1245.0,97352
2026-09-17 14:40:00,1245.1,1245.2,1243.2,1243.5,83195
2026-09-17 14:45:00,1243.8,1244.6,1243.5,1244.0,72612
2026-09-17 14:50:00,1244.1,1245.2,1244.0,1244.6,185178
2026-09-17 14:55:00,1244.7,1244.9,1242.8,1242.9,116154
2026-09-17 15:00:00,1243.0,1244.6,1242.9,1243.3,156397
2026-09-17 15:05:00,1244.0,1244.5,1243.6,1243.6,191253
2026-09-17 15:10:00,1243.9,1246.5,1243.2,1245.0,270981
2026-09-17 15:15:00,1245.5,1245.5,1245.5,1245.5,287
2026-09-17 15:20:00,1245.5,1245.5,1245.5,1245.5,0
2026-09-17 15:25:00,1245.5,1245.5,1243.9,1243.9,495347
2026-09-18 09:15:00,1245.0,1247.3,1241.8,1245.3,281739
2026-09-18 09:20:00,1245.1,1246.8,1244.5,1246.3,62530
2026-09-18 09:25:00,1246.4,1246.4,1243.4,1243.6,104124
2026-09-18 09:30:00,1243.5,1244.2,1242.8,1242.9,87656
2026-09-18 09:35:00,1242.5,1243.9,1241.5,1243.6,104781
2026-09-18 09:40:00,1243.7,1243.7,1242.3,1243.4,54360
2026-09-18 09:45:00,1243.3,1243.8,1242.5,1243.1,39659
2026-09-18 09:50:00,1243.1,1243.2,1242.1,1242.6,44675
2026-09-18 09:55:00,1242.5,1243.3,1242.2,1243.2,56500
2026-09-18 10:00:00,1243.0,1243.7,1241.6,1242.1,82086
2026-09-18 10:05:00,1242.0,1242.4,1240.3,1240.8,101161
2026-09-18 10:10:00,1240.9,1241.6,1240.8,1241.1,54012
2026-09-18 10:15:00,1241.2,1241.9,1241.0,1241.3,64341
2026-09-18 10:20:00,1241.3,1242.1,1240.2,1240.4,67684
2026-09-18 10:25:00,1240.2,1241.2,1239.6,1240.6,124849
2026-09-18 10:30:00,1240.5,1241.0,1240.1,1240.3,50265
2026-09-18 10:35:00,1240.5,1240.5,1239.5,1239.8,44447
2026-09-18 10:40:00,1239.8,1239.9,1238.3,1239.8,113192
2026-09-18 10:45:00,1239.8,1240.5,1239.3,1240.3,58466
2026-09-18 10:50:00,1240.3,1241.0,1239.7,1240.9,78304
2026-09-18 10:55:00,1240.7,1241.5,1240.6,1241.3,48707
2026-09-18 11:00:00,1241.4,1242.0,1241.3,1241.3,80342
2026-09-18 11:05:00,1241.4,1241.9,1240.4,1241.8,94954
2026-09-18 11:10:00,1241.9,1241.9,1241.1,1241.5,34336
2026-09-18 11:15:00,1241.3,1241.5,1240.8,1241.2,54129
2026-09-18 11:20:00,1241.3,1242.1,1241.0,1242.0,109519
2026-09-18 11:25:00,1242.0,1242.4,1240.2,1240.9,76172
2026-09-18 11:30:00,1240.6,1241.7,1240.4,1240.8,51730
2026-09-18 11:35:00,1240.8,1242.0,1240.7,1241.1,133906
2026-09-18 11:40:00,1241.2,1241.3,1240.0,1240.7,152137
2026-09-18 11:45:00,1241.0,1241.8,1240.7,1241.6,57358
2026-09-18 11:50:00,1241.6,1244.6,1241.5,1244.5,182967
2026-09-18 11:55:00,1244.0,1245.5,1244.0,1245.0,181783
2026-09-18 12:00:00,1244.9,1246.4,1244.0,1244.2,73892
2026-09-18 12:05:00,1244.2,1244.3,1242.0,1243.2,64801
2026-09-18 12:10:00,1243.3,1243.8,1242.7,1243.1,76207
2026-09-18 12:15:00,1243.1,1244.0,1242.2,1242.2,115301
2026-09-18 12:20:00,1242.4,1242.7,1241.5,1242.3,61992
2026-09-18 12:25:00,1242.2,1242.9,1241.5,1241.8,108749
2026-09-18 12:30:00,1241.8,1243.0,1241.6,1243.0,116859
2026-09-18 12:35:00,1243.0,1244.0,1242.8,1243.4,91354
2026-09-18 12:40:00,1243.4,1243.8,1243.1,1243.4,43662
2026-09-18 12:45:00,1243.4,1243.7,1243.2,1243.6,54053
2026-09-18 12:50:00,1243.7,1243.8,1243.5,1243.7,33663
2026-09-18 12:55:00,1243.7,1244.6,1243.5,1244.3,88649
2026-09-18 13:00:00,1244.2,1244.3,1244.0,1244.3,51546
2026-09-18 13:05:00,1244.3,1245.0,1243.7,1244.6,88379
2026-09-18 13:10:00,1244.6,1244.6,1244.0,1244.3,42264
2026-09-18 13:15:00,1244.3,1244.7,1244.0,1244.7,61938
2026-09-18 13:20:00,1244.6,1245.0,1244.4,1245.0,86077
2026-09-18 13:25:00,1244.9,1246.0,1244.9,1245.1,108797
2026-09-18 13:30:00,1245.3,1245.6,1244.7,1245.6,74131
2026-09-18 13:35:00,1245.5,1245.6,1243.0,1243.1,120044
2026-09-18 13:40:00,1243.3,1243.3,1242.5,1242.7,80899
2026-09-18 13:45:00,1242.7,1243.0,1242.2,1242.4,99137
2026-09-18 13:50:00,1242.3,1242.8,1242.3,1242.6,85103
2026-09-18 13:55:00,1242.6,1242.9,1242.5,1242.8,74130
2026-09-18 14:00:00,1242.8,1242.9,1242.7,1242.8,81449
2026-09-18 14:05:00,1242.7,1242.9,1242.5,1242.8,157630
2026-09-18 14:10:00,1242.9,1243.1,1242.0,1242.1,139608
2026-09-18 14:15:00,1242.2,1242.7,1242.0,1242.6,107010
2026-09-18 14:20:00,1242.6,1243.1,1242.5,1243.1,144182
2026-09-18 14:25:00,1243.1,1243.7,1242.6,1243.7,158276
2026-09-18 14:30:00,1243.7,1244.0,1243.0,1243.7,202226
2026-09-18 14:35:00,1243.8,1244.1,1243.1,1243.2,117201
2026-09-18 14:40:00,1243.1,1243.7,1242.7,1242.7,146791
2026-09-18 14:45:00,1242.8,1244.9,1242.7,1244.4,156929
2026-09-18 14:50:00,1244.5,1245.7,1244.3,1244.9,189198
2026-09-18 14:55:00,1244.9,1245.4,1244.1,1244.9,194061
2026-09-18 15:00:00,1245.0,1245.4,1244.3,1244.3,230676
2026-09-18 15:05:00,1244.4,1244.9,1243.6,1244.3,349552
2026-09-18 15:10:00,1244.3,1244.4,1242.5,1243.9,331684
2026-09-18 15:15:00,1243.4,1243.4,1243.4,1243.4,1130
2026-09-18 15:20:00,1243.4,1243.4,1243.4,1243.4,0
2026-09-18 15:25:00,1243.4,1243.4,1226.4,1226.4,7527880
2026-09-21 09:15:00,1234.1,1244.0,1234.1,1243.5,594259
2026-09-21 09:20:00,1243.8,1244.4,1239.1,1239.3,255949
2026-09-21 09:25:00,1239.1,1242.2,1239.1,1241.9,178927
2026-09-21 09:30:00,1242.0,1243.0,1241.4,1241.5,129370
2026-09-21 09:35:00,1241.5,1241.9,1240.0,1240.6,141868
2026-09-21 09:40:00,1240.3,1240.7,1238.2,1238.9,162552
2026-09-21 09:45:00,1239.0,1239.9,1238.7,1239.9,125910
2026-09-21 09:50:00,1239.8,1239.9,1238.6,1238.7,104355
2026-09-21 09:55:00,1238.5,1238.6,1237.2,1237.6,117766
2026-09-21 10:00:00,1237.6,1237.7,1236.0,1237.5,132953
2026-09-21 10:05:00,1237.4,1238.0,1236.5,1237.2,68713
2026-09-21 10:10:00,1237.2,1237.9,1237.0,1237.1,39101
2026-09-21 10:15:00,1237.1,1237.6,1236.5,1236.7,65911
2026-09-21 10:20:00,1236.7,1236.8,1235.8,1236.0,102040
2026-09-21 10:25:00,1236.1,1236.2,1235.0,1235.3,124320
2026-09-21 10:30:00,1235.3,1235.3,1233.1,1233.4,179557
2026-09-21 10:35:00,1233.4,1233.6,1232.5,1233.5,140740
2026-09-21 10:40:00,1233.5,1233.8,1233.2,1233.3,78164
2026-09-21 10:45:00,1233.2,1233.5,1233.0,1233.2,97891
2026-09-21 10:50:00,1233.2,1233.7,1233.1,1233.7,77045
2026-09-21 10:55:00,1233.7,1233.7,1232.6,1233.1,107728
2026-09-21 11:00:00,1233.1,1233.1,1232.5,1232.8,78329
2026-09-21 11:05:00,1232.9,1234.9,1232.7,1234.9,197695
2026-09-21 11:10:00,1234.9,1235.0,1234.3,1234.9,93134
2026-09-21 11:15:00,1234.8,1235.1,1233.5,1234.9,287626
2026-09-21 11:20:00,1235.1,1235.8,1234.1,1235.8,87770
2026-09-21 11:25:00,1235.7,1235.8,1234.4,1235.2,205372
2026-09-21 11:30:00,1235.2,1235.9,1235.0,1235.7,64561
2026-09-21 11:35:00,1235.7,1235.7,1234.5,1235.3,141893
2026-09-21 11:40:00,1235.3,1235.8,1234.9,1234.9,92048
2026-09-21 11:45:00,1234.9,1235.5,1234.5,1234.8,89846
2026-09-21 11:50:00,1234.7,1238.8,1234.5,1238.0,303469
2026-09-21 11:55:00,1238.0,1243.0,1237.1,1242.6,415779
2026-09-21 12:00:00,1242.6,1246.4,1242.5,1243.3,311870
2026-09-21 12:05:00,1243.3,1243.3,1240.8,1241.1,102512
2026-09-21 12:10:00,1241.0,1242.6,1240.7,1242.6,111070
2026-09-21 12:15:00,1242.6,1243.8,1242.0,1242.3,145939
2026-09-21 12:20:00,1242.4,1243.0,1241.7,1241.9,83405
2026-09-21 12:25:00,1242.0,1242.0,1241.3,1241.8,84685
2026-09-21 12:30:00,1241.7,1241.8,1240.5,1241.0,70422
2026-09-21 12:35:00,1240.9,1241.8,1240.7,1240.7,50943
2026-09-21 12:40:00,1240.7,1241.0,1240.3,1240.3,50450
2026-09-21 12:45:00,1240.4,1240.5,1239.6,1240.2,69403
2026-09-21 12:50:00,1240.2,1241.6,1240.0,1240.8,71140
2026-09-21 12:55:00,1241.1,1241.1,1240.8,1241.0,31351
2026-09-21 13:00:00,1241.1,1241.1,1240.0,1240.1,48877
2026-09-21 13:05:00,1240.1,1241.0,1240.0,1240.4,84938
2026-09-21 13:10:00,1240.5,1240.5,1240.0,1240.2,35804
2026-09-21 13:15:00,1240.2,1241.3,1240.1,1241.0,45297
2026-09-21 13:20:00,1241.1,1241.9,1240.9,1241.4,62365
2026-09-21 13:25:00,1241.3,1241.8,1241.3,1241.8,42895
2026-09-21 13:30:00,1241.8,1242.6,1241.6,1242.6,58282
2026-09-21 13:35:00,1242.6,1243.2,1242.5,1243.1,78147
2026-09-21 13:40:00,1243.2,1243.2,1242.1,1242.1,57271
2026-09-21 13:45:00,1242.2,1245.0,1242.1,1243.4,132445
2026-09-21 13:50:00,1243.4,1243.8,1243.2,1243.3,46531
2026-09-21 13:55:00,1243.3,1244.4,1243.1,1244.1,76488
2026-09-21 14:00:00,1244.1,1244.7,1243.9,1244.4,70920
2026-09-21 14:05:00,1244.4,1244.6,1244.1,1244.3,62488
2026-09-21 14:10:00,1244.2,1244.6,1244.1,1244.3,62961
2026-09-21 14:15:00,1244.3,1244.4,1243.5,1244.1,87626
2026-09-21 14:20:00,1244.2,1244.4,1242.2,1243.5,98746
2026-09-21 14:25:00,1243.5,1248.0,1243.5,1246.9,252919
2026-09-21 14:30:00,1246.9,1246.9,1245.9,1246.2,105900
2026-09-21 14:35:00,1246.2,1246.2,1244.9,1245.0,133722
2026-09-21 14:40:00,1244.9,1246.7,1244.9,1246.6,104531
2026-09-21 14:45:00,1246.6,1247.3,1246.0,1247.2,147543
2026-09-21 14:50:00,1247.1,1247.8,1246.8,1247.7,230987
2026-09-21 14:55:00,1247.8,1248.4,1247.0,1248.3,348520
2026-09-21 15:00:00,1248.3,1249.1,1247.6,1247.8,224790
2026-09-21 15:05:00,1247.9,1247.9,1246.5,1247.0,205104
2026-09-21 15:10:00,1246.9,1247.0,1246.1,1246.4,182093
2026-09-21 15:15:00,1246.4,1246.4,1246.4,1246.4,458
2026-09-21 15:20:00,1246.4,1246.4,1246.4,1246.4,0
2026-09-21 15:25:00,1246.4,1247.4,1246.4,1247.4,531468
2026-09-22 09:15:00,1247.6,1251.9,1246.6,1247.0,276429
2026-09-22 09:20:00,1246.7,1247.9,1246.0,1246.1,150186
2026-09-22 09:25:00,1246.2,1246.4,1244.6,1245.5,168992
2026-09-22 09:30:00,1245.5,1248.2,1245.4,1247.5,175942
2026-09-22 09:35:00,1247.5,1249.9,1247.5,1249.0,133395
2026-09-22 09:40:00,1249.0,1250.2,1247.5,1248.5,85858
2026-09-22 09:45:00,1248.7,1248.8,1247.7,1247.7,63002
2026-09-22 09:50:00,1247.8,1247.9,1247.1,1247.4,115033
2026-09-22 09:55:00,1247.4,1248.3,1247.0,1247.1,62929
2026-09-22 10:00:00,1247.0,1247.2,1246.4,1246.8,57920
2026-09-22 10:05:00,1246.8,1247.1,1246.7,1246.7,44429
2026-09-22 10:10:00,1246.8,1247.6,1246.5,1247.4,41622
2026-09-22 10:15:00,1247.4,1250.5,1246.6,1249.7,135558
2026-09-22 10:20:00,1249.7,1251.0,1247.9,1250.9,152552
2026-09-22 10:25:00,1250.9,1251.0,1249.1,1249.9,356206
2026-09-22 10:30:00,1250.0,1250.2,1248.1,1249.1,208825
2026-09-22 10:35:00,1249.1,1249.1,1247.8,1247.9,79615
2026-09-22 10:40:00,1247.9,1249.6,1247.0,1248.4,184241
2026-09-22 10:45:00,1248.4,1248.8,1248.0,1248.3,46387
2026-09-22 10:50:00,1248.4,1248.4,1246.0,1246.8,112977
2026-09-22 10:55:00,1246.8,1247.4,1246.5,1247.4,52612
2026-09-22 11:00:00,1247.4,1247.4,1247.0,1247.3,37135
2026-09-22 11:05:00,1247.2,1247.3,1246.2,1246.9,86038
2026-09-22 11:10:00,1247.0,1248.9,1246.4,1248.2,97359
2026-09-22 11:15:00,1248.4,1248.6,1247.2,1247.3,60542
2026-09-22 11:20:00,1247.4,1248.0,1247.0,1247.6,54260
2026-09-22 11:25:00,1247.6,1248.7,1247.3,1248.6,109328
2026-09-22 11:30:00,1248.6,1249.0,1248.1,1248.1,141226
2026-09-22 11:35:00,1248.2,1248.2,1245.5,1245.8,194442
2026-09-22 11:40:00,1245.8,1246.8,1244.3,1245.1,128769
2026-09-22 11:45:00,1245.2,1245.2,1242.6,1243.3,139253
2026-09-22 11:50:00,1243.3,1243.7,1243.0,1243.5,38418
2026-09-22 11:55:00,1243.5,1244.3,1242.8,1244.3,112800
2026-09-22 12:00:00,1244.3,1244.3,1242.9,1243.6,159550
2026-09-22 12:05:00,1243.6,1244.4,1243.4,1244.0,65835
2026-09-22 12:10:00,1243.9,1244.2,1243.5,1243.7,38748
2026-09-22 12:15:00,1243.7,1244.9,1243.5,1244.5,51198
2026-09-22 12:20:00,1244.8,1245.0,1244.0,1244.4,83146
2026-09-22 12:25:00,1244.2,1245.2,1244.1,1244.5,204414
2026-09-22 12:30:00,1244.5,1244.8,1244.1,1244.6,63678
2026-09-22 12:35:00,1244.6,1245.1,1244.2,1244.3,100272
2026-09-22 12:40:00,1244.3,1245.0,1243.7,1243.8,55947
2026-09-22 12:45:00,1244.0,1244.1,1242.2,1242.8,95630
2026-09-22 12:50:00,1242.8,1243.4,1241.3,1242.2,135494
2026-09-22 12:55:00,1241.7,1243.0,1241.3,1242.0,114458
2026-09-22 13:00:00,1242.0,1242.5,1240.5,1241.8,217174
2026-09-22 13:05:00,1241.8,1242.9,1241.7,1242.8,45188
2026-09-22 13:10:00,1242.7,1242.7,1242.0,1242.3,67949
2026-09-22 13:15:00,1242.3,1242.4,1241.5,1242.0,44013
2026-09-22 13:20:00,1241.9,1242.0,1241.1,1242.0,64484
2026-09-22 13:25:00,1242.0,1242.5,1241.6,1242.3,79798
2026-09-22 13:30:00,1242.3,1242.5,1241.6,1242.3,77492
2026-09-22 13:35:00,1242.2,1242.5,1241.8,1242.1,58522
2026-09-22 13:40:00,1242.1,1242.4,1241.6,1241.8,39378
2026-09-22 13:45:00,1241.5,1241.8,1239.2,1240.0,118622
2026-09-22 13:50:00,1240.0,1240.4,1238.3,1238.9,120955
2026-09-22 13:55:00,1238.9,1239.9,1238.0,1238.6,138432
2026-09-22 14:00:00,1238.6,1239.4,1237.4,1239.1,154766
2026-09-22 14:05:00,1239.1,1239.4,1238.0,1239.3,117498
2026-09-22 14:10:00,1239.3,1243.3,1239.2,1243.0,211529
2026-09-22 14:15:00,1243.3,1244.4,1241.8,1243.8,137402
2026-09-22 14:20:00,1243.9,1244.7,1243.5,1244.0,145209
2026-09-22 14:25:00,1244.7,1245.0,1243.4,1244.5,155115
2026-09-22 14:30:00,1244.6,1246.7,1243.8,1246.1,755705
2026-09-22 14:35:00,1246.1,1248.2,1246.0,1248.0,214068
2026-09-22 14:40:00,1248.1,1248.1,1246.1,1247.5,204577
2026-09-22 14:45:00,1247.6,1247.9,1246.7,1246.7,113017
2026-09-22 14:50:00,1246.8,1248.2,1246.7,1247.3,275372
2026-09-22 14:55:00,1247.4,1247.5,1244.5,1245.4,416831
2026-09-22 15:00:00,1245.2,1245.5,1244.5,1245.0,293923
2026-09-22 15:05:00,1245.0,1245.5,1244.6,1244.9,279183
2026-09-22 15:10:00,1245.0,1245.5,1244.2,1244.5,223605
2026-09-22 15:15:00,1244.5,1244.5,1244.5,1244.5,785
2026-09-22 15:20:00,1244.5,1244.5,1244.5,1244.5,0
2026-09-22 15:25:00,1244.5,1244.5,1240.4,1240.4,789257
2026-09-23 09:15:00,1242.0,1245.6,1241.0,1244.7,267012
2026-09-23 09:20:00,1244.4,1246.0,1243.6,1244.9,171456
2026-09-23 09:25:00,1244.9,1244.9,1242.4,1243.4,67990
2026-09-23 09:30:00,1242.6,1243.8,1242.6,1243.2,87067
2026-09-23 09:35:00,1243.2,1244.1,1243.1,1243.8,74663
2026-09-23 09:40:00,1243.9,1244.4,1243.4,1243.5,49386
2026-09-23 09:45:00,1243.6,1244.5,1242.6,1242.8,70364
2026-09-23 09:50:00,1242.8,1243.1,1241.6,1241.6,106613
2026-09-23 09:55:00,1241.6,1243.8,1241.6,1243.5,84683
2026-09-23 10:00:00,1243.5,1243.8,1242.7,1242.7,48506
2026-09-23 10:05:00,1242.6,1242.8,1241.1,1241.4,69235
2026-09-23 10:10:00,1241.2,1241.4,1238.9,1240.5,163655
2026-09-23 10:15:00,1240.6,1245.0,1240.6,1244.3,119442
2026-09-23 10:20:00,1244.4,1244.6,1243.1,1243.4,41491
2026-09-23 10:25:00,1243.1,1243.2,1242.4,1242.9,59265
2026-09-23 10:30:00,1243.0,1244.2,1242.8,1243.7,75965
2026-09-23 10:35:00,1243.6,1244.5,1243.6,1244.3,68753
2026-09-23 10:40:00,1244.4,1244.6,1243.9,1244.1,81739
2026-09-23 10:45:00,1244.2,1244.2,1243.9,1244.2,39789
2026-09-23 10:50:00,1244.2,1245.0,1244.1,1244.9,131406
2026-09-23 10:55:00,1244.8,1245.3,1244.5,1244.7,76660
2026-09-23 11:00:00,1244.7,1247.0,1244.1,1246.2,157312
2026-09-23 11:05:00,1246.1,1247.1,1245.6,1245.8,189947
2026-09-23 11:10:00,1245.8,1246.5,1245.7,1246.5,86691
2026-09-23 11:15:00,1246.5,1246.9,1245.5,1246.9,72023
2026-09-23 11:20:00,1246.9,1248.0,1246.8,1247.4,139888
2026-09-23 11:25:00,1247.4,1249.0,1247.3,1248.0,150673
2026-09-23 11:30:00,1248.0,1251.0,1247.9,1250.6,250994
2026-09-23 11:35:00,1250.6,1250.8,1248.3,1248.6,97956
2026-09-23 11:40:00,1248.5,1248.8,1248.0,1248.3,80078
2026-09-23 11:45:00,1248.4,1250.8,1248.4,1249.7,162031
2026-09-23 11:50:00,1249.4,1249.7,1249.0,1249.3,111483
2026-09-23 11:55:00,1249.2,1249.3,1248.2,1249.0,96364
2026-09-23 12:00:00,1249.1,1249.8,1249.0,1249.8,55344
2026-09-23 12:05:00,1249.7,1250.3,1249.7,1250.3,122579
2026-09-23 12:10:00,1250.2,1251.6,1249.6,1250.1,162985
2026-09-23 12:15:00,1250.0,1250.5,1250.0,1250.5,71235
2026-09-23 12:20:00,1250.4,1251.2,1250.0,1250.0,164968
2026-09-23 12:25:00,1250.1,1251.6,1249.7,1251.5,142014
2026-09-23 12:30:00,1251.6,1252.4,1250.7,1250.7,95718
2026-09-23 12:35:00,1250.6,1251.7,1249.7,1250.7,233705
2026-09-23 12:40:00,1250.7,1251.5,1250.6,1251.5,82374
2026-09-23 12:45:00,1251.4,1251.5,1250.7,1251.2,196949
2026-09-23 12:50:00,1251.1,1251.3,1251.0,1251.1,57443
2026-09-23 12:55:00,1251.0,1252.3,1251.0,1252.2,126288
2026-09-23 13:00:00,1252.3,1252.8,1251.8,1252.4,84921
2026-09-23 13:05:00,1252.4,1252.4,1251.4,1251.9,116626
2026-09-23 13:10:00,1251.8,1251.9,1251.0,1251.3,54322
2026-09-23 13:15:00,1251.3,1251.4,1251.0,1251.0,98508
2026-09-23 13:20:00,1251.1,1251.2,1250.0,1251.0,142094
2026-09-23 13:25:00,1250.9,1251.0,1250.0,1250.0,123339
2026-09-23 13:30:00,1250.1,1250.1,1248.4,1248.8,159464
2026-09-23 13:35:00,1248.9,1248.9,1247.3,1247.8,112553
2026-09-23 13:40:00,1247.8,1247.8,1247.3,1247.6,45506
2026-09-23 13:45:00,1247.5,1247.9,1247.4,1247.5,39557
2026-09-23 13:50:00,1247.4,1247.8,1247.0,1247.4,50945
2026-09-23 13:55:00,1247.3,1247.8,1246.7,1246.8,64392
2026-09-23 14:00:00,1246.7,1247.9,1246.4,1247.8,113522
2026-09-23 14:05:00,1247.9,1248.3,1246.8,1247.8,51011
2026-09-23 14:10:00,1247.7,1248.8,1247.7,1248.2,82870
2026-09-23 14:15:00,1248.1,1248.2,1246.8,1246.9,63372
2026-09-23 14:20:00,1246.9,1246.9,1245.7,1246.6,93845
2026-09-23 14:25:00,1246.5,1248.3,1246.5,1247.9,54550
2026-09-23 14:30:00,1247.8,1248.0,1246.4,1246.8,110959
2026-09-23 14:35:00,1246.8,1246.9,1246.4,1246.6,57512
2026-09-23 14:40:00,1246.6,1246.7,1245.2,1245.3,89122
2026-09-23 14:45:00,1245.3,1246.4,1245.2,1245.7,154074
2026-09-23 14:50:00,1245.7,1246.2,1245.4,1246.2,152040
2026-09-23 14:55:00,1246.2,1246.5,1245.3,1245.5,116880
2026-09-23 15:00:00,1245.4,1245.7,1244.4,1244.7,140204
2026-09-23 15:05:00,1244.9,1246.0,1244.9,1245.8,125770
2026-09-23 15:10:00,1245.8,1246.4,1244.9,1246.0,190726
2026-09-23 15:15:00,1246.1,1246.1,1246.1,1246.1,1221
2026-09-23 15:20:00,1246.1,1246.1,1246.1,1246.1,0
2026-09-23 15:25:00,1246.1,1248.0,1246.1,1248.0,536931
2026-09-24 09:15:00,1236.6,1241.6,1235.5,1239.2,437166
2026-09-24 09:20:00,1239.2,1240.5,1238.2,1239.9,152770
2026-09-24 09:25:00,1239.8,1240.6,1238.0,1238.7,254258
2026-09-24 09:30:00,1238.7,1240.8,1238.7,1239.9,344392
2026-09-24 09:35:00,1239.9,1240.6,1239.3,1239.5,85809
2026-09-24 09:40:00,1239.5,1239.5,1238.3,1238.7,99136
2026-09-24 09:45:00,1238.7,1238.8,1237.0,1238.8,163311
2026-09-24 09:50:00,1238.8,1240.4,1237.9,1237.9,264948
2026-09-24 09:55:00,1237.9,1238.5,1237.1,1238.2,99450
2026-09-24 10:00:00,1238.2,1238.7,1237.8,1238.2,199465
2026-09-24 10:05:00,1238.3,1238.3,1237.5,1238.0,74916
2026-09-24 10:10:00,1238.0,1238.3,1237.4,1237.7,67904
2026-09-24 10:15:00,1237.8,1238.0,1236.0,1237.3,159408
2026-09-24 10:20:00,1237.0,1238.0,1236.3,1237.8,86502
2026-09-24 10:25:00,1237.6,1237.6,1236.2,1236.8,70503
2026-09-24 10:30:00,1236.6,1237.1,1236.6,1236.9,72663
2026-09-24 10:35:00,1236.8,1237.1,1236.3,1236.8,382075
2026-09-24 10:40:00,1236.9,1237.0,1235.7,1236.4,141996
2026-09-24 10:45:00,1236.5,1237.2,1236.4,1237.1,52813
2026-09-24 10:50:00,1237.1,1237.2,1236.5,1237.0,56657
2026-09-24 10:55:00,1237.1,1237.2,1236.2,1236.8,92085
2026-09-24 11:00:00,1236.7,1236.7,1235.0,1235.0,161063
2026-09-24 11:05:00,1235.1,1235.3,1233.0,1233.1,395444
2026-09-24 11:10:00,1233.1,1234.4,1233.0,1233.1,126496
2026-09-24 11:15:00,1233.2,1234.8,1233.0,1234.7,79450
2026-09-24 11:20:00,1234.6,1234.7,1233.1,1233.7,197099
2026-09-24 11:25:00,1233.7,1233.8,1233.1,1233.8,91249
2026-09-24 11:30:00,1233.7,1234.1,1233.1,1233.1,198847
2026-09-24 11:35:00,1233.2,1233.3,1232.2,1232.8,159850
2026-09-24 11:40:00,1232.8,1233.3,1232.5,1233.2,119574
2026-09-24 11:45:00,1233.2,1233.3,1232.0,1232.6,220258
2026-09-24 11:50:00,1232.7,1232.9,1231.7,1232.4,100561
2026-09-24 11:55:00,1232.3,1232.4,1231.9,1232.1,90984
2026-09-24 12:00:00,1232.1,1233.0,1231.6,1232.1,172224
2026-09-24 12:05:00,1232.1,1232.6,1231.9,1232.2,87940
2026-09-24 12:10:00,1232.2,1232.7,1231.7,1231.7,103798
2026-09-24 12:15:00,1231.6,1231.9,1231.6,1231.9,45270
2026-09-24 12:20:00,1231.9,1232.1,1231.0,1231.4,87637
2026-09-24 12:25:00,1231.4,1231.4,1228.8,1229.0,491822
2026-09-24 12:30:00,1229.0,1229.4,1226.7,1227.0,229328
2026-09-24 12:35:00,1227.0,1228.0,1226.7,1227.4,277263
2026-09-24 12:40:00,1227.5,1227.6,1227.0,1227.2,170396
2026-09-24 12:45:00,1227.1,1229.0,1227.1,1228.2,111522
2026-09-24 12:50:00,1228.2,1229.4,1228.2,1228.6,70423
2026-09-24 12:55:00,1228.6,1228.7,1228.5,1228.7,36689
2026-09-24 13:00:00,1228.7,1230.0,1228.6,1229.6,166787
2026-09-24 13:05:00,1229.6,1230.8,1229.4,1229.5,78513
2026-09-24 13:10:00,1229.7,1229.7,1229.1,1229.4,57737
2026-09-24 13:15:00,1229.4,1229.6,1229.0,1229.1,46515
2026-09-24 13:20:00,1229.1,1229.3,1228.8,1228.8,40918
2026-09-24 13:25:00,1228.8,1228.8,1226.8,1227.6,183242
2026-09-24 13:30:00,1227.6,1228.2,1227.5,1227.6,75746
2026-09-24 13:35:00,1227.5,1228.8,1227.0,1227.2,213922
2026-09-24 13:40:00,1227.5,1227.9,1225.1,1225.2,285114
2026-09-24 13:45:00,1225.2,1225.9,1223.4,1224.2,544767
2026-09-24 13:50:00,1224.2,1225.1,1222.2,1223.0,184270
2026-09-24 13:55:00,1223.0,1223.8,1222.1,1222.6,144009
2026-09-24 14:00:00,1222.6,1224.9,1222.5,1223.3,120352
2026-09-24 14:05:00,1223.2,1224.7,1223.2,1224.2,135124
2026-09-24 14:10:00,1224.1,1224.7,1223.2,1223.4,190203
2026-09-24 14:15:00,1223.6,1224.4,1222.3,1222.4,185117
2026-09-24 14:20:00,1222.3,1223.5,1222.3,1222.9,260851
2026-09-24 14:25:00,1223.0,1223.6,1221.0,1222.7,283221
2026-09-24 14:30:00,1222.7,1223.3,1222.5,1223.0,138933
2026-09-24 14:35:00,1223.0,1224.3,1222.7,1223.2,289352
2026-09-24 14:40:00,1223.2,1224.0,1222.3,1222.9,209637
2026-09-24 14:45:00,1223.0,1223.4,1222.5,1222.7,130209
2026-09-24 14:50:00,1222.7,1223.5,1222.6,1222.8,334046
2026-09-24 14:55:00,1222.8,1223.3,1221.2,1221.4,313779
2026-09-24 15:00:00,1221.5,1222.4,1221.1,1221.8,282665
2026-09-24 15:05:00,1221.8,1222.0,1220.0,1221.1,636321
2026-09-24 15:10:00,1221.2,1222.1,1219.5,1220.9,647435
2026-09-24 15:15:00,1220.9,1220.9,1220.9,1220.9,40
2026-09-24 15:20:00,1220.9,1220.9,1220.9,1220.9,0
2026-09-24 15:25:00,1220.9,1220.9,1219.2,1219.2,346818
2026-09-25 09:15:00,1210.5,1222.8,1210.5,1221.4,965579
2026-09-25 09:20:00,1221.4,1221.4,1218.5,1219.6,278006
2026-09-25 09:25:00,1219.6,1223.6,1219.4,1223.6,249238
2026-09-25 09:30:00,1223.8,1225.7,1223.8,1225.4,179421
2026-09-25 09:35:00,1225.4,1225.4,1222.3,1222.7,155244
2026-09-25 09:40:00,1222.4,1222.7,1220.0,1220.9,197171
2026-09-25 09:45:00,1220.9,1220.9,1220.1,1220.4,131632
2026-09-25 09:50:00,1220.4,1220.4,1218.2,1219.1,427182
2026-09-25 09:55:00,1219.1,1221.5,1218.6,1218.7,158238
2026-09-25 10:00:00,1219.0,1220.5,1217.4,1220.0,414099
2026-09-25 10:05:00,1220.0,1221.7,1219.1,1221.5,368982
2026-09-25 10:10:00,1221.5,1222.3,1220.2,1221.4,136054
2026-09-25 10:15:00,1221.4,1221.4,1219.3,1219.8,154026
2026-09-25 10:20:00,1219.8,1220.8,1219.6,1220.2,163794
2026-09-25 10:25:00,1220.3,1222.0,1220.3,1221.8,148886
2026-09-25 10:30:00,1221.8,1223.0,1220.5,1220.7,227714
2026-09-25 10:35:00,1220.8,1221.8,1220.5,1221.5,108092
2026-09-25 10:40:00,1221.4,1221.6,1220.1,1220.2,101573
2026-09-25 10:45:00,1220.2,1220.2,1217.4,1217.7,118481
2026-09-25 10:50:00,1217.8,1219.5,1217.3,1218.2,175712
2026-09-25 10:55:00,1218.2,1219.1,1217.0,1217.6,134592
2026-09-25 11:00:00,1217.7,1219.8,1217.1,1219.3,149236
2026-09-25 11:05:00,1219.2,1220.0,1218.7,1219.5,116273
2026-09-25 11:10:00,1219.5,1221.5,1219.4,1220.6,113957
2026-09-25 11:15:00,1220.6,1221.5,1220.1,1221.2,126692
2026-09-25 11:20:00,1221.3,1222.6,1221.1,1221.2,92265
2026-09-25 11:25:00,1221.2,1221.2,1219.6,1220.3,198436
2026-09-25 11:30:00,1220.3,1221.3,1220.0,1220.6,80276
2026-09-25 11:35:00,1220.6,1220.9,1220.4,1220.8,55160
2026-09-25 11:40:00,1220.9,1221.9,1220.5,1220.5,84680
2026-09-25 11:45:00,1220.7,1221.0,1219.9,1220.7,113426
2026-09-25 11:50:00,1220.7,1222.0,1220.5,1221.7,297915
2026-09-25 11:55:00,1221.7,1221.7,1220.2,1220.3,108640
2026-09-25 12:00:00,1220.3,1220.7,1218.1,1218.8,103095
2026-09-25 12:05:00,1218.8,1219.5,1218.3,1219.2,55848
2026-09-25 12:10:00,1219.2,1220.0,1219.0,1219.6,76336
2026-09-25 12:15:00,1219.5,1219.7,1218.5,1218.5,66916
2026-09-25 12:20:00,1218.4,1219.3,1218.1,1218.8,62877
2026-09-25 12:25:00,1218.8,1219.5,1218.3,1219.5,76024
2026-09-25 12:30:00,1219.5,1219.9,1218.6,1218.7,56043
2026-09-25 12:35:00,1218.7,1218.7,1217.6,1218.3,81710
2026-09-25 12:40:00,1218.4,1218.4,1217.1,1217.3,69608
2026-09-25 12:45:00,1217.3,1217.7,1216.6,1216.7,96037
2026-09-25 12:50:00,1216.7,1217.2,1216.2,1216.5,110007
2026-09-25 12:55:00,1216.7,1216.7,1215.8,1216.5,247843
2026-09-25 13:00:00,1216.5,1217.8,1216.4,1217.3,77792
2026-09-25 13:05:00,1217.3,1217.3,1216.0,1216.5,61176
2026-09-25 13:10:00,1216.4,1217.9,1216.4,1216.5,134863
2026-09-25 13:15:00,1216.4,1216.5,1215.4,1215.5,96752
2026-09-25 13:20:00,1215.4,1216.2,1215.0,1215.2,163172
2026-09-25 13:25:00,1215.2,1215.9,1215.2,1215.5,95200
2026-09-25 13:30:00,1215.5,1216.2,1215.2,1215.2,133015
2026-09-25 13:35:00,1215.4,1217.3,1215.0,1216.6,200946
2026-09-25 13:40:00,1216.5,1217.5,1216.5,1217.3,170535
2026-09-25 13:45:00,1217.3,1218.9,1217.2,1218.0,113861
2026-09-25 13:50:00,1217.8,1218.1,1217.6,1217.9,68155
2026-09-25 13:55:00,1218.0,1219.0,1217.3,1218.9,77805
2026-09-25 14:00:00,1219.0,1224.0,1219.0,1223.7,417427
2026-09-25 14:05:00,1223.7,1224.1,1221.6,1221.9,279134
2026-09-25 14:10:00,1221.9,1223.6,1221.8,1223.0,186315
2026-09-25 14:15:00,1223.1,1225.0,1223.0,1224.2,158432
2026-09-25 14:20:00,1224.2,1224.2,1223.2,1223.8,100654
2026-09-25 14:25:00,1223.8,1225.5,1223.7,1225.0,289087
2026-09-25 14:30:00,1225.0,1227.4,1224.7,1226.0,161135
2026-09-25 14:35:00,1226.0,1226.2,1225.5,1226.2,84219
2026-09-25 14:40:00,1226.2,1226.2,1224.5,1224.8,131925
2026-09-25 14:45:00,1224.8,1225.1,1223.8,1224.2,191718
2026-09-25 14:50:00,1224.1,1225.4,1223.8,1224.8,195160
2026-09-25 14:55:00,1224.8,1225.8,1224.4,1225.4,169202
2026-09-25 15:00:00,1225.4,1225.6,1223.9,1225.0,455687
2026-09-25 15:05:00,1224.9,1225.1,1223.3,1224.0,345268
2026-09-25 15:10:00,1224.0,1225.0,1223.2,1224.7,330554
2026-09-25 15:15:00,1224.7,1224.7,1224.7,1224.7,0
2026-09-25 15:20:00,1224.7,1224.7,1224.7,1224.7,0
2026-09-25 15:25:00,1224.7,1226.0,1224.7,1226.0,204265
2026-09-28 09:15:00,1218.0,1219.7,1214.5,1215.5,296333
2026-09-28 09:20:00,1215.5,1215.6,1213.0,1214.0,411925
2026-09-28 09:25:00,1213.3,1214.1,1212.0,1213.8,366641
2026-09-28 09:30:00,1213.8,1215.7,1213.1,1214.7,388889
2026-09-28 09:35:00,1214.9,1214.9,1208.2,1209.2,499138
2026-09-28 09:40:00,1209.2,1210.0,1209.0,1209.5,205675
2026-09-28 09:45:00,1209.5,1210.5,1208.8,1209.1,207501
2026-09-28 09:50:00,1209.0,1210.1,1208.7,1209.8,171695
2026-09-28 09:55:00,1209.8,1210.4,1208.9,1210.2,174530
2026-09-28 10:00:00,1210.2,1210.5,1209.3,1209.5,159407
2026-09-28 10:05:00,1209.5,1209.9,1208.8,1208.8,121134
2026-09-28 10:10:00,1208.8,1211.4,1208.7,1210.6,118832
2026-09-28 10:15:00,1210.6,1210.6,1209.0,1210.5,122547
2026-09-28 10:20:00,1210.6,1210.8,1209.0,1209.6,167574
2026-09-28 10:25:00,1209.7,1209.9,1209.0,1209.7,108615
2026-09-28 10:30:00,1209.6,1210.6,1209.5,1209.7,167897
2026-09-28 10:35:00,1209.5,1210.0,1207.3,1207.8,177890
2026-09-28 10:40:00,1208.0,1208.5,1206.5,1207.5,211706
2026-09-28 10:45:00,1207.3,1208.0,1207.1,1207.4,94726
2026-09-28 10:50:00,1207.3,1208.0,1207.1,1207.9,146468
2026-09-28 10:55:00,1207.9,1208.8,1207.9,1208.8,98149
2026-09-28 11:00:00,1208.8,1208.9,1207.8,1208.0,87475
2026-09-28 11:05:00,1208.0,1208.9,1207.8,1208.6,145312
2026-09-28 11:10:00,1208.6,1208.6,1207.3,1207.5,97550
2026-09-28 11:15:00,1207.4,1207.5,1205.4,1206.0,168333
2026-09-28 11:20:00,1206.0,1206.8,1205.9,1206.7,88963
2026-09-28 11:25:00,1206.7,1208.2,1206.6,1208.2,125862
2026-09-28 11:30:00,1208.2,1209.2,1208.0,1208.1,144752
2026-09-28 11:35:00,1208.1,1209.4,1208.0,1209.0,167171
2026-09-28 11:40:00,1208.8,1209.4,1208.2,1208.3,107608
2026-09-28 11:45:00,1208.3,1209.0,1207.8,1208.0,135747
2026-09-28 11:50:00,1208.1,1208.2,1207.1,1207.5,91345
2026-09-28 11:55:00,1207.5,1207.6,1206.0,1206.8,151277
2026-09-28 12:00:00,1206.7,1207.5,1206.2,1206.9,174833
2026-09-28 12:05:00,1206.8,1208.5,1206.8,1208.4,152352
2026-09-28 12:10:00,1208.4,1208.5,1207.4,1208.2,121198
2026-09-28 12:15:00,1208.1,1208.2,1207.6,1208.1,82617
2026-09-28 12:20:00,1208.0,1208.2,1207.8,1208.1,83291
2026-09-28 12:25:00,1208.1,1208.2,1207.3,1208.1,157246
2026-09-28 12:30:00,1208.1,1208.2,1207.0,1207.0,190224
2026-09-28 12:35:00,1207.1,1207.2,1207.0,1207.1,55959
2026-09-28 12:40:00,1207.0,1208.1,1207.0,1208.0,123899
2026-09-28 12:45:00,1208.1,1208.1,1206.9,1207.1,149414
2026-09-28 12:50:00,1207.1,1207.3,1205.6,1206.0,110601
2026-09-28 12:55:00,1206.0,1206.2,1205.0,1205.7,149000
2026-09-28 13:00:00,1205.7,1205.7,1204.9,1204.9,132212
2026-09-28 13:05:00,1205.1,1205.1,1204.1,1204.6,109455
2026-09-28 13:10:00,1204.6,1205.9,1204.5,1205.2,121237
2026-09-28 13:15:00,1205.2,1205.2,1202.4,1204.3,288118
2026-09-28 13:20:00,1204.3,1204.4,1203.7,1204.3,147190
2026-09-28 13:25:00,1204.3,1205.4,1204.2,1205.2,144885
2026-09-28 13:30:00,1205.1,1205.4,1204.2,1205.1,129713
2026-09-28 13:35:00,1205.1,1205.3,1205.0,1205.1,69193
2026-09-28 13:40:00,1205.4,1205.4,1204.2,1204.3,128236
2026-09-28 13:45:00,1204.3,1204.3,1203.6,1203.9,69288
2026-09-28 13:50:00,1203.9,1204.3,1202.4,1202.5,408003
2026-09-28 13:55:00,1202.5,1203.3,1202.3,1203.0,115836
2026-09-28 14:00:00,1203.0,1203.0,1202.0,1202.5,115257
2026-09-28 14:05:00,1202.4,1202.5,1201.8,1202.1,114253
2026-09-28 14:10:00,1202.2,1202.9,1201.7,1201.8,145970
2026-09-28 14:15:00,1201.8,1202.0,1200.0,1200.3,352432
2026-09-28 14:20:00,1200.4,1201.2,1200.0,1200.3,224529
2026-09-28 14:25:00,1200.2,1200.6,1199.0,1199.2,125494
2026-09-28 14:30:00,1199.2,1200.1,1198.4,1198.7,152752
2026-09-28 14:35:00,1198.7,1198.8,1198.0,1198.3,177364
2026-09-28 14:40:00,1198.3,1199.0,1198.0,1198.9,199322
2026-09-28 14:45:00,1198.9,1199.1,1198.0,1199.0,208311
2026-09-28 14:50:00,1199.1,1199.6,1198.4,1198.8,284745
2026-09-28 14:55:00,1199.0,1199.1,1198.5,1198.8,203149
2026-09-28 15:00:00,1198.6,1198.9,1198.0,1198.6,328114
2026-09-28 15:05:00,1198.5,1198.8,1197.0,1197.8,483298
2026-09-28 15:10:00,1197.9,1199.5,1197.6,1198.9,485018
2026-09-28 15:15:00,1198.9,1198.9,1198.9,1198.9,101
2026-09-28 15:20:00,1198.9,1198.9,1198.9,1198.9,0
2026-09-28 15:25:00,1198.9,1198.9,1197.6,1197.6,479548
2026-09-29 09:15:00,1193.8,1198.3,1192.4,1194.5,561855
2026-09-29 09:20:00,1194.8,1195.9,1193.5,1194.1,246405
2026-09-29 09:25:00,1194.2,1194.3,1190.0,1190.1,279505
2026-09-29 09:30:00,1190.4,1190.8,1187.3,1187.6,429395
2026-09-29 09:35:00,1187.8,1187.8,1181.8,1183.9,732151
2026-09-29 09:40:00,1184.0,1187.5,1183.4,1186.7,549990
2026-09-29 09:45:00,1186.7,1187.9,1185.5,1185.6,325526
2026-09-29 09:50:00,1186.1,1187.2,1185.1,1187.2,297272
2026-09-29 09:55:00,1187.1,1187.4,1185.6,1186.1,192645
2026-09-29 10:00:00,1186.2,1186.5,1183.5,1184.7,178010
2026-09-29 10:05:00,1184.7,1186.1,1184.5,1185.8,215482
2026-09-29 10:10:00,1185.8,1185.9,1184.0,1185.3,147842
2026-09-29 10:15:00,1185.3,1187.0,1185.1,1186.8,319906
2026-09-29 10:20:00,1186.8,1187.0,1185.3,1186.2,181095
2026-09-29 10:25:00,1186.2,1187.8,1186.2,1187.4,240698
2026-09-29 10:30:00,1187.3,1187.5,1185.6,1186.8,129994
2026-09-29 10:35:00,1186.8,1187.0,1185.5,1186.7,116033
2026-09-29 10:40:00,1186.7,1189.5,1186.5,1189.0,202892
2026-09-29 10:45:00,1189.0,1189.0,1188.4,1188.7,97339
2026-09-29 10:50:00,1188.8,1190.3,1188.6,1189.9,136806
2026-09-29 10:55:00,1189.9,1191.7,1189.7,1190.1,178867
2026-09-29 11:00:00,1190.2,1190.8,1187.6,1188.0,229814
2026-09-29 11:05:00,1188.0,1189.3,1187.2,1189.0,182692
2026-09-29 11:10:00,1189.0,1192.8,1188.5,1191.9,352286
2026-09-29 11:15:00,1191.7,1192.2,1190.1,1191.3,208259
2026-09-29 11:20:00,1191.3,1192.5,1191.1,1191.5,215775
2026-09-29 11:25:00,1191.3,1194.2,1191.2,1194.0,213771
2026-09-29 11:30:00,1194.2,1195.8,1193.5,1195.1,304400
2026-09-29 11:35:00,1195.1,1195.1,1193.1,1193.8,186178
2026-09-29 11:40:00,1193.8,1195.9,1193.1,1193.4,179563
2026-09-29 11:45:00,1193.0,1194.8,1192.9,1194.5,146579
2026-09-29 11:50:00,1194.5,1194.7,1193.1,1193.7,118283
2026-09-29 11:55:00,1193.7,1195.0,1193.4,1194.5,183231
2026-09-29 12:00:00,1194.7,1195.8,1194.0,1195.3,163903
2026-09-29 12:05:00,1195.2,1196.2,1195.0,1195.6,283220
2026-09-29 12:10:00,1195.6,1196.4,1195.6,1196.0,156298
2026-09-29 12:15:00,1196.0,1196.2,1194.5,1195.7,160028
2026-09-29 12:20:00,1195.5,1196.4,1195.2,1195.6,139253
2026-09-29 12:25:00,1195.4,1196.1,1192.3,1192.9,232822
2026-09-29 12:30:00,1192.9,1192.9,1190.3,1191.8,269702
2026-09-29 12:35:00,1191.8,1193.1,1191.7,1193.1,107609
2026-09-29 12:40:00,1193.0,1193.4,1192.1,1192.7,98236
2026-09-29 12:45:00,1192.7,1192.7,1190.0,1190.6,180788
2026-09-29 12:50:00,1190.3,1192.0,1190.2,1191.4,193508
2026-09-29 12:55:00,1191.2,1193.1,1190.8,1192.8,138143
2026-09-29 13:00:00,1193.0,1194.4,1192.8,1193.3,133321
2026-09-29 13:05:00,1193.3,1194.5,1192.1,1194.3,192846
2026-09-29 13:10:00,1194.0,1194.1,1192.3,1192.6,168721
2026-09-29 13:15:00,1192.9,1193.3,1190.2,1190.5,187418
2026-09-29 13:20:00,1190.2,1190.5,1188.5,1189.0,246861
2026-09-29 13:25:00,1189.0,1189.5,1188.6,1188.9,126228
2026-09-29 13:30:00,1188.9,1190.0,1188.6,1189.6,124239
2026-09-29 13:35:00,1189.6,1190.1,1187.8,1188.7,184281
2026-09-29 13:40:00,1188.9,1189.5,1188.1,1188.6,103315
2026-09-29 13:45:00,1188.5,1189.4,1188.4,1189.2,107195
2026-09-29 13:50:00,1189.3,1189.8,1188.8,1189.0,115833
2026-09-29 13:55:00,1189.0,1189.4,1188.3,1188.9,121138
2026-09-29 14:00:00,1188.9,1190.0,1187.6,1189.4,184128
2026-09-29 14:05:00,1189.4,1190.7,1189.2,1190.0,167521
2026-09-29 14:10:00,1190.1,1191.5,1189.7,1191.1,233868
2026-09-29 14:15:00,1190.8,1192.7,1190.5,1191.3,205839
2026-09-29 14:20:00,1191.2,1191.5,1189.5,1190.0,130945
2026-09-29 14:25:00,1189.7,1190.5,1188.9,1189.7,145670
2026-09-29 14:30:00,1189.6,1192.0,1188.6,1189.2,202204
2026-09-29 14:35:00,1189.1,1190.3,1188.9,1190.2,128355
2026-09-29 14:40:00,1189.9,1190.2,1188.7,1189.2,135792
2026-09-29 14:45:00,1189.2,1189.9,1188.8,1189.2,173202
2026-09-29 14:50:00,1189.3,1190.0,1188.6,1188.9,251015
2026-09-29 14:55:00,1189.0,1189.4,1186.6,1187.0,355275
2026-09-29 15:00:00,1187.0,1187.9,1186.1,1186.6,404749
2026-09-29 15:05:00,1186.5,1188.7,1186.5,1188.6,493534
2026-09-29 15:10:00,1188.7,1189.8,1187.0,1187.4,527129
2026-09-29 15:15:00,1188.0,1188.0,1188.0,1188.0,5408
2026-09-29 15:20:00,1188.0,1188.0,1188.0,1188.0,0
2026-09-29 15:25:00,1188.0,1188.0,1182.0,1182.0,7893009
2026-09-30 09:15:00,1182.0,1190.6,1181.7,1190.1,889357
2026-09-30 09:20:00,1190.0,1194.0,1189.6,1194.0,389501
2026-09-30 09:25:00,1194.4,1196.5,1192.5,1192.8,411364
2026-09-30 09:30:00,1192.5,1192.8,1191.0,1191.9,213170
2026-09-30 09:35:00,1192.2,1193.5,1191.4,1192.8,188507
2026-09-30 09:40:00,1192.8,1193.3,1192.3,1192.9,131085
2026-09-30 09:45:00,1192.9,1193.9,1190.7,1190.7,198471
2026-09-30 09:50:00,1191.1,1192.0,1189.6,1191.8,156369
2026-09-30 09:55:00,1191.8,1192.3,1190.6,1191.3,158063
2026-09-30 10:00:00,1191.1,1191.4,1190.0,1190.4,114694
2026-09-30 10:05:00,1190.4,1192.2,1190.3,1190.7,109603
2026-09-30 10:10:00,1190.8,1192.0,1190.7,1192.0,90725
2026-09-30 10:15:00,1192.0,1192.9,1191.4,1192.9,124735
2026-09-30 10:20:00,1192.8,1193.8,1192.1,1192.5,160965
2026-09-30 10:25:00,1192.4,1193.9,1192.4,1193.6,143712
2026-09-30 10:30:00,1193.6,1193.6,1190.0,1190.5,171361
2026-09-30 10:35:00,1190.6,1192.7,1190.3,1192.4,177260
2026-09-30 10:40:00,1192.6,1193.5,1191.3,1191.7,172124
2026-09-30 10:45:00,1191.6,1191.8,1190.3,1191.4,157748
2026-09-30 10:50:00,1191.4,1191.4,1190.5,1190.6,84429
2026-09-30 10:55:00,1190.7,1191.2,1188.4,1188.5,163240
2026-09-30 11:00:00,1188.4,1190.7,1188.3,1190.1,114233
2026-09-30 11:05:00,1190.2,1191.4,1189.6,1190.1,137403
2026-09-30 11:10:00,1190.0,1190.3,1189.0,1189.1,78662
2026-09-30 11:15:00,1189.2,1189.7,1188.2,1189.2,120187
2026-09-30 11:20:00,1188.9,1189.5,1188.8,1189.2,92019
2026-09-30 11:25:00,1189.3,1192.7,1189.1,1191.6,240112
2026-09-30 11:30:00,1191.7,1191.7,1190.1,1191.2,66620
2026-09-30 11:35:00,1191.2,1191.6,1190.1,1190.3,76780
2026-09-30 11:40:00,1190.3,1192.5,1190.0,1192.0,105188
2026-09-30 11:45:00,1192.0,1194.1,1191.9,1193.6,89472
2026-09-30 11:50:00,1193.6,1193.9,1191.7,1191.9,105940
2026-09-30 11:55:00,1191.8,1193.5,1191.8,1192.9,132877
2026-09-30 12:00:00,1192.9,1194.4,1192.5,1192.6,198105
2026-09-30 12:05:00,1192.5,1192.8,1191.3,1192.5,73243
2026-09-30 12:10:00,1192.5,1192.7,1190.5,1190.8,209401
2026-09-30 12:15:00,1190.9,1191.2,1189.6,1190.2,174569
2026-09-30 12:20:00,1190.1,1192.5,1190.1,1191.6,83372
2026-09-30 12:25:00,1191.7,1192.7,1191.5,1191.9,58801
2026-09-30 12:30:00,1192.0,1192.1,1191.6,1191.7,66511
2026-09-30 12:35:00,1191.7,1193.4,1191.7,1192.1,67727
2026-09-30 12:40:00,1192.1,1192.7,1191.9,1192.1,49613
2026-09-30 12:45:00,1192.0,1194.8,1192.0,1193.8,135589
2026-09-30 12:50:00,1193.8,1193.8,1192.3,1192.3,73253
2026-09-30 12:55:00,1192.3,1193.1,1191.5,1192.5,84243
2026-09-30 13:00:00,1192.6,1193.5,1192.2,1192.5,149134
2026-09-30 13:05:00,1192.5,1193.5,1192.4,1193.2,169612
2026-09-30 13:10:00,1193.3,1194.0,1193.0,1193.1,148574
2026-09-30 13:15:00,1193.1,1194.4,1193.1,1194.1,90385
2026-09-30 13:20:00,1194.2,1194.4,1193.5,1194.0,84863
2026-09-30 13:25:00,1193.9,1194.0,1192.5,1193.2,139302
2026-09-30 13:30:00,1193.2,1193.9,1192.9,1193.5,80585
2026-09-30 13:35:00,1193.5,1193.5,1192.5,1192.7,83131
2026-09-30 13:40:00,1192.5,1193.3,1190.0,1190.0,183326
2026-09-30 13:45:00,1190.0,1190.2,1187.8,1188.1,212754
2026-09-30 13:50:00,1188.2,1190.0,1188.1,1189.8,117156
2026-09-30 13:55:00,1189.8,1191.5,1189.7,1190.8,147334
2026-09-30 14:00:00,1190.8,1190.9,1190.0,1190.9,76265
2026-09-30 14:05:00,1190.9,1190.9,1189.4,1189.4,94315
2026-09-30 14:10:00,1189.4,1189.6,1188.5,1188.5,78752
2026-09-30 14:15:00,1188.6,1189.1,1188.2,1188.9,93963
2026-09-30 14:20:00,1188.7,1188.7,1186.4,1187.8,398280
2026-09-30 14:25:00,1187.7,1188.1,1185.8,1186.8,201560
2026-09-30 14:30:00,1186.9,1187.1,1185.5,1186.7,182304
2026-09-30 14:35:00,1186.8,1186.8,1184.6,1184.9,190025
2026-09-30 14:40:00,1184.9,1185.6,1183.1,1184.0,213405
2026-09-30 14:45:00,1184.0,1187.5,1183.8,1187.0,395847
2026-09-30 14:50:00,1187.1,1188.6,1186.1,1187.9,933374
2026-09-30 14:55:00,1187.9,1188.5,1186.5,1188.3,555954
2026-09-30 15:00:00,1188.3,1190.6,1188.1,1189.9,710871
2026-09-30 15:05:00,1189.8,1189.9,1188.1,1188.7,917879
2026-09-30 15:10:00,1188.8,1189.2,1185.0,1185.5,885478
2026-09-30 15:15:00,1185.7,1185.7,1185.7,1185.7,1981
2026-09-30 15:20:00,1185.7,1185.7,1185.7,1185.7,0
2026-09-30 15:25:00,1185.7,1187.0,1185.7,1187.0,1379202
2026-10-01 09:15:00,1180.1,1182.5,1177.0,1180.2,653284
2026-10-01 09:20:00,1180.2,1180.5,1177.8,1178.8,342956
2026-10-01 09:25:00,1178.8,1181.6,1178.6,1181.2,227064
2026-10-01 09:30:00,1181.2,1182.0,1180.3,1180.4,226292
2026-10-01 09:35:00,1180.4,1181.8,1179.6,1181.7,167734
2026-10-01 09:40:00,1181.8,1183.0,1181.2,1182.0,227761
2026-10-01 09:45:00,1181.9,1182.7,1180.9,1182.7,172475
2026-10-01 09:50:00,1182.6,1182.7,1180.6,1180.9,136098
2026-10-01 09:55:00,1180.7,1182.0,1180.2,1182.0,134787
2026-10-01 10:00:00,1182.0,1183.0,1182.0,1182.7,177407
2026-10-01 10:05:00,1182.8,1183.0,1180.3,1180.8,171291
2026-10-01 10:10:00,1180.8,1181.1,1179.2,1179.6,195362
2026-10-01 10:15:00,1179.5,1181.0,1178.9,1178.9,163117
2026-10-01 10:20:00,1178.7,1179.7,1178.3,1179.2,183639
2026-10-01 10:25:00,1179.4,1180.8,1178.5,1180.8,220349
2026-10-01 10:30:00,1180.8,1182.7,1179.7,1181.9,248578
2026-10-01 10:35:00,1181.8,1182.7,1180.5,1181.4,170743
2026-10-01 10:40:00,1181.4,1182.4,1181.0,1182.1,167517
2026-10-01 10:45:00,1182.0,1182.0,1180.7,1181.2,105132
2026-10-01 10:50:00,1181.3,1183.9,1181.1,1181.3,380875
2026-10-01 10:55:00,1181.3,1181.8,1180.0,1181.0,193554
2026-10-01 11:00:00,1181.1,1181.1,1178.6,1179.2,158436
2026-10-01 11:05:00,1179.0,1179.2,1176.4,1176.4,265114
2026-10-01 11:10:00,1176.8,1177.5,1176.2,1177.0,179214
2026-10-01 11:15:00,1177.0,1177.1,1176.4,1176.6,125169
2026-10-01 11:20:00,1176.7,1176.8,1175.2,1175.4,166350
2026-10-01 11:25:00,1175.6,1175.8,1174.4,1175.8,246716
2026-10-01 11:30:00,1175.7,1175.9,1174.3,1175.2,152999
2026-10-01 11:35:00,1175.2,1176.3,1174.5,1174.8,121605
2026-10-01 11:40:00,1175.1,1176.3,1174.6,1175.5,162641
2026-10-01 11:45:00,1175.6,1175.6,1174.9,1175.0,108710
2026-10-01 11:50:00,1175.0,1175.3,1174.5,1174.7,120822
2026-10-01 11:55:00,1174.6,1175.5,1174.4,1175.3,118221
2026-10-01 12:00:00,1175.3,1175.9,1174.3,1174.6,179525
2026-10-01 12:05:00,1174.6,1176.3,1174.1,1176.2,229570
2026-10-01 12:10:00,1176.2,1177.3,1174.8,1175.8,105089
2026-10-01 12:15:00,1175.8,1176.5,1175.0,1175.1,66254
2026-10-01 12:20:00,1175.0,1175.3,1172.8,1173.9,182988
2026-10-01 12:25:00,1173.9,1174.0,1170.7,1171.8,229688
2026-10-01 12:30:00,1171.8,1173.0,1170.9,1172.9,130412
2026-10-01 12:35:00,1172.9,1173.4,1172.0,1173.1,217257
2026-10-01 12:40:00,1173.1,1173.8,1172.2,1172.2,128084
2026-10-01 12:45:00,1172.1,1172.1,1169.5,1171.0,332210
2026-10-01 12:50:00,1171.0,1171.0,1169.4,1170.0,118615
2026-10-01 12:55:00,1170.1,1170.1,1166.6,1168.5,303010
2026-10-01 13:00:00,1168.4,1170.8,1168.2,1170.3,365519
2026-10-01 13:05:00,1170.3,1170.6,1168.9,1170.6,115005
2026-10-01 13:10:00,1170.5,1170.8,1169.8,1170.1,111291
2026-10-01 13:15:00,1170.1,1170.1,1167.6,1168.3,107758
2026-10-01 13:20:00,1168.3,1169.2,1168.1,1168.6,66651
2026-10-01 13:25:00,1168.6,1169.7,1168.3,1168.4,175309
2026-10-01 13:30:00,1168.4,1170.4,1168.1,1169.7,122797
2026-10-01 13:35:00,1169.7,1170.5,1168.7,1169.2,191649
2026-10-01 13:40:00,1169.3,1170.0,1165.3,1166.8,197757
2026-10-01 13:45:00,1166.6,1167.3,1165.5,1165.8,95266
2026-10-01 13:50:00,1165.8,1166.7,1165.1,1166.3,114608
2026-10-01 13:55:00,1166.2,1166.4,1162.7,1163.1,411300
2026-10-01 14:00:00,1163.1,1163.1,1160.8,1162.0,245821
2026-10-01 14:05:00,1162.0,1165.7,1161.9,1165.0,279013
2026-10-01 14:10:00,1165.0,1166.4,1164.5,1165.9,103637
2026-10-01 14:15:00,1165.7,1165.9,1163.9,1163.9,185637
2026-10-01 14:20:00,1164.0,1164.6,1163.5,1163.8,83714
2026-10-01 14:25:00,1163.5,1166.9,1163.5,1166.9,174847
2026-10-01 14:30:00,1166.8,1169.2,1166.7,1168.5,194419
2026-10-01 14:35:00,1168.2,1169.2,1167.0,1167.8,297559
2026-10-01 14:40:00,1167.6,1168.0,1166.5,1167.4,174499
2026-10-01 14:45:00,1167.3,1168.0,1166.7,1166.9,221222
2026-10-01 14:50:00,1167.0,1168.8,1166.9,1168.5,281959
2026-10-01 14:55:00,1168.4,1168.6,1167.0,1167.1,314963
2026-10-01 15:00:00,1167.1,1168.0,1166.3,1167.3,444230
2026-10-01 15:05:00,1167.3,1171.4,1167.0,1171.2,841325
2026-10-01 15:10:00,1171.3,1172.6,1168.7,1170.4,582114
2026-10-01 15:15:00,1170.4,1170.4,1170.4,1170.4,125
2026-10-01 15:20:00,1170.4,1170.4,1170.4,1170.4,0
2026-10-01 15:25:00,1170.4,1170.4,1167.7,1167.7,1101100
2026-10-05 09:15:00,1171.2,1178.9,1171.2,1178.9,1028663
2026-10-05 09:20:00,1179.0,1179.3,1176.0,1177.0,378616
2026-10-05 09:25:00,1177.0,1180.0,1176.5,1180.0,313709
2026-10-05 09:30:00,1180.0,1181.3,1179.6,1180.4,292637
2026-10-05 09:35:00,1180.4,1180.7,1179.4,1180.1,210549
2026-10-05 09:40:00,1180.1,1182.0,1179.9,1181.2,441281
2026-10-05 09:45:00,1181.2,1183.7,1181.2,1182.8,317889
2026-10-05 09:50:00,1182.7,1183.3,1180.4,1180.7,234815
2026-10-05 09:55:00,1180.8,1182.0,1177.4,1178.4,244700
2026-10-05 10:00:00,1178.5,1179.0,1174.9,1175.6,312990
2026-10-05 10:05:00,1175.5,1177.3,1174.4,1177.3,298341
2026-10-05 10:10:00,1177.3,1178.6,1176.5,1177.0,190034
2026-10-05 10:15:00,1177.2,1178.6,1176.0,1177.8,119584
2026-10-05 10:20:00,1177.8,1178.4,1176.8,1176.8,60731
2026-10-05 10:25:00,1176.8,1180.1,1176.0,1179.2,257983
2026-10-05 10:30:00,1179.1,1179.5,1178.5,1179.3,66647
2026-10-05 10:35:00,1179.3,1179.3,1175.0,1175.3,262955
2026-10-05 10:40:00,1175.2,1176.6,1174.8,1176.0,123301
2026-10-05 10:45:00,1176.1,1176.4,1175.1,1176.1,81641
2026-10-05 10:50:00,1176.2,1181.3,1175.6,1180.7,241904
2026-10-05 10:55:00,1180.5,1185.9,1179.3,1185.3,618255
2026-10-05 11:00:00,1185.3,1186.0,1182.9,1183.3,286803
2026-10-05 11:05:00,1182.9,1183.8,1182.4,1183.4,122088
2026-10-05 11:10:00,1183.7,1184.0,1182.5,1182.6,95841
2026-10-05 11:15:00,1182.5,1182.6,1180.6,1180.8,184283
2026-10-05 11:20:00,1180.8,1181.5,1177.9,1179.2,424635
2026-10-05 11:25:00,1179.2,1180.0,1179.1,1179.6,102258
2026-10-05 11:30:00,1179.5,1182.0,1179.4,1181.3,231355
2026-10-05 11:35:00,1181.3,1181.3,1178.5,1178.9,252918
2026-10-05 11:40:00,1178.9,1179.1,1177.3,1177.3,173071
2026-10-05 11:45:00,1177.6,1179.1,1177.2,1177.9,90291
2026-10-05 11:50:00,1177.9,1178.8,1176.7,1177.9,149902
2026-10-05 11:55:00,1177.9,1179.0,1176.4,1176.6,69010
2026-10-05 12:00:00,1176.5,1178.3,1176.0,1178.0,87581
2026-10-05 12:05:00,1178.2,1178.3,1176.5,1177.1,71384
2026-10-05 12:10:00,1177.1,1177.7,1176.0,1177.0,67519
2026-10-05 12:15:00,1177.3,1177.4,1175.5,1176.8,90458
2026-10-05 12:20:00,1176.8,1177.6,1175.9,1176.4,89888
2026-10-05 12:25:00,1176.4,1178.3,1176.3,1177.8,72395
2026-10-05 12:30:00,1177.8,1178.0,1176.5,1176.7,51001
2026-10-05 12:35:00,1176.7,1177.0,1175.7,1176.7,128643
2026-10-05 12:40:00,1176.7,1177.5,1176.5,1177.0,51410
2026-10-05 12:45:00,1177.0,1178.8,1176.9,1178.8,96438
2026-10-05 12:50:00,1179.0,1180.5,1178.3,1179.2,110509
2026-10-05 12:55:00,1179.3,1180.5,1178.8,1179.7,104137
2026-10-05 13:00:00,1179.7,1180.5,1179.2,1179.7,79268
2026-10-05 13:05:00,1179.7,1181.9,1179.6,1181.8,96763
2026-10-05 13:10:00,1181.5,1185.5,1181.5,1185.5,216976
2026-10-05 13:15:00,1185.3,1189.4,1185.3,1187.5,222614
2026-10-05 13:20:00,1187.7,1188.3,1186.0,1186.1,103053
2026-10-05 13:25:00,1186.1,1186.7,1185.1,1186.4,98187
2026-10-05 13:30:00,1186.4,1186.5,1184.9,1185.4,89191
2026-10-05 13:35:00,1185.8,1188.8,1185.5,1188.5,137393
2026-10-05 13:40:00,1188.1,1191.4,1188.0,1189.3,253582
2026-10-05 13:45:00,1189.2,1189.3,1186.4,1187.2,101689
2026-10-05 13:50:00,1187.2,1188.9,1186.8,1188.0,79890
2026-10-05 13:55:00,1188.0,1188.5,1186.6,1187.1,99333
2026-10-05 14:00:00,1187.1,1187.8,1184.0,1184.9,112404
2026-10-05 14:05:00,1184.9,1186.0,1183.7,1185.4,125345
2026-10-05 14:10:00,1185.4,1189.8,1185.0,1188.8,119117
2026-10-05 14:15:00,1188.8,1189.3,1187.0,1189.2,79224
2026-10-05 14:20:00,1189.1,1189.5,1188.0,1188.3,74828
2026-10-05 14:25:00,1188.2,1189.8,1188.2,1189.3,71634
2026-10-05 14:30:00,1189.5,1189.8,1189.0,1189.3,70835
2026-10-05 14:35:00,1189.3,1191.0,1189.3,1190.0,117171
2026-10-05 14:40:00,1190.1,1192.7,1189.4,1190.8,301668
2026-10-05 14:45:00,1190.8,1193.0,1190.4,1191.7,290265
2026-10-05 14:50:00,1191.7,1192.5,1191.1,1191.8,161473
2026-10-05 14:55:00,1191.8,1191.8,1189.3,1189.7,272974
2026-10-05 15:00:00,1189.7,1189.8,1188.0,1188.6,183367
2026-10-05 15:05:00,1188.6,1188.9,1187.6,1187.9,151560
2026-10-05 15:10:00,1187.9,1189.6,1187.8,1188.7,254050
2026-10-05 15:15:00,1188.8,1188.8,1188.8,1188.8,147
2026-10-05 15:20:00,1188.8,1188.8,1188.8,1188.8,0
2026-10-05 15:25:00,1188.8,1188.8,1186.4,1186.4,633356
