datetime,open,high,low,close,volume
2026-06-08 09:15:00,966.0,973.95,965.15,973.85,444642
2026-06-08 09:20:00,973.9,977.35,971.15,975.45,318641
2026-06-08 09:25:00,975.25,982.7,974.7,981.7,342721
2026-06-08 09:30:00,981.7,986.85,981.45,986.8,446688
2026-06-08 09:35:00,986.75,986.8,983.2,985.5,238412
2026-06-08 09:40:00,985.45,986.35,983.4,984.0,210144
2026-06-08 09:45:00,984.3,985.9,982.9,985.1,281897
2026-06-08 09:50:00,985.15,985.6,984.05,984.85,212035
2026-06-08 09:55:00,984.9,988.65,984.65,986.6,483614
2026-06-08 10:00:00,986.6,986.8,983.15,983.45,160320
2026-06-08 10:05:00,983.3,983.35,980.25,981.65,268063
2026-06-08 10:10:00,981.65,982.7,980.85,980.9,97832
2026-06-08 10:15:00,980.8,982.35,980.35,981.7,241804
2026-06-08 10:20:00,981.7,982.2,980.6,981.0,89509
2026-06-08 10:25:00,981.05,981.1,979.0,979.6,180336
2026-06-08 10:30:00,979.6,981.75,979.55,981.2,193782
2026-06-08 10:35:00,981.2,981.75,980.9,981.45,91707
2026-06-08 10:40:00,981.5,983.0,978.35,978.7,120708
2026-06-08 10:45:00,978.7,980.0,977.9,979.75,216395
2026-06-08 10:50:00,979.75,980.0,978.6,978.9,136045
2026-06-08 10:55:00,978.85,980.7,978.7,980.5,108040
2026-06-08 11:00:00,980.5,980.95,979.35,980.5,72900
2026-06-08 11:05:00,980.5,980.55,979.45,980.05,64607
2026-06-08 11:10:00,980.05,980.7,979.5,980.05,61711
2026-06-08 11:15:00,980.0,980.25,977.8,978.0,125277
2026-06-08 11:20:00,978.0,979.5,977.2,978.4,137137
2026-06-08 11:25:00,978.45,978.75,976.5,977.05,242881
2026-06-08 11:30:00,977.1,978.5,976.7,977.2,126085
2026-06-08 11:35:00,977.2,978.85,977.15,978.3,66486
2026-06-08 11:40:00,978.05,979.8,978.05,979.15,51032
2026-06-08 11:45:00,979.15,980.3,978.7,979.95,100450
2026-06-08 11:50:00,980.0,980.3,979.3,979.8,62241
2026-06-08 11:55:00,979.8,980.6,979.45,980.1,71638
2026-06-08 12:00:00,980.0,980.5,978.7,980.05,77230
2026-06-08 12:05:00,980.05,980.7,979.6,980.1,114731
2026-06-08 12:10:00,980.1,981.95,980.05,981.7,124380
2026-06-08 12:15:00,981.7,982.55,981.4,982.5,130626
2026-06-08 12:20:00,982.5,985.0,982.3,984.5,212545
2026-06-08 12:25:00,984.5,984.5,982.25,982.4,89719
2026-06-08 12:30:00,982.4,983.95,982.15,983.55,112778
2026-06-08 12:35:00,983.55,984.4,982.65,982.8,85155
2026-06-08 12:40:00,982.85,984.0,982.45,983.6,72654
2026-06-08 12:45:00,983.55,983.6,982.35,982.65,75088
2026-06-08 12:50:00,982.55,984.0,982.2,982.85,100898
2026-06-08 12:55:00,982.85,983.15,981.6,982.0,121588
2026-06-08 13:00:00,982.0,982.85,980.95,981.55,137394
2026-06-08 13:05:00,981.55,981.9,980.6,981.6,82893
2026-06-08 13:10:00,981.6,983.1,981.3,982.35,155092
2026-06-08 13:15:00,982.35,982.35,981.15,981.15,56700
2026-06-08 13:20:00,981.2,983.35,981.0,983.1,85054
2026-06-08 13:25:00,983.1,983.7,982.0,983.7,124354
2026-06-08 13:30:00,983.55,984.15,982.35,982.8,140733
2026-06-08 13:35:00,982.8,982.95,981.65,982.95,108799
2026-06-08 13:40:00,982.55,982.95,980.15,980.7,152606
2026-06-08 13:45:00,980.65,981.0,978.65,979.95,319092
2026-06-08 13:50:00,979.9,980.8,979.65,980.3,92046
2026-06-08 13:55:00,980.1,981.5,979.7,981.45,128077
2026-06-08 14:00:00,981.5,983.25,980.05,983.25,260578
2026-06-08 14:05:00,983.25,983.55,981.2,981.55,125085
2026-06-08 14:10:00,981.45,982.1,980.5,980.7,158447
2026-06-08 14:15:00,980.7,982.25,979.6,981.9,228870
2026-06-08 14:20:00,981.9,981.9,980.3,980.5,72095
2026-06-08 14:25:00,980.5,981.0,980.0,980.4,90843
2026-06-08 14:30:00,980.4,981.75,980.2,980.95,82040
2026-06-08 14:35:00,980.95,981.9,980.5,981.25,85530
2026-06-08 14:40:00,981.25,983.5,980.9,983.5,158398
2026-06-08 14:45:00,983.45,985.35,982.15,985.35,630344
2026-06-08 14:50:00,985.35,985.45,983.65,984.45,247560
2026-06-08 14:55:00,984.45,984.5,982.1,983.45,163404
2026-06-08 15:00:00,983.55,983.8,980.8,981.25,206357
2026-06-08 15:05:00,981.25,983.25,980.65,982.75,212642
2026-06-08 15:10:00,982.75,983.7,982.35,983.2,174247
2026-06-08 15:15:00,983.4,983.5,982.5,983.3,277074
2026-06-08 15:20:00,983.2,983.5,980.25,980.4,342573
2026-06-08 15:25:00,980.8,980.8,979.0,980.0,301876
2026-06-09 09:15:00,985.0,987.9,983.0,987.5,621770
2026-06-09 09:20:00,987.5,990.0,987.4,989.5,392900
2026-06-09 09:25:00,989.1,989.6,987.1,987.25,206924
2026-06-09 09:30:00,987.45,988.3,986.3,986.8,217693
2026-06-09 09:35:00,986.8,988.65,986.55,987.2,147020
2026-06-09 09:40:00,987.1,988.3,986.5,987.65,102791
2026-06-09 09:45:00,987.65,987.8,985.5,986.0,148902
2026-06-09 09:50:00,986.1,989.0,985.95,988.2,329993
2026-06-09 09:55:00,988.3,988.45,986.0,986.55,162483
2026-06-09 10:00:00,986.6,986.7,985.3,985.6,74638
2026-06-09 10:05:00,985.6,986.4,985.1,986.15,105287
2026-06-09 10:10:00,986.2,986.9,985.05,986.5,110660
2026-06-09 10:15:00,986.5,988.75,986.3,988.1,291855
2026-06-09 10:20:00,988.25,990.5,987.2,987.6,464038
2026-06-09 10:25:00,987.65,988.7,987.2,987.4,237789
2026-06-09 10:30:00,987.4,988.8,987.3,988.1,129269
2026-06-09 10:35:00,988.2,988.3,987.8,987.95,342573
2026-06-09 10:40:00,988.0,989.9,987.8,989.3,134214
2026-06-09 10:45:00,989.5,989.75,987.7,987.7,199589
2026-06-09 10:50:00,987.7,989.35,987.6,989.1,217716
2026-06-09 10:55:00,989.1,990.5,988.5,989.9,188916
2026-06-09 11:00:00,990.0,990.4,989.55,989.95,101229
2026-06-09 11:05:00,989.95,991.95,989.55,991.4,211484
2026-06-09 11:10:00,991.55,991.8,989.5,989.9,137506
2026-06-09 11:15:00,989.9,991.0,988.7,991.0,118786
2026-06-09 11:20:00,991.0,991.35,988.5,989.25,169106
2026-06-09 11:25:00,989.25,989.9,988.7,989.55,144930
2026-06-09 11:30:00,989.65,990.0,988.95,990.0,102438
2026-06-09 11:35:00,990.05,991.7,990.0,991.45,211150
2026-06-09 11:40:00,991.45,992.0,990.25,992.0,439061
2026-06-09 11:45:00,991.95,994.5,991.35,993.5,559702
2026-06-09 11:50:00,993.5,997.8,993.3,997.65,609879
2026-06-09 11:55:00,997.65,998.0,994.65,997.45,330971
2026-06-09 12:00:00,997.2,997.4,995.8,996.0,243494
2026-06-09 12:05:00,996.1,997.0,995.7,996.25,129741
2026-06-09 12:10:00,996.25,1000.5,996.0,999.5,679213
2026-06-09 12:15:00,999.75,1001.0,999.1,1000.2,357163
2026-06-09 12:20:00,1000.0,1001.0,999.15,999.75,342454
2026-06-09 12:25:00,999.75,999.9,999.1,999.55,203980
2026-06-09 12:30:00,999.3,999.9,999.1,999.45,202317
2026-06-09 12:35:00,999.5,1000.5,999.4,1000.4,257881
2026-06-09 12:40:00,1000.45,1001.75,999.75,1000.85,356690
2026-06-09 12:45:00,1000.85,1002.7,1000.85,1001.9,650878
2026-06-09 12:50:00,1001.9,1002.7,1001.25,1002.0,347081
2026-06-09 12:55:00,1001.75,1001.9,999.55,1000.9,324421
2026-06-09 13:00:00,1000.9,1001.9,1000.3,1001.0,215934
2026-06-09 13:05:00,1001.1,1001.9,1000.65,1001.25,189044
2026-06-09 13:10:00,1001.25,1001.95,1000.95,1001.45,259614
2026-06-09 13:15:00,1001.4,1002.0,1000.75,1001.8,215082
2026-06-09 13:20:00,1001.8,1002.0,1000.9,1001.1,274881
2026-06-09 13:25:00,1001.1,1001.65,1000.65,1001.25,171420
2026-06-09 13:30:00,1001.1,1002.3,1000.35,1002.0,347945
2026-06-09 13:35:00,1002.0,1003.4,1001.5,1003.2,317417
2026-06-09 13:40:00,1003.15,1004.0,1002.4,1003.95,256126
2026-06-09 13:45:00,1003.95,1004.6,1003.2,1004.4,372422
2026-06-09 13:50:00,1004.3,1004.4,1002.5,1003.35,288351
2026-06-09 13:55:00,1003.35,1004.0,1002.6,1004.0,252924
2026-06-09 14:00:00,1003.85,1005.45,1003.85,1004.7,567293
2026-06-09 14:05:00,1004.7,1005.6,1004.4,1005.5,241609
2026-06-09 14:10:00,1005.5,1005.55,1004.2,1004.65,245544
2026-06-09 14:15:00,1004.5,1004.8,1003.6,1003.75,318945
2026-06-09 14:20:00,1003.8,1004.5,1003.0,1003.5,256785
2026-06-09 14:25:00,1003.55,1005.2,1003.5,1004.95,386679
2026-06-09 14:30:00,1005.0,1005.5,1004.0,1005.5,197845
2026-06-09 14:35:00,1006.0,1007.6,1005.2,1007.0,501059
2026-06-09 14:40:00,1007.0,1008.8,1006.5,1008.65,324463
2026-06-09 14:45:00,1008.5,1009.0,1007.45,1007.95,298748
2026-06-09 14:50:00,1007.9,1008.6,1006.1,1007.4,483976
2026-06-09 14:55:00,1007.5,1008.0,1005.75,1006.0,381259
2026-06-09 15:00:00,1005.85,1006.05,1001.85,1002.3,556442
2026-06-09 15:05:00,1002.35,1002.9,1001.05,1001.65,532610
2026-06-09 15:10:00,1001.6,1002.4,1001.1,1001.85,403010
2026-06-09 15:15:00,1002.2,1004.25,1001.5,1003.2,495341
2026-06-09 15:20:00,1003.3,1005.0,1003.0,1004.4,384615
2026-06-09 15:25:00,1004.55,1005.0,1003.6,1004.1,287637
2026-06-10 09:15:00,1002.7,1009.75,1000.85,1007.95,853224
2026-06-10 09:20:00,1008.25,1009.5,1007.0,1008.65,418306
2026-06-10 09:25:00,1008.7,1010.65,1007.75,1009.15,500342
2026-06-10 09:30:00,1009.1,1009.6,1008.05,1009.0,234717
2026-06-10 09:35:00,1009.1,1011.75,1008.85,1011.35,318138
2026-06-10 09:40:00,1011.7,1011.8,1009.35,1010.3,240840
2026-06-10 09:45:00,1010.3,1011.0,1008.5,1009.0,250257
2026-06-10 09:50:00,1009.3,1009.55,1006.25,1006.5,323155
2026-06-10 09:55:00,1006.65,1007.9,1005.9,1006.05,275512
2026-06-10 10:00:00,1006.15,1006.35,1004.6,1004.9,233259
2026-06-10 10:05:00,1004.85,1006.55,1004.65,1005.8,182649
2026-06-10 10:10:00,1005.85,1006.95,1005.0,1005.0,189615
2026-06-10 10:15:00,1005.15,1006.65,1004.4,1006.2,164045
2026-06-10 10:20:00,1006.2,1006.9,1005.2,1006.7,198024
2026-06-10 10:25:00,1006.7,1007.8,1006.6,1007.75,188156
2026-06-10 10:30:00,1007.8,1009.85,1007.65,1009.6,234186
2026-06-10 10:35:00,1009.85,1010.5,1008.85,1009.1,197762
2026-06-10 10:40:00,1009.1,1009.65,1008.0,1008.05,140832
2026-06-10 10:45:00,1008.05,1008.8,1007.5,1008.45,155971
2026-06-10 10:50:00,1008.15,1009.7,1007.5,1009.55,196133
2026-06-10 10:55:00,1009.65,1010.7,1008.5,1010.25,351965
2026-06-10 11:00:00,1010.2,1010.65,1009.1,1009.15,126354
2026-06-10 11:05:00,1009.3,1009.55,1008.0,1008.45,111063
2026-06-10 11:10:00,1008.45,1009.0,1007.75,1008.05,138632
2026-06-10 11:15:00,1007.9,1009.2,1007.8,1008.8,320729
2026-06-10 11:20:00,1008.8,1008.9,1008.0,1008.45,115547
2026-06-10 11:25:00,1008.45,1009.65,1008.0,1009.05,129602
2026-06-10 11:30:00,1009.0,1009.2,1008.3,1009.2,88647
2026-06-10 11:35:00,1009.2,1009.2,1007.7,1008.55,148867
2026-06-10 11:40:00,1008.45,1008.7,1007.5,1008.5,171729
2026-06-10 11:45:00,1008.5,1009.0,1007.75,1008.8,219198
2026-06-10 11:50:00,1008.55,1009.1,1008.3,1008.75,86726
2026-06-10 11:55:00,1008.8,1010.0,1008.65,1009.9,118908
2026-06-10 12:00:00,1009.95,1009.95,1008.8,1009.2,65213
2026-06-10 12:05:00,1009.1,1010.0,1008.9,1009.85,76269
2026-06-10 12:10:00,1009.75,1010.0,1009.0,1010.0,69441
2026-06-10 12:15:00,1009.9,1011.0,1008.8,1010.7,215003
2026-06-10 12:20:00,1010.7,1012.4,1010.65,1011.4,316919
2026-06-10 12:25:00,1011.4,1012.1,1010.1,1011.25,213561
2026-06-10 12:30:00,1011.0,1011.65,1010.35,1010.7,129437
2026-06-10 12:35:00,1010.9,1011.0,1009.6,1010.2,164004
2026-06-10 12:40:00,1010.45,1010.65,1008.5,1008.5,196057
2026-06-10 12:45:00,1008.5,1009.6,1008.0,1009.05,227455
2026-06-10 12:50:00,1009.4,1009.75,1008.8,1009.55,125547
2026-06-10 12:55:00,1009.45,1009.65,1008.6,1009.3,160729
2026-06-10 13:00:00,1009.35,1009.9,1008.9,1009.9,103211
2026-06-10 13:05:00,1009.9,1010.0,1007.95,1008.35,161300
2026-06-10 13:10:00,1007.75,1008.0,1006.0,1006.95,303601
2026-06-10 13:15:00,1006.95,1007.6,1006.3,1007.3,143801
2026-06-10 13:20:00,1007.3,1007.3,1006.0,1006.65,204480
2026-06-10 13:25:00,1006.5,1007.7,1006.0,1007.5,133192
2026-06-10 13:30:00,1007.5,1008.25,1006.3,1007.35,160767
2026-06-10 13:35:00,1007.15,1007.55,1006.45,1007.25,107275
2026-06-10 13:40:00,1007.05,1007.85,1006.5,1007.0,121538
2026-06-10 13:45:00,1006.85,1007.6,1006.6,1007.35,124165
2026-06-10 13:50:00,1007.15,1008.0,1006.1,1007.55,157317
2026-06-10 13:55:00,1007.55,1007.7,1006.85,1007.45,96857
2026-06-10 14:00:00,1007.25,1007.9,1006.5,1007.85,132831
2026-06-10 14:05:00,1007.7,1008.05,1005.25,1005.55,162883
2026-06-10 14:10:00,1005.45,1005.7,1003.0,1004.05,214869
2026-06-10 14:15:00,1003.7,1007.3,1003.65,1007.1,245173
2026-06-10 14:20:00,1007.3,1008.25,1006.75,1007.05,285800
2026-06-10 14:25:00,1007.05,1007.75,1006.2,1006.5,220861
2026-06-10 14:30:00,1006.5,1006.7,1004.55,1005.35,322913
2026-06-10 14:35:00,1005.3,1005.65,1001.55,1002.05,332780
2026-06-10 14:40:00,1002.05,1002.6,1000.55,1000.8,383497
2026-06-10 14:45:00,1000.65,1002.75,999.75,1001.95,352495
2026-06-10 14:50:00,1001.85,1004.65,1001.7,1004.4,540659
2026-06-10 14:55:00,1004.5,1005.75,1004.0,1004.85,429177
2026-06-10 15:00:00,1004.85,1005.95,1003.6,1004.05,717102
2026-06-10 15:05:00,1004.25,1004.8,1003.4,1004.4,759984
2026-06-10 15:10:00,1004.3,1004.45,1003.25,1003.9,787365
2026-06-10 15:15:00,1003.8,1004.0,1002.65,1003.75,793814
2026-06-10 15:20:00,1003.45,1003.9,999.5,1000.5,598562
2026-06-10 15:25:00,1000.5,1001.55,999.8,1000.85,368329
2026-06-11 09:15:00,998.1,1001.6,993.0,1000.25,550500
2026-06-11 09:20:00,1000.5,1004.55,999.6,1003.3,256683
2026-06-11 09:25:00,1003.25,1003.45,1000.5,1002.85,145858
2026-06-11 09:30:00,1002.9,1003.25,1000.0,1000.35,147093
2026-06-11 09:35:00,1000.6,1002.25,999.0,1001.55,147287
2026-06-11 09:40:00,1001.55,1004.6,1000.05,1004.3,141738
2026-06-11 09:45:00,1004.2,1005.6,1003.8,1004.2,260379
2026-06-11 09:50:00,1004.05,1005.4,1003.2,1004.3,272727
2026-06-11 09:55:00,1004.2,1004.2,1000.15,1000.85,198960
2026-06-11 10:00:00,1001.0,1003.2,1001.0,1001.5,270355
2026-06-11 10:05:00,1001.45,1004.3,1001.0,1003.6,134352
2026-06-11 10:10:00,1003.5,1004.2,1003.2,1003.5,98921
2026-06-11 10:15:00,1003.6,1005.3,1003.1,1005.3,139233
2026-06-11 10:20:00,1005.4,1005.9,1003.0,1003.3,253417
2026-06-11 10:25:00,1003.3,1005.65,1003.25,1005.4,109098
2026-06-11 10:30:00,1005.5,1005.5,1004.3,1004.75,116583
2026-06-11 10:35:00,1004.8,1005.2,1003.4,1003.75,141660
2026-06-11 10:40:00,1004.05,1004.1,1002.3,1002.8,119126
2026-06-11 10:45:00,1002.7,1002.85,1002.1,1002.5,102413
2026-06-11 10:50:00,1002.45,1002.45,1000.3,1001.0,158590
2026-06-11 10:55:00,1000.95,1001.7,1000.1,1001.45,106834
2026-06-11 11:00:00,1001.0,1001.35,1000.25,1001.15,89290
2026-06-11 11:05:00,1001.2,1002.8,1001.05,1001.4,163108
2026-06-11 11:10:00,1001.4,1001.95,1001.0,1001.15,52546
2026-06-11 11:15:00,1001.15,1002.95,1001.0,1002.45,52281
2026-06-11 11:20:00,1002.35,1003.75,1001.6,1002.4,98975
2026-06-11 11:25:00,1002.4,1003.5,1002.3,1003.2,54438
2026-06-11 11:30:00,1003.1,1003.5,1001.8,1001.9,135643
2026-06-11 11:35:00,1002.0,1002.3,1000.05,1000.9,168066
2026-06-11 11:40:00,1000.95,1001.5,1000.25,1001.1,57576
2026-06-11 11:45:00,1001.35,1001.85,1000.9,1001.6,75111
2026-06-11 11:50:00,1001.7,1002.65,1001.6,1002.5,52726
2026-06-11 11:55:00,1002.5,1004.35,1002.35,1003.3,109947
2026-06-11 12:00:00,1003.3,1003.8,1002.85,1003.3,68587
2026-06-11 12:05:00,1003.4,1003.5,1002.55,1003.1,87588
2026-06-11 12:10:00,1003.05,1003.6,1002.8,1003.25,96507
2026-06-11 12:15:00,1003.2,1004.9,1003.0,1003.5,131121
2026-06-11 12:20:00,1003.55,1003.85,1002.15,1003.65,197194
2026-06-11 12:25:00,1003.9,1006.6,1003.1,1006.45,195998
2026-06-11 12:30:00,1006.45,1008.75,1006.4,1008.2,259662
2026-06-11 12:35:00,1008.2,1009.4,1007.0,1009.1,372378
2026-06-11 12:40:00,1009.2,1009.25,1007.75,1008.45,149029
2026-06-11 12:45:00,1008.5,1009.15,1006.85,1007.05,162503
2026-06-11 12:50:00,1007.0,1007.95,1006.5,1006.85,104513
2026-06-11 12:55:00,1006.95,1008.75,1006.7,1008.5,89116
2026-06-11 13:00:00,1008.55,1009.1,1008.1,1008.95,142370
2026-06-11 13:05:00,1008.85,1009.35,1007.45,1007.55,160487
2026-06-11 13:10:00,1007.55,1007.6,1005.85,1006.3,152338
2026-06-11 13:15:00,1006.35,1006.85,1005.65,1006.0,132936
2026-06-11 13:20:00,1006.0,1006.25,1004.25,1004.9,193343
2026-06-11 13:25:00,1004.85,1005.9,1004.35,1005.55,99943
2026-06-11 13:30:00,1005.55,1006.85,1005.25,1005.4,90640
2026-06-11 13:35:00,1005.4,1006.1,1004.5,1004.6,113482
2026-06-11 13:40:00,1004.55,1006.1,1004.1,1005.8,258992
2026-06-11 13:45:00,1006.05,1006.25,1005.0,1005.45,210262
2026-06-11 13:50:00,1005.5,1006.0,1005.0,1005.6,172530
2026-06-11 13:55:00,1005.65,1006.9,1005.3,1005.4,107908
2026-06-11 14:00:00,1005.6,1006.6,1005.0,1006.35,156171
2026-06-11 14:05:00,1006.35,1006.4,1005.15,1005.4,156829
2026-06-11 14:10:00,1005.4,1005.45,1003.0,1004.3,265052
2026-06-11 14:15:00,1004.3,1005.15,1003.45,1005.15,122701
2026-06-11 14:20:00,1005.15,1006.0,1004.35,1004.6,134901
2026-06-11 14:25:00,1004.55,1008.6,1004.55,1008.05,238159
2026-06-11 14:30:00,1008.05,1008.05,1006.0,1006.3,110892
2026-06-11 14:35:00,1006.3,1007.25,1004.8,1005.8,294287
2026-06-11 14:40:00,1005.65,1005.7,1003.95,1003.95,179429
2026-06-11 14:45:00,1004.05,1004.05,1000.15,1002.65,514379
2026-06-11 14:50:00,1002.7,1003.0,1001.5,1001.6,119099
2026-06-11 14:55:00,1001.6,1001.85,1001.2,1001.85,97438
2026-06-11 15:00:00,1002.5,1002.65,1000.65,1001.2,579044
2026-06-11 15:05:00,1001.2,1001.3,1000.0,1000.25,458919
2026-06-11 15:10:00,1000.3,1001.0,999.5,1000.45,407830
2026-06-11 15:15:00,1000.45,1001.9,999.7,1000.65,375376
2026-06-11 15:20:00,1000.5,1001.05,999.8,1000.7,410034
2026-06-11 15:25:00,1000.6,1001.1,999.75,1001.1,339847
2026-06-12 09:15:00,1018.0,1018.0,1010.0,1013.0,677624
2026-06-12 09:20:00,1013.4,1013.4,1012.05,1012.6,169858
2026-06-12 09:25:00,1012.6,1013.0,1011.2,1011.65,195692
2026-06-12 09:30:00,1011.8,1012.4,1010.0,1010.1,175013
2026-06-12 09:35:00,1010.2,1011.5,1009.45,1010.1,156102
2026-06-12 09:40:00,1010.3,1010.3,1008.45,1009.5,112654
2026-06-12 09:45:00,1009.5,1011.0,1009.25,1010.85,112742
2026-06-12 09:50:00,1010.85,1011.0,1010.0,1010.55,91662
2026-06-12 09:55:00,1010.55,1010.75,1008.0,1008.55,136733
2026-06-12 10:00:00,1008.15,1009.2,1008.0,1009.2,93958
2026-06-12 10:05:00,1009.0,1010.0,1008.1,1008.5,148710
2026-06-12 10:10:00,1008.65,1008.9,1007.15,1007.75,84379
2026-06-12 10:15:00,1008.0,1008.2,1006.2,1006.8,234253
2026-06-12 10:20:00,1006.8,1011.5,1006.0,1011.5,591736
2026-06-12 10:25:00,1011.5,1012.0,1010.5,1010.95,624010
2026-06-12 10:30:00,1010.75,1012.5,1010.75,1011.75,113475
2026-06-12 10:35:00,1012.0,1012.3,1011.55,1012.25,93394
2026-06-12 10:40:00,1012.25,1013.5,1011.95,1013.0,195081
2026-06-12 10:45:00,1013.05,1013.5,1011.3,1013.0,262041
2026-06-12 10:50:00,1013.15,1016.65,1012.9,1016.15,554206
2026-06-12 10:55:00,1016.35,1016.7,1012.7,1012.7,219437
2026-06-12 11:00:00,1012.75,1012.95,1010.4,1011.25,129282
2026-06-12 11:05:00,1011.25,1011.3,1010.0,1010.45,95485
2026-06-12 11:10:00,1010.35,1012.2,1010.05,1011.75,91723
2026-06-12 11:15:00,1011.75,1012.45,1010.5,1010.6,98793
2026-06-12 11:20:00,1010.55,1011.0,1010.05,1010.8,53531
2026-06-12 11:25:00,1010.75,1010.75,1009.3,1009.7,53120
2026-06-12 11:30:00,1009.7,1010.3,1009.45,1009.7,61330
2026-06-12 11:35:00,1009.8,1010.0,1009.0,1010.0,55735
2026-06-12 11:40:00,1009.95,1010.5,1009.6,1010.1,47357
2026-06-12 11:45:00,1010.1,1011.8,1009.5,1011.65,126623
2026-06-12 11:50:00,1011.7,1011.7,1010.05,1010.5,72397
2026-06-12 11:55:00,1010.4,1010.8,1010.0,1010.3,41793
2026-06-12 12:00:00,1009.95,1010.3,1009.6,1010.1,46174
2026-06-12 12:05:00,1010.1,1011.0,1010.0,1010.35,48144
2026-06-12 12:10:00,1010.25,1010.35,1006.55,1007.0,294203
2026-06-12 12:15:00,1007.35,1007.95,1007.0,1007.3,123756
2026-06-12 12:20:00,1007.3,1007.95,1007.15,1007.75,46218
2026-06-12 12:25:00,1007.75,1008.9,1007.65,1008.45,55943
2026-06-12 12:30:00,1008.35,1008.65,1007.7,1008.35,39883
2026-06-12 12:35:00,1008.35,1008.45,1007.05,1007.45,55962
2026-06-12 12:40:00,1007.45,1007.65,1005.2,1005.55,137766
2026-06-12 12:45:00,1005.6,1006.4,1005.0,1005.1,91388
2026-06-12 12:50:00,1005.4,1006.0,1004.35,1005.6,137908
2026-06-12 12:55:00,1005.65,1006.5,1005.5,1005.7,40347
2026-06-12 13:00:00,1005.7,1006.55,1005.5,1006.4,31084
2026-06-12 13:05:00,1006.4,1006.95,1005.5,1006.2,40982
2026-06-12 13:10:00,1006.3,1006.9,1005.8,1006.3,43503
2026-06-12 13:15:00,1006.25,1006.95,1006.1,1006.65,39324
2026-06-12 13:20:00,1006.6,1007.25,1006.05,1006.15,37896
2026-06-12 13:25:00,1006.1,1008.65,1005.15,1008.5,101404
2026-06-12 13:30:00,1008.35,1010.1,1007.8,1010.1,148846
2026-06-12 13:35:00,1009.7,1011.1,1009.55,1010.4,150818
2026-06-12 13:40:00,1010.75,1011.5,1010.15,1011.2,139373
2026-06-12 13:45:00,1011.05,1011.6,1010.2,1011.35,104191
2026-06-12 13:50:00,1011.35,1011.55,1010.0,1011.15,99387
2026-06-12 13:55:00,1011.15,1011.9,1010.5,1011.75,109244
2026-06-12 14:00:00,1011.85,1012.55,1011.5,1012.25,114028
2026-06-12 14:05:00,1012.4,1012.4,1011.4,1012.0,58845
2026-06-12 14:10:00,1011.85,1013.8,1011.15,1013.6,131473
2026-06-12 14:15:00,1013.4,1015.7,1013.35,1015.0,205605
2026-06-12 14:20:00,1014.95,1015.0,1013.65,1014.5,88184
2026-06-12 14:25:00,1014.35,1014.9,1014.0,1014.25,65959
2026-06-12 14:30:00,1014.25,1015.5,1013.65,1014.0,135563
2026-06-12 14:35:00,1014.0,1015.5,1013.05,1015.4,165395
2026-06-12 14:40:00,1015.45,1016.95,1015.05,1016.95,214878
2026-06-12 14:45:00,1016.95,1017.8,1016.45,1017.65,179544
2026-06-12 14:50:00,1017.5,1018.0,1015.65,1017.15,171206
2026-06-12 14:55:00,1017.15,1017.5,1016.3,1016.65,134424
2026-06-12 15:00:00,1016.3,1018.5,1015.8,1018.35,326951
2026-06-12 15:05:00,1018.15,1018.7,1017.0,1017.35,243141
2026-06-12 15:10:00,1017.35,1018.0,1016.5,1017.5,154888
2026-06-12 15:15:00,1017.5,1017.85,1016.85,1017.35,153913
2026-06-12 15:20:00,1017.3,1017.35,1015.7,1016.3,168015
2026-06-12 15:25:00,1016.5,1017.0,1016.0,1016.4,153479
2026-06-15 09:15:00,1034.0,1034.0,1026.4,1027.7,1043285
2026-06-15 09:20:00,1027.8,1029.2,1026.5,1027.15,428448
2026-06-15 09:25:00,1027.15,1029.6,1026.1,1028.9,378593
2026-06-15 09:30:00,1028.7,1029.0,1024.35,1024.55,427942
2026-06-15 09:35:00,1024.85,1026.2,1024.2,1025.15,240543
2026-06-15 09:40:00,1025.15,1026.25,1024.5,1025.05,226526
2026-06-15 09:45:00,1025.2,1026.35,1024.7,1025.45,184425
2026-06-15 09:50:00,1025.45,1026.7,1025.0,1026.3,170686
2026-06-15 09:55:00,1026.15,1027.5,1025.6,1027.25,179392
2026-06-15 10:00:00,1027.35,1028.0,1026.5,1027.15,164762
2026-06-15 10:05:00,1027.15,1027.5,1025.5,1026.05,171114
2026-06-15 10:10:00,1026.0,1027.0,1025.4,1027.0,152883
2026-06-15 10:15:00,1027.0,1028.0,1026.25,1026.4,141381
2026-06-15 10:20:00,1026.6,1028.0,1026.15,1026.3,145274
2026-06-15 10:25:00,1026.6,1026.6,1025.4,1026.2,136282
2026-06-15 10:30:00,1026.2,1026.85,1025.95,1026.45,92167
2026-06-15 10:35:00,1026.45,1026.5,1024.25,1024.25,284363
2026-06-15 10:40:00,1024.55,1025.45,1024.0,1024.75,166839
2026-06-15 10:45:00,1024.75,1027.85,1024.05,1027.85,222450
2026-06-15 10:50:00,1027.75,1028.65,1027.4,1027.75,158835
2026-06-15 10:55:00,1027.75,1027.75,1026.5,1027.0,162625
2026-06-15 11:00:00,1027.2,1027.5,1025.8,1026.25,134462
2026-06-15 11:05:00,1026.25,1026.55,1025.0,1025.65,79243
2026-06-15 11:10:00,1025.65,1026.25,1024.5,1024.95,72077
2026-06-15 11:15:00,1024.95,1026.25,1024.7,1025.95,65202
2026-06-15 11:20:00,1025.95,1026.3,1024.5,1024.75,73724
2026-06-15 11:25:00,1024.55,1026.0,1024.55,1025.75,44086
2026-06-15 11:30:00,1025.5,1025.95,1025.0,1025.9,46818
2026-06-15 11:35:00,1025.5,1027.25,1025.5,1026.85,76396
2026-06-15 11:40:00,1026.85,1029.45,1026.85,1028.5,185292
2026-06-15 11:45:00,1028.05,1028.5,1027.5,1028.0,57607
2026-06-15 11:50:00,1028.05,1029.3,1027.85,1029.25,61303
2026-06-15 11:55:00,1029.3,1031.5,1029.15,1031.05,236249
2026-06-15 12:00:00,1031.45,1031.55,1030.2,1030.9,89872
2026-06-15 12:05:00,1030.75,1030.9,1029.45,1029.5,84001
2026-06-15 12:10:00,1029.5,1030.45,1029.1,1029.45,134040
2026-06-15 12:15:00,1029.5,1029.5,1027.1,1027.95,133979
2026-06-15 12:20:00,1027.55,1028.2,1026.4,1027.15,91169
2026-06-15 12:25:00,1027.15,1027.15,1025.5,1025.6,101908
2026-06-15 12:30:00,1025.55,1027.05,1025.55,1025.9,60172
2026-06-15 12:35:00,1025.8,1026.45,1024.35,1025.15,117818
2026-06-15 12:40:00,1025.1,1025.85,1024.85,1025.4,64366
2026-06-15 12:45:00,1025.4,1025.4,1024.3,1024.3,91075
2026-06-15 12:50:00,1024.3,1024.9,1023.15,1023.85,155618
2026-06-15 12:55:00,1023.9,1026.0,1023.8,1025.55,75264
2026-06-15 13:00:00,1025.75,1026.0,1025.0,1025.55,107306
2026-06-15 13:05:00,1025.5,1026.9,1025.5,1026.65,84357
2026-06-15 13:10:00,1026.95,1027.75,1026.35,1026.5,223117
2026-06-15 13:15:00,1026.75,1026.75,1024.8,1024.95,127292
2026-06-15 13:20:00,1025.0,1025.75,1024.8,1025.55,54599
2026-06-15 13:25:00,1025.7,1025.75,1025.0,1025.05,61077
2026-06-15 13:30:00,1025.05,1025.05,1023.65,1024.45,88567
2026-06-15 13:35:00,1024.75,1025.0,1023.8,1023.85,59836
2026-06-15 13:40:00,1023.9,1024.5,1023.45,1023.85,55075
2026-06-15 13:45:00,1023.8,1024.9,1023.35,1024.55,155788
2026-06-15 13:50:00,1024.45,1024.7,1023.0,1024.25,117317
2026-06-15 13:55:00,1024.25,1025.45,1023.05,1024.5,109526
2026-06-15 14:00:00,1024.8,1025.3,1024.05,1024.05,131567
2026-06-15 14:05:00,1024.5,1025.4,1023.3,1024.1,297004
2026-06-15 14:10:00,1024.1,1024.9,1022.0,1022.85,184305
2026-06-15 14:15:00,1023.0,1024.4,1022.1,1023.95,111298
2026-06-15 14:20:00,1023.95,1024.5,1023.0,1024.1,96680
2026-06-15 14:25:00,1024.1,1024.8,1023.5,1024.2,118800
2026-06-15 14:30:00,1024.2,1025.0,1023.6,1024.25,81067
2026-06-15 14:35:00,1024.35,1025.75,1024.25,1025.05,183095
2026-06-15 14:40:00,1025.1,1025.35,1023.55,1023.75,64592
2026-06-15 14:45:00,1023.8,1024.7,1022.9,1024.0,91506
2026-06-15 14:50:00,1023.9,1024.1,1022.1,1022.6,119949
2026-06-15 14:55:00,1022.45,1023.5,1022.15,1023.0,106112
2026-06-15 15:00:00,1023.2,1024.25,1021.05,1021.5,322655
2026-06-15 15:05:00,1021.75,1022.4,1020.2,1020.4,360376
2026-06-15 15:10:00,1020.35,1020.9,1018.5,1020.0,326903
2026-06-15 15:15:00,1020.0,1021.95,1019.6,1021.0,371184
2026-06-15 15:20:00,1020.85,1021.5,1020.05,1020.55,305176
2026-06-15 15:25:00,1020.55,1021.45,1020.0,1021.0,211610
2026-06-16 09:15:00,1023.8,1026.55,1020.05,1021.0,310170
2026-06-16 09:20:00,1020.8,1021.0,1018.3,1019.2,139928
2026-06-16 09:25:00,1019.3,1021.6,1019.3,1021.25,129977
2026-06-16 09:30:00,1021.15,1021.4,1019.4,1020.05,119089
2026-06-16 09:35:00,1020.2,1020.45,1018.5,1018.75,71714
2026-06-16 09:40:00,1018.95,1019.4,1017.1,1017.65,115520
2026-06-16 09:45:00,1017.7,1018.9,1017.3,1017.65,98605
2026-06-16 09:50:00,1017.8,1018.65,1017.1,1017.85,67462
2026-06-16 09:55:00,1017.85,1018.4,1017.55,1018.4,43864
2026-06-16 10:00:00,1018.4,1019.0,1016.3,1016.5,104891
2026-06-16 10:05:00,1016.5,1017.55,1016.05,1016.85,63309
2026-06-16 10:10:00,1016.85,1017.45,1015.8,1017.0,79977
2026-06-16 10:15:00,1017.0,1017.7,1016.6,1017.3,50181
2026-06-16 10:20:00,1017.45,1018.1,1016.95,1017.15,50455
2026-06-16 10:25:00,1017.1,1018.45,1016.65,1018.15,63398
2026-06-16 10:30:00,1018.15,1020.1,1018.0,1020.1,81061
2026-06-16 10:35:00,1020.1,1021.0,1019.95,1020.15,93541
2026-06-16 10:40:00,1020.25,1020.95,1018.9,1019.25,121178
2026-06-16 10:45:00,1019.5,1019.65,1018.85,1019.15,86179
2026-06-16 10:50:00,1019.15,1019.15,1017.25,1017.6,71533
2026-06-16 10:55:00,1017.45,1018.0,1014.7,1015.1,217108
2026-06-16 11:00:00,1015.25,1015.5,1014.2,1014.8,125446
2026-06-16 11:05:00,1014.85,1015.5,1014.1,1014.3,127874
2026-06-16 11:10:00,1014.2,1014.35,1012.5,1013.75,140763
2026-06-16 11:15:00,1013.55,1014.9,1013.5,1013.7,113544
2026-06-16 11:20:00,1013.7,1013.95,1012.1,1013.5,102412
2026-06-16 11:25:00,1013.7,1013.85,1011.2,1011.6,111196
2026-06-16 11:30:00,1011.75,1012.35,1011.2,1012.35,83377
2026-06-16 11:35:00,1012.35,1012.35,1010.1,1010.3,197720
2026-06-16 11:40:00,1010.5,1010.95,1010.0,1010.45,85824
2026-06-16 11:45:00,1010.3,1011.3,1009.0,1010.25,244485
2026-06-16 11:50:00,1010.45,1011.85,1010.2,1011.8,136873
2026-06-16 11:55:00,1011.6,1011.85,1009.9,1011.5,116393
2026-06-16 12:00:00,1011.7,1012.15,1009.65,1010.15,126297
2026-06-16 12:05:00,1010.5,1011.1,1010.0,1011.0,38089
2026-06-16 12:10:00,1010.8,1011.25,1010.3,1010.3,45360
2026-06-16 12:15:00,1010.55,1011.15,1010.0,1010.7,64255
2026-06-16 12:20:00,1010.55,1011.0,1009.75,1010.3,146527
2026-06-16 12:25:00,1010.25,1012.2,1010.0,1012.0,138395
2026-06-16 12:30:00,1011.95,1012.75,1010.8,1010.8,112564
2026-06-16 12:35:00,1010.9,1012.5,1010.75,1011.6,158509
2026-06-16 12:40:00,1011.65,1011.7,1007.4,1008.55,274040
2026-06-16 12:45:00,1008.1,1009.4,1007.55,1008.9,215777
2026-06-16 12:50:00,1009.3,1009.4,1008.0,1008.1,158895
2026-06-16 12:55:00,1008.1,1009.6,1008.0,1009.3,94538
2026-06-16 13:00:00,1009.3,1009.95,1007.85,1008.0,64951
2026-06-16 13:05:00,1008.15,1009.0,1008.0,1008.9,57031
2026-06-16 13:10:00,1008.9,1009.4,1008.25,1008.4,59785
2026-06-16 13:15:00,1008.4,1009.35,1008.4,1008.7,49936
2026-06-16 13:20:00,1008.7,1009.8,1008.1,1009.65,72015
2026-06-16 13:25:00,1009.75,1010.75,1009.7,1010.5,60032
2026-06-16 13:30:00,1010.7,1010.7,1009.45,1010.2,51967
2026-06-16 13:35:00,1010.05,1010.8,1009.8,1010.2,63164
2026-06-16 13:40:00,1010.0,1011.2,1009.75,1010.5,103159
2026-06-16 13:45:00,1010.5,1012.5,1010.4,1012.2,75281
2026-06-16 13:50:00,1012.6,1012.75,1010.8,1011.9,106925
2026-06-16 13:55:00,1011.85,1013.4,1011.1,1011.15,140775
2026-06-16 14:00:00,1011.35,1012.1,1010.7,1011.3,100694
2026-06-16 14:05:00,1011.45,1011.9,1010.9,1011.55,75449
2026-06-16 14:10:00,1011.55,1013.9,1011.55,1013.7,112717
2026-06-16 14:15:00,1013.8,1014.0,1013.25,1013.5,141828
2026-06-16 14:20:00,1013.45,1013.7,1012.5,1013.7,117193
2026-06-16 14:25:00,1013.7,1013.85,1012.0,1012.75,125479
2026-06-16 14:30:00,1012.75,1013.95,1012.45,1013.95,73137
2026-06-16 14:35:00,1013.9,1014.3,1013.4,1014.15,135795
2026-06-16 14:40:00,1014.1,1014.35,1011.1,1011.1,247241
2026-06-16 14:45:00,1011.4,1013.25,1011.15,1013.0,141031
2026-06-16 14:50:00,1013.1,1014.5,1012.55,1014.3,166757
2026-06-16 14:55:00,1014.2,1015.1,1014.15,1014.4,183508
2026-06-16 15:00:00,1014.4,1015.25,1014.05,1014.8,210714
2026-06-16 15:05:00,1014.85,1015.25,1014.55,1014.85,434268
2026-06-16 15:10:00,1015.0,1016.4,1014.9,1016.25,414813
2026-06-16 15:15:00,1016.25,1016.4,1015.05,1015.45,296409
2026-06-16 15:20:00,1015.45,1015.7,1015.35,1015.45,203116
2026-06-16 15:25:00,1015.55,1016.55,1015.0,1016.0,234788
2026-06-17 09:15:00,1017.0,1019.5,1014.55,1015.85,208058
2026-06-17 09:20:00,1016.0,1017.5,1015.4,1015.6,99049
2026-06-17 09:25:00,1015.45,1015.9,1014.75,1015.3,98390
2026-06-17 09:30:00,1015.6,1016.45,1015.2,1016.2,63946
2026-06-17 09:35:00,1016.15,1016.5,1015.15,1015.55,45885
2026-06-17 09:40:00,1015.7,1016.1,1015.05,1015.95,55436
2026-06-17 09:45:00,1016.05,1016.35,1014.65,1015.5,127014
2026-06-17 09:50:00,1015.5,1016.6,1014.65,1016.35,122006
2026-06-17 09:55:00,1016.45,1016.45,1015.05,1015.85,123520
2026-06-17 10:00:00,1015.75,1016.2,1014.0,1014.05,164067
2026-06-17 10:05:00,1014.35,1015.9,1013.45,1015.8,142644
2026-06-17 10:10:00,1015.55,1016.2,1015.0,1015.0,56163
2026-06-17 10:15:00,1015.15,1017.15,1014.6,1016.9,129731
2026-06-17 10:20:00,1016.85,1019.0,1016.85,1018.8,120776
2026-06-17 10:25:00,1018.7,1018.8,1016.65,1016.65,84452
2026-06-17 10:30:00,1016.7,1017.2,1015.65,1015.85,102126
2026-06-17 10:35:00,1016.0,1017.85,1015.85,1017.55,160293
2026-06-17 10:40:00,1017.55,1018.15,1017.0,1017.8,44855
2026-06-17 10:45:00,1017.9,1018.4,1016.8,1017.1,76322
2026-06-17 10:50:00,1017.0,1018.0,1016.75,1018.0,61818
2026-06-17 10:55:00,1017.9,1018.7,1016.85,1017.2,119383
2026-06-17 11:00:00,1017.5,1018.25,1017.05,1017.85,60156
2026-06-17 11:05:00,1017.75,1018.65,1017.3,1018.45,56726
2026-06-17 11:10:00,1018.45,1021.0,1018.35,1020.1,185431
2026-06-17 11:15:00,1020.05,1020.65,1018.65,1019.55,98654
2026-06-17 11:20:00,1019.95,1019.95,1018.3,1018.9,76798
2026-06-17 11:25:00,1018.9,1019.2,1018.0,1019.05,97590
2026-06-17 11:30:00,1019.05,1020.05,1018.7,1019.25,61187
2026-06-17 11:35:00,1019.25,1019.25,1017.4,1017.4,111756
2026-06-17 11:40:00,1017.6,1018.9,1017.0,1018.45,100446
2026-06-17 11:45:00,1018.65,1019.65,1018.35,1019.55,98539
2026-06-17 11:50:00,1019.55,1019.55,1018.4,1019.1,66316
2026-06-17 11:55:00,1018.7,1019.15,1018.25,1018.3,81714
2026-06-17 12:00:00,1018.45,1020.8,1018.1,1020.55,101817
2026-06-17 12:05:00,1020.55,1022.0,1019.9,1021.1,147258
2026-06-17 12:10:00,1021.1,1021.55,1019.5,1019.85,117684
2026-06-17 12:15:00,1019.9,1021.0,1019.6,1021.0,65543
2026-06-17 12:20:00,1020.7,1021.25,1020.2,1020.5,99616
2026-06-17 12:25:00,1020.55,1021.1,1019.5,1021.0,147270
2026-06-17 12:30:00,1021.0,1021.15,1020.1,1021.1,59838
2026-06-17 12:35:00,1021.15,1021.75,1020.8,1021.55,73427
2026-06-17 12:40:00,1021.3,1022.5,1021.05,1021.65,81708
2026-06-17 12:45:00,1021.75,1023.0,1021.75,1022.05,87968
2026-06-17 12:50:00,1022.0,1022.3,1020.8,1020.95,63985
2026-06-17 12:55:00,1020.95,1021.55,1020.35,1020.5,63973
2026-06-17 13:00:00,1020.5,1021.95,1020.35,1021.9,69864
2026-06-17 13:05:00,1021.9,1022.9,1021.3,1022.5,70130
2026-06-17 13:10:00,1022.5,1022.9,1021.0,1021.0,78752
2026-06-17 13:15:00,1021.0,1022.1,1020.7,1020.9,85587
2026-06-17 13:20:00,1020.9,1022.0,1020.9,1021.25,48453
2026-06-17 13:25:00,1021.5,1022.1,1021.2,1021.25,45591
2026-06-17 13:30:00,1021.35,1022.2,1021.05,1022.2,48866
2026-06-17 13:35:00,1022.2,1023.0,1021.6,1022.4,84535
2026-06-17 13:40:00,1022.45,1023.0,1021.65,1022.9,112868
2026-06-17 13:45:00,1022.65,1024.0,1022.3,1024.0,115482
2026-06-17 13:50:00,1023.8,1024.0,1022.25,1023.85,168406
2026-06-17 13:55:00,1023.85,1024.0,1023.25,1024.0,75910
2026-06-17 14:00:00,1024.0,1025.0,1023.65,1024.15,161660
2026-06-17 14:05:00,1024.45,1024.45,1023.0,1023.3,129379
2026-06-17 14:10:00,1023.35,1024.55,1023.0,1024.2,82855
2026-06-17 14:15:00,1024.2,1024.75,1023.35,1024.45,109732
2026-06-17 14:20:00,1024.6,1025.0,1023.4,1023.9,130982
2026-06-17 14:25:00,1023.95,1024.05,1022.1,1022.55,102012
2026-06-17 14:30:00,1022.55,1023.8,1021.8,1023.5,105459
2026-06-17 14:35:00,1023.25,1024.0,1023.05,1024.0,86886
2026-06-17 14:40:00,1023.8,1024.5,1023.8,1024.25,67622
2026-06-17 14:45:00,1024.25,1024.4,1023.2,1023.45,58137
2026-06-17 14:50:00,1023.5,1023.95,1022.8,1023.55,82110
2026-06-17 14:55:00,1023.8,1025.2,1023.55,1025.2,131553
2026-06-17 15:00:00,1025.2,1025.75,1024.6,1024.85,256854
2026-06-17 15:05:00,1024.7,1026.75,1024.7,1026.65,240775
2026-06-17 15:10:00,1026.7,1026.7,1025.9,1026.0,113498
2026-06-17 15:15:00,1026.0,1027.5,1025.3,1027.35,346432
2026-06-17 15:20:00,1027.4,1028.1,1026.65,1027.3,424769
2026-06-17 15:25:00,1027.3,1027.45,1026.0,1026.5,128545
2026-06-18 09:15:00,1027.9,1031.7,1025.05,1030.7,394161
2026-06-18 09:20:00,1030.6,1031.45,1028.65,1029.5,173356
2026-06-18 09:25:00,1029.6,1029.8,1028.65,1028.9,56922
2026-06-18 09:30:00,1028.9,1029.5,1028.1,1029.0,85752
2026-06-18 09:35:00,1028.8,1029.0,1027.1,1028.45,61808
2026-06-18 09:40:00,1028.8,1029.5,1028.35,1028.4,108892
2026-06-18 09:45:00,1028.65,1029.5,1027.2,1028.25,114796
2026-06-18 09:50:00,1028.3,1028.9,1027.7,1028.6,71698
2026-06-18 09:55:00,1028.6,1029.8,1027.55,1028.55,93421
2026-06-18 10:00:00,1028.9,1029.35,1028.0,1028.25,54190
2026-06-18 10:05:00,1028.65,1030.5,1028.5,1029.65,117590
2026-06-18 10:10:00,1030.0,1030.35,1029.0,1029.2,63901
2026-06-18 10:15:00,1029.5,1029.65,1028.1,1028.7,50428
2026-06-18 10:20:00,1028.5,1028.95,1027.65,1028.0,76866
2026-06-18 10:25:00,1027.95,1028.15,1027.2,1027.2,51259
2026-06-18 10:30:00,1027.45,1027.95,1026.75,1027.8,91155
2026-06-18 10:35:00,1027.7,1028.35,1025.6,1025.75,104762
2026-06-18 10:40:00,1025.75,1026.45,1024.45,1025.95,103218
2026-06-18 10:45:00,1025.55,1026.9,1025.3,1025.9,53231
2026-06-18 10:50:00,1025.9,1029.45,1025.5,1029.3,125156
2026-06-18 10:55:00,1029.3,1030.5,1028.6,1030.4,131563
2026-06-18 11:00:00,1030.5,1030.75,1029.25,1029.7,47381
2026-06-18 11:05:00,1029.7,1030.0,1028.25,1028.85,66923
2026-06-18 11:10:00,1029.0,1030.35,1028.6,1030.0,76091
2026-06-18 11:15:00,1030.0,1030.35,1029.2,1029.8,49498
2026-06-18 11:20:00,1029.85,1030.5,1029.1,1029.95,77944
2026-06-18 11:25:00,1030.0,1030.9,1029.9,1030.75,60900
2026-06-18 11:30:00,1030.9,1034.9,1030.6,1034.35,321710
2026-06-18 11:35:00,1034.2,1037.0,1033.75,1036.8,259754
2026-06-18 11:40:00,1036.9,1041.0,1036.15,1040.4,502258
2026-06-18 11:45:00,1040.4,1044.85,1040.4,1044.45,672404
2026-06-18 11:50:00,1044.3,1045.7,1042.75,1043.0,633530
2026-06-18 11:55:00,1042.75,1044.0,1042.1,1042.5,184316
2026-06-18 12:00:00,1042.6,1043.5,1041.5,1043.1,157598
2026-06-18 12:05:00,1043.2,1043.35,1042.05,1042.65,111479
2026-06-18 12:10:00,1042.45,1042.6,1039.35,1039.5,169522
2026-06-18 12:15:00,1039.8,1040.0,1038.8,1039.2,106310
2026-06-18 12:20:00,1039.15,1039.4,1037.9,1039.1,109026
2026-06-18 12:25:00,1039.1,1040.0,1038.5,1039.0,80807
2026-06-18 12:30:00,1038.75,1039.6,1038.3,1039.5,56081
2026-06-18 12:35:00,1039.5,1039.95,1038.55,1039.9,51893
2026-06-18 12:40:00,1039.95,1040.9,1039.75,1040.4,62904
2026-06-18 12:45:00,1040.45,1041.0,1039.55,1040.05,64133
2026-06-18 12:50:00,1040.25,1040.55,1039.65,1040.25,46640
2026-06-18 12:55:00,1040.25,1041.35,1039.9,1040.5,47230
2026-06-18 13:00:00,1040.5,1040.9,1039.85,1040.5,48350
2026-06-18 13:05:00,1040.55,1040.75,1038.45,1038.7,75040
2026-06-18 13:10:00,1038.5,1038.7,1037.9,1038.6,50524
2026-06-18 13:15:00,1038.65,1039.1,1037.5,1038.05,116247
2026-06-18 13:20:00,1038.2,1038.4,1037.5,1038.05,66652
2026-06-18 13:25:00,1038.2,1040.0,1037.55,1039.6,106102
2026-06-18 13:30:00,1039.6,1041.8,1038.95,1041.5,144256
2026-06-18 13:35:00,1041.5,1042.0,1040.95,1041.1,107445
2026-06-18 13:40:00,1041.2,1041.2,1040.05,1040.3,60458
2026-06-18 13:45:00,1040.55,1040.75,1039.3,1040.4,105401
2026-06-18 13:50:00,1040.4,1040.7,1040.0,1040.25,50313
2026-06-18 13:55:00,1040.25,1041.3,1040.1,1040.45,99923
2026-06-18 14:00:00,1040.55,1042.4,1040.45,1042.1,101078
2026-06-18 14:05:00,1042.0,1043.4,1042.0,1043.0,255218
2026-06-18 14:10:00,1043.05,1043.2,1042.65,1043.0,207964
2026-06-18 14:15:00,1043.05,1043.15,1042.45,1043.0,185368
2026-06-18 14:20:00,1043.1,1044.4,1042.9,1044.0,234896
2026-06-18 14:25:00,1044.05,1045.4,1043.15,1043.35,307765
2026-06-18 14:30:00,1043.3,1043.45,1041.65,1042.5,106692
2026-06-18 14:35:00,1042.55,1042.85,1041.0,1041.65,164813
2026-06-18 14:40:00,1041.8,1042.6,1041.6,1042.35,94748
2026-06-18 14:45:00,1042.55,1043.3,1041.5,1041.8,157950
2026-06-18 14:50:00,1041.85,1042.8,1041.45,1042.6,125917
2026-06-18 14:55:00,1042.65,1042.75,1041.8,1042.2,56507
2026-06-18 15:00:00,1042.35,1042.8,1040.6,1040.85,304080
2026-06-18 15:05:00,1040.85,1043.9,1040.5,1043.7,279827
2026-06-18 15:10:00,1043.9,1044.5,1042.2,1043.75,285053
2026-06-18 15:15:00,1043.75,1044.95,1042.0,1043.0,366620
2026-06-18 15:20:00,1043.05,1043.9,1042.55,1042.85,253178
2026-06-18 15:25:00,1042.8,1043.0,1040.65,1042.5,286145
2026-06-19 09:15:00,1042.0,1042.0,1038.8,1040.0,237831
2026-06-19 09:20:00,1039.7,1040.0,1036.65,1038.25,161585
2026-06-19 09:25:00,1038.25,1038.25,1037.0,1037.45,65001
2026-06-19 09:30:00,1037.45,1037.5,1035.5,1036.9,68089
2026-06-19 09:35:00,1037.0,1037.85,1036.25,1037.3,85403
2026-06-19 09:40:00,1037.35,1037.6,1035.8,1035.8,81274
2026-06-19 09:45:00,1036.15,1036.15,1034.55,1034.95,139889
2026-06-19 09:50:00,1035.2,1035.2,1034.0,1034.9,87842
2026-06-19 09:55:00,1034.95,1035.2,1034.65,1035.15,55632
2026-06-19 10:00:00,1035.15,1035.3,1034.05,1035.0,59552
2026-06-19 10:05:00,1035.15,1035.7,1034.5,1035.35,82960
2026-06-19 10:10:00,1035.5,1036.6,1034.85,1035.7,207466
2026-06-19 10:15:00,1035.15,1036.35,1034.85,1035.15,105478
2026-06-19 10:20:00,1035.65,1035.9,1034.8,1035.3,109613
2026-06-19 10:25:00,1035.4,1035.85,1034.5,1034.75,49594
2026-06-19 10:30:00,1034.75,1034.8,1032.6,1033.5,270709
2026-06-19 10:35:00,1033.7,1033.85,1032.8,1033.0,70195
2026-06-19 10:40:00,1033.3,1033.85,1032.5,1033.6,52182
2026-06-19 10:45:00,1033.6,1033.8,1032.1,1032.5,77083
2026-06-19 10:50:00,1032.55,1032.65,1030.8,1031.1,117454
2026-06-19 10:55:00,1031.0,1031.1,1030.05,1030.55,109116
2026-06-19 11:00:00,1030.6,1032.75,1030.2,1031.9,89757
2026-06-19 11:05:00,1031.9,1033.45,1031.65,1033.15,58678
2026-06-19 11:10:00,1033.35,1034.35,1033.15,1034.05,105136
2026-06-19 11:15:00,1034.1,1034.35,1033.0,1033.4,70279
2026-06-19 11:20:00,1033.45,1033.6,1032.25,1032.6,48873
2026-06-19 11:25:00,1032.6,1033.15,1032.4,1033.15,35848
2026-06-19 11:30:00,1033.15,1034.4,1032.5,1034.0,69311
2026-06-19 11:35:00,1034.0,1035.0,1033.85,1033.85,66444
2026-06-19 11:40:00,1033.85,1034.2,1032.8,1033.1,66344
2026-06-19 11:45:00,1033.35,1033.6,1032.3,1032.6,99457
2026-06-19 11:50:00,1032.6,1033.95,1032.5,1033.1,48882
2026-06-19 11:55:00,1033.25,1034.0,1032.5,1033.75,41833
2026-06-19 12:00:00,1033.9,1034.0,1033.3,1033.6,54484
2026-06-19 12:05:00,1033.8,1033.85,1032.95,1033.1,39092
2026-06-19 12:10:00,1033.4,1033.65,1032.4,1032.9,42678
2026-06-19 12:15:00,1032.9,1033.05,1032.05,1032.7,66400
2026-06-19 12:20:00,1032.9,1034.0,1032.7,1033.85,39517
2026-06-19 12:25:00,1033.85,1035.1,1033.8,1034.5,59036
2026-06-19 12:30:00,1034.55,1035.15,1034.35,1034.9,61951
2026-06-19 12:35:00,1034.9,1035.0,1034.15,1034.6,50145
2026-06-19 12:40:00,1034.6,1034.6,1032.4,1032.8,91926
2026-06-19 12:45:00,1032.7,1033.4,1032.4,1032.6,46018
2026-06-19 12:50:00,1032.6,1033.15,1032.5,1032.85,37748
2026-06-19 12:55:00,1032.85,1032.85,1030.9,1031.55,123305
2026-06-19 13:00:00,1031.55,1031.9,1030.6,1030.6,56684
2026-06-19 13:05:00,1030.9,1032.55,1029.3,1032.05,305770
2026-06-19 13:10:00,1032.1,1032.35,1031.2,1032.35,76851
2026-06-19 13:15:00,1032.15,1033.4,1032.0,1032.65,112327
2026-06-19 13:20:00,1032.65,1033.5,1032.15,1032.7,60876
2026-06-19 13:25:00,1032.7,1033.5,1032.7,1033.45,40385
2026-06-19 13:30:00,1033.4,1034.35,1032.75,1034.35,49731
2026-06-19 13:35:00,1034.35,1034.6,1033.5,1034.25,46386
2026-06-19 13:40:00,1034.35,1034.8,1034.05,1034.65,51505
2026-06-19 13:45:00,1034.65,1034.95,1034.0,1034.85,58248
2026-06-19 13:50:00,1034.85,1034.85,1034.0,1034.4,91986
2026-06-19 13:55:00,1034.3,1035.0,1033.35,1034.75,83988
2026-06-19 14:00:00,1035.0,1036.0,1034.75,1036.0,86193
2026-06-19 14:05:00,1036.0,1037.05,1035.55,1035.9,93534
2026-06-19 14:10:00,1035.8,1036.55,1035.35,1036.4,69709
2026-06-19 14:15:00,1036.45,1036.9,1035.6,1035.7,62564
2026-06-19 14:20:00,1035.7,1036.0,1034.45,1034.8,62702
2026-06-19 14:25:00,1034.8,1036.3,1034.6,1035.7,63157
2026-06-19 14:30:00,1035.7,1036.45,1035.65,1035.95,62676
2026-06-19 14:35:00,1036.0,1036.7,1035.6,1036.1,63066
2026-06-19 14:40:00,1036.2,1036.25,1035.25,1035.5,54071
2026-06-19 14:45:00,1035.7,1035.7,1035.0,1035.35,52215
2026-06-19 14:50:00,1035.4,1035.4,1033.5,1034.3,129429
2026-06-19 14:55:00,1034.35,1034.35,1032.15,1033.1,143108
2026-06-19 15:00:00,1033.15,1036.05,1032.5,1034.9,696259
2026-06-19 15:05:00,1035.0,1036.0,1034.6,1034.8,504856
2026-06-19 15:10:00,1034.8,1035.65,1033.6,1035.0,689310
2026-06-19 15:15:00,1035.0,1036.0,1034.6,1035.3,496533
2026-06-19 15:20:00,1035.25,1036.1,1035.2,1036.0,502608
2026-06-19 15:25:00,1036.0,1036.6,1035.0,1036.0,393059
2026-06-22 09:15:00,1038.0,1041.6,1037.5,1038.0,230593
2026-06-22 09:20:00,1038.0,1039.75,1036.65,1037.5,122313
2026-06-22 09:25:00,1037.55,1037.75,1036.05,1036.5,79514
2026-06-22 09:30:00,1036.8,1036.8,1034.0,1034.4,177748
2026-06-22 09:35:00,1034.45,1034.9,1033.8,1034.3,84285
2026-06-22 09:40:00,1034.4,1034.45,1033.6,1034.4,60841
2026-06-22 09:45:00,1034.35,1036.6,1034.05,1036.1,86784
2026-06-22 09:50:00,1036.1,1037.0,1036.05,1036.65,63813
2026-06-22 09:55:00,1036.95,1037.05,1035.15,1036.85,160045
2026-06-22 10:00:00,1036.85,1037.95,1035.8,1035.9,129771
2026-06-22 10:05:00,1035.8,1037.9,1035.6,1037.9,77915
2026-06-22 10:10:00,1037.9,1038.5,1037.05,1037.45,122756
2026-06-22 10:15:00,1037.4,1037.7,1035.7,1035.8,71627
2026-06-22 10:20:00,1036.05,1036.3,1035.55,1035.85,41093
2026-06-22 10:25:00,1035.85,1036.5,1035.25,1036.5,66349
2026-06-22 10:30:00,1036.5,1036.5,1035.75,1036.0,35207
2026-06-22 10:35:00,1036.0,1036.5,1035.25,1035.8,105918
2026-06-22 10:40:00,1035.55,1037.0,1035.55,1036.65,41957
2026-06-22 10:45:00,1036.65,1036.65,1035.0,1035.9,118775
2026-06-22 10:50:00,1035.9,1036.0,1035.55,1035.6,30657
2026-06-22 10:55:00,1035.7,1036.95,1035.55,1036.85,68777
2026-06-22 11:00:00,1036.9,1036.9,1036.25,1036.25,64198
2026-06-22 11:05:00,1036.5,1036.8,1036.25,1036.6,36527
2026-06-22 11:10:00,1036.65,1036.8,1035.4,1036.0,99463
2026-06-22 11:15:00,1036.0,1036.35,1035.6,1035.8,25495
2026-06-22 11:20:00,1035.8,1036.0,1035.3,1035.85,32761
2026-06-22 11:25:00,1035.85,1036.4,1035.5,1035.75,25808
2026-06-22 11:30:00,1035.75,1036.35,1035.7,1036.35,25281
2026-06-22 11:35:00,1036.15,1036.8,1036.15,1036.55,40504
2026-06-22 11:40:00,1036.55,1036.7,1035.95,1036.25,32553
2026-06-22 11:45:00,1036.2,1036.2,1035.6,1036.2,60506
2026-06-22 11:50:00,1036.0,1036.2,1035.8,1036.0,30099
2026-06-22 11:55:00,1036.0,1036.0,1035.65,1036.0,39862
2026-06-22 12:00:00,1036.0,1036.0,1035.25,1035.55,32139
2026-06-22 12:05:00,1035.55,1036.0,1035.5,1035.85,27094
2026-06-22 12:10:00,1035.85,1035.95,1035.15,1035.6,32237
2026-06-22 12:15:00,1035.3,1036.65,1035.3,1036.65,45948
2026-06-22 12:20:00,1036.5,1037.8,1036.5,1037.8,61073
2026-06-22 12:25:00,1037.8,1037.8,1036.9,1037.35,39848
2026-06-22 12:30:00,1037.35,1038.0,1036.85,1037.3,60538
2026-06-22 12:35:00,1037.05,1037.3,1036.6,1037.1,46400
2026-06-22 12:40:00,1037.1,1037.35,1036.7,1037.25,40594
2026-06-22 12:45:00,1037.25,1037.35,1036.5,1037.0,35339
2026-06-22 12:50:00,1037.2,1037.9,1036.75,1036.8,48997
2026-06-22 12:55:00,1037.0,1038.9,1037.0,1038.9,70705
2026-06-22 13:00:00,1038.85,1041.65,1038.25,1040.0,433513
2026-06-22 13:05:00,1039.75,1040.0,1039.05,1039.1,58937
2026-06-22 13:10:00,1039.3,1039.45,1037.2,1037.6,97345
2026-06-22 13:15:00,1037.75,1038.45,1037.1,1037.55,89173
2026-06-22 13:20:00,1037.55,1037.6,1036.65,1037.25,55756
2026-06-22 13:25:00,1037.5,1037.5,1037.0,1037.1,34769
2026-06-22 13:30:00,1037.1,1037.7,1037.0,1037.0,33443
2026-06-22 13:35:00,1037.25,1038.0,1037.0,1037.1,58187
2026-06-22 13:40:00,1037.05,1037.95,1036.1,1037.35,112055
2026-06-22 13:45:00,1037.35,1037.95,1037.2,1037.35,27050
2026-06-22 13:50:00,1037.4,1038.2,1037.25,1037.85,29883
2026-06-22 13:55:00,1038.2,1038.45,1037.1,1037.65,53376
2026-06-22 14:00:00,1037.65,1038.15,1037.3,1037.35,46679
2026-06-22 14:05:00,1037.45,1037.5,1037.0,1037.0,28848
2026-06-22 14:10:00,1037.05,1038.0,1035.9,1035.9,56817
2026-06-22 14:15:00,1035.75,1037.35,1035.1,1037.0,191019
2026-06-22 14:20:00,1037.25,1037.8,1036.85,1037.3,46234
2026-06-22 14:25:00,1037.75,1038.85,1037.25,1038.2,70493
2026-06-22 14:30:00,1038.2,1038.9,1037.7,1038.9,63552
2026-06-22 14:35:00,1038.85,1040.5,1038.85,1040.2,127380
2026-06-22 14:40:00,1040.05,1040.2,1039.75,1040.05,67200
2026-06-22 14:45:00,1040.2,1040.85,1039.85,1040.15,70161
2026-06-22 14:50:00,1040.1,1040.85,1040.0,1040.25,48557
2026-06-22 14:55:00,1040.3,1041.2,1039.95,1041.0,97340
2026-06-22 15:00:00,1041.05,1041.2,1039.8,1040.3,166802
2026-06-22 15:05:00,1040.3,1043.0,1040.3,1041.35,315582
2026-06-22 15:10:00,1041.3,1041.4,1040.8,1041.25,114101
2026-06-22 15:15:00,1041.2,1041.4,1040.0,1040.25,150478
2026-06-22 15:20:00,1040.2,1040.4,1039.85,1040.05,169121
2026-06-22 15:25:00,1040.05,1042.0,1039.4,1041.0,241058
2026-06-23 09:15:00,1041.0,1043.4,1037.8,1041.95,225246
2026-06-23 09:20:00,1042.3,1044.6,1042.1,1043.1,137222
2026-06-23 09:25:00,1043.1,1045.3,1043.1,1045.3,96361
2026-06-23 09:30:00,1045.35,1045.5,1043.6,1043.95,161726
2026-06-23 09:35:00,1044.15,1045.5,1043.55,1043.75,129290
2026-06-23 09:40:00,1044.2,1044.7,1040.7,1041.5,392491
2026-06-23 09:45:00,1041.45,1042.8,1040.0,1042.4,124928
2026-06-23 09:50:00,1042.4,1042.75,1041.4,1042.05,72898
2026-06-23 09:55:00,1042.3,1042.6,1041.15,1041.6,83208
2026-06-23 10:00:00,1041.6,1041.75,1040.5,1041.0,50884
2026-06-23 10:05:00,1040.9,1041.35,1038.55,1039.45,113580
2026-06-23 10:10:00,1039.5,1040.0,1038.2,1038.4,64311
2026-06-23 10:15:00,1038.35,1039.2,1038.1,1039.2,72154
2026-06-23 10:20:00,1039.4,1039.4,1037.6,1038.85,117154
2026-06-23 10:25:00,1038.7,1038.9,1038.0,1038.7,70952
2026-06-23 10:30:00,1038.8,1038.95,1038.0,1038.7,54265
2026-06-23 10:35:00,1038.45,1038.95,1038.0,1038.0,38837
2026-06-23 10:40:00,1038.3,1038.45,1036.05,1036.05,87108
2026-06-23 10:45:00,1036.2,1036.4,1035.3,1035.5,174168
2026-06-23 10:50:00,1035.85,1036.7,1035.6,1036.5,36817
2026-06-23 10:55:00,1036.3,1036.45,1036.0,1036.15,39666
2026-06-23 11:00:00,1036.15,1036.85,1035.4,1036.4,140381
2026-06-23 11:05:00,1036.45,1037.4,1036.0,1036.6,75532
2026-06-23 11:10:00,1036.8,1037.6,1036.3,1037.55,52253
2026-06-23 11:15:00,1036.95,1038.45,1036.95,1037.9,79811
2026-06-23 11:20:00,1037.85,1038.0,1036.4,1037.0,60306
2026-06-23 11:25:00,1037.35,1038.75,1036.65,1037.5,116459
2026-06-23 11:30:00,1037.75,1038.05,1036.8,1037.4,83232
2026-06-23 11:35:00,1037.4,1037.4,1036.0,1036.35,59722
2026-06-23 11:40:00,1036.0,1036.35,1035.1,1035.55,121788
2026-06-23 11:45:00,1035.8,1035.85,1033.5,1033.6,139421
2026-06-23 11:50:00,1033.55,1034.9,1033.35,1034.2,100263
2026-06-23 11:55:00,1034.35,1034.35,1032.6,1033.0,65475
2026-06-23 12:00:00,1033.05,1034.15,1032.2,1033.8,177227
2026-06-23 12:05:00,1033.8,1034.0,1032.4,1032.85,38557
2026-06-23 12:10:00,1032.85,1033.4,1031.75,1033.0,153290
2026-06-23 12:15:00,1033.0,1033.5,1032.1,1032.25,87786
2026-06-23 12:20:00,1032.35,1032.35,1029.15,1030.0,144869
2026-06-23 12:25:00,1029.95,1031.8,1029.65,1030.95,141292
2026-06-23 12:30:00,1030.75,1031.0,1030.1,1030.35,79575
2026-06-23 12:35:00,1030.5,1031.6,1030.25,1031.3,101685
2026-06-23 12:40:00,1031.3,1031.35,1030.25,1030.8,111532
2026-06-23 12:45:00,1030.8,1030.85,1029.55,1030.5,103325
2026-06-23 12:50:00,1030.55,1030.6,1030.0,1030.25,36693
2026-06-23 12:55:00,1030.25,1030.8,1030.0,1030.35,63316
2026-06-23 13:00:00,1030.35,1030.7,1029.35,1030.0,107609
2026-06-23 13:05:00,1030.25,1031.6,1029.65,1031.05,147256
2026-06-23 13:10:00,1031.05,1031.4,1030.05,1030.1,56834
2026-06-23 13:15:00,1030.2,1030.4,1029.0,1029.7,107187
2026-06-23 13:20:00,1029.6,1030.95,1029.55,1030.5,88913
2026-06-23 13:25:00,1030.5,1030.5,1028.75,1029.45,158751
2026-06-23 13:30:00,1029.65,1029.65,1027.6,1028.0,117150
2026-06-23 13:35:00,1028.0,1029.0,1027.1,1027.45,201155
2026-06-23 13:40:00,1027.55,1028.0,1026.9,1027.65,204644
2026-06-23 13:45:00,1027.9,1027.9,1024.8,1025.1,275348
2026-06-23 13:50:00,1025.1,1025.45,1023.0,1025.0,224503
2026-06-23 13:55:00,1024.9,1025.0,1023.5,1024.05,137056
2026-06-23 14:00:00,1024.3,1025.5,1023.5,1025.45,81848
2026-06-23 14:05:00,1025.4,1025.7,1024.2,1024.8,121203
2026-06-23 14:10:00,1025.0,1026.95,1024.75,1026.0,93962
2026-06-23 14:15:00,1026.2,1026.2,1024.65,1025.0,101643
2026-06-23 14:20:00,1024.65,1025.9,1024.5,1025.9,87062
2026-06-23 14:25:00,1025.9,1027.55,1025.8,1026.9,137121
2026-06-23 14:30:00,1027.0,1027.0,1025.4,1025.85,50458
2026-06-23 14:35:00,1026.0,1026.45,1025.4,1025.9,43438
2026-06-23 14:40:00,1025.9,1028.7,1025.25,1027.8,136245
2026-06-23 14:45:00,1028.05,1029.25,1026.2,1027.0,258804
2026-06-23 14:50:00,1027.25,1027.8,1026.0,1027.25,162604
2026-06-23 14:55:00,1027.35,1027.95,1026.5,1026.65,176444
2026-06-23 15:00:00,1026.8,1027.5,1023.9,1025.05,430609
2026-06-23 15:05:00,1025.3,1025.8,1024.4,1024.7,412982
2026-06-23 15:10:00,1024.7,1026.15,1023.8,1024.65,481718
2026-06-23 15:15:00,1024.6,1024.7,1022.4,1023.2,343805
2026-06-23 15:20:00,1023.2,1024.3,1022.4,1023.15,410136
2026-06-23 15:25:00,1022.95,1025.0,1022.35,1024.0,358673
2026-06-24 09:15:00,1024.0,1029.3,1023.65,1026.8,257829
2026-06-24 09:20:00,1026.8,1028.5,1026.2,1026.8,124469
2026-06-24 09:25:00,1026.75,1027.6,1025.2,1025.95,104410
2026-06-24 09:30:00,1025.75,1026.9,1022.1,1023.15,196660
2026-06-24 09:35:00,1023.1,1023.65,1021.0,1021.55,178083
2026-06-24 09:40:00,1021.55,1024.8,1021.45,1023.15,105015
2026-06-24 09:45:00,1023.35,1024.2,1021.7,1021.7,57875
2026-06-24 09:50:00,1021.85,1022.3,1020.5,1021.45,84469
2026-06-24 09:55:00,1021.7,1022.85,1021.55,1022.35,91693
2026-06-24 10:00:00,1022.35,1026.4,1022.3,1025.65,127483
2026-06-24 10:05:00,1025.5,1026.2,1025.05,1025.25,71130
2026-06-24 10:10:00,1025.3,1027.2,1025.2,1025.75,90453
2026-06-24 10:15:00,1025.6,1026.4,1025.15,1025.5,59693
2026-06-24 10:20:00,1025.55,1026.9,1025.2,1026.8,44934
2026-06-24 10:25:00,1026.8,1026.9,1025.0,1025.0,49184
2026-06-24 10:30:00,1025.3,1025.6,1023.95,1025.25,75359
2026-06-24 10:35:00,1025.25,1025.25,1024.3,1024.5,40127
2026-06-24 10:40:00,1024.5,1025.25,1024.15,1024.45,36531
2026-06-24 10:45:00,1024.3,1026.25,1024.3,1025.5,44138
2026-06-24 10:50:00,1025.5,1026.7,1024.6,1026.3,57444
2026-06-24 10:55:00,1026.3,1026.8,1025.85,1025.9,51937
2026-06-24 11:00:00,1025.9,1026.7,1025.85,1026.05,42142
2026-06-24 11:05:00,1026.25,1027.95,1026.1,1027.85,65757
2026-06-24 11:10:00,1027.7,1029.9,1027.3,1029.5,187713
2026-06-24 11:15:00,1029.7,1030.5,1029.0,1029.7,196154
2026-06-24 11:20:00,1029.95,1031.65,1029.65,1030.55,132709
2026-06-24 11:25:00,1030.65,1031.95,1029.45,1031.95,240962
2026-06-24 11:30:00,1031.95,1033.0,1031.1,1032.3,122221
2026-06-24 11:35:00,1032.2,1033.4,1032.0,1033.0,165935
2026-06-24 11:40:00,1033.0,1036.5,1032.85,1036.5,208577
2026-06-24 11:45:00,1036.5,1039.3,1036.2,1038.85,241987
2026-06-24 11:50:00,1039.0,1039.7,1037.55,1039.35,185851
2026-06-24 11:55:00,1039.3,1040.65,1038.9,1040.0,494198
2026-06-24 12:00:00,1040.0,1040.2,1039.0,1039.4,85325
2026-06-24 12:05:00,1039.4,1040.8,1039.35,1040.25,316641
2026-06-24 12:10:00,1040.25,1040.25,1038.5,1039.0,187136
2026-06-24 12:15:00,1039.0,1042.8,1038.9,1041.6,282393
2026-06-24 12:20:00,1041.6,1044.5,1041.2,1044.4,199443
2026-06-24 12:25:00,1044.45,1044.5,1042.65,1042.85,120954
2026-06-24 12:30:00,1042.85,1043.2,1040.0,1041.7,132678
2026-06-24 12:35:00,1041.7,1041.7,1039.55,1040.6,147954
2026-06-24 12:40:00,1040.6,1041.0,1040.0,1040.05,91756
2026-06-24 12:45:00,1040.15,1040.45,1038.5,1038.8,247419
2026-06-24 12:50:00,1038.7,1039.95,1038.6,1039.45,59128
2026-06-24 12:55:00,1039.5,1040.0,1039.0,1039.7,41570
2026-06-24 13:00:00,1039.8,1040.5,1039.1,1039.45,75917
2026-06-24 13:05:00,1039.4,1039.85,1038.3,1039.45,89255
2026-06-24 13:10:00,1039.6,1041.9,1039.5,1041.7,84610
2026-06-24 13:15:00,1041.7,1042.85,1041.35,1042.8,118141
2026-06-24 13:20:00,1042.8,1043.75,1042.1,1042.4,103170
2026-06-24 13:25:00,1042.4,1042.85,1041.95,1042.65,56575
2026-06-24 13:30:00,1042.75,1042.8,1041.45,1042.0,56069
2026-06-24 13:35:00,1041.95,1042.95,1041.75,1042.55,68739
2026-06-24 13:40:00,1042.4,1043.0,1042.1,1042.4,85487
2026-06-24 13:45:00,1042.5,1043.0,1041.75,1042.05,84362
2026-06-24 13:50:00,1042.05,1042.4,1040.7,1041.85,69302
2026-06-24 13:55:00,1041.8,1041.85,1040.2,1041.2,64372
2026-06-24 14:00:00,1041.2,1041.45,1040.0,1040.5,83206
2026-06-24 14:05:00,1040.3,1042.0,1040.0,1040.55,409134
2026-06-24 14:10:00,1040.5,1042.0,1040.0,1040.15,171685
2026-06-24 14:15:00,1040.1,1040.8,1039.2,1039.35,226030
2026-06-24 14:20:00,1039.3,1039.8,1037.2,1038.45,123218
2026-06-24 14:25:00,1038.1,1039.0,1037.55,1038.5,98391
2026-06-24 14:30:00,1038.55,1040.85,1038.0,1040.65,164930
2026-06-24 14:35:00,1040.65,1041.0,1039.5,1040.05,268873
2026-06-24 14:40:00,1040.4,1041.0,1040.0,1040.05,129589
2026-06-24 14:45:00,1040.0,1040.5,1038.2,1038.2,159262
2026-06-24 14:50:00,1038.1,1039.5,1038.0,1039.05,124141
2026-06-24 14:55:00,1039.25,1040.25,1037.85,1037.95,580682
2026-06-24 15:00:00,1038.15,1038.15,1034.65,1034.95,375861
2026-06-24 15:05:00,1034.9,1035.7,1034.5,1035.05,673038
2026-06-24 15:10:00,1035.0,1035.05,1033.2,1033.5,264428
2026-06-24 15:15:00,1033.45,1034.4,1033.25,1034.25,280878
2026-06-24 15:20:00,1034.15,1034.65,1033.55,1034.35,275939
2026-06-24 15:25:00,1034.5,1035.5,1034.0,1034.5,194920
2026-06-25 09:15:00,1040.0,1046.65,1038.55,1042.9,744230
2026-06-25 09:20:00,1042.9,1046.8,1042.7,1046.0,482477
2026-06-25 09:25:00,1046.4,1049.5,1045.5,1049.1,524484
2026-06-25 09:30:00,1049.1,1050.75,1046.85,1050.75,593996
2026-06-25 09:35:00,1050.3,1051.9,1050.3,1051.65,354418
2026-06-25 09:40:00,1051.6,1052.1,1050.5,1051.55,316992
2026-06-25 09:45:00,1051.55,1053.5,1051.4,1051.75,328289
2026-06-25 09:50:00,1051.7,1051.8,1050.65,1051.6,304919
2026-06-25 09:55:00,1051.45,1051.7,1049.8,1050.25,283758
2026-06-25 10:00:00,1050.4,1051.0,1049.7,1050.0,237887
2026-06-25 10:05:00,1050.05,1050.3,1047.5,1048.0,305854
2026-06-25 10:10:00,1047.9,1049.7,1047.7,1049.15,178683
2026-06-25 10:15:00,1049.4,1049.5,1047.6,1048.0,128071
2026-06-25 10:20:00,1048.2,1048.6,1046.5,1048.3,215366
2026-06-25 10:25:00,1048.3,1049.85,1048.0,1049.6,186805
2026-06-25 10:30:00,1049.8,1051.45,1049.5,1050.3,205625
2026-06-25 10:35:00,1050.4,1050.45,1048.85,1049.3,90578
2026-06-25 10:40:00,1049.25,1050.1,1049.0,1049.75,140493
2026-06-25 10:45:00,1049.5,1050.85,1049.4,1050.5,62791
2026-06-25 10:50:00,1050.8,1050.8,1049.1,1049.55,64049
2026-06-25 10:55:00,1049.55,1050.8,1049.25,1050.3,169658
2026-06-25 11:00:00,1050.3,1050.6,1049.15,1049.9,82318
2026-06-25 11:05:00,1049.9,1050.35,1049.55,1049.8,128566
2026-06-25 11:10:00,1049.65,1050.9,1049.35,1050.45,168503
2026-06-25 11:15:00,1050.45,1050.95,1049.8,1050.6,117266
2026-06-25 11:20:00,1050.6,1051.5,1050.3,1050.95,119169
2026-06-25 11:25:00,1050.95,1051.2,1050.3,1050.75,55595
2026-06-25 11:30:00,1050.75,1050.9,1050.1,1050.55,43332
2026-06-25 11:35:00,1050.55,1050.95,1050.15,1050.8,55792
2026-06-25 11:40:00,1050.85,1050.95,1050.05,1050.85,108644
2026-06-25 11:45:00,1050.85,1051.0,1050.25,1050.4,93059
2026-06-25 11:50:00,1050.55,1052.65,1050.25,1052.5,268052
2026-06-25 11:55:00,1052.35,1054.0,1052.25,1053.55,235434
2026-06-25 12:00:00,1053.55,1055.4,1053.4,1055.0,369750
2026-06-25 12:05:00,1055.25,1055.4,1054.45,1054.8,184235
2026-06-25 12:10:00,1054.8,1055.25,1053.1,1053.4,164629
2026-06-25 12:15:00,1053.2,1054.9,1052.75,1054.75,192113
2026-06-25 12:20:00,1054.8,1054.8,1052.5,1052.7,156813
2026-06-25 12:25:00,1052.75,1053.0,1051.0,1051.1,180271
2026-06-25 12:30:00,1051.15,1051.75,1050.05,1050.95,329357
2026-06-25 12:35:00,1050.95,1052.45,1050.45,1051.85,246879
2026-06-25 12:40:00,1051.9,1051.9,1050.1,1050.3,135923
2026-06-25 12:45:00,1050.55,1050.7,1049.15,1049.75,150908
2026-06-25 12:50:00,1050.0,1050.15,1049.35,1049.85,128753
2026-06-25 12:55:00,1049.65,1051.45,1049.6,1051.2,142004
2026-06-25 13:00:00,1051.0,1052.45,1050.55,1051.75,129060
2026-06-25 13:05:00,1051.5,1052.25,1050.75,1051.4,94563
2026-06-25 13:10:00,1051.15,1051.3,1049.6,1049.8,150616
2026-06-25 13:15:00,1049.85,1050.75,1049.7,1050.7,129239
2026-06-25 13:20:00,1050.5,1051.7,1050.2,1051.7,153974
2026-06-25 13:25:00,1051.65,1051.7,1050.3,1050.7,171341
2026-06-25 13:30:00,1051.1,1051.1,1049.7,1050.35,161470
2026-06-25 13:35:00,1050.35,1052.0,1050.15,1051.95,73396
2026-06-25 13:40:00,1052.0,1053.0,1052.0,1052.2,107773
2026-06-25 13:45:00,1052.2,1052.5,1051.0,1051.5,117332
2026-06-25 13:50:00,1051.5,1051.85,1050.5,1050.55,105331
2026-06-25 13:55:00,1050.7,1050.8,1049.8,1049.8,172890
2026-06-25 14:00:00,1049.8,1050.4,1049.25,1049.75,243760
2026-06-25 14:05:00,1049.7,1050.0,1048.2,1048.45,215250
2026-06-25 14:10:00,1048.3,1048.6,1046.0,1046.1,274948
2026-06-25 14:15:00,1046.1,1047.3,1045.55,1046.45,237283
2026-06-25 14:20:00,1046.8,1048.1,1046.5,1047.75,276210
2026-06-25 14:25:00,1047.7,1048.0,1046.5,1047.4,162127
2026-06-25 14:30:00,1047.65,1048.4,1046.8,1046.9,96253
2026-06-25 14:35:00,1047.0,1048.45,1046.9,1047.75,229717
2026-06-25 14:40:00,1047.75,1048.4,1045.15,1045.3,192907
2026-06-25 14:45:00,1045.3,1046.8,1044.8,1045.7,220554
2026-06-25 14:50:00,1045.7,1048.35,1045.6,1047.55,163484
2026-06-25 14:55:00,1047.4,1048.4,1046.15,1047.0,140574
2026-06-25 15:00:00,1046.65,1046.75,1043.7,1044.85,482390
2026-06-25 15:05:00,1044.85,1046.3,1043.75,1045.65,403375
2026-06-25 15:10:00,1045.6,1046.7,1045.1,1045.9,415263
2026-06-25 15:15:00,1045.9,1046.9,1045.0,1045.4,345671
2026-06-25 15:20:00,1045.35,1046.4,1044.6,1045.1,281767
2026-06-25 15:25:00,1045.25,1046.0,1044.85,1046.0,204354
2026-06-29 09:15:00,1044.45,1046.0,1040.1,1042.5,459402
2026-06-29 09:20:00,1042.5,1044.45,1041.55,1041.8,167614
2026-06-29 09:25:00,1041.9,1042.6,1040.35,1042.5,115616
2026-06-29 09:30:00,1042.5,1042.95,1040.7,1040.7,144376
2026-06-29 09:35:00,1040.6,1042.45,1040.6,1042.05,137093
2026-06-29 09:40:00,1042.05,1044.9,1040.65,1043.95,195932
2026-06-29 09:45:00,1043.75,1043.95,1041.8,1042.1,130438
2026-06-29 09:50:00,1042.25,1043.5,1041.4,1043.5,122751
2026-06-29 09:55:00,1043.5,1043.5,1042.0,1042.2,93773
2026-06-29 10:00:00,1042.25,1042.5,1040.0,1040.25,176025
2026-06-29 10:05:00,1040.0,1043.9,1039.6,1042.75,140242
2026-06-29 10:10:00,1042.75,1043.0,1041.05,1041.05,112820
2026-06-29 10:15:00,1040.9,1041.55,1040.2,1041.25,112162
2026-06-29 10:20:00,1041.4,1043.5,1041.15,1043.35,150748
2026-06-29 10:25:00,1043.25,1046.4,1042.9,1044.7,216581
2026-06-29 10:30:00,1044.7,1045.35,1043.3,1043.4,104435
2026-06-29 10:35:00,1043.35,1043.9,1041.95,1042.9,97970
2026-06-29 10:40:00,1042.9,1044.8,1042.4,1044.8,87820
2026-06-29 10:45:00,1044.55,1045.0,1042.8,1043.95,143017
2026-06-29 10:50:00,1043.95,1043.95,1041.5,1042.35,87469
2026-06-29 10:55:00,1042.0,1043.25,1041.6,1042.75,57486
2026-06-29 11:00:00,1042.75,1043.85,1042.0,1043.4,61325
2026-06-29 11:05:00,1043.5,1044.35,1042.0,1042.8,105401
2026-06-29 11:10:00,1042.5,1043.35,1041.9,1042.45,88004
2026-06-29 11:15:00,1042.35,1043.25,1041.9,1042.6,53429
2026-06-29 11:20:00,1042.35,1042.8,1041.95,1042.8,57132
2026-06-29 11:25:00,1042.9,1043.0,1042.15,1042.55,58695
2026-06-29 11:30:00,1042.5,1043.0,1037.15,1037.9,190410
2026-06-29 11:35:00,1037.9,1038.25,1036.55,1037.3,129825
2026-06-29 11:40:00,1037.35,1038.0,1036.9,1037.55,78165
2026-06-29 11:45:00,1037.25,1038.0,1036.8,1037.45,65157
2026-06-29 11:50:00,1037.5,1037.5,1035.45,1035.55,79798
2026-06-29 11:55:00,1035.5,1036.7,1034.45,1036.4,148457
2026-06-29 12:00:00,1036.35,1037.1,1036.0,1036.15,51047
2026-06-29 12:05:00,1036.0,1036.45,1035.55,1036.2,51593
2026-06-29 12:10:00,1036.2,1036.3,1034.5,1035.05,62181
2026-06-29 12:15:00,1035.0,1035.35,1032.35,1033.0,117557
2026-06-29 12:20:00,1032.85,1034.2,1032.75,1033.65,81859
2026-06-29 12:25:00,1033.65,1034.15,1033.0,1033.2,51175
2026-06-29 12:30:00,1033.2,1034.15,1032.15,1032.55,84773
2026-06-29 12:35:00,1032.4,1033.0,1031.05,1031.25,134817
2026-06-29 12:40:00,1031.25,1033.85,1031.0,1033.55,85093
2026-06-29 12:45:00,1033.5,1033.85,1032.1,1032.25,68570
2026-06-29 12:50:00,1032.25,1033.1,1031.75,1032.05,137620
2026-06-29 12:55:00,1032.05,1032.8,1032.0,1032.2,47428
2026-06-29 13:00:00,1032.1,1033.15,1031.55,1032.95,73919
2026-06-29 13:05:00,1032.8,1033.55,1032.0,1033.15,45957
2026-06-29 13:10:00,1032.9,1033.4,1032.2,1032.6,75804
2026-06-29 13:15:00,1032.6,1032.85,1031.65,1031.95,58974
2026-06-29 13:20:00,1031.95,1033.05,1031.8,1033.0,61563
2026-06-29 13:25:00,1033.2,1033.8,1032.5,1032.5,49623
2026-06-29 13:30:00,1032.55,1033.2,1030.85,1031.55,178270
2026-06-29 13:35:00,1031.5,1034.55,1031.5,1034.0,111095
2026-06-29 13:40:00,1033.65,1035.5,1033.4,1033.95,66893
2026-06-29 13:45:00,1034.1,1035.5,1033.95,1034.75,91516
2026-06-29 13:50:00,1034.75,1036.0,1034.0,1035.35,98855
2026-06-29 13:55:00,1035.6,1036.4,1035.0,1035.85,87327
2026-06-29 14:00:00,1035.65,1037.85,1035.55,1036.5,126119
2026-06-29 14:05:00,1036.6,1037.65,1036.5,1037.0,67477
2026-06-29 14:10:00,1036.95,1037.85,1036.9,1037.75,80947
2026-06-29 14:15:00,1037.75,1037.85,1037.0,1037.45,72226
2026-06-29 14:20:00,1037.45,1037.8,1036.25,1036.25,60371
2026-06-29 14:25:00,1036.15,1037.7,1036.0,1037.4,70293
2026-06-29 14:30:00,1037.35,1037.85,1037.2,1037.8,73209
2026-06-29 14:35:00,1037.75,1037.8,1037.0,1037.4,72663
2026-06-29 14:40:00,1037.4,1037.85,1037.4,1037.8,136684
2026-06-29 14:45:00,1037.75,1037.85,1037.35,1037.7,99340
2026-06-29 14:50:00,1037.7,1037.8,1036.3,1037.6,118372
2026-06-29 14:55:00,1037.35,1037.7,1036.55,1036.9,139573
2026-06-29 15:00:00,1036.95,1039.35,1035.1,1036.5,1698553
2026-06-29 15:05:00,1036.55,1038.4,1035.95,1037.05,1678856
2026-06-29 15:10:00,1037.1,1037.1,1034.5,1035.8,1720573
2026-06-29 15:15:00,1035.65,1036.55,1034.5,1035.0,1675700
2026-06-29 15:20:00,1035.25,1037.3,1034.0,1036.95,1771465
2026-06-29 15:25:00,1036.95,1040.0,1035.65,1038.95,934394
2026-06-30 09:15:00,1040.0,1041.75,1036.1,1037.2,301253
2026-06-30 09:20:00,1037.25,1037.85,1033.75,1034.1,202776
2026-06-30 09:25:00,1033.85,1035.95,1033.3,1034.2,118710
2026-06-30 09:30:00,1034.2,1036.0,1033.5,1035.1,135258
2026-06-30 09:35:00,1035.1,1037.7,1034.95,1036.85,133092
2026-06-30 09:40:00,1036.55,1037.5,1035.4,1036.5,82231
2026-06-30 09:45:00,1036.7,1037.85,1035.9,1037.55,116991
2026-06-30 09:50:00,1037.55,1039.2,1037.5,1038.65,87209
2026-06-30 09:55:00,1038.95,1041.95,1038.7,1041.0,99569
2026-06-30 10:00:00,1040.65,1041.6,1040.5,1041.25,39381
2026-06-30 10:05:00,1041.3,1041.3,1038.0,1038.2,56319
2026-06-30 10:10:00,1038.15,1040.45,1037.5,1039.65,185837
2026-06-30 10:15:00,1039.65,1040.0,1038.8,1039.3,27250
2026-06-30 10:20:00,1039.3,1039.3,1037.9,1038.5,57315
2026-06-30 10:25:00,1038.5,1039.85,1037.05,1037.4,159432
2026-06-30 10:30:00,1037.65,1037.7,1036.45,1037.7,61511
2026-06-30 10:35:00,1037.7,1038.5,1036.95,1037.7,146384
2026-06-30 10:40:00,1037.45,1038.0,1036.4,1036.8,45404
2026-06-30 10:45:00,1036.5,1037.75,1036.2,1037.75,67140
2026-06-30 10:50:00,1037.7,1038.0,1035.55,1036.0,64289
2026-06-30 10:55:00,1036.0,1036.9,1035.0,1035.55,81720
2026-06-30 11:00:00,1035.55,1037.3,1035.55,1037.25,49857
2026-06-30 11:05:00,1037.1,1038.0,1036.55,1037.15,51279
2026-06-30 11:10:00,1037.45,1041.4,1036.8,1040.5,112341
2026-06-30 11:15:00,1040.55,1041.0,1038.1,1038.8,68343
2026-06-30 11:20:00,1038.8,1043.85,1038.8,1043.85,251773
2026-06-30 11:25:00,1043.9,1044.0,1041.45,1042.6,194610
2026-06-30 11:30:00,1042.5,1043.3,1039.65,1040.9,197886
2026-06-30 11:35:00,1040.85,1040.95,1039.0,1039.95,86246
2026-06-30 11:40:00,1039.95,1040.85,1038.2,1038.55,51678
2026-06-30 11:45:00,1038.55,1038.8,1036.65,1037.6,67531
2026-06-30 11:50:00,1037.6,1040.3,1037.0,1040.2,138316
2026-06-30 11:55:00,1040.2,1040.85,1039.25,1040.25,172018
2026-06-30 12:00:00,1040.5,1041.0,1037.6,1038.05,167374
2026-06-30 12:05:00,1038.05,1038.3,1037.15,1037.5,39221
2026-06-30 12:10:00,1037.5,1038.5,1036.6,1038.1,102434
2026-06-30 12:15:00,1038.1,1038.7,1036.5,1037.1,50525
2026-06-30 12:20:00,1037.0,1038.0,1036.5,1037.85,76401
2026-06-30 12:25:00,1037.85,1037.95,1037.05,1037.45,20711
2026-06-30 12:30:00,1037.45,1037.7,1035.45,1035.95,108363
2026-06-30 12:35:00,1035.7,1037.5,1035.55,1037.0,64760
2026-06-30 12:40:00,1036.85,1037.85,1036.65,1037.05,38634
2026-06-30 12:45:00,1037.05,1040.65,1036.6,1040.5,130776
2026-06-30 12:50:00,1040.5,1040.5,1038.4,1039.5,74174
2026-06-30 12:55:00,1039.25,1040.7,1038.25,1039.5,291022
2026-06-30 13:00:00,1039.5,1039.75,1037.25,1039.15,114709
2026-06-30 13:05:00,1039.15,1039.5,1037.55,1038.25,53102
2026-06-30 13:10:00,1037.95,1038.95,1037.2,1037.85,71342
2026-06-30 13:15:00,1037.9,1039.05,1036.7,1037.1,107318
2026-06-30 13:20:00,1037.25,1037.65,1036.05,1036.35,77555
2026-06-30 13:25:00,1036.35,1037.95,1036.1,1037.0,70791
2026-06-30 13:30:00,1036.85,1037.7,1036.05,1036.6,134713
2026-06-30 13:35:00,1036.65,1037.1,1035.9,1036.1,120566
2026-06-30 13:40:00,1036.1,1037.5,1035.85,1036.55,117873
2026-06-30 13:45:00,1036.55,1037.1,1035.8,1035.95,77098
2026-06-30 13:50:00,1035.9,1036.55,1034.0,1034.1,182594
2026-06-30 13:55:00,1034.0,1034.15,1032.05,1033.6,245052
2026-06-30 14:00:00,1033.7,1034.0,1029.65,1029.7,323708
2026-06-30 14:05:00,1029.85,1029.85,1028.05,1029.6,149723
2026-06-30 14:10:00,1029.6,1031.45,1029.35,1030.5,137991
2026-06-30 14:15:00,1030.7,1031.05,1028.65,1030.0,175583
2026-06-30 14:20:00,1030.05,1034.25,1029.7,1034.15,270617
2026-06-30 14:25:00,1034.2,1036.1,1032.5,1033.5,302622
2026-06-30 14:30:00,1033.45,1034.5,1031.8,1032.4,125446
2026-06-30 14:35:00,1032.6,1033.15,1031.0,1031.55,121504
2026-06-30 14:40:00,1031.75,1032.1,1030.95,1031.1,164533
2026-06-30 14:45:00,1031.55,1031.75,1030.55,1031.1,105209
2026-06-30 14:50:00,1031.1,1031.75,1030.3,1031.1,87714
2026-06-30 14:55:00,1030.95,1032.5,1030.0,1030.45,155662
2026-06-30 15:00:00,1030.65,1030.65,1025.15,1025.75,612305
2026-06-30 15:05:00,1025.7,1028.1,1025.05,1026.55,651042
2026-06-30 15:10:00,1026.3,1028.45,1026.1,1027.4,510238
2026-06-30 15:15:00,1027.4,1027.4,1026.2,1026.85,404270
2026-06-30 15:20:00,1026.75,1026.9,1026.5,1026.55,287602
2026-06-30 15:25:00,1026.5,1029.9,1026.45,1029.9,310577
2026-07-01 09:15:00,1031.0,1031.9,1025.8,1027.3,254008
2026-07-01 09:20:00,1027.2,1028.2,1025.5,1026.6,103849
2026-07-01 09:25:00,1026.6,1027.5,1025.9,1026.5,67353
2026-07-01 09:30:00,1026.4,1027.5,1025.7,1026.3,76190
2026-07-01 09:35:00,1026.7,1029.4,1026.7,1029.1,49596
2026-07-01 09:40:00,1029.1,1030.0,1028.5,1029.0,81617
2026-07-01 09:45:00,1029.0,1029.9,1028.6,1029.1,51661
2026-07-01 09:50:00,1028.8,1029.5,1028.1,1029.3,28786
2026-07-01 09:55:00,1029.3,1031.0,1029.1,1030.7,74751
2026-07-01 10:00:00,1030.6,1031.0,1028.5,1028.8,70245
2026-07-01 10:05:00,1028.2,1030.0,1028.1,1029.6,51884
2026-07-01 10:10:00,1029.5,1031.5,1029.0,1030.9,83879
2026-07-01 10:15:00,1031.0,1034.0,1030.4,1033.8,108903
2026-07-01 10:20:00,1034.0,1035.9,1033.2,1035.2,142529
2026-07-01 10:25:00,1035.7,1036.1,1034.2,1035.8,120518
2026-07-01 10:30:00,1035.4,1036.0,1035.0,1035.4,112595
2026-07-01 10:35:00,1035.5,1037.8,1035.0,1035.7,89531
2026-07-01 10:40:00,1035.8,1036.6,1034.7,1035.5,101782
2026-07-01 10:45:00,1035.5,1036.5,1035.0,1036.0,37919
2026-07-01 10:50:00,1035.4,1036.1,1034.5,1035.7,39280
2026-07-01 10:55:00,1035.7,1036.5,1035.2,1035.5,26882
2026-07-01 11:00:00,1035.5,1035.9,1035.0,1035.3,18194
2026-07-01 11:05:00,1035.3,1036.0,1035.0,1035.9,19233
2026-07-01 11:10:00,1035.8,1036.1,1035.0,1036.1,47883
2026-07-01 11:15:00,1036.5,1036.8,1035.9,1035.9,35117
2026-07-01 11:20:00,1036.2,1036.6,1034.9,1035.3,29240
2026-07-01 11:25:00,1035.2,1035.8,1035.1,1035.8,16688
2026-07-01 11:30:00,1035.8,1036.0,1035.3,1035.7,18231
2026-07-01 11:35:00,1035.6,1037.0,1035.0,1036.7,72637
2026-07-01 11:40:00,1036.4,1037.0,1036.2,1037.0,23558
2026-07-01 11:45:00,1037.0,1038.3,1036.0,1036.7,164129
2026-07-01 11:50:00,1036.5,1036.9,1035.6,1036.2,18819
2026-07-01 11:55:00,1036.1,1037.3,1035.4,1037.3,26528
2026-07-01 12:00:00,1037.1,1037.2,1035.7,1036.7,22582
2026-07-01 12:05:00,1036.6,1038.5,1036.3,1038.0,71547
2026-07-01 12:10:00,1038.2,1038.7,1037.7,1038.0,47091
2026-07-01 12:15:00,1038.2,1039.5,1038.0,1038.5,69439
2026-07-01 12:20:00,1038.3,1039.8,1037.9,1039.7,85466
2026-07-01 12:25:00,1039.6,1040.9,1037.3,1037.7,113523
2026-07-01 12:30:00,1037.5,1039.6,1037.5,1039.1,26957
2026-07-01 12:35:00,1039.2,1040.9,1038.8,1040.8,55756
2026-07-01 12:40:00,1040.8,1040.8,1039.1,1039.5,27388
2026-07-01 12:45:00,1039.2,1041.3,1039.1,1041.0,79385
2026-07-01 12:50:00,1041.0,1041.5,1040.6,1041.2,77510
2026-07-01 12:55:00,1041.2,1041.5,1040.6,1041.0,58368
2026-07-01 13:00:00,1041.0,1042.0,1040.3,1041.7,162708
2026-07-01 13:05:00,1041.7,1042.5,1041.0,1041.0,81683
2026-07-01 13:10:00,1041.0,1042.3,1041.0,1041.7,30634
2026-07-01 13:15:00,1041.6,1042.5,1041.4,1041.6,67990
2026-07-01 13:20:00,1041.6,1042.0,1041.0,1041.5,25421
2026-07-01 13:25:00,1041.3,1042.3,1041.3,1041.7,33013
2026-07-01 13:30:00,1041.5,1042.2,1041.1,1041.7,52415
2026-07-01 13:35:00,1041.8,1043.0,1041.8,1042.8,65797
2026-07-01 13:40:00,1042.8,1042.9,1041.6,1042.5,79397
2026-07-01 13:45:00,1042.0,1042.5,1041.0,1041.4,55279
2026-07-01 13:50:00,1041.3,1041.7,1041.0,1041.0,33024
2026-07-01 13:55:00,1041.2,1041.8,1041.0,1041.2,60517
2026-07-01 14:00:00,1041.0,1042.6,1041.0,1042.6,93843
2026-07-01 14:05:00,1042.4,1044.8,1042.0,1044.6,124813
2026-07-01 14:10:00,1044.7,1046.0,1044.5,1045.4,84708
2026-07-01 14:15:00,1045.2,1045.5,1043.8,1044.1,55320
2026-07-01 14:20:00,1044.1,1045.7,1044.1,1045.4,43531
2026-07-01 14:25:00,1045.3,1045.4,1044.2,1044.3,26685
2026-07-01 14:30:00,1044.6,1044.8,1043.9,1044.5,41539
2026-07-01 14:35:00,1044.4,1045.0,1043.8,1044.0,48306
2026-07-01 14:40:00,1043.8,1044.5,1043.4,1044.0,72530
2026-07-01 14:45:00,1044.0,1045.0,1043.9,1044.5,53660
2026-07-01 14:50:00,1044.6,1047.5,1044.6,1047.5,173190
2026-07-01 14:55:00,1047.5,1049.5,1047.3,1049.0,199305
2026-07-01 15:00:00,1049.0,1049.9,1048.0,1049.8,216674
2026-07-01 15:05:00,1049.8,1049.8,1047.7,1048.2,233707
2026-07-01 15:10:00,1048.0,1049.8,1048.0,1048.7,352709
2026-07-01 15:15:00,1048.3,1048.7,1046.0,1046.0,219950
2026-07-01 15:20:00,1046.1,1046.3,1044.6,1044.8,238169
2026-07-01 15:25:00,1044.6,1045.9,1043.2,1044.0,248213
2026-07-02 09:15:00,1050.9,1053.3,1047.4,1049.7,619494
2026-07-02 09:20:00,1049.9,1051.3,1046.0,1050.9,364424
2026-07-02 09:25:00,1051.0,1052.8,1050.7,1051.0,253061
2026-07-02 09:30:00,1051.0,1053.0,1050.8,1051.2,195296
2026-07-02 09:35:00,1052.9,1056.9,1052.5,1056.8,386046
2026-07-02 09:40:00,1056.8,1059.4,1055.7,1056.3,331507
2026-07-02 09:45:00,1056.4,1058.4,1056.2,1058.3,132830
2026-07-02 09:50:00,1058.1,1059.8,1056.1,1057.0,224058
2026-07-02 09:55:00,1056.8,1057.0,1055.0,1056.2,191373
2026-07-02 10:00:00,1055.9,1057.8,1055.5,1056.0,129360
2026-07-02 10:05:00,1056.1,1056.8,1055.1,1056.3,168594
2026-07-02 10:10:00,1055.9,1057.3,1055.1,1055.1,184013
2026-07-02 10:15:00,1055.4,1055.8,1054.0,1054.3,86727
2026-07-02 10:20:00,1054.2,1056.2,1054.0,1054.3,114884
2026-07-02 10:25:00,1054.2,1056.6,1054.0,1055.2,105422
2026-07-02 10:30:00,1055.1,1055.2,1053.6,1054.8,115369
2026-07-02 10:35:00,1054.6,1056.0,1054.2,1055.9,54533
2026-07-02 10:40:00,1056.0,1056.5,1055.1,1056.5,50210
2026-07-02 10:45:00,1056.5,1056.5,1053.9,1054.0,85995
2026-07-02 10:50:00,1054.2,1054.3,1052.3,1052.7,110808
2026-07-02 10:55:00,1053.1,1054.2,1051.7,1054.2,168391
2026-07-02 11:00:00,1054.2,1054.5,1053.0,1054.0,144990
2026-07-02 11:05:00,1054.0,1054.2,1052.5,1052.9,92173
2026-07-02 11:10:00,1053.0,1053.5,1052.0,1053.5,80501
2026-07-02 11:15:00,1053.4,1053.4,1051.5,1051.9,68977
2026-07-02 11:20:00,1052.0,1052.5,1051.4,1052.0,91077
2026-07-02 11:25:00,1052.0,1052.2,1051.0,1051.4,120359
2026-07-02 11:30:00,1051.5,1052.9,1051.1,1052.0,161498
2026-07-02 11:35:00,1052.0,1052.1,1049.9,1050.3,245113
2026-07-02 11:40:00,1050.5,1051.1,1050.2,1050.6,66196
2026-07-02 11:45:00,1050.8,1051.3,1050.4,1050.6,80834
2026-07-02 11:50:00,1050.7,1052.0,1050.5,1051.3,110617
2026-07-02 11:55:00,1051.5,1052.0,1048.9,1049.3,266954
2026-07-02 12:00:00,1049.5,1050.0,1047.4,1048.6,319009
2026-07-02 12:05:00,1048.6,1048.9,1045.5,1046.3,235733
2026-07-02 12:10:00,1046.4,1047.0,1045.0,1046.7,203555
2026-07-02 12:15:00,1046.8,1049.4,1045.7,1048.1,328673
2026-07-02 12:20:00,1048.2,1051.2,1048.1,1050.0,384003
2026-07-02 12:25:00,1050.0,1051.0,1049.4,1050.0,225723
2026-07-02 12:30:00,1050.0,1050.9,1049.0,1049.8,152721
2026-07-02 12:35:00,1049.9,1050.0,1048.6,1049.7,82785
2026-07-02 12:40:00,1049.7,1049.9,1048.3,1049.0,117480
2026-07-02 12:45:00,1049.0,1050.8,1048.4,1050.2,227883
2026-07-02 12:50:00,1049.8,1050.4,1048.6,1049.1,79683
2026-07-02 12:55:00,1048.9,1049.1,1048.1,1048.9,72388
2026-07-02 13:00:00,1048.9,1051.0,1048.4,1049.9,311977
2026-07-02 13:05:00,1049.9,1051.0,1049.1,1050.7,111966
2026-07-02 13:10:00,1050.8,1051.0,1048.4,1049.2,135658
2026-07-02 13:15:00,1049.0,1050.0,1048.8,1049.9,85976
2026-07-02 13:20:00,1049.8,1049.9,1048.5,1049.3,98811
2026-07-02 13:25:00,1049.4,1049.5,1048.3,1048.4,75441
2026-07-02 13:30:00,1048.8,1050.9,1048.3,1050.0,425944
2026-07-02 13:35:00,1049.7,1050.0,1048.8,1049.4,152682
2026-07-02 13:40:00,1049.2,1049.8,1048.7,1049.7,109347
2026-07-02 13:45:00,1049.8,1050.5,1048.9,1049.8,158404
2026-07-02 13:50:00,1049.8,1050.7,1049.5,1049.8,79422
2026-07-02 13:55:00,1049.8,1050.0,1049.2,1049.8,99757
2026-07-02 14:00:00,1049.9,1050.6,1049.4,1050.2,81844
2026-07-02 14:05:00,1050.2,1050.5,1049.0,1049.5,118475
2026-07-02 14:10:00,1049.5,1050.2,1048.1,1048.1,206841
2026-07-02 14:15:00,1048.3,1049.9,1046.4,1049.0,623999
2026-07-02 14:20:00,1049.0,1049.8,1048.4,1049.2,144508
2026-07-02 14:25:00,1049.2,1049.7,1048.1,1049.6,157321
2026-07-02 14:30:00,1049.7,1050.6,1048.5,1049.0,183065
2026-07-02 14:35:00,1049.1,1052.6,1048.6,1051.9,144081
2026-07-02 14:40:00,1051.9,1051.9,1050.4,1050.8,70451
2026-07-02 14:45:00,1050.8,1053.8,1050.6,1053.5,493775
2026-07-02 14:50:00,1053.3,1054.5,1053.0,1053.0,194208
2026-07-02 14:55:00,1053.0,1053.3,1050.6,1051.5,197261
2026-07-02 15:00:00,1051.6,1052.8,1051.1,1051.4,260307
2026-07-02 15:05:00,1051.5,1053.6,1051.2,1052.6,507711
2026-07-02 15:10:00,1052.6,1052.8,1051.1,1051.5,326807
2026-07-02 15:15:00,1051.6,1052.6,1050.2,1050.6,334878
2026-07-02 15:20:00,1050.7,1051.6,1050.1,1050.6,330776
2026-07-02 15:25:00,1050.6,1051.9,1048.1,1049.0,388287
2026-07-03 09:15:00,1055.0,1057.0,1049.0,1049.2,435147
2026-07-03 09:20:00,1049.2,1050.9,1048.0,1048.0,95861
2026-07-03 09:25:00,1048.4,1049.8,1048.1,1048.9,74608
2026-07-03 09:30:00,1048.8,1049.5,1048.2,1049.2,76509
2026-07-03 09:35:00,1049.1,1049.1,1045.5,1046.6,145074
2026-07-03 09:40:00,1046.6,1046.6,1042.5,1042.6,252867
2026-07-03 09:45:00,1042.6,1043.5,1041.1,1042.6,262685
2026-07-03 09:50:00,1042.6,1044.1,1040.0,1040.8,236051
2026-07-03 09:55:00,1040.8,1043.7,1038.6,1043.3,131507
2026-07-03 10:00:00,1043.3,1044.5,1043.2,1043.9,93645
2026-07-03 10:05:00,1043.8,1045.0,1042.7,1044.9,145348
2026-07-03 10:10:00,1045.0,1047.7,1044.8,1046.8,146636
2026-07-03 10:15:00,1046.7,1050.0,1046.3,1048.6,171183
2026-07-03 10:20:00,1048.6,1051.7,1048.0,1050.4,202969
2026-07-03 10:25:00,1050.4,1050.8,1050.0,1050.5,81326
2026-07-03 10:30:00,1050.3,1050.9,1049.6,1050.1,68184
2026-07-03 10:35:00,1050.1,1051.4,1049.6,1051.2,134539
2026-07-03 10:40:00,1051.1,1051.3,1048.5,1049.0,87677
2026-07-03 10:45:00,1049.0,1050.3,1048.9,1050.3,50306
2026-07-03 10:50:00,1050.3,1050.3,1049.1,1049.1,35984
2026-07-03 10:55:00,1049.2,1049.2,1047.0,1047.3,243348
2026-07-03 11:00:00,1047.3,1048.0,1046.6,1047.5,213520
2026-07-03 11:05:00,1047.5,1047.5,1045.4,1045.8,144795
2026-07-03 11:10:00,1045.8,1046.6,1044.7,1045.2,279554
2026-07-03 11:15:00,1045.2,1046.5,1044.2,1044.7,150263
2026-07-03 11:20:00,1044.7,1046.0,1044.3,1045.6,62822
2026-07-03 11:25:00,1045.6,1046.6,1045.2,1046.4,48193
2026-07-03 11:30:00,1046.4,1047.0,1044.5,1045.6,104755
2026-07-03 11:35:00,1045.6,1045.8,1044.4,1045.5,68509
2026-07-03 11:40:00,1045.5,1045.8,1044.9,1045.0,28014
2026-07-03 11:45:00,1045.1,1046.0,1044.9,1045.0,108907
2026-07-03 11:50:00,1045.0,1045.7,1044.6,1045.3,109518
2026-07-03 11:55:00,1045.4,1045.8,1044.8,1045.7,280824
2026-07-03 12:00:00,1045.8,1046.0,1045.0,1045.4,91539
2026-07-03 12:05:00,1045.3,1046.9,1045.1,1045.1,65761
2026-07-03 12:10:00,1045.1,1045.1,1042.4,1043.8,115653
2026-07-03 12:15:00,1043.6,1044.4,1043.2,1044.1,70289
2026-07-03 12:20:00,1044.0,1044.1,1042.8,1042.9,69695
2026-07-03 12:25:00,1043.0,1044.3,1042.9,1043.6,76593
2026-07-03 12:30:00,1043.5,1044.0,1042.8,1043.1,67083
2026-07-03 12:35:00,1043.2,1043.4,1042.8,1043.3,41937
2026-07-03 12:40:00,1043.3,1043.3,1042.4,1042.6,250680
2026-07-03 12:45:00,1042.9,1043.6,1040.4,1041.0,364206
2026-07-03 12:50:00,1041.2,1041.8,1040.6,1040.9,86086
2026-07-03 12:55:00,1040.9,1041.1,1040.1,1040.1,65083
2026-07-03 13:00:00,1040.2,1040.6,1037.0,1037.4,265209
2026-07-03 13:05:00,1037.4,1038.8,1036.1,1037.5,214380
2026-07-03 13:10:00,1037.6,1038.9,1037.3,1038.5,81113
2026-07-03 13:15:00,1038.3,1038.3,1036.5,1037.5,118604
2026-07-03 13:20:00,1037.5,1038.4,1037.0,1038.1,76586
2026-07-03 13:25:00,1038.0,1038.5,1037.0,1037.2,73160
2026-07-03 13:30:00,1037.2,1037.6,1035.5,1035.7,168324
2026-07-03 13:35:00,1035.9,1036.0,1034.5,1034.7,217564
2026-07-03 13:40:00,1034.7,1036.1,1034.5,1035.0,75978
2026-07-03 13:45:00,1035.1,1035.7,1034.5,1035.7,95008
2026-07-03 13:50:00,1035.7,1036.8,1035.3,1036.0,93467
2026-07-03 13:55:00,1035.8,1036.0,1034.8,1034.9,120668
2026-07-03 14:00:00,1034.9,1035.8,1034.5,1034.8,55786
2026-07-03 14:05:00,1034.9,1036.7,1034.8,1036.0,61645
2026-07-03 14:10:00,1035.9,1038.1,1035.6,1037.5,109361
2026-07-03 14:15:00,1037.5,1037.8,1036.6,1037.1,88637
2026-07-03 14:20:00,1037.2,1037.3,1036.0,1037.3,81253
2026-07-03 14:25:00,1037.3,1037.5,1036.2,1037.5,69124
2026-07-03 14:30:00,1037.5,1038.7,1037.2,1038.4,78076
2026-07-03 14:35:00,1038.1,1038.9,1037.5,1037.9,91155
2026-07-03 14:40:00,1037.9,1038.2,1037.5,1037.9,60049
2026-07-03 14:45:00,1038.0,1039.8,1037.5,1039.5,149408
2026-07-03 14:50:00,1039.7,1039.9,1037.5,1039.0,163293
2026-07-03 14:55:00,1038.9,1039.3,1038.4,1038.5,95067
2026-07-03 15:00:00,1038.8,1039.9,1038.7,1039.6,252801
2026-07-03 15:05:00,1039.7,1040.3,1039.5,1039.8,359020
2026-07-03 15:10:00,1039.8,1040.0,1039.5,1040.0,160024
2026-07-03 15:15:00,1040.0,1040.0,1038.5,1038.7,208192
2026-07-03 15:20:00,1038.7,1041.1,1038.6,1040.8,347221
2026-07-03 15:25:00,1040.9,1041.4,1040.4,1040.9,235070
2026-07-06 09:15:00,1041.9,1045.0,1037.8,1044.2,213228
2026-07-06 09:20:00,1044.2,1044.5,1042.6,1043.9,82047
2026-07-06 09:25:00,1043.9,1043.9,1042.5,1043.6,59427
2026-07-06 09:30:00,1043.6,1044.8,1043.3,1043.6,64167
2026-07-06 09:35:00,1043.5,1044.4,1043.2,1044.3,45743
2026-07-06 09:40:00,1044.3,1044.4,1044.0,1044.1,25216
2026-07-06 09:45:00,1044.1,1048.0,1044.0,1047.4,153884
2026-07-06 09:50:00,1047.2,1048.0,1044.0,1044.3,126688
2026-07-06 09:55:00,1044.3,1045.2,1043.2,1045.1,61285
2026-07-06 10:00:00,1045.2,1045.3,1044.4,1044.9,61788
2026-07-06 10:05:00,1044.8,1044.9,1043.6,1043.9,98109
2026-07-06 10:10:00,1044.0,1044.1,1042.1,1042.1,77412
2026-07-06 10:15:00,1042.3,1042.7,1041.1,1041.2,102571
2026-07-06 10:20:00,1041.5,1042.0,1041.0,1041.7,81698
2026-07-06 10:25:00,1041.8,1043.9,1041.6,1042.9,128065
2026-07-06 10:30:00,1042.9,1043.7,1041.5,1041.5,89884
2026-07-06 10:35:00,1041.5,1041.6,1040.5,1041.1,64562
2026-07-06 10:40:00,1041.1,1041.7,1041.0,1041.3,42313
2026-07-06 10:45:00,1041.4,1041.7,1041.1,1041.6,45604
2026-07-06 10:50:00,1041.6,1042.2,1041.0,1041.7,68455
2026-07-06 10:55:00,1041.5,1041.7,1040.6,1040.6,50553
2026-07-06 11:00:00,1040.7,1041.5,1040.6,1041.0,54411
2026-07-06 11:05:00,1041.0,1041.5,1040.7,1041.4,55301
2026-07-06 11:10:00,1041.1,1041.4,1040.9,1041.2,48962
2026-07-06 11:15:00,1041.1,1041.2,1040.1,1041.1,62107
2026-07-06 11:20:00,1041.0,1043.2,1041.0,1042.7,134933
2026-07-06 11:25:00,1042.8,1042.8,1040.4,1040.8,125495
2026-07-06 11:30:00,1040.8,1040.8,1040.0,1040.5,106821
2026-07-06 11:35:00,1040.4,1040.6,1039.6,1040.5,60179
2026-07-06 11:40:00,1040.6,1040.6,1039.5,1039.7,55306
2026-07-06 11:45:00,1039.7,1040.0,1039.6,1040.0,43421
2026-07-06 11:50:00,1039.8,1039.9,1039.0,1039.3,69522
2026-07-06 11:55:00,1039.4,1040.5,1039.4,1040.4,146275
2026-07-06 12:00:00,1040.5,1040.6,1039.7,1040.1,64002
2026-07-06 12:05:00,1040.0,1042.6,1039.9,1042.6,118069
2026-07-06 12:10:00,1042.7,1047.1,1041.6,1047.0,339199
2026-07-06 12:15:00,1046.9,1047.4,1044.9,1046.0,215915
2026-07-06 12:20:00,1046.0,1046.3,1044.5,1044.5,229173
2026-07-06 12:25:00,1044.7,1045.8,1044.2,1044.9,114513
2026-07-06 12:30:00,1045.0,1046.8,1044.8,1045.5,274620
2026-07-06 12:35:00,1045.5,1046.8,1044.7,1045.8,370846
2026-07-06 12:40:00,1045.8,1046.1,1045.2,1045.9,140217
2026-07-06 12:45:00,1045.9,1045.9,1044.8,1044.8,54766
2026-07-06 12:50:00,1044.9,1045.7,1044.4,1045.1,88959
2026-07-06 12:55:00,1045.1,1048.4,1044.8,1047.0,386335
2026-07-06 13:00:00,1047.1,1047.4,1044.1,1045.2,146060
2026-07-06 13:05:00,1045.3,1045.5,1044.2,1045.0,122442
2026-07-06 13:10:00,1044.9,1045.7,1044.5,1045.5,54908
2026-07-06 13:15:00,1045.5,1046.0,1045.1,1045.4,58128
2026-07-06 13:20:00,1045.4,1045.4,1044.6,1044.9,41027
2026-07-06 13:25:00,1044.9,1045.0,1043.9,1044.3,78312
2026-07-06 13:30:00,1044.4,1044.8,1043.4,1043.6,187639
2026-07-06 13:35:00,1043.6,1045.3,1043.4,1044.2,64475
2026-07-06 13:40:00,1044.5,1044.6,1042.9,1043.2,65137
2026-07-06 13:45:00,1043.2,1043.7,1042.5,1043.3,75158
2026-07-06 13:50:00,1043.5,1044.2,1042.6,1042.7,118001
2026-07-06 13:55:00,1042.6,1043.0,1042.1,1042.3,61465
2026-07-06 14:00:00,1042.2,1043.1,1042.0,1043.0,61161
2026-07-06 14:05:00,1043.2,1043.5,1040.2,1040.5,387499
2026-07-06 14:10:00,1040.2,1041.2,1040.2,1040.8,75705
2026-07-06 14:15:00,1040.7,1041.2,1040.2,1040.5,70448
2026-07-06 14:20:00,1040.5,1040.8,1040.0,1040.2,86857
2026-07-06 14:25:00,1040.2,1041.2,1039.6,1039.9,121101
2026-07-06 14:30:00,1039.9,1040.0,1039.0,1039.3,68799
2026-07-06 14:35:00,1039.1,1039.9,1038.6,1039.0,117312
2026-07-06 14:40:00,1038.8,1038.9,1036.6,1037.6,231309
2026-07-06 14:45:00,1037.5,1038.1,1036.7,1036.9,77830
2026-07-06 14:50:00,1037.0,1038.3,1036.5,1038.1,142048
2026-07-06 14:55:00,1038.0,1038.1,1037.2,1037.5,82303
2026-07-06 15:00:00,1037.5,1038.4,1037.1,1037.7,160270
2026-07-06 15:05:00,1037.7,1038.3,1037.3,1038.2,202401
2026-07-06 15:10:00,1038.2,1038.3,1037.4,1037.6,130535
2026-07-06 15:15:00,1037.9,1037.9,1037.2,1037.3,133123
2026-07-06 15:20:00,1037.4,1037.9,1037.1,1037.9,171337
2026-07-06 15:25:00,1037.8,1038.9,1037.7,1038.5,236744
2026-07-07 09:15:00,1039.3,1049.6,1037.0,1046.6,503641
2026-07-07 09:20:00,1046.6,1048.3,1045.8,1047.2,200419
2026-07-07 09:25:00,1047.2,1048.1,1045.5,1046.3,114596
2026-07-07 09:30:00,1046.6,1047.1,1044.3,1044.7,98672
2026-07-07 09:35:00,1044.7,1046.2,1044.2,1044.7,73349
2026-07-07 09:40:00,1044.7,1045.2,1044.2,1045.0,76619
2026-07-07 09:45:00,1044.8,1046.8,1044.8,1046.1,127386
2026-07-07 09:50:00,1046.2,1048.0,1045.1,1045.2,152812
2026-07-07 09:55:00,1045.3,1045.4,1044.3,1044.8,94852
2026-07-07 10:00:00,1044.9,1045.2,1043.6,1044.3,111929
2026-07-07 10:05:00,1044.3,1044.5,1043.3,1043.7,94812
2026-07-07 10:10:00,1043.6,1043.6,1042.5,1042.9,77248
2026-07-07 10:15:00,1042.9,1043.8,1042.5,1043.7,61608
2026-07-07 10:20:00,1043.6,1043.7,1042.3,1042.5,78068
2026-07-07 10:25:00,1042.7,1042.8,1041.6,1042.3,106465
2026-07-07 10:30:00,1042.2,1042.7,1041.6,1042.2,56505
2026-07-07 10:35:00,1042.4,1042.8,1042.0,1042.0,40038
2026-07-07 10:40:00,1042.2,1043.8,1041.7,1042.7,123944
2026-07-07 10:45:00,1042.7,1043.5,1042.3,1043.3,76772
2026-07-07 10:50:00,1043.2,1043.2,1042.0,1042.2,70420
2026-07-07 10:55:00,1042.2,1042.4,1040.6,1041.4,80023
2026-07-07 11:00:00,1041.3,1041.9,1040.6,1041.1,65593
2026-07-07 11:05:00,1041.1,1041.5,1040.8,1041.0,48632
2026-07-07 11:10:00,1040.9,1041.9,1040.2,1041.2,281878
2026-07-07 11:15:00,1041.2,1041.5,1040.4,1041.2,85252
2026-07-07 11:20:00,1041.1,1043.0,1041.1,1042.5,72768
2026-07-07 11:25:00,1042.8,1046.5,1042.8,1045.0,166892
2026-07-07 11:30:00,1045.1,1045.4,1044.0,1044.3,145644
2026-07-07 11:35:00,1044.2,1044.3,1042.4,1043.9,202570
2026-07-07 11:40:00,1044.0,1044.3,1042.7,1042.7,192767
2026-07-07 11:45:00,1043.0,1043.9,1042.1,1042.6,209771
2026-07-07 11:50:00,1042.6,1043.4,1042.0,1042.9,394984
2026-07-07 11:55:00,1042.8,1043.1,1042.1,1042.7,135107
2026-07-07 12:00:00,1042.6,1043.2,1042.1,1042.6,100834
2026-07-07 12:05:00,1042.6,1043.2,1042.5,1042.8,78954
2026-07-07 12:10:00,1042.9,1043.2,1040.4,1041.0,197581
2026-07-07 12:15:00,1041.0,1041.5,1039.2,1039.7,158463
2026-07-07 12:20:00,1039.9,1041.7,1039.9,1041.6,121902
2026-07-07 12:25:00,1041.6,1042.7,1041.3,1042.4,53049
2026-07-07 12:30:00,1042.5,1042.5,1041.1,1041.7,124455
2026-07-07 12:35:00,1041.7,1042.2,1040.7,1041.7,202080
2026-07-07 12:40:00,1041.8,1042.1,1040.7,1041.1,110551
2026-07-07 12:45:00,1041.3,1041.8,1040.5,1041.6,101640
2026-07-07 12:50:00,1041.4,1043.2,1041.3,1043.1,239628
2026-07-07 12:55:00,1042.9,1043.8,1042.1,1042.9,198312
2026-07-07 13:00:00,1043.0,1043.2,1041.6,1042.4,154562
2026-07-07 13:05:00,1042.4,1042.5,1040.7,1041.8,61134
2026-07-07 13:10:00,1041.8,1042.4,1040.5,1041.4,123240
2026-07-07 13:15:00,1041.4,1041.7,1040.5,1041.6,76989
2026-07-07 13:20:00,1041.5,1042.0,1041.5,1041.6,69097
2026-07-07 13:25:00,1041.7,1042.3,1041.2,1041.5,98264
2026-07-07 13:30:00,1041.4,1042.2,1041.3,1041.9,73739
2026-07-07 13:35:00,1041.9,1042.0,1040.6,1041.7,165536
2026-07-07 13:40:00,1041.7,1042.8,1040.8,1042.4,181199
2026-07-07 13:45:00,1042.4,1043.0,1041.1,1041.1,193087
2026-07-07 13:50:00,1041.4,1042.0,1040.6,1040.6,102490
2026-07-07 13:55:00,1040.6,1042.0,1040.6,1041.4,129838
2026-07-07 14:00:00,1041.5,1041.6,1040.7,1041.5,92897
2026-07-07 14:05:00,1041.6,1042.5,1041.2,1042.0,137812
2026-07-07 14:10:00,1042.3,1042.3,1041.5,1042.0,65665
2026-07-07 14:15:00,1042.0,1042.2,1041.4,1042.0,100457
2026-07-07 14:20:00,1042.0,1042.4,1041.3,1041.8,102194
2026-07-07 14:25:00,1041.9,1042.5,1041.4,1042.3,73757
2026-07-07 14:30:00,1042.3,1042.8,1041.7,1042.7,91963
2026-07-07 14:35:00,1042.7,1043.6,1042.6,1043.5,119861
2026-07-07 14:40:00,1043.4,1043.5,1042.3,1043.2,140812
2026-07-07 14:45:00,1043.3,1043.5,1041.3,1042.6,146378
2026-07-07 14:50:00,1042.6,1043.0,1041.8,1042.9,100703
2026-07-07 14:55:00,1042.9,1043.5,1041.7,1042.0,131824
2026-07-07 15:00:00,1041.9,1042.0,1038.2,1039.3,363888
2026-07-07 15:05:00,1039.2,1040.0,1038.3,1038.4,522875
2026-07-07 15:10:00,1038.5,1038.5,1037.5,1038.0,343709
2026-07-07 15:15:00,1037.9,1038.1,1037.0,1037.5,345645
2026-07-07 15:20:00,1037.5,1037.7,1036.5,1036.9,326542
2026-07-07 15:25:00,1037.0,1037.7,1035.5,1036.2,286156
2026-07-08 09:15:00,1029.6,1031.6,1025.7,1028.5,475347
2026-07-08 09:20:00,1028.5,1028.5,1026.5,1027.6,231033
2026-07-08 09:25:00,1027.5,1027.9,1025.5,1025.8,206522
2026-07-08 09:30:00,1025.7,1025.7,1021.1,1023.8,360355
2026-07-08 09:35:00,1023.8,1024.7,1022.0,1022.6,226697
2026-07-08 09:40:00,1022.5,1024.7,1021.9,1024.7,196413
2026-07-08 09:45:00,1024.8,1026.0,1024.0,1025.8,163900
2026-07-08 09:50:00,1025.7,1028.0,1025.6,1026.8,175771
2026-07-08 09:55:00,1026.8,1028.4,1025.4,1025.9,152152
2026-07-08 10:00:00,1025.9,1027.5,1025.7,1026.4,120687
2026-07-08 10:05:00,1026.4,1030.5,1026.2,1030.2,179363
2026-07-08 10:10:00,1030.0,1032.0,1029.6,1029.9,178132
2026-07-08 10:15:00,1029.9,1032.8,1029.6,1032.2,226720
2026-07-08 10:20:00,1032.0,1032.2,1030.6,1030.7,143436
2026-07-08 10:25:00,1030.6,1030.9,1029.6,1030.6,128683
2026-07-08 10:30:00,1030.6,1032.0,1030.6,1031.1,98862
2026-07-08 10:35:00,1031.4,1033.4,1031.1,1032.6,172275
2026-07-08 10:40:00,1032.8,1033.6,1031.7,1032.0,193230
2026-07-08 10:45:00,1032.3,1032.9,1031.7,1032.4,116418
2026-07-08 10:50:00,1032.3,1033.7,1032.1,1033.3,106488
2026-07-08 10:55:00,1033.2,1034.7,1032.8,1034.7,137487
2026-07-08 11:00:00,1034.8,1035.3,1034.1,1034.6,181252
2026-07-08 11:05:00,1034.8,1036.0,1034.5,1035.8,145516
2026-07-08 11:10:00,1036.0,1037.0,1035.6,1036.5,173292
2026-07-08 11:15:00,1036.5,1036.8,1035.8,1036.0,97755
2026-07-08 11:20:00,1036.2,1037.2,1036.0,1037.0,90924
2026-07-08 11:25:00,1037.2,1037.9,1035.2,1035.9,121697
2026-07-08 11:30:00,1036.0,1036.5,1035.4,1035.9,94832
2026-07-08 11:35:00,1035.9,1036.6,1035.4,1036.3,73574
2026-07-08 11:40:00,1036.4,1036.5,1035.4,1035.7,92753
2026-07-08 11:45:00,1035.8,1036.9,1035.7,1036.0,87901
2026-07-08 11:50:00,1036.3,1038.3,1036.0,1037.4,160656
2026-07-08 11:55:00,1037.4,1037.6,1035.3,1036.0,171830
2026-07-08 12:00:00,1036.1,1036.4,1035.5,1036.0,86159
2026-07-08 12:05:00,1036.0,1036.5,1035.5,1035.7,99837
2026-07-08 12:10:00,1035.7,1036.0,1034.4,1034.9,179372
2026-07-08 12:15:00,1035.0,1036.3,1034.3,1035.6,124138
2026-07-08 12:20:00,1035.5,1036.2,1034.3,1034.7,84586
2026-07-08 12:25:00,1034.5,1035.0,1034.1,1034.9,124222
2026-07-08 12:30:00,1034.8,1035.6,1033.8,1035.0,195400
2026-07-08 12:35:00,1035.0,1036.5,1034.8,1035.5,111475
2026-07-08 12:40:00,1035.5,1037.4,1035.4,1037.3,69793
2026-07-08 12:45:00,1037.4,1037.6,1036.2,1036.8,77481
2026-07-08 12:50:00,1036.7,1037.9,1036.6,1037.5,76988
2026-07-08 12:55:00,1037.6,1038.2,1036.7,1036.8,128684
2026-07-08 13:00:00,1036.8,1037.2,1034.9,1035.0,220965
2026-07-08 13:05:00,1034.9,1035.9,1034.4,1035.1,85716
2026-07-08 13:10:00,1035.0,1035.6,1034.5,1035.0,104966
2026-07-08 13:15:00,1034.9,1035.5,1034.4,1035.0,79642
2026-07-08 13:20:00,1035.4,1035.4,1033.0,1033.1,157375
2026-07-08 13:25:00,1033.6,1033.6,1031.6,1032.3,220917
2026-07-08 13:30:00,1032.3,1033.4,1031.9,1033.1,81619
2026-07-08 13:35:00,1032.8,1034.8,1032.7,1034.2,183705
2026-07-08 13:40:00,1034.2,1035.1,1033.1,1034.5,84644
2026-07-08 13:45:00,1034.4,1035.6,1029.3,1029.9,286363
2026-07-08 13:50:00,1029.9,1030.5,1024.6,1025.1,279843
2026-07-08 13:55:00,1024.9,1026.8,1023.1,1023.2,267065
2026-07-08 14:00:00,1023.2,1024.5,1020.1,1021.2,425589
2026-07-08 14:05:00,1021.4,1021.9,1017.1,1017.2,502427
2026-07-08 14:10:00,1017.5,1018.6,1015.3,1016.2,280052
2026-07-08 14:15:00,1016.2,1018.5,1014.2,1016.0,441101
2026-07-08 14:20:00,1016.0,1017.3,1014.7,1014.8,323719
2026-07-08 14:25:00,1015.0,1016.0,1013.0,1014.0,434894
2026-07-08 14:30:00,1014.0,1018.7,1013.2,1016.6,220970
2026-07-08 14:35:00,1016.9,1018.5,1016.1,1017.2,233632
2026-07-08 14:40:00,1017.5,1017.9,1016.0,1016.4,142931
2026-07-08 14:45:00,1016.7,1016.7,1014.0,1014.3,178138
2026-07-08 14:50:00,1014.3,1015.4,1011.7,1013.0,311955
2026-07-08 14:55:00,1012.8,1014.5,1012.1,1013.5,163306
2026-07-08 15:00:00,1013.4,1016.4,1013.4,1015.3,330324
2026-07-08 15:05:00,1015.3,1016.5,1014.0,1016.1,279448
2026-07-08 15:10:00,1016.2,1017.5,1014.7,1017.4,270632
2026-07-08 15:15:00,1017.3,1019.6,1017.3,1019.5,210395
2026-07-08 15:20:00,1019.3,1021.0,1018.9,1019.0,202082
2026-07-08 15:25:00,1018.9,1020.0,1017.4,1019.8,180246
2026-07-09 09:15:00,1019.8,1025.0,1019.3,1022.6,269690
2026-07-09 09:20:00,1022.6,1023.0,1020.5,1022.3,106467
2026-07-09 09:25:00,1023.0,1023.6,1022.0,1022.3,90714
2026-07-09 09:30:00,1022.0,1022.8,1021.2,1022.6,106835
2026-07-09 09:35:00,1022.6,1022.6,1020.8,1022.5,85352
2026-07-09 09:40:00,1022.6,1023.2,1021.5,1022.6,58787
2026-07-09 09:45:00,1022.6,1025.7,1022.0,1024.6,106277
2026-07-09 09:50:00,1024.6,1026.5,1024.3,1025.5,93975
2026-07-09 09:55:00,1025.5,1026.5,1025.3,1026.2,72339
2026-07-09 10:00:00,1026.3,1029.5,1026.0,1027.8,235464
2026-07-09 10:05:00,1027.3,1027.8,1026.1,1026.6,73258
2026-07-09 10:10:00,1026.9,1028.9,1026.4,1028.4,61207
2026-07-09 10:15:00,1028.5,1028.6,1026.3,1026.4,55856
2026-07-09 10:20:00,1026.4,1028.0,1026.1,1027.4,100266
2026-07-09 10:25:00,1027.5,1027.9,1026.7,1027.4,40541
2026-07-09 10:30:00,1027.4,1027.6,1025.9,1026.8,95128
2026-07-09 10:35:00,1026.6,1026.9,1023.1,1024.7,144471
2026-07-09 10:40:00,1025.5,1031.7,1024.7,1029.0,250214
2026-07-09 10:45:00,1029.0,1029.0,1024.8,1025.1,92194
2026-07-09 10:50:00,1025.0,1026.7,1024.1,1026.5,84284
2026-07-09 10:55:00,1026.5,1026.6,1024.5,1024.5,50916
2026-07-09 11:00:00,1024.7,1024.7,1022.4,1024.4,108533
2026-07-09 11:05:00,1024.8,1025.0,1023.4,1023.9,38747
2026-07-09 11:10:00,1023.8,1024.7,1023.2,1024.7,39300
2026-07-09 11:15:00,1024.6,1024.9,1023.4,1024.5,37206
2026-07-09 11:20:00,1024.7,1026.5,1024.0,1026.2,60862
2026-07-09 11:25:00,1026.3,1029.9,1025.7,1029.6,109910
2026-07-09 11:30:00,1029.5,1029.5,1026.7,1028.1,47381
2026-07-09 11:35:00,1028.3,1028.3,1026.7,1027.9,68819
2026-07-09 11:40:00,1028.0,1028.1,1026.2,1026.9,105493
2026-07-09 11:45:00,1027.1,1027.5,1025.9,1027.2,35738
2026-07-09 11:50:00,1027.2,1027.4,1025.7,1025.8,46796
2026-07-09 11:55:00,1025.8,1026.7,1025.7,1026.1,47047
2026-07-09 12:00:00,1026.1,1027.4,1025.4,1026.9,71134
2026-07-09 12:05:00,1027.0,1027.4,1025.8,1026.1,40191
2026-07-09 12:10:00,1026.0,1026.1,1024.5,1025.5,82180
2026-07-09 12:15:00,1025.6,1026.4,1025.2,1025.3,69569
2026-07-09 12:20:00,1025.3,1026.2,1024.6,1025.6,56937
2026-07-09 12:25:00,1025.6,1026.4,1024.9,1026.0,53044
2026-07-09 12:30:00,1026.0,1026.7,1025.5,1025.5,45561
2026-07-09 12:35:00,1025.7,1026.0,1025.1,1025.4,26476
2026-07-09 12:40:00,1025.6,1025.6,1023.4,1024.4,133754
2026-07-09 12:45:00,1024.4,1025.9,1024.4,1024.9,57532
2026-07-09 12:50:00,1025.0,1026.7,1024.1,1026.6,54912
2026-07-09 12:55:00,1026.6,1027.3,1025.5,1025.6,78496
2026-07-09 13:00:00,1025.7,1027.3,1024.6,1026.6,89448
2026-07-09 13:05:00,1026.7,1027.0,1025.5,1026.6,58351
2026-07-09 13:10:00,1026.6,1027.0,1025.8,1026.8,112797
2026-07-09 13:15:00,1027.0,1027.1,1025.2,1025.5,98162
2026-07-09 13:20:00,1025.6,1025.9,1024.3,1024.6,113715
2026-07-09 13:25:00,1024.1,1025.2,1023.6,1024.2,107684
2026-07-09 13:30:00,1024.2,1026.7,1024.2,1025.7,83786
2026-07-09 13:35:00,1026.1,1029.2,1025.7,1028.7,207697
2026-07-09 13:40:00,1028.4,1028.9,1026.6,1027.2,87114
2026-07-09 13:45:00,1027.2,1027.7,1025.9,1026.6,74022
2026-07-09 13:50:00,1026.4,1027.4,1025.5,1025.8,85963
2026-07-09 13:55:00,1025.6,1026.1,1025.0,1025.3,62215
2026-07-09 14:00:00,1025.3,1026.0,1024.8,1025.0,64589
2026-07-09 14:05:00,1025.3,1026.0,1024.8,1025.0,57177
2026-07-09 14:10:00,1025.2,1026.1,1024.2,1025.8,142293
2026-07-09 14:15:00,1025.7,1026.6,1024.8,1025.6,109063
2026-07-09 14:20:00,1025.6,1026.1,1024.3,1025.9,41642
2026-07-09 14:25:00,1026.0,1026.9,1025.4,1026.5,96269
2026-07-09 14:30:00,1026.3,1027.9,1026.0,1026.7,132991
2026-07-09 14:35:00,1026.7,1027.3,1025.2,1025.8,157627
2026-07-09 14:40:00,1025.5,1026.6,1022.6,1025.5,337620
2026-07-09 14:45:00,1025.6,1026.6,1025.0,1025.8,109296
2026-07-09 14:50:00,1025.7,1027.5,1025.5,1026.9,104443
2026-07-09 14:55:00,1027.0,1027.2,1025.6,1026.4,65144
2026-07-09 15:00:00,1026.6,1026.6,1021.9,1022.0,239151
2026-07-09 15:05:00,1022.0,1023.5,1019.6,1021.4,344193
2026-07-09 15:10:00,1021.6,1022.2,1020.5,1021.4,220637
2026-07-09 15:15:00,1021.3,1022.7,1021.1,1022.6,159091
2026-07-09 15:20:00,1022.6,1023.8,1022.1,1022.3,125763
2026-07-09 15:25:00,1022.3,1023.4,1022.1,1022.5,148135
2026-07-10 09:15:00,1029.5,1032.0,1027.5,1029.6,284613
2026-07-10 09:20:00,1029.6,1030.4,1028.6,1029.2,76068
2026-07-10 09:25:00,1029.3,1029.6,1028.0,1029.4,61502
2026-07-10 09:30:00,1029.6,1030.0,1028.5,1029.8,47825
2026-07-10 09:35:00,1029.8,1029.8,1027.6,1027.6,57662
2026-07-10 09:40:00,1027.9,1028.2,1027.5,1027.5,43235
2026-07-10 09:45:00,1027.6,1029.0,1027.6,1028.5,41505
2026-07-10 09:50:00,1028.8,1028.8,1027.5,1028.1,39977
2026-07-10 09:55:00,1028.1,1028.4,1027.7,1028.3,25850
2026-07-10 10:00:00,1028.3,1028.7,1026.5,1026.8,69817
2026-07-10 10:05:00,1027.2,1027.7,1026.5,1027.7,57683
2026-07-10 10:10:00,1027.7,1028.5,1027.5,1027.8,45129
2026-07-10 10:15:00,1027.8,1028.5,1027.5,1028.3,26549
2026-07-10 10:20:00,1028.0,1030.7,1028.0,1029.3,102088
2026-07-10 10:25:00,1029.7,1030.9,1028.9,1028.9,78916
2026-07-10 10:30:00,1028.7,1029.2,1026.5,1027.4,55782
2026-07-10 10:35:00,1027.4,1027.8,1025.5,1025.9,50970
2026-07-10 10:40:00,1026.2,1026.9,1025.9,1026.6,29251
2026-07-10 10:45:00,1026.7,1027.0,1025.8,1026.2,63529
2026-07-10 10:50:00,1026.4,1026.8,1025.5,1025.5,39334
2026-07-10 10:55:00,1025.5,1026.2,1025.0,1025.2,46942
2026-07-10 11:00:00,1025.2,1027.3,1025.0,1026.5,61406
2026-07-10 11:05:00,1026.8,1027.0,1026.1,1026.6,27729
2026-07-10 11:10:00,1026.6,1028.4,1026.2,1027.6,123755
2026-07-10 11:15:00,1028.0,1028.1,1024.9,1025.7,113607
2026-07-10 11:20:00,1025.9,1026.8,1025.5,1026.0,64440
2026-07-10 11:25:00,1025.7,1026.0,1024.5,1025.0,95318
2026-07-10 11:30:00,1025.0,1026.6,1025.0,1025.6,70077
2026-07-10 11:35:00,1025.6,1026.2,1024.5,1025.7,70298
2026-07-10 11:40:00,1025.3,1025.7,1024.8,1025.3,30741
2026-07-10 11:45:00,1025.0,1026.5,1024.8,1026.0,36772
2026-07-10 11:50:00,1026.0,1026.3,1025.0,1025.5,88667
2026-07-10 11:55:00,1025.5,1026.2,1024.5,1025.2,122113
2026-07-10 12:00:00,1025.2,1026.1,1025.0,1025.2,53842
2026-07-10 12:05:00,1025.6,1026.3,1025.1,1025.1,138484
2026-07-10 12:10:00,1025.4,1025.4,1024.3,1024.9,69782
2026-07-10 12:15:00,1024.7,1025.3,1024.3,1024.4,88448
2026-07-10 12:20:00,1024.6,1024.9,1023.9,1024.3,61571
2026-07-10 12:25:00,1024.5,1025.9,1024.3,1025.5,69127
2026-07-10 12:30:00,1025.5,1025.8,1024.6,1025.3,53042
2026-07-10 12:35:00,1025.3,1026.0,1023.5,1025.7,100283
2026-07-10 12:40:00,1025.8,1037.0,1025.8,1034.4,482562
2026-07-10 12:45:00,1034.4,1039.1,1034.1,1037.5,351592
2026-07-10 12:50:00,1037.1,1039.8,1036.5,1037.0,170744
2026-07-10 12:55:00,1037.0,1040.4,1036.7,1038.1,245272
2026-07-10 13:00:00,1038.5,1044.1,1037.9,1043.5,281860
2026-07-10 13:05:00,1043.3,1047.8,1042.9,1044.1,389658
2026-07-10 13:10:00,1044.0,1044.7,1040.5,1040.9,212012
2026-07-10 13:15:00,1040.8,1041.1,1038.2,1038.6,132331
2026-07-10 13:20:00,1038.8,1038.9,1035.0,1035.7,193963
2026-07-10 13:25:00,1036.0,1036.0,1034.1,1035.6,117125
2026-07-10 13:30:00,1035.6,1036.5,1034.2,1036.1,84012
2026-07-10 13:35:00,1036.2,1038.8,1036.0,1037.7,269244
2026-07-10 13:40:00,1037.8,1037.8,1036.3,1036.8,96276
2026-07-10 13:45:00,1036.9,1038.5,1036.5,1036.8,93058
2026-07-10 13:50:00,1036.8,1038.0,1036.0,1037.5,70722
2026-07-10 13:55:00,1037.8,1039.1,1036.6,1036.8,93022
2026-07-10 14:00:00,1037.0,1037.8,1035.6,1037.1,140835
2026-07-10 14:05:00,1037.1,1037.1,1034.7,1034.7,95745
2026-07-10 14:10:00,1035.0,1036.5,1034.1,1035.9,75966
2026-07-10 14:15:00,1035.7,1036.1,1033.6,1034.0,133273
2026-07-10 14:20:00,1034.0,1036.7,1033.7,1036.3,134235
2026-07-10 14:25:00,1036.3,1037.4,1036.0,1036.9,124054
2026-07-10 14:30:00,1036.9,1037.3,1035.1,1035.8,117140
2026-07-10 14:35:00,1035.7,1036.3,1034.3,1035.0,117700
2026-07-10 14:40:00,1035.0,1035.0,1034.0,1034.2,76293
2026-07-10 14:45:00,1034.4,1037.2,1033.8,1036.5,157806
2026-07-10 14:50:00,1036.7,1036.9,1035.6,1036.0,85809
2026-07-10 14:55:00,1036.0,1036.9,1035.2,1036.0,83678
2026-07-10 15:00:00,1036.2,1037.2,1035.4,1035.9,173842
2026-07-10 15:05:00,1036.0,1037.0,1035.8,1036.9,178304
2026-07-10 15:10:00,1037.0,1037.1,1035.1,1035.5,242025
2026-07-10 15:15:00,1035.6,1036.0,1034.9,1035.3,217139
2026-07-10 15:20:00,1035.3,1037.4,1034.8,1036.4,205357
2026-07-10 15:25:00,1036.3,1037.4,1035.2,1036.4,242429
2026-07-13 09:15:00,1023.5,1030.0,1022.1,1027.8,368666
2026-07-13 09:20:00,1027.5,1028.0,1026.7,1027.6,85323
2026-07-13 09:25:00,1027.9,1029.2,1027.4,1028.6,51813
2026-07-13 09:30:00,1028.3,1029.2,1027.2,1028.0,91146
2026-07-13 09:35:00,1028.5,1032.0,1027.8,1031.4,123251
2026-07-13 09:40:00,1031.4,1036.8,1030.2,1036.5,209335
2026-07-13 09:45:00,1036.8,1042.9,1036.8,1042.1,313770
2026-07-13 09:50:00,1042.2,1042.2,1038.0,1039.2,113732
2026-07-13 09:55:00,1039.2,1039.5,1036.5,1037.3,206532
2026-07-13 10:00:00,1037.3,1038.1,1035.4,1035.5,132955
2026-07-13 10:05:00,1035.9,1036.8,1034.7,1035.6,121345
2026-07-13 10:10:00,1035.6,1036.5,1034.5,1034.9,50588
2026-07-13 10:15:00,1034.9,1035.0,1033.5,1034.2,59550
2026-07-13 10:20:00,1034.3,1036.4,1034.3,1035.7,113907
2026-07-13 10:25:00,1035.7,1039.5,1035.4,1039.1,82885
2026-07-13 10:30:00,1039.0,1041.0,1038.0,1040.3,115617
2026-07-13 10:35:00,1040.3,1040.5,1038.7,1039.1,56462
2026-07-13 10:40:00,1039.0,1041.2,1039.0,1041.2,145718
2026-07-13 10:45:00,1041.2,1042.4,1039.9,1040.1,144581
2026-07-13 10:50:00,1040.1,1042.4,1040.0,1040.8,128790
2026-07-13 10:55:00,1040.8,1042.2,1040.5,1041.4,131192
2026-07-13 11:00:00,1041.5,1041.5,1040.0,1041.1,50092
2026-07-13 11:05:00,1040.6,1041.0,1039.9,1040.0,70117
2026-07-13 11:10:00,1040.1,1040.8,1038.4,1038.5,80038
2026-07-13 11:15:00,1038.6,1038.7,1035.4,1035.5,86988
2026-07-13 11:20:00,1035.5,1037.9,1035.3,1037.7,110904
2026-07-13 11:25:00,1037.7,1038.7,1036.5,1037.0,245832
2026-07-13 11:30:00,1037.0,1037.9,1036.4,1037.8,73509
2026-07-13 11:35:00,1037.8,1038.0,1035.6,1036.0,357264
2026-07-13 11:40:00,1036.0,1036.6,1034.9,1035.0,130422
2026-07-13 11:45:00,1035.0,1036.5,1034.9,1035.8,86913
2026-07-13 11:50:00,1035.8,1035.8,1034.2,1034.6,62364
2026-07-13 11:55:00,1034.4,1035.0,1034.0,1034.6,63006
2026-07-13 12:00:00,1034.6,1034.8,1034.1,1034.4,47383
2026-07-13 12:05:00,1034.4,1034.8,1034.1,1034.7,23339
2026-07-13 12:10:00,1034.7,1037.4,1034.1,1036.3,137025
2026-07-13 12:15:00,1036.5,1037.7,1035.0,1037.3,72658
2026-07-13 12:20:00,1037.4,1037.6,1035.9,1036.2,79011
2026-07-13 12:25:00,1036.2,1038.9,1035.7,1038.8,55252
2026-07-13 12:30:00,1038.9,1039.2,1037.2,1038.0,45751
2026-07-13 12:35:00,1038.1,1038.3,1036.1,1036.8,235897
2026-07-13 12:40:00,1036.8,1038.1,1036.5,1037.9,259094
2026-07-13 12:45:00,1037.9,1038.4,1037.5,1038.2,50920
2026-07-13 12:50:00,1038.2,1040.8,1037.8,1039.7,129515
2026-07-13 12:55:00,1039.7,1039.7,1037.1,1038.2,65162
2026-07-13 13:00:00,1038.2,1038.5,1037.0,1037.9,90275
2026-07-13 13:05:00,1037.9,1038.9,1037.5,1038.4,35736
2026-07-13 13:10:00,1038.6,1039.8,1038.2,1039.7,49807
2026-07-13 13:15:00,1039.6,1039.6,1038.4,1039.4,61584
2026-07-13 13:20:00,1039.2,1039.6,1037.2,1037.7,110078
2026-07-13 13:25:00,1037.4,1038.0,1035.7,1036.7,102599
2026-07-13 13:30:00,1036.5,1038.0,1036.5,1037.0,36564
2026-07-13 13:35:00,1037.1,1038.0,1036.5,1037.8,69247
2026-07-13 13:40:00,1037.8,1037.9,1036.8,1037.5,13726
2026-07-13 13:45:00,1037.3,1038.4,1037.3,1037.7,59647
2026-07-13 13:50:00,1038.0,1038.1,1037.0,1037.1,46377
2026-07-13 13:55:00,1037.2,1038.1,1037.1,1038.0,36348
2026-07-13 14:00:00,1037.9,1038.9,1037.2,1038.0,56170
2026-07-13 14:05:00,1038.0,1038.0,1037.0,1037.6,57002
2026-07-13 14:10:00,1037.5,1039.0,1037.1,1038.6,52659
2026-07-13 14:15:00,1038.6,1039.0,1037.3,1038.9,93753
2026-07-13 14:20:00,1038.9,1040.0,1038.3,1039.2,121591
2026-07-13 14:25:00,1039.0,1039.3,1038.0,1038.9,84116
2026-07-13 14:30:00,1038.9,1039.0,1037.8,1038.6,90556
2026-07-13 14:35:00,1038.6,1038.6,1037.1,1037.9,63655
2026-07-13 14:40:00,1037.8,1039.0,1037.5,1039.0,38115
2026-07-13 14:45:00,1039.0,1039.6,1038.7,1039.0,49508
2026-07-13 14:50:00,1038.8,1039.8,1038.7,1039.2,66848
2026-07-13 14:55:00,1039.3,1039.5,1037.7,1037.9,67872
2026-07-13 15:00:00,1037.8,1039.2,1037.2,1038.2,294900
2026-07-13 15:05:00,1038.2,1038.5,1037.5,1037.9,121919
2026-07-13 15:10:00,1037.8,1037.9,1035.7,1036.0,192540
2026-07-13 15:15:00,1036.2,1036.6,1035.6,1036.0,229287
2026-07-13 15:20:00,1036.2,1037.0,1035.7,1036.8,204428
2026-07-13 15:25:00,1036.8,1038.0,1036.1,1036.7,268546
2026-07-14 09:15:00,1033.3,1033.7,1027.3,1027.3,276286
2026-07-14 09:20:00,1027.3,1029.2,1026.7,1028.9,184898
2026-07-14 09:25:00,1028.2,1029.2,1027.9,1028.1,101332
2026-07-14 09:30:00,1028.1,1029.0,1027.5,1028.2,97240
2026-07-14 09:35:00,1028.4,1028.4,1025.5,1026.4,186285
2026-07-14 09:40:00,1026.4,1026.4,1024.0,1025.2,151493
2026-07-14 09:45:00,1025.0,1025.3,1023.4,1023.7,119340
2026-07-14 09:50:00,1023.7,1023.8,1020.5,1021.0,217304
2026-07-14 09:55:00,1021.0,1021.5,1020.1,1021.2,124985
2026-07-14 10:00:00,1021.2,1021.2,1019.2,1020.6,160039
2026-07-14 10:05:00,1020.6,1022.3,1020.2,1021.6,129235
2026-07-14 10:10:00,1021.7,1022.4,1020.1,1020.5,106285
2026-07-14 10:15:00,1020.5,1022.3,1020.0,1020.6,117062
2026-07-14 10:20:00,1020.6,1021.0,1020.0,1020.3,97584
2026-07-14 10:25:00,1020.4,1020.9,1019.6,1020.1,71500
2026-07-14 10:30:00,1020.2,1022.0,1019.9,1021.2,71456
2026-07-14 10:35:00,1021.3,1021.8,1020.5,1021.4,45695
2026-07-14 10:40:00,1021.4,1021.8,1020.5,1021.8,37313
2026-07-14 10:45:00,1021.8,1022.2,1020.7,1021.5,73772
2026-07-14 10:50:00,1021.6,1022.3,1020.9,1022.0,87373
2026-07-14 10:55:00,1021.9,1023.3,1021.8,1022.3,69344
2026-07-14 11:00:00,1022.5,1024.0,1022.4,1023.2,110923
2026-07-14 11:05:00,1023.1,1023.3,1022.0,1022.9,56797
2026-07-14 11:10:00,1022.9,1023.9,1022.3,1023.6,42688
2026-07-14 11:15:00,1023.6,1023.9,1022.4,1023.1,134542
2026-07-14 11:20:00,1023.4,1023.7,1022.4,1023.4,66531
2026-07-14 11:25:00,1023.3,1024.0,1022.2,1023.6,94546
2026-07-14 11:30:00,1023.7,1026.1,1023.2,1024.3,149970
2026-07-14 11:35:00,1024.4,1024.5,1021.7,1022.0,83742
2026-07-14 11:40:00,1022.0,1022.0,1020.5,1021.5,108807
2026-07-14 11:45:00,1021.5,1023.7,1021.4,1023.1,97674
2026-07-14 11:50:00,1023.1,1024.1,1021.7,1022.1,51010
2026-07-14 11:55:00,1022.3,1022.3,1021.0,1022.0,120536
2026-07-14 12:00:00,1021.9,1022.7,1021.6,1021.9,44054
2026-07-14 12:05:00,1021.9,1022.3,1021.0,1022.0,82541
2026-07-14 12:10:00,1022.0,1022.3,1021.1,1021.3,53993
2026-07-14 12:15:00,1021.4,1021.4,1020.1,1020.8,102383
2026-07-14 12:20:00,1020.9,1021.2,1020.1,1020.9,71788
2026-07-14 12:25:00,1020.9,1020.9,1020.1,1020.7,64359
2026-07-14 12:30:00,1020.8,1021.5,1020.2,1020.3,89145
2026-07-14 12:35:00,1020.7,1021.8,1020.4,1021.4,105290
2026-07-14 12:40:00,1021.4,1022.7,1020.8,1021.9,105458
2026-07-14 12:45:00,1021.6,1021.8,1020.5,1021.5,125509
2026-07-14 12:50:00,1021.6,1021.8,1020.9,1021.4,53710
2026-07-14 12:55:00,1021.3,1021.4,1020.4,1021.0,104330
2026-07-14 13:00:00,1021.1,1021.5,1019.7,1021.4,135258
2026-07-14 13:05:00,1021.5,1021.7,1020.0,1020.5,52210
2026-07-14 13:10:00,1020.5,1020.9,1020.0,1020.2,46982
2026-07-14 13:15:00,1020.0,1020.2,1018.4,1019.4,292229
2026-07-14 13:20:00,1019.4,1020.0,1018.9,1019.2,159422
2026-07-14 13:25:00,1019.2,1020.4,1018.6,1020.1,146398
2026-07-14 13:30:00,1020.2,1020.2,1019.0,1019.5,93359
2026-07-14 13:35:00,1019.4,1019.5,1017.3,1018.2,124152
2026-07-14 13:40:00,1018.2,1018.6,1017.3,1018.1,179004
2026-07-14 13:45:00,1018.1,1019.9,1018.1,1019.7,172483
2026-07-14 13:50:00,1019.8,1019.9,1017.9,1018.3,136090
2026-07-14 13:55:00,1018.2,1019.3,1018.2,1018.5,76723
2026-07-14 14:00:00,1018.5,1018.8,1017.9,1018.1,62649
2026-07-14 14:05:00,1018.2,1018.3,1017.5,1017.6,100913
2026-07-14 14:10:00,1017.6,1018.4,1017.5,1018.0,108864
2026-07-14 14:15:00,1018.0,1018.6,1017.5,1017.6,202915
2026-07-14 14:20:00,1017.7,1017.8,1016.1,1016.8,329537
2026-07-14 14:25:00,1016.9,1018.0,1016.7,1016.8,201584
2026-07-14 14:30:00,1017.1,1017.3,1016.2,1017.1,99032
2026-07-14 14:35:00,1017.2,1018.1,1016.6,1016.7,188208
2026-07-14 14:40:00,1017.0,1018.1,1016.7,1017.0,135546
2026-07-14 14:45:00,1017.3,1017.3,1012.2,1013.2,470552
2026-07-14 14:50:00,1013.2,1013.8,1011.4,1012.8,306492
2026-07-14 14:55:00,1012.8,1014.3,1012.1,1013.9,197124
2026-07-14 15:00:00,1013.8,1016.9,1013.8,1016.4,452278
2026-07-14 15:05:00,1016.4,1018.5,1015.5,1017.8,696605
2026-07-14 15:10:00,1018.2,1018.4,1015.6,1016.0,419092
2026-07-14 15:15:00,1016.0,1016.7,1014.1,1014.9,474894
2026-07-14 15:20:00,1014.7,1014.9,1012.5,1013.5,311456
2026-07-14 15:25:00,1013.4,1014.0,1012.1,1013.4,484835
2026-07-15 09:15:00,1015.5,1020.9,1013.7,1018.2,458730
2026-07-15 09:20:00,1018.5,1022.8,1018.2,1021.7,492722
2026-07-15 09:25:00,1022.0,1027.3,1021.5,1026.1,514393
2026-07-15 09:30:00,1025.4,1032.0,1025.3,1029.4,716495
2026-07-15 09:35:00,1029.1,1035.0,1028.6,1030.6,450086
2026-07-15 09:40:00,1030.8,1032.3,1029.5,1030.2,211088
2026-07-15 09:45:00,1030.2,1034.0,1030.2,1033.4,217060
2026-07-15 09:50:00,1033.2,1034.8,1033.0,1034.3,189060
2026-07-15 09:55:00,1034.3,1035.7,1033.4,1033.8,292706
2026-07-15 10:00:00,1033.8,1033.8,1031.3,1032.0,212497
2026-07-15 10:05:00,1032.0,1034.1,1031.5,1033.0,168670
2026-07-15 10:10:00,1033.2,1033.2,1032.0,1032.7,65353
2026-07-15 10:15:00,1032.8,1033.0,1031.3,1032.1,107704
2026-07-15 10:20:00,1032.0,1032.2,1031.3,1031.3,79870
2026-07-15 10:25:00,1031.6,1032.3,1031.2,1031.7,79863
2026-07-15 10:30:00,1031.7,1032.9,1031.5,1031.7,59754
2026-07-15 10:35:00,1031.7,1031.7,1030.5,1031.2,96163
2026-07-15 10:40:00,1031.2,1033.7,1031.1,1033.3,138528
2026-07-15 10:45:00,1033.3,1034.0,1031.4,1031.5,191299
2026-07-15 10:50:00,1031.6,1032.3,1031.0,1031.6,94100
2026-07-15 10:55:00,1031.6,1031.8,1029.2,1029.7,126085
2026-07-15 11:00:00,1029.6,1030.6,1028.3,1029.3,118255
2026-07-15 11:05:00,1029.6,1029.9,1028.3,1029.1,85124
2026-07-15 11:10:00,1029.2,1030.0,1027.3,1028.0,150292
2026-07-15 11:15:00,1027.9,1029.3,1027.5,1027.6,328591
2026-07-15 11:20:00,1027.7,1027.9,1026.7,1027.6,85408
2026-07-15 11:25:00,1027.6,1027.9,1027.2,1027.6,50557
2026-07-15 11:30:00,1027.7,1027.9,1026.5,1027.4,112037
2026-07-15 11:35:00,1027.3,1028.0,1025.6,1025.8,127416
2026-07-15 11:40:00,1025.9,1029.0,1025.5,1026.4,220711
2026-07-15 11:45:00,1026.5,1027.2,1026.4,1027.1,58724
2026-07-15 11:50:00,1027.1,1027.4,1026.0,1026.0,74278
2026-07-15 11:55:00,1026.4,1027.0,1026.0,1027.0,43165
2026-07-15 12:00:00,1026.8,1026.9,1024.5,1024.8,123481
2026-07-15 12:05:00,1024.9,1025.5,1024.5,1025.0,138713
2026-07-15 12:10:00,1025.3,1029.6,1024.5,1029.5,245700
2026-07-15 12:15:00,1029.5,1032.7,1029.2,1031.9,468817
2026-07-15 12:20:00,1031.9,1032.9,1029.2,1030.7,332024
2026-07-15 12:25:00,1030.7,1036.0,1030.4,1032.5,458144
2026-07-15 12:30:00,1032.8,1035.8,1030.7,1035.0,304272
2026-07-15 12:35:00,1034.8,1035.2,1031.9,1031.9,355805
2026-07-15 12:40:00,1031.9,1032.9,1031.4,1031.8,115955
2026-07-15 12:45:00,1031.8,1031.9,1029.6,1030.2,87355
2026-07-15 12:50:00,1030.3,1031.0,1028.8,1029.1,69339
2026-07-15 12:55:00,1029.0,1029.5,1025.3,1027.1,418148
2026-07-15 13:00:00,1026.8,1028.7,1025.7,1028.4,215932
2026-07-15 13:05:00,1028.4,1028.6,1024.8,1024.8,243416
2026-07-15 13:10:00,1024.8,1025.9,1024.1,1024.8,219970
2026-07-15 13:15:00,1025.0,1027.1,1024.6,1026.5,201745
2026-07-15 13:20:00,1026.2,1026.9,1024.3,1024.6,148750
2026-07-15 13:25:00,1024.6,1025.0,1023.0,1023.9,136374
2026-07-15 13:30:00,1023.9,1024.1,1022.0,1022.9,123203
2026-07-15 13:35:00,1022.5,1023.9,1022.2,1023.1,86475
2026-07-15 13:40:00,1023.1,1023.4,1022.0,1023.3,59873
2026-07-15 13:45:00,1023.3,1023.9,1022.5,1023.1,80043
2026-07-15 13:50:00,1023.2,1023.4,1021.0,1021.8,113932
2026-07-15 13:55:00,1021.8,1024.0,1021.3,1024.0,115681
2026-07-15 14:00:00,1023.9,1024.1,1022.6,1023.4,101658
2026-07-15 14:05:00,1023.3,1024.9,1022.8,1023.8,124878
2026-07-15 14:10:00,1023.8,1024.0,1022.2,1023.3,103869
2026-07-15 14:15:00,1023.3,1024.1,1021.4,1022.1,191836
2026-07-15 14:20:00,1022.1,1022.6,1021.4,1021.7,177111
2026-07-15 14:25:00,1021.6,1023.5,1021.4,1022.8,85571
2026-07-15 14:30:00,1023.0,1023.7,1022.6,1022.7,58834
2026-07-15 14:35:00,1022.7,1024.7,1022.3,1024.5,70486
2026-07-15 14:40:00,1024.4,1024.7,1023.2,1023.9,43997
2026-07-15 14:45:00,1023.8,1029.0,1023.6,1027.5,639510
2026-07-15 14:50:00,1027.5,1029.6,1026.9,1029.4,179848
2026-07-15 14:55:00,1029.5,1030.0,1028.7,1028.7,144606
2026-07-15 15:00:00,1028.7,1029.9,1028.1,1029.4,218039
2026-07-15 15:05:00,1029.5,1030.3,1029.0,1030.0,217584
2026-07-15 15:10:00,1030.1,1030.6,1030.0,1030.5,134515
2026-07-15 15:15:00,1030.7,1030.7,1030.0,1030.4,138581
2026-07-15 15:20:00,1030.3,1032.5,1030.0,1030.5,192785
2026-07-15 15:25:00,1030.5,1031.5,1030.1,1030.8,119707
2026-07-16 09:15:00,1030.1,1031.4,1028.1,1029.4,268782
2026-07-16 09:20:00,1029.4,1030.1,1027.7,1028.0,118711
2026-07-16 09:25:00,1028.3,1028.9,1027.3,1028.2,94851
2026-07-16 09:30:00,1028.3,1029.7,1028.2,1028.5,101401
2026-07-16 09:35:00,1028.5,1030.0,1028.0,1028.5,74602
2026-07-16 09:40:00,1028.5,1030.0,1028.0,1030.0,74461
2026-07-16 09:45:00,1030.0,1030.1,1028.2,1028.4,107934
2026-07-16 09:50:00,1028.5,1028.9,1028.0,1028.6,93990
2026-07-16 09:55:00,1028.6,1029.7,1028.5,1029.2,55640
2026-07-16 10:00:00,1029.0,1029.7,1028.3,1028.9,72967
2026-07-16 10:05:00,1028.9,1030.0,1028.6,1029.5,107534
2026-07-16 10:10:00,1029.9,1029.9,1028.9,1029.3,47956
2026-07-16 10:15:00,1029.3,1029.8,1028.6,1029.0,71512
2026-07-16 10:20:00,1029.1,1029.6,1028.5,1029.1,38465
2026-07-16 10:25:00,1029.1,1029.1,1027.6,1028.7,50617
2026-07-16 10:30:00,1028.7,1028.7,1027.7,1028.1,50181
2026-07-16 10:35:00,1028.0,1028.8,1027.7,1028.4,51271
2026-07-16 10:40:00,1028.4,1029.9,1028.1,1029.2,58824
2026-07-16 10:45:00,1029.3,1032.4,1029.2,1032.0,239792
2026-07-16 10:50:00,1032.0,1035.0,1031.6,1033.1,221519
2026-07-16 10:55:00,1033.1,1035.8,1033.1,1034.7,121561
2026-07-16 11:00:00,1035.0,1036.0,1033.5,1033.6,149069
2026-07-16 11:05:00,1033.6,1033.8,1031.5,1032.3,88196
2026-07-16 11:10:00,1032.3,1032.7,1030.6,1031.0,66274
2026-07-16 11:15:00,1031.0,1032.5,1030.0,1031.5,92380
2026-07-16 11:20:00,1031.5,1032.3,1030.6,1032.3,185836
2026-07-16 11:25:00,1032.3,1034.5,1031.3,1032.2,214368
2026-07-16 11:30:00,1032.2,1033.8,1031.6,1032.0,85064
2026-07-16 11:35:00,1032.2,1032.6,1030.8,1031.9,121389
2026-07-16 11:40:00,1032.0,1032.0,1030.7,1031.2,96630
2026-07-16 11:45:00,1031.4,1031.9,1029.5,1030.0,253568
2026-07-16 11:50:00,1029.9,1030.0,1029.0,1029.9,102501
2026-07-16 11:55:00,1030.0,1030.0,1029.5,1029.7,53994
2026-07-16 12:00:00,1029.9,1030.1,1029.3,1029.9,58806
2026-07-16 12:05:00,1030.0,1030.6,1029.5,1030.5,92877
2026-07-16 12:10:00,1030.5,1031.0,1029.5,1029.7,52218
2026-07-16 12:15:00,1030.0,1030.0,1029.0,1029.8,46456
2026-07-16 12:20:00,1029.8,1030.0,1029.0,1029.8,33168
2026-07-16 12:25:00,1029.9,1031.6,1029.7,1031.4,135107
2026-07-16 12:30:00,1031.5,1031.5,1029.7,1031.2,134965
2026-07-16 12:35:00,1031.1,1031.5,1029.4,1029.5,65555
2026-07-16 12:40:00,1029.8,1030.0,1028.7,1028.7,61752
2026-07-16 12:45:00,1028.7,1029.7,1028.5,1029.0,71919
2026-07-16 12:50:00,1029.0,1030.0,1028.4,1028.5,150469
2026-07-16 12:55:00,1028.5,1029.0,1028.4,1028.9,34823
2026-07-16 13:00:00,1028.6,1030.0,1028.5,1030.0,107148
2026-07-16 13:05:00,1030.0,1030.0,1029.4,1029.9,39248
2026-07-16 13:10:00,1029.9,1030.0,1029.6,1029.7,63721
2026-07-16 13:15:00,1029.9,1030.0,1029.0,1029.7,31805
2026-07-16 13:20:00,1029.7,1030.0,1029.3,1029.7,43686
2026-07-16 13:25:00,1029.6,1030.5,1029.1,1030.4,144905
2026-07-16 13:30:00,1030.4,1030.8,1029.2,1029.8,83721
2026-07-16 13:35:00,1029.6,1029.8,1028.2,1029.0,48624
2026-07-16 13:40:00,1028.9,1029.5,1028.0,1028.5,208650
2026-07-16 13:45:00,1028.5,1029.7,1028.4,1029.3,84768
2026-07-16 13:50:00,1029.6,1031.0,1029.3,1030.8,147821
2026-07-16 13:55:00,1030.9,1033.4,1030.8,1033.3,129704
2026-07-16 14:00:00,1033.4,1034.9,1032.9,1034.0,143068
2026-07-16 14:05:00,1034.0,1035.0,1032.0,1032.1,114349
2026-07-16 14:10:00,1032.4,1033.6,1032.0,1032.9,80541
2026-07-16 14:15:00,1032.9,1033.9,1032.6,1032.7,48863
2026-07-16 14:20:00,1033.0,1033.2,1030.9,1031.0,125697
2026-07-16 14:25:00,1031.1,1032.1,1031.0,1031.1,92211
2026-07-16 14:30:00,1031.5,1032.4,1031.0,1031.5,54236
2026-07-16 14:35:00,1032.0,1032.5,1031.1,1032.5,78115
2026-07-16 14:40:00,1032.5,1032.5,1031.3,1031.4,92775
2026-07-16 14:45:00,1031.5,1031.9,1031.1,1031.1,56841
2026-07-16 14:50:00,1031.2,1031.9,1031.0,1031.8,33845
2026-07-16 14:55:00,1031.8,1032.7,1031.8,1032.1,67184
2026-07-16 15:00:00,1032.0,1033.0,1030.2,1030.3,210458
2026-07-16 15:05:00,1030.6,1032.2,1030.6,1031.2,145489
2026-07-16 15:10:00,1031.4,1031.8,1030.7,1031.0,112001
2026-07-16 15:15:00,1031.0,1031.9,1029.7,1030.9,250505
2026-07-16 15:20:00,1030.6,1031.5,1030.1,1030.8,125992
2026-07-16 15:25:00,1030.8,1031.6,1030.3,1030.8,119908
2026-07-17 09:15:00,1030.6,1035.7,1028.3,1034.9,290461
2026-07-17 09:20:00,1034.3,1038.0,1033.4,1035.6,186009
2026-07-17 09:25:00,1035.1,1039.5,1035.0,1039.5,197646
2026-07-17 09:30:00,1039.5,1045.0,1039.5,1043.6,427141
2026-07-17 09:35:00,1043.9,1044.4,1041.0,1041.7,154780
2026-07-17 09:40:00,1041.9,1043.7,1040.9,1041.2,338072
2026-07-17 09:45:00,1041.2,1042.9,1040.0,1040.5,109805
2026-07-17 09:50:00,1040.5,1041.5,1039.3,1040.6,58708
2026-07-17 09:55:00,1040.6,1040.7,1038.3,1040.1,74877
2026-07-17 10:00:00,1040.1,1041.2,1039.2,1040.3,214881
2026-07-17 10:05:00,1040.2,1042.1,1038.3,1041.5,162064
2026-07-17 10:10:00,1041.0,1042.6,1040.2,1040.5,66450
2026-07-17 10:15:00,1039.9,1042.7,1039.9,1041.8,116085
2026-07-17 10:20:00,1042.0,1042.1,1039.3,1040.0,62965
2026-07-17 10:25:00,1040.0,1041.7,1040.0,1041.7,32190
2026-07-17 10:30:00,1041.6,1044.5,1040.7,1044.0,161456
2026-07-17 10:35:00,1044.3,1044.5,1041.1,1041.8,62678
2026-07-17 10:40:00,1042.0,1042.0,1040.8,1042.0,54215
2026-07-17 10:45:00,1041.9,1042.2,1040.8,1040.8,39839
2026-07-17 10:50:00,1041.1,1043.5,1040.5,1043.4,101467
2026-07-17 10:55:00,1043.5,1043.9,1041.7,1042.4,64182
2026-07-17 11:00:00,1042.4,1042.7,1041.5,1042.0,34015
2026-07-17 11:05:00,1042.0,1042.8,1041.2,1041.3,25074
2026-07-17 11:10:00,1041.3,1044.4,1041.2,1044.0,135705
2026-07-17 11:15:00,1044.4,1044.5,1043.1,1044.3,97235
2026-07-17 11:20:00,1044.2,1044.3,1042.7,1043.4,82905
2026-07-17 11:25:00,1043.4,1043.7,1042.6,1042.8,55077
2026-07-17 11:30:00,1042.7,1043.5,1042.4,1042.7,84313
2026-07-17 11:35:00,1042.9,1043.6,1041.6,1043.1,78417
2026-07-17 11:40:00,1043.2,1043.4,1040.7,1040.9,173086
2026-07-17 11:45:00,1041.0,1041.1,1039.7,1040.0,107375
2026-07-17 11:50:00,1040.0,1040.8,1039.6,1040.6,98772
2026-07-17 11:55:00,1040.6,1040.9,1039.6,1039.9,67024
2026-07-17 12:00:00,1040.0,1040.2,1039.3,1039.8,87816
2026-07-17 12:05:00,1039.5,1040.0,1038.7,1039.9,53480
2026-07-17 12:10:00,1039.8,1040.0,1039.1,1040.0,52258
2026-07-17 12:15:00,1039.7,1040.5,1039.0,1040.5,97366
2026-07-17 12:20:00,1040.0,1041.1,1039.6,1040.4,93456
2026-07-17 12:25:00,1040.3,1041.5,1040.3,1041.4,52309
2026-07-17 12:30:00,1041.5,1041.5,1039.8,1040.6,53840
2026-07-17 12:35:00,1040.7,1041.4,1039.9,1039.9,39011
2026-07-17 12:40:00,1039.9,1041.5,1039.8,1041.3,43113
2026-07-17 12:45:00,1041.4,1042.1,1041.3,1042.1,54261
2026-07-17 12:50:00,1042.1,1042.2,1040.2,1040.4,37723
2026-07-17 12:55:00,1040.4,1040.9,1039.6,1040.6,66293
2026-07-17 13:00:00,1040.6,1041.5,1040.2,1040.5,59383
2026-07-17 13:05:00,1040.5,1041.3,1040.5,1040.6,37337
2026-07-17 13:10:00,1040.5,1041.4,1040.5,1041.3,20320
2026-07-17 13:15:00,1041.2,1041.5,1040.5,1040.8,52929
2026-07-17 13:20:00,1041.2,1042.3,1040.0,1040.7,230498
2026-07-17 13:25:00,1040.6,1041.0,1039.2,1039.7,161445
2026-07-17 13:30:00,1039.7,1040.4,1039.3,1040.3,188633
2026-07-17 13:35:00,1040.3,1040.3,1039.1,1040.0,48791
2026-07-17 13:40:00,1039.8,1040.2,1039.2,1039.7,144309
2026-07-17 13:45:00,1039.7,1039.7,1038.3,1038.9,55774
2026-07-17 13:50:00,1038.7,1039.0,1038.0,1038.9,48470
2026-07-17 13:55:00,1038.9,1040.2,1038.5,1040.0,92084
2026-07-17 14:00:00,1039.9,1040.1,1039.0,1039.4,47477
2026-07-17 14:05:00,1039.3,1039.4,1038.4,1038.8,83592
2026-07-17 14:10:00,1038.7,1039.8,1038.6,1039.5,169861
2026-07-17 14:15:00,1039.7,1048.0,1039.6,1044.5,689228
2026-07-17 14:20:00,1044.4,1045.9,1044.2,1044.9,147976
2026-07-17 14:25:00,1045.0,1046.5,1043.4,1044.1,122520
2026-07-17 14:30:00,1044.1,1045.5,1044.1,1044.5,72646
2026-07-17 14:35:00,1044.5,1044.6,1043.3,1044.3,124801
2026-07-17 14:40:00,1044.4,1044.6,1043.5,1044.5,39731
2026-07-17 14:45:00,1044.4,1045.0,1043.9,1044.9,61515
2026-07-17 14:50:00,1045.0,1045.0,1044.2,1044.6,58088
2026-07-17 14:55:00,1044.7,1045.3,1044.5,1044.6,77387
2026-07-17 15:00:00,1044.7,1046.0,1044.1,1044.2,130284
2026-07-17 15:05:00,1044.1,1045.1,1044.1,1044.9,101348
2026-07-17 15:10:00,1044.9,1045.0,1044.0,1044.3,154576
2026-07-17 15:15:00,1044.0,1044.6,1043.1,1044.3,179875
2026-07-17 15:20:00,1044.7,1044.7,1043.6,1044.0,146024
2026-07-17 15:25:00,1044.0,1044.6,1043.0,1043.2,139949
2026-07-20 09:15:00,1041.6,1053.2,1038.3,1051.9,924643
2026-07-20 09:20:00,1051.9,1054.3,1049.1,1053.3,422912
2026-07-20 09:25:00,1053.4,1057.3,1053.0,1056.2,602134
2026-07-20 09:30:00,1056.6,1057.4,1046.3,1046.5,469581
2026-07-20 09:35:00,1046.5,1048.0,1041.5,1042.2,388071
2026-07-20 09:40:00,1042.0,1044.0,1039.6,1040.5,190299
2026-07-20 09:45:00,1040.7,1042.6,1040.0,1041.8,186753
2026-07-20 09:50:00,1041.8,1043.8,1041.6,1042.6,105059
2026-07-20 09:55:00,1042.5,1044.7,1042.5,1044.2,81579
2026-07-20 10:00:00,1044.0,1045.0,1043.4,1044.3,68053
2026-07-20 10:05:00,1044.3,1046.4,1043.1,1045.6,128661
2026-07-20 10:10:00,1045.6,1045.9,1044.3,1045.1,55924
2026-07-20 10:15:00,1045.3,1047.3,1045.0,1046.6,75385
2026-07-20 10:20:00,1046.7,1047.4,1042.5,1043.5,145281
2026-07-20 10:25:00,1043.7,1045.3,1042.5,1043.7,89729
2026-07-20 10:30:00,1043.7,1044.2,1042.0,1042.1,81285
2026-07-20 10:35:00,1042.2,1042.7,1041.1,1042.7,89662
2026-07-20 10:40:00,1042.6,1043.2,1042.1,1042.5,54050
2026-07-20 10:45:00,1042.6,1043.4,1042.2,1042.7,63240
2026-07-20 10:50:00,1042.6,1044.4,1041.3,1041.5,142499
2026-07-20 10:55:00,1041.6,1044.8,1041.5,1044.5,154253
2026-07-20 11:00:00,1044.4,1045.2,1044.2,1044.3,107215
2026-07-20 11:05:00,1044.4,1045.9,1044.1,1044.1,136192
2026-07-20 11:10:00,1044.1,1044.2,1040.7,1040.9,284699
2026-07-20 11:15:00,1040.9,1041.0,1040.1,1040.7,262889
2026-07-20 11:20:00,1040.7,1043.8,1040.7,1042.0,401210
2026-07-20 11:25:00,1041.9,1043.5,1041.8,1042.5,114168
2026-07-20 11:30:00,1042.3,1042.7,1041.0,1041.6,204607
2026-07-20 11:35:00,1041.6,1043.5,1041.1,1043.2,105305
2026-07-20 11:40:00,1043.1,1044.1,1043.1,1043.1,81295
2026-07-20 11:45:00,1043.2,1043.2,1042.0,1042.3,136797
2026-07-20 11:50:00,1042.4,1043.5,1042.3,1042.5,218314
2026-07-20 11:55:00,1042.5,1043.6,1042.5,1042.5,202299
2026-07-20 12:00:00,1042.6,1042.7,1042.0,1042.3,229004
2026-07-20 12:05:00,1042.5,1043.3,1042.2,1043.3,127527
2026-07-20 12:10:00,1043.1,1046.1,1043.1,1046.0,372714
2026-07-20 12:15:00,1046.1,1046.8,1046.0,1046.3,157793
2026-07-20 12:20:00,1046.4,1046.4,1044.6,1045.0,277737
2026-07-20 12:25:00,1045.0,1046.3,1045.0,1045.7,194543
2026-07-20 12:30:00,1045.8,1046.2,1045.6,1045.7,49028
2026-07-20 12:35:00,1045.8,1045.9,1043.6,1044.3,238814
2026-07-20 12:40:00,1044.3,1044.7,1044.1,1044.7,49180
2026-07-20 12:45:00,1044.7,1044.9,1043.3,1044.4,61204
2026-07-20 12:50:00,1044.4,1046.0,1043.9,1045.8,260127
2026-07-20 12:55:00,1045.5,1045.9,1044.6,1045.3,293385
2026-07-20 13:00:00,1045.2,1045.9,1044.9,1045.6,91523
2026-07-20 13:05:00,1045.6,1046.3,1045.3,1046.0,87900
2026-07-20 13:10:00,1046.0,1047.9,1045.7,1047.8,213754
2026-07-20 13:15:00,1047.8,1049.9,1047.0,1049.9,225138
2026-07-20 13:20:00,1049.7,1050.7,1049.0,1050.3,160251
2026-07-20 13:25:00,1050.3,1050.4,1048.9,1049.6,55714
2026-07-20 13:30:00,1049.5,1049.9,1048.4,1048.6,87134
2026-07-20 13:35:00,1048.4,1049.5,1048.4,1049.5,83101
2026-07-20 13:40:00,1049.6,1050.8,1049.3,1050.0,188894
2026-07-20 13:45:00,1050.2,1053.0,1049.7,1051.8,270514
2026-07-20 13:50:00,1051.9,1052.0,1050.5,1051.0,102215
2026-07-20 13:55:00,1051.2,1054.6,1051.0,1054.5,275587
2026-07-20 14:00:00,1054.2,1054.6,1053.0,1054.0,179071
2026-07-20 14:05:00,1053.7,1058.7,1053.2,1058.2,697123
2026-07-20 14:10:00,1058.2,1065.0,1058.0,1061.5,998770
2026-07-20 14:15:00,1061.5,1062.0,1058.1,1060.0,272977
2026-07-20 14:20:00,1060.0,1060.1,1058.3,1058.9,153060
2026-07-20 14:25:00,1059.0,1062.4,1058.5,1060.6,211223
2026-07-20 14:30:00,1060.7,1062.9,1060.0,1061.1,219158
2026-07-20 14:35:00,1061.1,1061.5,1060.0,1060.0,113250
2026-07-20 14:40:00,1060.0,1061.9,1060.0,1061.8,254206
2026-07-20 14:45:00,1061.6,1061.9,1060.6,1060.7,166544
2026-07-20 14:50:00,1060.7,1061.1,1060.0,1060.6,151486
2026-07-20 14:55:00,1060.6,1061.0,1059.9,1060.5,242175
2026-07-20 15:00:00,1060.7,1061.5,1058.4,1059.1,326930
2026-07-20 15:05:00,1059.2,1059.8,1058.4,1058.8,239042
2026-07-20 15:10:00,1058.8,1059.6,1058.4,1058.6,246812
2026-07-20 15:15:00,1058.7,1060.9,1057.5,1060.8,393667
2026-07-20 15:20:00,1060.7,1061.7,1060.0,1060.6,444122
2026-07-20 15:25:00,1061.0,1061.4,1060.2,1061.0,252629
2026-07-21 09:15:00,1057.0,1065.2,1055.4,1064.3,570552
2026-07-21 09:20:00,1064.3,1067.0,1063.2,1063.3,376092
2026-07-21 09:25:00,1063.2,1063.6,1060.2,1060.9,251318
2026-07-21 09:30:00,1061.0,1062.3,1060.0,1061.5,175956
2026-07-21 09:35:00,1061.1,1062.6,1060.3,1061.2,122345
2026-07-21 09:40:00,1061.3,1063.2,1061.0,1061.6,107118
2026-07-21 09:45:00,1061.5,1061.6,1057.3,1057.3,257409
2026-07-21 09:50:00,1057.5,1057.8,1055.3,1056.3,192942
2026-07-21 09:55:00,1056.7,1056.7,1054.5,1056.5,148426
2026-07-21 10:00:00,1056.6,1056.6,1055.0,1055.0,85655
2026-07-21 10:05:00,1055.0,1057.6,1055.0,1056.7,132631
2026-07-21 10:10:00,1056.5,1056.8,1054.6,1056.5,109725
2026-07-21 10:15:00,1056.5,1057.0,1055.8,1056.4,55042
2026-07-21 10:20:00,1056.1,1057.0,1055.7,1056.3,81211
2026-07-21 10:25:00,1056.3,1056.6,1055.7,1056.2,55003
2026-07-21 10:30:00,1056.2,1056.2,1055.0,1055.0,40797
2026-07-21 10:35:00,1055.1,1055.6,1052.7,1053.2,119770
2026-07-21 10:40:00,1053.3,1054.7,1053.0,1054.3,66414
2026-07-21 10:45:00,1054.3,1054.5,1053.5,1053.8,58182
2026-07-21 10:50:00,1053.5,1053.9,1052.0,1052.5,116889
2026-07-21 10:55:00,1052.7,1053.7,1052.3,1052.9,66304
2026-07-21 11:00:00,1052.9,1053.8,1052.1,1053.8,72971
2026-07-21 11:05:00,1053.8,1053.8,1052.3,1052.3,56045
2026-07-21 11:10:00,1052.5,1053.2,1051.5,1052.2,70828
2026-07-21 11:15:00,1051.8,1052.6,1051.7,1052.0,53893
2026-07-21 11:20:00,1051.9,1053.0,1051.4,1053.0,100974
2026-07-21 11:25:00,1053.0,1053.5,1051.0,1051.4,173180
2026-07-21 11:30:00,1051.4,1052.7,1051.1,1052.0,55365
2026-07-21 11:35:00,1052.1,1052.1,1048.7,1049.6,165508
2026-07-21 11:40:00,1049.3,1051.1,1048.8,1050.4,87007
2026-07-21 11:45:00,1050.4,1050.4,1049.4,1049.6,98955
2026-07-21 11:50:00,1049.8,1049.9,1049.2,1049.7,44995
2026-07-21 11:55:00,1049.8,1049.9,1049.0,1049.1,54386
2026-07-21 12:00:00,1049.0,1049.9,1048.8,1049.9,81553
2026-07-21 12:05:00,1049.9,1050.3,1049.0,1049.2,56549
2026-07-21 12:10:00,1049.2,1049.5,1048.7,1048.9,40245
2026-07-21 12:15:00,1048.9,1051.7,1048.2,1051.3,219806
2026-07-21 12:20:00,1051.6,1053.9,1051.3,1052.1,140611
2026-07-21 12:25:00,1052.4,1052.9,1051.5,1052.7,65601
2026-07-21 12:30:00,1052.9,1054.5,1052.7,1053.7,128637
2026-07-21 12:35:00,1053.7,1056.5,1053.3,1053.5,311470
2026-07-21 12:40:00,1053.7,1053.7,1051.5,1052.6,291010
2026-07-21 12:45:00,1052.6,1053.1,1050.0,1050.6,189844
2026-07-21 12:50:00,1050.6,1050.9,1049.6,1049.8,103474
2026-07-21 12:55:00,1049.9,1051.0,1049.8,1049.9,183513
2026-07-21 13:00:00,1050.0,1051.8,1049.9,1051.5,231569
2026-07-21 13:05:00,1051.8,1052.4,1049.9,1051.4,224169
2026-07-21 13:10:00,1051.2,1051.6,1050.2,1050.6,85037
2026-07-21 13:15:00,1050.6,1050.7,1049.5,1050.0,59885
2026-07-21 13:20:00,1049.7,1051.1,1049.7,1049.8,133227
2026-07-21 13:25:00,1050.0,1050.0,1048.4,1049.5,73068
2026-07-21 13:30:00,1049.8,1050.0,1049.3,1049.7,87287
2026-07-21 13:35:00,1049.9,1050.0,1049.2,1049.7,65427
2026-07-21 13:40:00,1049.9,1050.4,1049.7,1050.1,67058
2026-07-21 13:45:00,1050.1,1050.5,1049.6,1050.5,95918
2026-07-21 13:50:00,1050.5,1050.8,1049.7,1050.4,110379
2026-07-21 13:55:00,1050.4,1050.4,1048.6,1049.5,121444
2026-07-21 14:00:00,1049.6,1050.2,1049.1,1049.3,56766
2026-07-21 14:05:00,1049.4,1050.3,1047.5,1048.1,125640
2026-07-21 14:10:00,1048.1,1049.3,1048.0,1049.1,74629
2026-07-21 14:15:00,1049.0,1050.9,1048.3,1050.6,304114
2026-07-21 14:20:00,1051.0,1051.0,1049.0,1049.4,98044
2026-07-21 14:25:00,1049.4,1050.0,1048.7,1048.7,152112
2026-07-21 14:30:00,1048.8,1049.3,1047.9,1048.2,234897
2026-07-21 14:35:00,1048.2,1048.6,1047.0,1047.2,151617
2026-07-21 14:40:00,1047.3,1047.6,1046.1,1046.7,78520
2026-07-21 14:45:00,1047.0,1047.8,1045.7,1047.1,136715
2026-07-21 14:50:00,1047.2,1047.3,1045.9,1046.2,133539
2026-07-21 14:55:00,1046.1,1047.3,1045.5,1045.7,258108
2026-07-21 15:00:00,1045.8,1046.0,1045.0,1045.0,171506
2026-07-21 15:05:00,1045.0,1046.2,1045.0,1045.3,276829
2026-07-21 15:10:00,1045.3,1045.9,1043.3,1043.5,202824
2026-07-21 15:15:00,1043.6,1044.0,1043.0,1043.0,209232
2026-07-21 15:20:00,1043.2,1043.6,1043.0,1043.0,196401
2026-07-21 15:25:00,1043.3,1044.6,1042.8,1044.3,213930
2026-07-22 09:15:00,1044.4,1044.4,1033.2,1034.9,392640
2026-07-22 09:20:00,1034.9,1034.9,1033.0,1034.4,223214
2026-07-22 09:25:00,1034.0,1034.5,1030.0,1030.4,236685
2026-07-22 09:30:00,1030.0,1030.3,1028.2,1028.7,239908
2026-07-22 09:35:00,1029.1,1030.6,1028.1,1030.6,187201
2026-07-22 09:40:00,1030.5,1031.3,1029.6,1030.2,127235
2026-07-22 09:45:00,1030.2,1030.4,1027.1,1028.1,197262
2026-07-22 09:50:00,1028.1,1028.9,1027.8,1028.3,91161
2026-07-22 09:55:00,1028.5,1028.5,1027.3,1027.8,79631
2026-07-22 10:00:00,1027.9,1028.9,1027.4,1028.7,70079
2026-07-22 10:05:00,1028.5,1030.4,1027.9,1029.7,104904
2026-07-22 10:10:00,1029.9,1029.9,1028.4,1028.4,65018
2026-07-22 10:15:00,1028.7,1028.7,1027.2,1027.5,103518
2026-07-22 10:20:00,1027.8,1027.9,1025.5,1025.8,227535
2026-07-22 10:25:00,1025.8,1026.6,1024.6,1026.4,241753
2026-07-22 10:30:00,1026.4,1026.6,1024.7,1025.0,213048
2026-07-22 10:35:00,1025.1,1026.9,1024.9,1026.4,67730
2026-07-22 10:40:00,1026.1,1026.7,1025.4,1025.4,57086
2026-07-22 10:45:00,1025.5,1027.4,1025.3,1027.2,118641
2026-07-22 10:50:00,1027.2,1028.5,1026.8,1027.3,430628
2026-07-22 10:55:00,1027.3,1027.9,1026.6,1027.6,83812
2026-07-22 11:00:00,1027.6,1028.0,1025.7,1026.5,111562
2026-07-22 11:05:00,1026.5,1026.6,1025.8,1026.1,45326
2026-07-22 11:10:00,1026.1,1026.3,1023.2,1023.5,448633
2026-07-22 11:15:00,1023.5,1025.1,1022.8,1024.9,316062
2026-07-22 11:20:00,1024.9,1026.3,1024.7,1026.0,79485
2026-07-22 11:25:00,1026.1,1026.5,1025.1,1025.6,83074
2026-07-22 11:30:00,1025.4,1026.1,1024.9,1025.9,99339
2026-07-22 11:35:00,1025.5,1025.8,1024.6,1024.7,92875
2026-07-22 11:40:00,1024.7,1025.0,1024.3,1024.6,54764
2026-07-22 11:45:00,1024.5,1025.9,1024.3,1024.7,147192
2026-07-22 11:50:00,1024.7,1025.7,1024.2,1024.4,108210
2026-07-22 11:55:00,1024.3,1024.9,1024.2,1024.3,57322
2026-07-22 12:00:00,1024.3,1024.5,1023.5,1023.9,99715
2026-07-22 12:05:00,1023.9,1024.1,1023.1,1023.2,67621
2026-07-22 12:10:00,1023.1,1023.6,1020.8,1021.1,340865
2026-07-22 12:15:00,1021.0,1021.4,1020.2,1020.8,87002
2026-07-22 12:20:00,1020.8,1022.2,1020.3,1021.2,256683
2026-07-22 12:25:00,1021.1,1022.1,1020.3,1021.6,192034
2026-07-22 12:30:00,1021.6,1021.6,1020.5,1020.8,72677
2026-07-22 12:35:00,1020.9,1020.9,1019.2,1019.8,173420
2026-07-22 12:40:00,1019.6,1021.0,1019.6,1021.0,99277
2026-07-22 12:45:00,1020.8,1022.9,1020.7,1022.8,81602
2026-07-22 12:50:00,1022.9,1023.5,1022.2,1022.6,65038
2026-07-22 12:55:00,1022.6,1023.6,1022.5,1023.3,40343
2026-07-22 13:00:00,1023.3,1023.6,1022.5,1023.0,132670
2026-07-22 13:05:00,1023.1,1023.7,1022.8,1023.6,44491
2026-07-22 13:10:00,1023.5,1024.3,1022.4,1022.8,82311
2026-07-22 13:15:00,1022.6,1023.2,1022.6,1022.8,50552
2026-07-22 13:20:00,1022.8,1023.1,1022.1,1022.8,60724
2026-07-22 13:25:00,1022.8,1022.8,1021.5,1021.9,66785
2026-07-22 13:30:00,1021.8,1023.1,1021.4,1023.0,71804
2026-07-22 13:35:00,1023.1,1024.5,1022.8,1023.8,65062
2026-07-22 13:40:00,1024.0,1024.9,1023.4,1024.8,229816
2026-07-22 13:45:00,1024.7,1024.7,1021.7,1022.0,114443
2026-07-22 13:50:00,1022.0,1022.6,1020.8,1021.4,138301
2026-07-22 13:55:00,1021.6,1022.3,1021.1,1021.7,45106
2026-07-22 14:00:00,1021.6,1022.0,1019.8,1020.3,494972
2026-07-22 14:05:00,1020.0,1020.6,1019.8,1020.4,73661
2026-07-22 14:10:00,1020.3,1020.6,1019.4,1020.0,91521
2026-07-22 14:15:00,1020.1,1021.0,1019.9,1021.0,156855
2026-07-22 14:20:00,1021.2,1021.5,1020.0,1020.6,208687
2026-07-22 14:25:00,1020.7,1021.3,1020.6,1021.0,47880
2026-07-22 14:30:00,1021.0,1022.1,1020.5,1022.0,60688
2026-07-22 14:35:00,1022.1,1023.5,1022.0,1023.5,136322
2026-07-22 14:40:00,1023.5,1024.7,1023.2,1024.4,128204
2026-07-22 14:45:00,1024.4,1024.8,1023.8,1024.2,71812
2026-07-22 14:50:00,1024.4,1024.6,1023.8,1024.0,65445
2026-07-22 14:55:00,1024.0,1024.1,1022.7,1023.8,83119
2026-07-22 15:00:00,1023.8,1024.4,1022.7,1023.5,119757
2026-07-22 15:05:00,1023.7,1025.4,1023.4,1025.0,181135
2026-07-22 15:10:00,1025.0,1026.7,1024.4,1026.2,493136
2026-07-22 15:15:00,1026.4,1026.6,1024.0,1025.0,364914
2026-07-22 15:20:00,1025.0,1025.0,1024.2,1024.8,166642
2026-07-22 15:25:00,1024.9,1025.3,1024.0,1025.0,372660
2026-07-23 09:15:00,1022.0,1022.0,1015.0,1017.9,227282
2026-07-23 09:20:00,1017.7,1021.0,1017.7,1020.7,127069
2026-07-23 09:25:00,1020.7,1020.7,1018.5,1018.5,76161
2026-07-23 09:30:00,1018.8,1018.9,1017.0,1017.2,78796
2026-07-23 09:35:00,1017.3,1019.9,1016.0,1019.9,93992
2026-07-23 09:40:00,1019.7,1021.9,1018.8,1020.6,108020
2026-07-23 09:45:00,1020.7,1021.0,1018.3,1019.4,102890
2026-07-23 09:50:00,1019.7,1020.6,1019.3,1019.4,137459
2026-07-23 09:55:00,1019.6,1020.8,1018.9,1020.0,274655
2026-07-23 10:00:00,1019.7,1022.9,1019.1,1021.6,94838
2026-07-23 10:05:00,1021.6,1022.5,1020.7,1022.0,96156
2026-07-23 10:10:00,1022.5,1022.9,1021.5,1021.7,96386
2026-07-23 10:15:00,1021.7,1022.5,1021.0,1021.5,50314
2026-07-23 10:20:00,1021.6,1022.2,1020.9,1021.4,33495
2026-07-23 10:25:00,1021.1,1022.4,1020.6,1022.0,33175
2026-07-23 10:30:00,1022.2,1022.3,1020.0,1020.4,45927
2026-07-23 10:35:00,1020.4,1022.0,1020.2,1022.0,38736
2026-07-23 10:40:00,1022.0,1022.6,1021.6,1021.8,39510
2026-07-23 10:45:00,1021.9,1021.9,1020.1,1021.0,82720
2026-07-23 10:50:00,1021.0,1021.1,1019.0,1019.2,86263
2026-07-23 10:55:00,1019.2,1020.9,1019.0,1020.0,39796
2026-07-23 11:00:00,1020.2,1020.8,1020.0,1020.0,27123
2026-07-23 11:05:00,1020.0,1020.1,1018.9,1019.0,39547
2026-07-23 11:10:00,1019.1,1019.4,1017.5,1017.6,77347
2026-07-23 11:15:00,1017.5,1018.0,1017.0,1017.3,58677
2026-07-23 11:20:00,1017.3,1017.8,1016.6,1017.0,70943
2026-07-23 11:25:00,1017.0,1017.3,1015.2,1015.9,152367
2026-07-23 11:30:00,1016.0,1017.3,1015.9,1016.1,131887
2026-07-23 11:35:00,1016.2,1016.6,1015.1,1015.2,51314
2026-07-23 11:40:00,1015.4,1015.7,1014.3,1014.7,118962
2026-07-23 11:45:00,1014.7,1014.7,1013.9,1014.3,134374
2026-07-23 11:50:00,1014.3,1014.6,1013.8,1014.4,103034
2026-07-23 11:55:00,1014.5,1016.0,1014.4,1015.7,71713
2026-07-23 12:00:00,1015.5,1016.4,1014.9,1015.2,106292
2026-07-23 12:05:00,1015.3,1016.0,1015.0,1015.9,64068
2026-07-23 12:10:00,1015.9,1015.9,1015.0,1015.0,116089
2026-07-23 12:15:00,1015.2,1016.2,1014.8,1015.0,186627
2026-07-23 12:20:00,1015.0,1015.2,1014.1,1014.3,43845
2026-07-23 12:25:00,1014.3,1014.7,1014.1,1014.1,45872
2026-07-23 12:30:00,1014.2,1014.3,1011.2,1011.8,249479
2026-07-23 12:35:00,1011.8,1012.0,1010.5,1010.6,129735
2026-07-23 12:40:00,1010.6,1010.6,1007.5,1007.8,348936
2026-07-23 12:45:00,1007.7,1009.3,1006.5,1007.1,250336
2026-07-23 12:50:00,1007.2,1009.1,1006.7,1008.9,89851
2026-07-23 12:55:00,1008.9,1009.5,1008.1,1008.8,70332
2026-07-23 13:00:00,1009.0,1010.8,1008.0,1009.9,120820
2026-07-23 13:05:00,1009.9,1010.6,1009.1,1010.4,62062
2026-07-23 13:10:00,1010.4,1010.9,1010.0,1010.5,69894
2026-07-23 13:15:00,1010.7,1011.4,1009.7,1010.8,62961
2026-07-23 13:20:00,1011.1,1012.5,1010.7,1012.5,90295
2026-07-23 13:25:00,1012.6,1014.1,1012.1,1013.7,186006
2026-07-23 13:30:00,1013.9,1014.1,1011.9,1013.8,107098
2026-07-23 13:35:00,1013.6,1015.0,1012.7,1014.7,135517
2026-07-23 13:40:00,1014.5,1015.1,1013.6,1014.0,167658
2026-07-23 13:45:00,1014.4,1015.7,1014.0,1015.0,161018
2026-07-23 13:50:00,1015.1,1015.1,1013.8,1014.0,47068
2026-07-23 13:55:00,1014.0,1014.6,1013.6,1014.4,48530
2026-07-23 14:00:00,1014.3,1014.9,1013.9,1014.7,66455
2026-07-23 14:05:00,1014.6,1014.8,1013.0,1013.0,63276
2026-07-23 14:10:00,1013.1,1013.6,1012.0,1013.1,76524
2026-07-23 14:15:00,1013.1,1013.6,1012.4,1013.3,98719
2026-07-23 14:20:00,1013.7,1014.2,1013.3,1014.0,81214
2026-07-23 14:25:00,1014.1,1014.1,1013.0,1013.2,35695
2026-07-23 14:30:00,1013.1,1015.3,1012.8,1015.3,101201
2026-07-23 14:35:00,1015.2,1015.3,1013.4,1013.8,70033
2026-07-23 14:40:00,1013.8,1013.9,1010.6,1011.5,103928
2026-07-23 14:45:00,1011.6,1011.9,1010.4,1010.4,146254
2026-07-23 14:50:00,1010.5,1012.0,1010.0,1011.0,154981
2026-07-23 14:55:00,1010.9,1012.5,1010.6,1012.3,70644
2026-07-23 15:00:00,1012.5,1012.5,1011.0,1011.9,151936
2026-07-23 15:05:00,1012.0,1014.2,1011.7,1012.4,395258
2026-07-23 15:10:00,1012.6,1013.0,1011.4,1011.6,242829
2026-07-23 15:15:00,1011.6,1012.7,1011.5,1012.2,256937
2026-07-23 15:20:00,1012.1,1014.9,1012.0,1014.4,503095
2026-07-23 15:25:00,1014.5,1014.9,1012.5,1012.9,296167
2026-07-24 09:15:00,1006.0,1009.7,1002.0,1009.4,243358
2026-07-24 09:20:00,1009.4,1010.5,1007.0,1008.9,289602
2026-07-24 09:25:00,1008.9,1009.9,1007.7,1008.0,97194
2026-07-24 09:30:00,1007.7,1008.4,1005.4,1006.0,787091
2026-07-24 09:35:00,1006.2,1007.4,1005.7,1006.4,58416
2026-07-24 09:40:00,1006.9,1007.0,1005.7,1006.0,120748
2026-07-24 09:45:00,1006.0,1006.3,1005.3,1005.7,222137
2026-07-24 09:50:00,1005.7,1006.0,1005.3,1005.5,233946
2026-07-24 09:55:00,1005.5,1006.8,1004.6,1005.2,452276
2026-07-24 10:00:00,1005.4,1005.4,1003.6,1004.4,105639
2026-07-24 10:05:00,1004.5,1005.1,1004.2,1004.6,78922
2026-07-24 10:10:00,1004.6,1005.0,1003.4,1004.1,148149
2026-07-24 10:15:00,1004.1,1006.8,1003.8,1003.9,389985
2026-07-24 10:20:00,1004.0,1006.0,1003.8,1005.9,759383
2026-07-24 10:25:00,1005.7,1006.1,1004.5,1005.0,165534
2026-07-24 10:30:00,1005.1,1005.2,1002.5,1002.8,132407
2026-07-24 10:35:00,1002.7,1004.2,1002.3,1003.9,66903
2026-07-24 10:40:00,1004.0,1004.8,1003.6,1004.4,40383
2026-07-24 10:45:00,1004.3,1004.6,1003.9,1004.3,68261
2026-07-24 10:50:00,1004.3,1004.4,1002.3,1003.3,76601
2026-07-24 10:55:00,1003.4,1004.0,1002.6,1003.0,155066
2026-07-24 11:00:00,1003.0,1003.9,1002.9,1003.0,182669
2026-07-24 11:05:00,1003.1,1003.6,1001.8,1002.6,293233
2026-07-24 11:10:00,1002.6,1003.1,1001.3,1001.4,225800
2026-07-24 11:15:00,1001.6,1003.0,1000.8,1002.6,219496
2026-07-24 11:20:00,1002.7,1004.7,1001.9,1004.1,114325
2026-07-24 11:25:00,1004.2,1004.6,1003.2,1003.3,65624
2026-07-24 11:30:00,1003.3,1004.6,1003.1,1004.3,47787
2026-07-24 11:35:00,1004.2,1004.5,1002.7,1002.9,183655
2026-07-24 11:40:00,1002.9,1004.0,1002.0,1003.3,121180
2026-07-24 11:45:00,1003.2,1005.5,1002.7,1005.3,205130
2026-07-24 11:50:00,1005.2,1006.2,1005.0,1006.0,185754
2026-07-24 11:55:00,1006.1,1006.4,1004.5,1004.9,228540
2026-07-24 12:00:00,1005.0,1007.4,1004.6,1007.4,149753
2026-07-24 12:05:00,1007.4,1009.0,1007.0,1007.1,267089
2026-07-24 12:10:00,1007.1,1007.9,1006.9,1007.6,85997
2026-07-24 12:15:00,1007.7,1009.0,1007.2,1007.4,344758
2026-07-24 12:20:00,1007.2,1011.0,1007.2,1010.0,191044
2026-07-24 12:25:00,1009.8,1017.3,1009.8,1016.1,303405
2026-07-24 12:30:00,1015.9,1016.4,1012.1,1012.7,190683
2026-07-24 12:35:00,1012.7,1014.8,1012.5,1014.4,118528
2026-07-24 12:40:00,1014.4,1015.9,1014.2,1015.4,172531
2026-07-24 12:45:00,1015.3,1015.9,1014.0,1014.3,69397
2026-07-24 12:50:00,1014.3,1016.4,1014.3,1015.2,323668
2026-07-24 12:55:00,1015.1,1016.7,1015.1,1015.4,65316
2026-07-24 13:00:00,1015.6,1015.9,1013.5,1014.1,141308
2026-07-24 13:05:00,1014.0,1014.4,1013.0,1013.8,46213
2026-07-24 13:10:00,1014.0,1015.2,1013.8,1015.1,43955
2026-07-24 13:15:00,1015.2,1016.0,1014.6,1015.9,53355
2026-07-24 13:20:00,1016.1,1016.2,1015.4,1015.9,53717
2026-07-24 13:25:00,1016.0,1016.6,1015.4,1015.6,55208
2026-07-24 13:30:00,1015.6,1015.6,1013.5,1014.0,98376
2026-07-24 13:35:00,1013.9,1014.0,1012.7,1013.3,69761
2026-07-24 13:40:00,1013.3,1013.4,1011.0,1012.2,106054
2026-07-24 13:45:00,1012.2,1013.2,1011.5,1012.9,71880
2026-07-24 13:50:00,1012.8,1014.1,1012.5,1013.7,77045
2026-07-24 13:55:00,1014.0,1014.9,1013.4,1014.7,57383
2026-07-24 14:00:00,1014.6,1015.6,1013.0,1015.2,101000
2026-07-24 14:05:00,1015.1,1015.4,1013.6,1014.3,131520
2026-07-24 14:10:00,1014.2,1014.5,1013.1,1013.5,96251
2026-07-24 14:15:00,1013.5,1013.8,1013.0,1013.0,118290
2026-07-24 14:20:00,1013.2,1013.5,1012.2,1013.1,123927
2026-07-24 14:25:00,1013.1,1013.6,1012.2,1012.7,136554
2026-07-24 14:30:00,1012.7,1013.4,1012.1,1012.1,73688
2026-07-24 14:35:00,1012.3,1012.6,1011.4,1011.9,103900
2026-07-24 14:40:00,1012.1,1012.9,1011.1,1012.3,281304
2026-07-24 14:45:00,1012.3,1013.0,1011.5,1012.6,116175
2026-07-24 14:50:00,1012.6,1015.7,1012.3,1015.4,284956
2026-07-24 14:55:00,1015.6,1016.0,1015.0,1015.4,131106
2026-07-24 15:00:00,1015.5,1015.7,1014.1,1014.5,162929
2026-07-24 15:05:00,1014.4,1016.0,1014.0,1014.7,168726
2026-07-24 15:10:00,1014.8,1014.9,1014.1,1014.6,119307
2026-07-24 15:15:00,1014.6,1015.3,1013.6,1014.2,278857
2026-07-24 15:20:00,1014.2,1016.2,1013.8,1015.0,567133
2026-07-24 15:25:00,1015.0,1017.8,1011.0,1012.0,852868
2026-07-27 09:15:00,1020.3,1023.7,1019.1,1021.2,354985
2026-07-27 09:20:00,1022.0,1022.5,1020.0,1020.2,255658
2026-07-27 09:25:00,1020.0,1021.9,1018.5,1021.8,87946
2026-07-27 09:30:00,1021.5,1022.1,1019.0,1019.3,108216
2026-07-27 09:35:00,1019.4,1020.0,1018.6,1018.8,77601
2026-07-27 09:40:00,1018.8,1019.8,1018.5,1019.2,57942
2026-07-27 09:45:00,1019.5,1020.4,1019.5,1019.5,50117
2026-07-27 09:50:00,1019.6,1019.7,1017.2,1017.9,126734
2026-07-27 09:55:00,1017.5,1019.0,1015.9,1018.2,85217
2026-07-27 10:00:00,1018.5,1018.8,1017.1,1017.3,67881
2026-07-27 10:05:00,1017.3,1018.0,1016.3,1016.7,55982
2026-07-27 10:10:00,1016.7,1020.2,1016.5,1019.8,241565
2026-07-27 10:15:00,1019.8,1019.8,1018.2,1018.5,132560
2026-07-27 10:20:00,1018.8,1018.8,1017.4,1017.6,38899
2026-07-27 10:25:00,1017.7,1019.2,1017.0,1019.2,36727
2026-07-27 10:30:00,1019.3,1019.3,1017.7,1018.0,29346
2026-07-27 10:35:00,1018.0,1018.0,1016.0,1016.2,48719
2026-07-27 10:40:00,1016.2,1018.8,1016.2,1018.8,83857
2026-07-27 10:45:00,1018.9,1019.2,1018.0,1018.0,43084
2026-07-27 10:50:00,1018.1,1020.3,1017.9,1019.3,136575
2026-07-27 10:55:00,1019.8,1021.0,1019.1,1020.2,59529
2026-07-27 11:00:00,1020.2,1021.3,1019.4,1020.1,147957
2026-07-27 11:05:00,1020.2,1020.9,1020.0,1020.6,28056
2026-07-27 11:10:00,1020.6,1020.7,1019.9,1020.0,26377
2026-07-27 11:15:00,1019.9,1020.4,1019.1,1020.3,26468
2026-07-27 11:20:00,1020.4,1020.6,1020.0,1020.4,20547
2026-07-27 11:25:00,1020.5,1020.5,1020.0,1020.1,41292
2026-07-27 11:30:00,1020.2,1021.3,1019.8,1020.5,104998
2026-07-27 11:35:00,1020.7,1020.7,1020.0,1020.1,21971
2026-07-27 11:40:00,1020.2,1020.6,1020.0,1020.2,20836
2026-07-27 11:45:00,1020.2,1020.2,1019.1,1019.5,28790
2026-07-27 11:50:00,1019.3,1019.5,1018.3,1018.7,30397
2026-07-27 11:55:00,1018.9,1018.9,1018.3,1018.6,20444
2026-07-27 12:00:00,1018.6,1018.7,1017.6,1018.0,39177
2026-07-27 12:05:00,1018.3,1019.7,1018.0,1018.4,34541
2026-07-27 12:10:00,1018.8,1022.7,1018.5,1020.6,75473
2026-07-27 12:15:00,1020.7,1021.2,1020.1,1020.7,47221
2026-07-27 12:20:00,1020.7,1020.7,1019.5,1019.8,38076
2026-07-27 12:25:00,1020.0,1020.7,1019.6,1020.1,27453
2026-07-27 12:30:00,1020.2,1020.9,1019.6,1020.5,38414
2026-07-27 12:35:00,1020.5,1020.6,1019.7,1020.1,22720
2026-07-27 12:40:00,1020.0,1020.5,1019.6,1020.5,35115
2026-07-27 12:45:00,1020.5,1020.6,1019.9,1020.1,28673
2026-07-27 12:50:00,1020.3,1020.5,1019.7,1019.9,37209
2026-07-27 12:55:00,1020.3,1020.5,1019.6,1020.3,31596
2026-07-27 13:00:00,1020.3,1020.5,1019.9,1020.1,27365
2026-07-27 13:05:00,1020.3,1020.7,1020.0,1020.4,30768
2026-07-27 13:10:00,1020.6,1020.6,1020.0,1020.3,23303
2026-07-27 13:15:00,1020.5,1021.1,1020.0,1020.0,76790
2026-07-27 13:20:00,1020.1,1020.5,1019.5,1020.4,30103
2026-07-27 13:25:00,1020.2,1020.4,1019.6,1019.6,34675
2026-07-27 13:30:00,1019.8,1020.0,1018.1,1018.3,49955
2026-07-27 13:35:00,1018.4,1019.8,1018.0,1019.8,65344
2026-07-27 13:40:00,1019.7,1019.8,1018.3,1018.8,107376
2026-07-27 13:45:00,1018.8,1020.0,1018.4,1019.1,79094
2026-07-27 13:50:00,1019.4,1020.5,1019.1,1020.5,68376
2026-07-27 13:55:00,1020.4,1021.3,1020.4,1020.8,66566
2026-07-27 14:00:00,1020.8,1021.0,1020.4,1020.6,28646
2026-07-27 14:05:00,1020.6,1021.0,1020.1,1020.9,43801
2026-07-27 14:10:00,1020.9,1022.1,1020.5,1021.2,82012
2026-07-27 14:15:00,1021.1,1021.6,1019.9,1020.5,101467
2026-07-27 14:20:00,1020.8,1021.5,1020.1,1021.2,48810
2026-07-27 14:25:00,1021.4,1022.8,1020.8,1021.5,100875
2026-07-27 14:30:00,1021.6,1021.8,1020.2,1020.3,72154
2026-07-27 14:35:00,1020.5,1021.2,1020.3,1020.5,69734
2026-07-27 14:40:00,1020.8,1021.5,1020.6,1021.2,50740
2026-07-27 14:45:00,1021.2,1021.3,1020.4,1020.5,78267
2026-07-27 14:50:00,1020.5,1021.3,1020.3,1020.5,75208
2026-07-27 14:55:00,1020.6,1021.3,1020.4,1020.9,68033
2026-07-27 15:00:00,1020.6,1021.0,1020.4,1020.7,110779
2026-07-27 15:05:00,1020.8,1021.3,1020.1,1020.1,179245
2026-07-27 15:10:00,1020.4,1020.8,1019.8,1020.7,162834
2026-07-27 15:15:00,1020.5,1021.2,1020.5,1021.0,516609
2026-07-27 15:20:00,1020.8,1020.9,1019.9,1020.8,192375
2026-07-27 15:25:00,1020.1,1021.5,1019.2,1019.8,267663
2026-07-28 09:15:00,1018.0,1020.0,1016.2,1017.3,182802
2026-07-28 09:20:00,1017.9,1018.8,1015.6,1015.9,129916
2026-07-28 09:25:00,1016.0,1016.1,1014.5,1015.0,84460
2026-07-28 09:30:00,1014.8,1014.9,1012.5,1013.3,136787
2026-07-28 09:35:00,1013.5,1014.7,1013.3,1014.5,82371
2026-07-28 09:40:00,1014.5,1014.5,1012.5,1012.7,66755
2026-07-28 09:45:00,1012.6,1013.4,1011.6,1013.0,107387
2026-07-28 09:50:00,1013.0,1013.0,1009.9,1010.1,289282
2026-07-28 09:55:00,1010.2,1010.9,1009.7,1010.7,329093
2026-07-28 10:00:00,1010.4,1011.5,1010.3,1011.2,63493
2026-07-28 10:05:00,1011.1,1013.7,1010.9,1013.2,114829
2026-07-28 10:10:00,1013.4,1014.4,1012.9,1013.2,74425
2026-07-28 10:15:00,1013.3,1014.4,1013.0,1013.7,49980
2026-07-28 10:20:00,1013.6,1014.1,1013.4,1013.8,40027
2026-07-28 10:25:00,1013.8,1014.9,1013.1,1014.6,75204
2026-07-28 10:30:00,1014.6,1015.7,1014.0,1015.0,54541
2026-07-28 10:35:00,1015.1,1017.0,1014.7,1016.6,64614
2026-07-28 10:40:00,1016.8,1020.0,1016.2,1019.4,239612
2026-07-28 10:45:00,1019.5,1020.3,1019.0,1019.3,146703
2026-07-28 10:50:00,1019.7,1020.0,1019.0,1019.1,115710
2026-07-28 10:55:00,1019.0,1019.4,1018.1,1018.2,226221
2026-07-28 11:00:00,1018.3,1018.6,1016.6,1018.0,99455
2026-07-28 11:05:00,1017.9,1017.9,1015.9,1017.1,50064
2026-07-28 11:10:00,1017.3,1017.3,1016.0,1016.9,69023
2026-07-28 11:15:00,1016.9,1017.3,1015.9,1016.5,127557
2026-07-28 11:20:00,1016.5,1016.7,1015.6,1016.7,75892
2026-07-28 11:25:00,1016.5,1017.7,1016.0,1016.6,155057
2026-07-28 11:30:00,1016.7,1017.0,1015.5,1016.3,41605
2026-07-28 11:35:00,1016.3,1016.8,1015.7,1016.6,48058
2026-07-28 11:40:00,1016.5,1017.7,1016.1,1017.2,54173
2026-07-28 11:45:00,1017.2,1017.5,1016.8,1017.3,39750
2026-07-28 11:50:00,1017.2,1017.3,1016.0,1016.4,51817
2026-07-28 11:55:00,1016.4,1016.8,1015.7,1016.5,69100
2026-07-28 12:00:00,1016.5,1016.6,1015.6,1016.4,43097
2026-07-28 12:05:00,1016.3,1016.7,1015.5,1016.7,53342
2026-07-28 12:10:00,1016.6,1016.6,1016.0,1016.5,36352
2026-07-28 12:15:00,1016.6,1017.5,1016.3,1016.4,59819
2026-07-28 12:20:00,1016.3,1017.3,1015.9,1017.0,61538
2026-07-28 12:25:00,1017.0,1017.3,1016.1,1017.2,43934
2026-07-28 12:30:00,1017.2,1017.9,1016.7,1017.0,48072
2026-07-28 12:35:00,1016.9,1017.3,1016.5,1017.0,87185
2026-07-28 12:40:00,1017.1,1017.1,1015.7,1016.1,100111
2026-07-28 12:45:00,1016.1,1016.1,1015.3,1015.5,47227
2026-07-28 12:50:00,1015.6,1015.9,1015.2,1015.5,53304
2026-07-28 12:55:00,1015.4,1016.1,1015.0,1015.1,83252
2026-07-28 13:00:00,1015.2,1015.4,1015.0,1015.1,48883
2026-07-28 13:05:00,1015.1,1015.9,1015.0,1015.9,58791
2026-07-28 13:10:00,1015.9,1015.9,1014.1,1014.4,131006
2026-07-28 13:15:00,1014.4,1014.6,1013.5,1014.3,62143
2026-07-28 13:20:00,1014.1,1015.0,1014.0,1014.7,25609
2026-07-28 13:25:00,1014.8,1014.8,1013.8,1014.0,52396
2026-07-28 13:30:00,1014.1,1014.2,1013.5,1013.9,43416
2026-07-28 13:35:00,1013.9,1013.9,1012.7,1012.9,44080
2026-07-28 13:40:00,1013.0,1013.0,1012.0,1012.1,55562
2026-07-28 13:45:00,1012.1,1012.8,1012.0,1012.6,62011
2026-07-28 13:50:00,1012.6,1013.8,1012.4,1013.6,140967
2026-07-28 13:55:00,1013.6,1013.6,1012.5,1013.0,59374
2026-07-28 14:00:00,1013.0,1013.2,1012.5,1012.9,75351
2026-07-28 14:05:00,1013.0,1013.2,1012.2,1012.5,64464
2026-07-28 14:10:00,1012.5,1012.8,1011.8,1012.4,83269
2026-07-28 14:15:00,1012.4,1013.1,1011.7,1012.7,106887
2026-07-28 14:20:00,1012.5,1013.2,1011.5,1012.0,63474
2026-07-28 14:25:00,1012.0,1013.7,1011.8,1012.6,115733
2026-07-28 14:30:00,1012.4,1012.7,1011.8,1012.0,53313
2026-07-28 14:35:00,1012.0,1012.8,1012.0,1012.1,61498
2026-07-28 14:40:00,1012.1,1013.3,1011.8,1012.6,122101
2026-07-28 14:45:00,1012.6,1012.6,1011.1,1011.3,98743
2026-07-28 14:50:00,1011.3,1012.0,1011.0,1011.5,124255
2026-07-28 14:55:00,1011.6,1012.0,1011.1,1011.2,35587
2026-07-28 15:00:00,1011.3,1011.3,1009.5,1009.9,316965
2026-07-28 15:05:00,1010.0,1010.6,1009.7,1010.3,187271
2026-07-28 15:10:00,1010.1,1010.3,1010.0,1010.0,178254
2026-07-28 15:15:00,1010.0,1017.0,1008.3,1016.5,1148072
2026-07-28 15:20:00,1016.5,1022.0,1011.2,1011.7,1416070
2026-07-28 15:25:00,1012.0,1014.9,1011.9,1014.4,545717
2026-07-29 09:15:00,1020.0,1020.2,1016.0,1019.3,228354
2026-07-29 09:20:00,1019.3,1020.0,1017.5,1017.8,100962
2026-07-29 09:25:00,1017.9,1018.0,1016.3,1016.7,85478
2026-07-29 09:30:00,1016.4,1017.9,1016.1,1017.9,46625
2026-07-29 09:35:00,1017.7,1017.9,1016.5,1017.5,37749
2026-07-29 09:40:00,1017.5,1019.2,1017.4,1019.1,56864
2026-07-29 09:45:00,1019.1,1019.1,1017.6,1017.9,45192
2026-07-29 09:50:00,1017.9,1018.3,1017.1,1018.2,24562
2026-07-29 09:55:00,1018.2,1018.5,1018.1,1018.3,15621
2026-07-29 10:00:00,1018.2,1019.9,1018.2,1019.4,55058
2026-07-29 10:05:00,1019.8,1019.8,1019.3,1019.6,41709
2026-07-29 10:10:00,1019.6,1019.7,1019.0,1019.5,27330
2026-07-29 10:15:00,1019.4,1020.1,1018.5,1018.5,76615
2026-07-29 10:20:00,1018.5,1019.0,1018.4,1018.9,30878
2026-07-29 10:25:00,1019.0,1019.0,1017.7,1017.9,30335
2026-07-29 10:30:00,1017.9,1018.0,1016.9,1017.7,31760
2026-07-29 10:35:00,1017.7,1018.0,1016.1,1016.1,44079
2026-07-29 10:40:00,1016.1,1017.1,1016.1,1016.6,46215
2026-07-29 10:45:00,1016.9,1017.2,1014.2,1015.0,106951
2026-07-29 10:50:00,1014.6,1015.1,1014.5,1014.5,26961
2026-07-29 10:55:00,1015.0,1015.2,1014.5,1015.0,30859
2026-07-29 11:00:00,1015.0,1015.8,1014.6,1015.6,25025
2026-07-29 11:05:00,1015.7,1016.7,1015.3,1016.6,51306
2026-07-29 11:10:00,1016.6,1016.8,1015.6,1016.0,34936
2026-07-29 11:15:00,1016.4,1016.5,1014.7,1015.4,31140
2026-07-29 11:20:00,1015.3,1015.8,1014.6,1015.8,35820
2026-07-29 11:25:00,1015.7,1015.8,1012.8,1013.8,178687
2026-07-29 11:30:00,1013.8,1014.8,1013.1,1014.0,182910
2026-07-29 11:35:00,1014.0,1014.6,1013.8,1014.1,35531
2026-07-29 11:40:00,1014.1,1015.1,1014.0,1014.7,34491
2026-07-29 11:45:00,1014.8,1015.2,1014.2,1014.4,44974
2026-07-29 11:50:00,1014.3,1014.5,1013.5,1014.2,45277
2026-07-29 11:55:00,1014.0,1014.9,1013.7,1014.8,43527
2026-07-29 12:00:00,1014.6,1015.2,1014.1,1014.3,48687
2026-07-29 12:05:00,1014.2,1015.9,1014.1,1015.5,37130
2026-07-29 12:10:00,1015.7,1015.8,1014.6,1014.9,45629
2026-07-29 12:15:00,1015.1,1015.1,1013.7,1014.4,44715
2026-07-29 12:20:00,1014.2,1014.8,1013.7,1013.8,41788
2026-07-29 12:25:00,1014.2,1014.2,1012.5,1013.5,126993
2026-07-29 12:30:00,1013.7,1013.8,1012.4,1012.9,46514
2026-07-29 12:35:00,1013.0,1013.9,1012.6,1013.8,38988
2026-07-29 12:40:00,1013.9,1014.0,1013.4,1013.9,52976
2026-07-29 12:45:00,1013.7,1014.4,1013.1,1013.3,50672
2026-07-29 12:50:00,1013.3,1013.5,1012.6,1013.2,32280
2026-07-29 12:55:00,1013.0,1013.5,1012.7,1013.2,36165
2026-07-29 13:00:00,1013.3,1014.0,1013.2,1013.6,51405
2026-07-29 13:05:00,1013.9,1014.4,1013.5,1013.9,53011
2026-07-29 13:10:00,1013.9,1015.0,1013.6,1014.3,47870
2026-07-29 13:15:00,1014.6,1014.8,1013.4,1013.8,53158
2026-07-29 13:20:00,1013.8,1014.5,1013.8,1014.0,44331
2026-07-29 13:25:00,1014.1,1014.4,1013.9,1014.3,29535
2026-07-29 13:30:00,1014.3,1014.8,1013.6,1013.7,48134
2026-07-29 13:35:00,1013.6,1014.3,1012.7,1013.0,44688
2026-07-29 13:40:00,1013.3,1014.2,1012.0,1012.2,111798
2026-07-29 13:45:00,1012.2,1013.9,1012.1,1013.0,63684
2026-07-29 13:50:00,1013.0,1013.9,1012.8,1013.1,74312
2026-07-29 13:55:00,1013.5,1014.0,1012.2,1012.4,56220
2026-07-29 14:00:00,1012.7,1013.5,1012.4,1012.9,31012
2026-07-29 14:05:00,1012.9,1013.8,1012.7,1013.6,35393
2026-07-29 14:10:00,1013.4,1014.5,1013.3,1013.8,53486
2026-07-29 14:15:00,1013.6,1014.8,1013.6,1014.7,51898
2026-07-29 14:20:00,1014.3,1015.5,1014.3,1014.6,99433
2026-07-29 14:25:00,1014.8,1015.0,1014.4,1014.9,50339
2026-07-29 14:30:00,1014.9,1015.2,1013.9,1014.5,130958
2026-07-29 14:35:00,1014.2,1014.9,1013.7,1014.0,33949
2026-07-29 14:40:00,1014.5,1014.5,1013.5,1014.5,78704
2026-07-29 14:45:00,1014.3,1015.7,1014.2,1014.9,104806
2026-07-29 14:50:00,1014.9,1015.0,1014.1,1014.3,46497
2026-07-29 14:55:00,1014.7,1015.6,1014.3,1014.9,98696
2026-07-29 15:00:00,1014.9,1015.4,1013.7,1014.2,119636
2026-07-29 15:05:00,1014.3,1014.3,1013.3,1014.2,93555
2026-07-29 15:10:00,1013.8,1014.4,1013.5,1013.8,72085
2026-07-29 15:15:00,1013.8,1014.1,1012.1,1013.4,141753
2026-07-29 15:20:00,1013.4,1014.3,1013.0,1013.8,150603
2026-07-29 15:25:00,1013.7,1014.1,1012.6,1014.0,155418
2026-07-30 09:15:00,1013.5,1014.9,1007.6,1011.0,216916
2026-07-30 09:20:00,1010.5,1013.0,1010.5,1012.1,102158
2026-07-30 09:25:00,1012.1,1012.5,1011.4,1012.3,35045
2026-07-30 09:30:00,1012.2,1013.3,1011.7,1012.6,59142
2026-07-30 09:35:00,1012.6,1012.8,1010.7,1011.1,45060
2026-07-30 09:40:00,1011.0,1012.8,1010.7,1011.5,90281
2026-07-30 09:45:00,1011.5,1012.9,1011.0,1012.2,54814
2026-07-30 09:50:00,1012.3,1016.0,1012.2,1016.0,140835
2026-07-30 09:55:00,1015.9,1016.9,1015.1,1016.7,49505
2026-07-30 10:00:00,1016.7,1016.7,1015.1,1015.5,36369
2026-07-30 10:05:00,1015.1,1015.1,1013.3,1013.3,44911
2026-07-30 10:10:00,1013.4,1013.7,1012.8,1013.0,56821
2026-07-30 10:15:00,1012.9,1013.6,1012.0,1012.6,117530
2026-07-30 10:20:00,1012.5,1014.6,1012.3,1014.3,47860
2026-07-30 10:25:00,1014.8,1014.8,1013.4,1013.7,29083
2026-07-30 10:30:00,1013.6,1013.6,1012.0,1012.6,36346
2026-07-30 10:35:00,1012.6,1013.4,1012.2,1012.7,28628
2026-07-30 10:40:00,1012.8,1013.8,1011.7,1013.3,76940
2026-07-30 10:45:00,1013.3,1015.5,1013.3,1014.7,46116
2026-07-30 10:50:00,1014.9,1015.8,1014.6,1014.9,47661
2026-07-30 10:55:00,1014.8,1015.9,1014.3,1014.6,86958
2026-07-30 11:00:00,1014.6,1015.0,1014.2,1014.9,60813
2026-07-30 11:05:00,1014.7,1015.3,1014.1,1015.2,185057
2026-07-30 11:10:00,1015.3,1015.7,1014.1,1014.4,102797
2026-07-30 11:15:00,1014.4,1015.1,1013.8,1013.9,73689
2026-07-30 11:20:00,1014.0,1014.5,1013.6,1013.8,29585
2026-07-30 11:25:00,1014.0,1014.9,1013.6,1014.9,29845
2026-07-30 11:30:00,1014.9,1016.5,1014.7,1016.3,66020
2026-07-30 11:35:00,1016.4,1016.5,1015.5,1016.3,60303
2026-07-30 11:40:00,1016.1,1016.8,1016.0,1016.1,30525
2026-07-30 11:45:00,1016.2,1016.3,1015.4,1015.9,40765
2026-07-30 11:50:00,1016.0,1016.2,1015.9,1016.0,38490
2026-07-30 11:55:00,1015.9,1016.3,1015.5,1016.0,43840
2026-07-30 12:00:00,1016.0,1016.6,1015.6,1016.4,47557
2026-07-30 12:05:00,1016.3,1017.8,1016.3,1016.3,59972
2026-07-30 12:10:00,1016.4,1017.5,1016.0,1017.1,29429
2026-07-30 12:15:00,1017.1,1017.2,1016.0,1016.9,36755
2026-07-30 12:20:00,1016.9,1018.7,1016.9,1017.8,65825
2026-07-30 12:25:00,1017.7,1018.6,1017.4,1018.0,96163
2026-07-30 12:30:00,1018.1,1024.0,1017.7,1022.0,237040
2026-07-30 12:35:00,1022.1,1023.7,1020.8,1022.4,134884
2026-07-30 12:40:00,1022.5,1024.0,1022.1,1022.5,186151
2026-07-30 12:45:00,1022.7,1027.4,1022.5,1026.3,256798
2026-07-30 12:50:00,1026.3,1028.3,1024.0,1025.2,240576
2026-07-30 12:55:00,1025.2,1025.4,1024.1,1024.2,70360
2026-07-30 13:00:00,1024.3,1024.3,1023.0,1023.3,119009
2026-07-30 13:05:00,1023.1,1024.8,1023.0,1024.4,95019
2026-07-30 13:10:00,1024.5,1024.5,1022.7,1023.7,52770
2026-07-30 13:15:00,1023.8,1023.9,1022.9,1023.5,37483
2026-07-30 13:20:00,1023.5,1025.8,1023.3,1025.2,52965
2026-07-30 13:25:00,1025.4,1025.4,1024.0,1024.1,25040
2026-07-30 13:30:00,1024.3,1024.8,1024.0,1024.7,27868
2026-07-30 13:35:00,1024.7,1026.6,1024.6,1026.2,74452
2026-07-30 13:40:00,1026.1,1026.5,1026.0,1026.1,37238
2026-07-30 13:45:00,1026.0,1026.1,1024.0,1024.1,82784
2026-07-30 13:50:00,1024.3,1025.2,1023.8,1025.0,56763
2026-07-30 13:55:00,1025.0,1025.0,1023.5,1023.6,58971
2026-07-30 14:00:00,1023.5,1023.9,1022.9,1023.0,39534
2026-07-30 14:05:00,1023.0,1023.4,1020.7,1022.3,273475
2026-07-30 14:10:00,1022.2,1022.7,1021.4,1021.8,84209
2026-07-30 14:15:00,1021.8,1022.6,1021.5,1022.0,64592
2026-07-30 14:20:00,1021.9,1021.9,1020.2,1021.0,44649
2026-07-30 14:25:00,1021.1,1021.9,1020.6,1021.8,44928
2026-07-30 14:30:00,1021.7,1023.1,1021.3,1022.0,48230
2026-07-30 14:35:00,1021.8,1022.9,1021.5,1022.7,36016
2026-07-30 14:40:00,1022.9,1024.0,1022.3,1023.7,112272
2026-07-30 14:45:00,1023.9,1024.8,1023.3,1023.5,113357
2026-07-30 14:50:00,1023.5,1023.9,1023.0,1023.1,56872
2026-07-30 14:55:00,1023.1,1023.8,1022.7,1023.2,50729
2026-07-30 15:00:00,1023.9,1025.0,1022.8,1024.9,142218
2026-07-30 15:05:00,1024.9,1026.2,1024.7,1025.8,198163
2026-07-30 15:10:00,1025.8,1026.4,1025.6,1026.1,132826
2026-07-30 15:15:00,1026.1,1026.2,1025.1,1025.5,188404
2026-07-30 15:20:00,1025.5,1026.6,1023.5,1025.3,396805
2026-07-30 15:25:00,1025.3,1026.7,1023.1,1024.0,410250
2026-07-31 09:15:00,1028.1,1034.3,1027.8,1032.0,532389
2026-07-31 09:20:00,1032.0,1033.0,1032.0,1032.3,122589
2026-07-31 09:25:00,1032.6,1032.8,1030.0,1030.2,124052
2026-07-31 09:30:00,1030.4,1030.4,1028.0,1029.2,129998
2026-07-31 09:35:00,1029.5,1030.0,1026.4,1027.0,128199
2026-07-31 09:40:00,1027.5,1028.1,1026.6,1026.9,67509
2026-07-31 09:45:00,1027.2,1027.8,1025.1,1026.0,115683
2026-07-31 09:50:00,1026.2,1026.9,1024.3,1026.5,103477
2026-07-31 09:55:00,1026.9,1027.2,1026.5,1027.0,46384
2026-07-31 10:00:00,1026.7,1027.8,1026.7,1027.3,47210
2026-07-31 10:05:00,1026.8,1027.3,1025.7,1027.1,54940
2026-07-31 10:10:00,1027.1,1027.8,1026.6,1027.7,47959
2026-07-31 10:15:00,1027.6,1027.6,1026.5,1027.5,48907
2026-07-31 10:20:00,1027.4,1028.1,1026.9,1027.7,56334
2026-07-31 10:25:00,1027.8,1028.5,1027.3,1028.2,39787
2026-07-31 10:30:00,1028.0,1028.5,1026.5,1026.9,48057
2026-07-31 10:35:00,1026.8,1029.1,1026.3,1028.8,74653
2026-07-31 10:40:00,1028.9,1029.0,1027.2,1027.5,33931
2026-07-31 10:45:00,1027.5,1028.1,1027.3,1027.9,34815
2026-07-31 10:50:00,1027.9,1027.9,1026.5,1027.5,44673
2026-07-31 10:55:00,1027.2,1028.0,1027.1,1027.3,20555
2026-07-31 11:00:00,1027.1,1027.4,1026.3,1026.8,34135
2026-07-31 11:05:00,1026.5,1026.8,1023.5,1024.2,153460
2026-07-31 11:10:00,1024.2,1024.9,1023.6,1024.8,57830
2026-07-31 11:15:00,1024.9,1025.2,1024.0,1024.8,97172
2026-07-31 11:20:00,1024.7,1025.1,1024.1,1024.5,64088
2026-07-31 11:25:00,1024.6,1024.7,1023.6,1023.6,52426
2026-07-31 11:30:00,1024.1,1024.9,1023.6,1024.8,58843
2026-07-31 11:35:00,1024.9,1025.2,1024.6,1025.1,45946
2026-07-31 11:40:00,1025.1,1025.2,1023.9,1024.7,54745
2026-07-31 11:45:00,1024.8,1025.2,1024.6,1024.9,36431
2026-07-31 11:50:00,1024.9,1025.1,1024.4,1024.4,39300
2026-07-31 11:55:00,1024.8,1024.9,1024.2,1024.5,36895
2026-07-31 12:00:00,1024.4,1024.9,1024.2,1024.3,27563
2026-07-31 12:05:00,1024.3,1025.1,1024.1,1024.5,45300
2026-07-31 12:10:00,1024.9,1025.7,1024.3,1025.4,82502
2026-07-31 12:15:00,1025.5,1026.1,1024.7,1024.9,168784
2026-07-31 12:20:00,1025.0,1025.7,1024.8,1025.0,90795
2026-07-31 12:25:00,1025.0,1027.0,1025.0,1026.1,132106
2026-07-31 12:30:00,1026.3,1026.5,1025.3,1025.9,384908
2026-07-31 12:35:00,1026.0,1027.5,1025.5,1025.6,507649
2026-07-31 12:40:00,1025.6,1026.5,1025.1,1025.9,262632
2026-07-31 12:45:00,1026.0,1026.5,1024.5,1024.6,225722
2026-07-31 12:50:00,1025.0,1025.7,1024.4,1025.2,98515
2026-07-31 12:55:00,1025.5,1026.0,1024.4,1025.8,209882
2026-07-31 13:00:00,1025.7,1028.9,1025.3,1028.7,213153
2026-07-31 13:05:00,1028.6,1032.8,1028.6,1030.8,408602
2026-07-31 13:10:00,1030.5,1030.9,1028.4,1029.0,208058
2026-07-31 13:15:00,1028.6,1029.5,1028.3,1029.1,92517
2026-07-31 13:20:00,1029.4,1030.0,1028.8,1029.8,140966
2026-07-31 13:25:00,1029.8,1031.9,1029.6,1031.0,201446
2026-07-31 13:30:00,1031.0,1031.7,1029.0,1029.3,172239
2026-07-31 13:35:00,1029.6,1030.0,1029.0,1029.3,88891
2026-07-31 13:40:00,1029.3,1029.6,1028.3,1028.8,55154
2026-07-31 13:45:00,1028.9,1029.9,1027.9,1029.5,178219
2026-07-31 13:50:00,1029.5,1029.8,1028.8,1029.4,58475
2026-07-31 13:55:00,1029.0,1030.0,1029.0,1029.7,101621
2026-07-31 14:00:00,1029.7,1029.8,1027.3,1027.9,195141
2026-07-31 14:05:00,1027.8,1029.1,1027.4,1028.2,416840
2026-07-31 14:10:00,1028.1,1029.5,1027.6,1028.8,173320
2026-07-31 14:15:00,1028.8,1029.0,1027.6,1028.0,105593
2026-07-31 14:20:00,1027.9,1028.9,1027.8,1028.4,57162
2026-07-31 14:25:00,1028.4,1029.2,1028.0,1028.3,73820
2026-07-31 14:30:00,1028.3,1028.7,1027.5,1027.8,74050
2026-07-31 14:35:00,1027.8,1029.3,1027.6,1028.5,117292
2026-07-31 14:40:00,1028.6,1028.7,1027.0,1027.3,167974
2026-07-31 14:45:00,1027.3,1027.9,1026.8,1027.0,104057
2026-07-31 14:50:00,1027.0,1027.5,1026.6,1027.4,126086
2026-07-31 14:55:00,1027.5,1027.7,1026.2,1026.9,136329
2026-07-31 15:00:00,1027.0,1028.6,1026.3,1028.1,559174
2026-07-31 15:05:00,1028.1,1028.7,1027.5,1028.3,317145
2026-07-31 15:10:00,1028.3,1028.8,1028.0,1028.1,387627
2026-07-31 15:15:00,1028.1,1028.1,1025.5,1026.8,410144
2026-07-31 15:20:00,1026.9,1027.7,1026.4,1027.3,348494
2026-07-31 15:25:00,1027.3,1027.9,1026.5,1027.6,321843
2026-08-03 09:15:00,1035.0,1036.8,1033.2,1033.5,297271
2026-08-03 09:20:00,1033.9,1034.0,1031.6,1033.2,119945
2026-08-03 09:25:00,1032.9,1034.5,1032.2,1034.0,129237
2026-08-03 09:30:00,1034.3,1034.8,1033.5,1034.8,98905
2026-08-03 09:35:00,1035.3,1041.0,1034.8,1040.2,445813
2026-08-03 09:40:00,1040.2,1044.8,1039.5,1044.3,468676
2026-08-03 09:45:00,1044.3,1046.7,1042.8,1044.0,293487
2026-08-03 09:50:00,1044.3,1045.8,1043.6,1045.0,127796
2026-08-03 09:55:00,1044.9,1045.9,1044.8,1045.0,80104
2026-08-03 10:00:00,1045.2,1047.8,1044.2,1047.5,184359
2026-08-03 10:05:00,1047.7,1049.0,1043.8,1044.8,309850
2026-08-03 10:10:00,1045.3,1045.4,1043.7,1044.1,58551
2026-08-03 10:15:00,1044.2,1044.2,1042.7,1043.9,82545
2026-08-03 10:20:00,1043.8,1043.8,1043.0,1043.5,49427
2026-08-03 10:25:00,1043.6,1043.8,1043.0,1043.8,30506
2026-08-03 10:30:00,1043.8,1045.0,1041.5,1041.9,189644
2026-08-03 10:35:00,1041.9,1042.5,1041.2,1041.8,105116
2026-08-03 10:40:00,1041.7,1043.6,1041.4,1043.0,46399
2026-08-03 10:45:00,1043.0,1043.4,1042.0,1042.1,41816
2026-08-03 10:50:00,1042.2,1044.0,1042.1,1043.3,53987
2026-08-03 10:55:00,1043.7,1044.3,1042.4,1042.9,94750
2026-08-03 11:00:00,1042.8,1043.6,1042.5,1043.6,37759
2026-08-03 11:05:00,1043.5,1047.7,1043.5,1047.0,190285
2026-08-03 11:10:00,1047.1,1048.3,1046.4,1048.0,143092
2026-08-03 11:15:00,1047.9,1048.5,1047.8,1048.0,141017
2026-08-03 11:20:00,1047.9,1048.4,1047.9,1047.9,124603
2026-08-03 11:25:00,1047.9,1049.9,1046.7,1049.5,151930
2026-08-03 11:30:00,1049.6,1050.5,1048.3,1049.2,195324
2026-08-03 11:35:00,1049.0,1050.2,1048.2,1049.8,155091
2026-08-03 11:40:00,1049.6,1051.5,1048.7,1048.8,203661
2026-08-03 11:45:00,1048.8,1049.2,1047.8,1049.0,74877
2026-08-03 11:50:00,1049.0,1049.4,1048.6,1049.0,69308
2026-08-03 11:55:00,1049.4,1049.5,1047.6,1047.8,105473
2026-08-03 12:00:00,1048.0,1048.0,1046.8,1047.0,115648
2026-08-03 12:05:00,1047.2,1047.5,1046.4,1046.8,91257
2026-08-03 12:10:00,1046.7,1048.3,1045.8,1047.9,115052
2026-08-03 12:15:00,1047.9,1047.9,1046.2,1046.5,206222
2026-08-03 12:20:00,1046.6,1046.8,1043.6,1044.2,181119
2026-08-03 12:25:00,1044.1,1044.3,1043.4,1043.6,71787
2026-08-03 12:30:00,1043.7,1044.2,1042.2,1042.3,130405
2026-08-03 12:35:00,1042.3,1043.0,1042.0,1042.0,172526
2026-08-03 12:40:00,1042.1,1043.0,1042.0,1042.5,104298
2026-08-03 12:45:00,1042.6,1043.0,1041.0,1041.5,136698
2026-08-03 12:50:00,1041.5,1042.0,1041.2,1041.7,52509
2026-08-03 12:55:00,1041.8,1042.0,1040.3,1041.3,292574
2026-08-03 13:00:00,1041.4,1041.7,1039.9,1040.5,104808
2026-08-03 13:05:00,1040.8,1041.0,1040.2,1041.0,69814
2026-08-03 13:10:00,1041.0,1041.2,1040.5,1040.9,57419
2026-08-03 13:15:00,1041.0,1042.0,1040.7,1040.9,100662
2026-08-03 13:20:00,1040.9,1041.0,1040.0,1040.7,133242
2026-08-03 13:25:00,1040.9,1041.5,1040.1,1040.6,170334
2026-08-03 13:30:00,1040.8,1042.7,1040.6,1041.7,141893
2026-08-03 13:35:00,1041.8,1042.8,1041.3,1042.4,146445
2026-08-03 13:40:00,1042.4,1043.0,1041.0,1042.7,140631
2026-08-03 13:45:00,1043.0,1043.1,1041.9,1042.0,43878
2026-08-03 13:50:00,1042.0,1042.4,1041.6,1042.1,39437
2026-08-03 13:55:00,1042.0,1042.8,1041.7,1041.9,129328
2026-08-03 14:00:00,1041.8,1042.0,1041.2,1041.5,49256
2026-08-03 14:05:00,1041.5,1041.9,1040.5,1040.7,57962
2026-08-03 14:10:00,1040.9,1041.4,1040.5,1040.9,63771
2026-08-03 14:15:00,1041.0,1041.2,1039.1,1039.9,100095
2026-08-03 14:20:00,1039.8,1040.1,1038.2,1038.6,175495
2026-08-03 14:25:00,1038.8,1039.5,1038.5,1038.6,67175
2026-08-03 14:30:00,1038.7,1039.4,1038.5,1038.9,85125
2026-08-03 14:35:00,1038.9,1040.7,1038.5,1039.9,171624
2026-08-03 14:40:00,1039.9,1040.6,1038.1,1038.9,140044
2026-08-03 14:45:00,1039.0,1039.1,1038.6,1038.7,57498
2026-08-03 14:50:00,1038.8,1038.8,1037.6,1037.8,144588
2026-08-03 14:55:00,1037.8,1038.0,1037.2,1037.2,188412
2026-08-03 15:00:00,1037.3,1037.4,1035.9,1036.3,250858
2026-08-03 15:05:00,1036.1,1036.1,1034.8,1035.1,445822
2026-08-03 15:10:00,1035.1,1037.0,1034.5,1034.7,461237
2026-08-03 15:15:00,1034.7,1034.7,1034.7,1034.7,0
2026-08-03 15:20:00,1034.7,1034.7,1034.7,1034.7,0
2026-08-03 15:25:00,1034.7,1045.0,1034.7,1045.0,145028
2026-08-04 09:15:00,1047.6,1047.6,1034.4,1035.7,472628
2026-08-04 09:20:00,1035.3,1036.7,1035.0,1035.3,216714
2026-08-04 09:25:00,1035.4,1035.9,1034.0,1035.1,129585
2026-08-04 09:30:00,1035.1,1035.6,1034.2,1034.3,96342
2026-08-04 09:35:00,1034.5,1035.1,1034.1,1034.3,41676
2026-08-04 09:40:00,1034.4,1036.5,1034.4,1036.0,92809
2026-08-04 09:45:00,1036.2,1037.8,1036.2,1037.6,93378
2026-08-04 09:50:00,1037.5,1039.0,1037.5,1037.9,115532
2026-08-04 09:55:00,1038.1,1039.2,1038.0,1038.5,47912
2026-08-04 10:00:00,1038.4,1039.8,1038.3,1039.7,77409
2026-08-04 10:05:00,1039.8,1043.7,1039.8,1040.7,250883
2026-08-04 10:10:00,1041.1,1041.8,1040.6,1041.3,92199
2026-08-04 10:15:00,1041.1,1042.9,1040.9,1042.2,59508
2026-08-04 10:20:00,1042.2,1042.5,1041.3,1041.3,85926
2026-08-04 10:25:00,1041.5,1041.5,1038.9,1038.9,180943
2026-08-04 10:30:00,1038.9,1039.1,1037.0,1037.1,76436
2026-08-04 10:35:00,1037.2,1039.2,1037.2,1039.0,50201
2026-08-04 10:40:00,1039.2,1039.8,1038.6,1038.9,31441
2026-08-04 10:45:00,1039.2,1039.9,1038.8,1038.9,69439
2026-08-04 10:50:00,1038.9,1040.6,1038.9,1039.3,36863
2026-08-04 10:55:00,1039.0,1041.2,1038.9,1039.7,63031
2026-08-04 11:00:00,1039.9,1040.9,1039.5,1040.1,136723
2026-08-04 11:05:00,1040.1,1040.6,1038.6,1038.8,195023
2026-08-04 11:10:00,1039.1,1039.2,1037.7,1038.6,140066
2026-08-04 11:15:00,1038.6,1038.8,1037.4,1037.7,56142
2026-08-04 11:20:00,1037.6,1038.0,1037.3,1037.4,32162
2026-08-04 11:25:00,1037.4,1038.0,1037.3,1037.5,23780
2026-08-04 11:30:00,1037.6,1037.8,1037.0,1037.1,30986
2026-08-04 11:35:00,1037.4,1037.5,1035.6,1036.0,148125
2026-08-04 11:40:00,1036.0,1036.5,1035.5,1036.4,74344
2026-08-04 11:45:00,1036.5,1036.6,1035.1,1035.4,75402
2026-08-04 11:50:00,1035.5,1036.0,1035.2,1035.9,49657
2026-08-04 11:55:00,1035.9,1036.1,1035.7,1035.7,33612
2026-08-04 12:00:00,1035.8,1037.0,1035.2,1036.7,92525
2026-08-04 12:05:00,1036.8,1037.0,1035.4,1035.8,57820
2026-08-04 12:10:00,1035.8,1037.1,1035.2,1036.7,81650
2026-08-04 12:15:00,1037.0,1037.7,1036.3,1036.5,106750
2026-08-04 12:20:00,1036.5,1036.9,1035.5,1036.7,73727
2026-08-04 12:25:00,1036.6,1036.8,1035.8,1036.7,112164
2026-08-04 12:30:00,1036.8,1036.9,1036.2,1036.6,111963
2026-08-04 12:35:00,1036.5,1036.6,1034.3,1035.5,161647
2026-08-04 12:40:00,1035.6,1036.1,1034.2,1034.7,142190
2026-08-04 12:45:00,1034.8,1035.0,1034.0,1034.2,102244
2026-08-04 12:50:00,1034.5,1035.0,1034.3,1034.9,36070
2026-08-04 12:55:00,1035.0,1035.0,1033.0,1033.5,102824
2026-08-04 13:00:00,1033.5,1034.7,1033.3,1034.5,115804
2026-08-04 13:05:00,1034.6,1035.4,1034.0,1034.2,53893
2026-08-04 13:10:00,1034.4,1035.1,1033.8,1034.3,113410
2026-08-04 13:15:00,1034.7,1034.7,1033.4,1034.0,70566
2026-08-04 13:20:00,1034.0,1034.0,1032.4,1034.0,114335
2026-08-04 13:25:00,1033.9,1034.0,1033.0,1033.2,113274
2026-08-04 13:30:00,1033.7,1034.7,1033.2,1034.1,100814
2026-08-04 13:35:00,1034.1,1034.6,1033.6,1033.7,97336
2026-08-04 13:40:00,1033.8,1034.0,1033.1,1033.2,72258
2026-08-04 13:45:00,1033.1,1034.0,1032.8,1033.8,70153
2026-08-04 13:50:00,1033.8,1034.4,1032.4,1032.7,113504
2026-08-04 13:55:00,1032.7,1033.1,1030.9,1031.9,376009
2026-08-04 14:00:00,1032.0,1032.0,1031.1,1031.9,79117
2026-08-04 14:05:00,1032.0,1034.7,1031.6,1034.2,316229
2026-08-04 14:10:00,1034.5,1037.0,1034.2,1036.9,87663
2026-08-04 14:15:00,1037.0,1038.8,1036.8,1038.6,176457
2026-08-04 14:20:00,1038.6,1038.9,1036.3,1036.9,111206
2026-08-04 14:25:00,1037.0,1037.2,1035.7,1036.1,88343
2026-08-04 14:30:00,1036.4,1037.3,1035.1,1035.6,385413
2026-08-04 14:35:00,1035.6,1036.7,1035.2,1036.0,87034
2026-08-04 14:40:00,1035.9,1036.0,1033.8,1033.8,85032
2026-08-04 14:45:00,1034.2,1035.0,1033.8,1034.8,124654
2026-08-04 14:50:00,1034.8,1035.0,1034.2,1034.7,59765
2026-08-04 14:55:00,1034.6,1035.3,1034.4,1034.6,103135
2026-08-04 15:00:00,1034.9,1035.0,1033.5,1033.7,109378
2026-08-04 15:05:00,1033.7,1034.0,1032.9,1033.4,198279
2026-08-04 15:10:00,1033.8,1034.0,1032.8,1033.5,194258
2026-08-04 15:15:00,1034.0,1034.0,1034.0,1034.0,23
2026-08-04 15:20:00,1034.0,1034.0,1034.0,1034.0,0
2026-08-04 15:25:00,1034.0,1042.7,1034.0,1042.7,279830
2026-08-05 09:15:00,1043.0,1045.5,1040.3,1043.1,315030
2026-08-05 09:20:00,1043.1,1044.0,1042.0,1043.6,119123
2026-08-05 09:25:00,1043.8,1043.9,1042.6,1043.2,72616
2026-08-05 09:30:00,1043.4,1049.5,1043.2,1047.7,354549
2026-08-05 09:35:00,1047.2,1048.0,1045.1,1046.3,215579
2026-08-05 09:40:00,1046.3,1047.5,1045.5,1047.3,83792
2026-08-05 09:45:00,1047.3,1049.0,1046.7,1048.4,176515
2026-08-05 09:50:00,1048.2,1048.8,1045.2,1045.4,179415
2026-08-05 09:55:00,1045.1,1048.5,1045.1,1048.2,134189
2026-08-05 10:00:00,1048.2,1049.7,1048.0,1049.4,170356
2026-08-05 10:05:00,1049.3,1049.5,1046.0,1046.4,135388
2026-08-05 10:10:00,1046.5,1049.3,1046.0,1049.1,104669
2026-08-05 10:15:00,1049.2,1050.0,1047.8,1050.0,141542
2026-08-05 10:20:00,1049.9,1053.2,1049.9,1050.7,331411
2026-08-05 10:25:00,1050.5,1050.7,1045.8,1046.5,110928
2026-08-05 10:30:00,1046.5,1046.6,1044.3,1046.6,155017
2026-08-05 10:35:00,1046.4,1048.0,1046.4,1047.6,71962
2026-08-05 10:40:00,1047.8,1048.8,1047.6,1048.1,69740
2026-08-05 10:45:00,1048.1,1050.0,1047.8,1050.0,73511
2026-08-05 10:50:00,1049.9,1051.0,1049.6,1050.5,113390
2026-08-05 10:55:00,1050.5,1051.0,1049.6,1050.8,120038
2026-08-05 11:00:00,1050.9,1052.0,1050.7,1051.3,101076
2026-08-05 11:05:00,1051.3,1052.6,1051.2,1052.0,239158
2026-08-05 11:10:00,1052.1,1053.0,1050.8,1052.1,162023
2026-08-05 11:15:00,1052.0,1052.3,1052.0,1052.1,42228
2026-08-05 11:20:00,1052.0,1052.8,1051.0,1052.3,73764
2026-08-05 11:25:00,1052.3,1052.4,1051.0,1052.2,74921
2026-08-05 11:30:00,1052.1,1052.2,1050.7,1050.8,92381
2026-08-05 11:35:00,1050.7,1052.0,1049.6,1051.9,212661
2026-08-05 11:40:00,1051.9,1052.3,1050.7,1050.9,109268
2026-08-05 11:45:00,1051.1,1051.3,1050.0,1050.4,143836
2026-08-05 11:50:00,1050.4,1050.4,1049.1,1050.1,197358
2026-08-05 11:55:00,1050.1,1051.5,1049.3,1051.4,89532
2026-08-05 12:00:00,1051.4,1052.4,1051.1,1052.4,58036
2026-08-05 12:05:00,1052.3,1053.0,1051.8,1052.4,105264
2026-08-05 12:10:00,1052.6,1052.6,1051.5,1052.0,64776
2026-08-05 12:15:00,1052.0,1052.2,1050.8,1051.0,102191
2026-08-05 12:20:00,1051.1,1053.9,1051.0,1053.5,203874
2026-08-05 12:25:00,1053.5,1053.5,1052.0,1052.3,47062
2026-08-05 12:30:00,1052.1,1052.6,1051.7,1052.0,89490
2026-08-05 12:35:00,1051.9,1053.3,1051.5,1053.2,119480
2026-08-05 12:40:00,1053.0,1053.5,1052.2,1053.1,224847
2026-08-05 12:45:00,1053.2,1053.2,1052.0,1052.0,76557
2026-08-05 12:50:00,1052.1,1052.1,1051.7,1051.9,99102
2026-08-05 12:55:00,1051.9,1052.0,1051.5,1051.8,72798
2026-08-05 13:00:00,1051.8,1052.5,1051.4,1052.5,72726
2026-08-05 13:05:00,1052.4,1052.9,1051.2,1052.8,139225
2026-08-05 13:10:00,1052.8,1052.8,1051.8,1051.9,39844
2026-08-05 13:15:00,1051.8,1053.0,1051.8,1052.7,91197
2026-08-05 13:20:00,1052.8,1052.8,1051.7,1051.8,75821
2026-08-05 13:25:00,1051.7,1052.4,1051.2,1052.0,110279
2026-08-05 13:30:00,1051.9,1052.8,1051.5,1051.8,127272
2026-08-05 13:35:00,1052.1,1052.1,1049.6,1050.0,55982
2026-08-05 13:40:00,1049.9,1050.1,1048.0,1048.5,87703
2026-08-05 13:45:00,1048.5,1050.5,1048.0,1050.3,74616
2026-08-05 13:50:00,1050.5,1051.0,1049.6,1050.2,69805
2026-08-05 13:55:00,1050.1,1051.0,1049.2,1050.9,68739
2026-08-05 14:00:00,1051.0,1051.9,1050.9,1051.7,39541
2026-08-05 14:05:00,1051.6,1052.9,1051.5,1052.9,78827
2026-08-05 14:10:00,1052.9,1053.9,1052.3,1052.6,100266
2026-08-05 14:15:00,1052.5,1053.0,1050.7,1052.8,79775
2026-08-05 14:20:00,1052.7,1052.8,1051.5,1052.1,103271
2026-08-05 14:25:00,1052.1,1052.1,1050.1,1050.7,91769
2026-08-05 14:30:00,1050.7,1051.7,1050.7,1051.4,47208
2026-08-05 14:35:00,1051.3,1052.8,1050.5,1051.8,77336
2026-08-05 14:40:00,1051.8,1052.0,1051.0,1051.4,64052
2026-08-05 14:45:00,1051.7,1052.5,1051.2,1052.3,58747
2026-08-05 14:50:00,1052.4,1052.5,1051.2,1051.4,92090
2026-08-05 14:55:00,1051.4,1052.7,1051.3,1052.3,89518
2026-08-05 15:00:00,1052.4,1053.0,1052.1,1052.7,102588
2026-08-05 15:05:00,1052.7,1054.0,1052.2,1053.7,208608
2026-08-05 15:10:00,1053.8,1054.9,1053.1,1054.5,230311
2026-08-05 15:15:00,1054.5,1054.5,1054.5,1054.5,0
2026-08-05 15:20:00,1054.5,1054.5,1054.5,1054.5,0
2026-08-05 15:25:00,1054.5,1055.0,1054.5,1055.0,156057
2026-08-06 09:15:00,1052.5,1058.3,1052.5,1057.4,271005
2026-08-06 09:20:00,1057.2,1059.0,1056.6,1058.9,193486
2026-08-06 09:25:00,1059.4,1062.6,1058.2,1062.0,293529
2026-08-06 09:30:00,1062.1,1062.3,1060.3,1061.5,116532
2026-08-06 09:35:00,1061.3,1064.4,1061.0,1063.4,179430
2026-08-06 09:40:00,1063.6,1064.0,1062.0,1063.2,107179
2026-08-06 09:45:00,1063.7,1064.0,1062.9,1063.9,74448
2026-08-06 09:50:00,1063.9,1063.9,1062.3,1062.9,69084
2026-08-06 09:55:00,1063.2,1063.2,1060.4,1060.9,108663
2026-08-06 10:00:00,1060.9,1062.4,1060.0,1062.0,157836
2026-08-06 10:05:00,1062.0,1062.1,1060.6,1061.9,62149
2026-08-06 10:10:00,1061.6,1062.0,1060.8,1061.6,61819
2026-08-06 10:15:00,1062.0,1062.1,1061.0,1061.3,33931
2026-08-06 10:20:00,1061.2,1062.0,1060.7,1061.9,36205
2026-08-06 10:25:00,1062.0,1062.0,1060.7,1061.0,35569
2026-08-06 10:30:00,1061.3,1062.3,1060.7,1060.9,92846
2026-08-06 10:35:00,1060.8,1061.5,1059.2,1061.3,118468
2026-08-06 10:40:00,1061.0,1061.4,1059.5,1060.0,59015
2026-08-06 10:45:00,1060.2,1060.2,1059.0,1059.9,123854
2026-08-06 10:50:00,1059.7,1060.0,1058.2,1059.1,73307
2026-08-06 10:55:00,1058.8,1060.0,1058.8,1059.8,74467
2026-08-06 11:00:00,1059.5,1060.2,1059.3,1060.1,57500
2026-08-06 11:05:00,1059.8,1060.5,1058.5,1059.0,86346
2026-08-06 11:10:00,1059.0,1059.0,1058.4,1059.0,43696
2026-08-06 11:15:00,1058.6,1059.0,1056.8,1057.7,111017
2026-08-06 11:20:00,1057.9,1058.7,1057.7,1058.2,45931
2026-08-06 11:25:00,1058.2,1058.8,1056.7,1057.3,116458
2026-08-06 11:30:00,1057.3,1057.7,1056.8,1057.3,75264
2026-08-06 11:35:00,1057.3,1057.8,1056.7,1056.8,45328
2026-08-06 11:40:00,1057.0,1057.5,1055.0,1055.5,105633
2026-08-06 11:45:00,1055.5,1055.9,1055.2,1055.8,69352
2026-08-06 11:50:00,1055.8,1058.0,1055.5,1057.6,63095
2026-08-06 11:55:00,1057.7,1058.3,1057.4,1057.4,58905
2026-08-06 12:00:00,1057.2,1057.9,1057.0,1057.6,41611
2026-08-06 12:05:00,1057.3,1058.4,1057.0,1058.0,77418
2026-08-06 12:10:00,1058.1,1059.0,1057.8,1058.2,112716
2026-08-06 12:15:00,1058.4,1059.0,1057.7,1058.1,67160
2026-08-06 12:20:00,1058.1,1058.6,1057.8,1058.1,66480
2026-08-06 12:25:00,1058.2,1059.3,1057.8,1059.3,147026
2026-08-06 12:30:00,1059.0,1060.0,1058.3,1058.9,160986
2026-08-06 12:35:00,1058.9,1059.0,1058.0,1058.8,42861
2026-08-06 12:40:00,1058.6,1059.0,1057.6,1058.4,63407
2026-08-06 12:45:00,1058.5,1058.8,1057.0,1057.1,65145
2026-08-06 12:50:00,1057.1,1058.0,1056.4,1057.7,94701
2026-08-06 12:55:00,1057.6,1059.0,1057.0,1058.1,126890
2026-08-06 13:00:00,1058.1,1059.8,1058.0,1059.5,50697
2026-08-06 13:05:00,1059.8,1062.6,1059.2,1062.5,241074
2026-08-06 13:10:00,1062.7,1071.0,1062.7,1070.0,876434
2026-08-06 13:15:00,1070.2,1072.1,1068.6,1071.7,546203
2026-08-06 13:20:00,1071.6,1074.9,1071.6,1073.1,340363
2026-08-06 13:25:00,1073.1,1078.9,1072.4,1078.3,549578
2026-08-06 13:30:00,1078.2,1081.0,1077.6,1078.5,611064
2026-08-06 13:35:00,1078.8,1082.1,1077.4,1079.6,452466
2026-08-06 13:40:00,1079.9,1080.6,1077.6,1080.0,295717
2026-08-06 13:45:00,1080.2,1080.8,1078.0,1079.9,320351
2026-08-06 13:50:00,1079.7,1084.0,1079.2,1083.0,395967
2026-08-06 13:55:00,1082.9,1085.0,1082.0,1085.0,335373
2026-08-06 14:00:00,1084.7,1085.5,1081.0,1081.7,300117
2026-08-06 14:05:00,1081.7,1083.0,1081.1,1081.7,148488
2026-08-06 14:10:00,1081.7,1084.5,1081.4,1082.8,302153
2026-08-06 14:15:00,1082.8,1083.5,1082.1,1083.4,113458
2026-08-06 14:20:00,1083.2,1085.2,1082.1,1082.4,214590
2026-08-06 14:25:00,1082.4,1084.7,1081.5,1083.0,199286
2026-08-06 14:30:00,1082.5,1084.3,1082.2,1082.7,181581
2026-08-06 14:35:00,1082.3,1085.3,1082.3,1084.9,192178
2026-08-06 14:40:00,1085.0,1086.1,1084.3,1085.1,325776
2026-08-06 14:45:00,1085.5,1086.5,1084.6,1084.9,136277
2026-08-06 14:50:00,1085.3,1087.0,1084.9,1085.4,259387
2026-08-06 14:55:00,1085.4,1086.0,1083.7,1085.9,373124
2026-08-06 15:00:00,1086.0,1086.9,1085.1,1085.7,395907
2026-08-06 15:05:00,1086.2,1087.9,1085.4,1086.0,593849
2026-08-06 15:10:00,1085.6,1088.1,1085.0,1085.6,523734
2026-08-06 15:15:00,1085.6,1085.6,1085.6,1085.6,0
2026-08-06 15:20:00,1085.6,1085.6,1085.6,1085.6,0
2026-08-06 15:25:00,1085.6,1085.6,1085.0,1085.0,236096
2026-08-07 09:15:00,1080.1,1086.0,1075.7,1080.0,655378
2026-08-07 09:20:00,1080.0,1083.6,1077.4,1080.9,349261
2026-08-07 09:25:00,1081.3,1085.0,1080.6,1085.0,308976
2026-08-07 09:30:00,1084.7,1087.8,1084.3,1086.9,381215
2026-08-07 09:35:00,1086.6,1088.0,1084.6,1084.7,244385
2026-08-07 09:40:00,1084.8,1085.3,1081.2,1083.5,176232
2026-08-07 09:45:00,1083.6,1085.5,1083.1,1084.9,85750
2026-08-07 09:50:00,1084.9,1087.8,1084.5,1087.4,128434
2026-08-07 09:55:00,1087.4,1087.9,1086.5,1087.0,106611
2026-08-07 10:00:00,1087.0,1089.2,1086.0,1089.2,156243
2026-08-07 10:05:00,1089.3,1090.6,1087.8,1089.5,597033
2026-08-07 10:10:00,1089.5,1090.2,1086.9,1088.5,343346
2026-08-07 10:15:00,1088.7,1090.1,1086.7,1087.6,382406
2026-08-07 10:20:00,1087.7,1088.6,1086.6,1086.7,73314
2026-08-07 10:25:00,1086.7,1087.9,1085.3,1087.0,85384
2026-08-07 10:30:00,1087.1,1087.9,1085.6,1087.5,100277
2026-08-07 10:35:00,1087.7,1089.2,1087.0,1088.1,86822
2026-08-07 10:40:00,1088.1,1088.1,1083.2,1084.6,177328
2026-08-07 10:45:00,1084.7,1087.1,1083.8,1086.3,84330
2026-08-07 10:50:00,1086.3,1087.7,1085.2,1086.7,50863
2026-08-07 10:55:00,1086.9,1087.9,1085.4,1085.4,74771
2026-08-07 11:00:00,1085.9,1088.0,1085.2,1086.3,74346
2026-08-07 11:05:00,1086.3,1089.7,1086.2,1089.2,135326
2026-08-07 11:10:00,1089.1,1091.9,1088.3,1090.5,259944
2026-08-07 11:15:00,1090.5,1091.6,1088.3,1091.3,280005
2026-08-07 11:20:00,1091.6,1093.5,1091.4,1093.5,168561
2026-08-07 11:25:00,1093.7,1094.3,1092.5,1092.9,161306
2026-08-07 11:30:00,1093.0,1093.0,1089.1,1089.2,277075
2026-08-07 11:35:00,1089.2,1089.8,1087.5,1089.6,111233
2026-08-07 11:40:00,1089.8,1089.8,1087.0,1087.0,129866
2026-08-07 11:45:00,1087.2,1087.9,1086.5,1087.2,111623
2026-08-07 11:50:00,1087.3,1087.3,1085.5,1086.7,110367
2026-08-07 11:55:00,1086.8,1087.2,1086.0,1087.2,37606
2026-08-07 12:00:00,1087.3,1087.7,1085.0,1085.6,132557
2026-08-07 12:05:00,1085.6,1086.0,1084.8,1085.6,80537
2026-08-07 12:10:00,1085.6,1086.0,1085.0,1085.3,44019
2026-08-07 12:15:00,1085.3,1085.5,1082.0,1082.9,222936
2026-08-07 12:20:00,1083.0,1084.4,1082.5,1083.9,98554
2026-08-07 12:25:00,1083.9,1087.9,1083.8,1086.8,248524
2026-08-07 12:30:00,1086.8,1087.6,1086.0,1087.5,90222
2026-08-07 12:35:00,1087.6,1088.0,1085.7,1087.2,58814
2026-08-07 12:40:00,1087.3,1087.3,1085.9,1086.3,56409
2026-08-07 12:45:00,1086.3,1088.5,1086.2,1087.3,65425
2026-08-07 12:50:00,1087.3,1087.5,1085.4,1086.0,39662
2026-08-07 12:55:00,1086.0,1086.9,1085.4,1085.9,56494
2026-08-07 13:00:00,1085.9,1086.7,1084.0,1086.5,126238
2026-08-07 13:05:00,1086.6,1088.0,1086.5,1086.5,51367
2026-08-07 13:10:00,1086.6,1087.4,1085.0,1085.4,49193
2026-08-07 13:15:00,1085.0,1086.4,1085.0,1085.9,47095
2026-08-07 13:20:00,1086.0,1087.0,1085.4,1086.6,46505
2026-08-07 13:25:00,1086.6,1087.4,1086.1,1086.1,63393
2026-08-07 13:30:00,1086.6,1086.7,1085.0,1086.3,47262
2026-08-07 13:35:00,1086.3,1086.7,1085.1,1085.7,41762
2026-08-07 13:40:00,1085.8,1087.0,1085.0,1086.9,74082
2026-08-07 13:45:00,1086.8,1113.8,1085.9,1112.4,3215970
2026-08-07 13:50:00,1112.6,1123.0,1109.5,1111.2,3149486
2026-08-07 13:55:00,1111.4,1114.3,1098.7,1112.8,2652501
2026-08-07 14:00:00,1113.1,1124.5,1113.1,1115.6,2604741
2026-08-07 14:05:00,1115.8,1117.9,1108.6,1109.4,1007573
2026-08-07 14:10:00,1109.0,1112.7,1108.5,1111.3,525725
2026-08-07 14:15:00,1111.3,1118.8,1110.0,1115.5,848515
2026-08-07 14:20:00,1115.7,1121.1,1115.1,1120.5,835367
2026-08-07 14:25:00,1120.9,1121.8,1118.2,1119.6,683373
2026-08-07 14:30:00,1119.5,1120.1,1116.1,1117.1,453908
2026-08-07 14:35:00,1117.5,1118.0,1113.5,1113.8,313352
2026-08-07 14:40:00,1113.7,1117.5,1113.1,1115.2,296230
2026-08-07 14:45:00,1115.6,1115.6,1105.1,1108.8,948347
2026-08-07 14:50:00,1108.6,1108.8,1092.2,1094.1,923893
2026-08-07 14:55:00,1094.2,1099.0,1093.6,1098.1,744643
2026-08-07 15:00:00,1098.3,1100.6,1097.1,1098.6,647827
2026-08-07 15:05:00,1098.9,1101.3,1098.0,1098.2,612069
2026-08-07 15:10:00,1098.3,1098.9,1096.3,1097.0,428018
2026-08-07 15:15:00,1097.0,1097.0,1097.0,1097.0,0
2026-08-07 15:20:00,1097.0,1097.0,1097.0,1097.0,0
2026-08-07 15:25:00,1097.0,1097.2,1097.0,1097.2,211180
2026-08-10 09:15:00,1108.0,1113.3,1097.8,1098.0,2004853
2026-08-10 09:20:00,1098.2,1100.3,1092.4,1093.1,760119
2026-08-10 09:25:00,1093.1,1094.5,1084.2,1086.0,715535
2026-08-10 09:30:00,1085.8,1086.0,1080.1,1080.5,440010
2026-08-10 09:35:00,1080.7,1083.1,1078.5,1083.0,420266
2026-08-10 09:40:00,1082.6,1083.5,1080.3,1082.2,187631
2026-08-10 09:45:00,1082.2,1082.7,1080.5,1081.5,192588
2026-08-10 09:50:00,1081.5,1083.4,1081.1,1082.4,174647
2026-08-10 09:55:00,1082.7,1082.7,1080.0,1081.7,181500
2026-08-10 10:00:00,1082.0,1083.9,1081.2,1083.2,117993
2026-08-10 10:05:00,1083.5,1085.4,1083.0,1085.2,156029
2026-08-10 10:10:00,1085.1,1088.5,1084.7,1088.4,333637
2026-08-10 10:15:00,1088.3,1091.4,1088.3,1089.3,625425
2026-08-10 10:20:00,1089.4,1089.5,1087.2,1087.9,134354
2026-08-10 10:25:00,1087.8,1088.8,1086.0,1088.2,212463
2026-08-10 10:30:00,1088.8,1089.4,1087.4,1088.3,133548
2026-08-10 10:35:00,1088.3,1089.6,1088.0,1088.7,105117
2026-08-10 10:40:00,1088.5,1090.0,1088.3,1088.6,111966
2026-08-10 10:45:00,1089.1,1090.0,1088.5,1090.0,109241
2026-08-10 10:50:00,1090.0,1090.0,1089.2,1089.4,59015
2026-08-10 10:55:00,1089.5,1089.5,1088.3,1089.0,105098
2026-08-10 11:00:00,1089.0,1089.0,1087.2,1087.9,163954
2026-08-10 11:05:00,1087.6,1089.4,1087.5,1088.6,136660
2026-08-10 11:10:00,1088.6,1089.5,1088.5,1089.1,57355
2026-08-10 11:15:00,1089.1,1089.6,1085.6,1086.6,140491
2026-08-10 11:20:00,1086.8,1087.9,1084.5,1085.5,221173
2026-08-10 11:25:00,1085.6,1086.2,1084.3,1084.6,132142
2026-08-10 11:30:00,1084.7,1085.2,1082.5,1082.8,126397
2026-08-10 11:35:00,1082.9,1085.0,1082.6,1084.8,92292
2026-08-10 11:40:00,1084.7,1085.0,1083.6,1084.0,75134
2026-08-10 11:45:00,1084.0,1084.0,1082.8,1083.5,67390
2026-08-10 11:50:00,1083.6,1083.7,1080.0,1080.1,209243
2026-08-10 11:55:00,1080.1,1081.5,1077.5,1077.8,337774
2026-08-10 12:00:00,1077.9,1078.0,1077.0,1077.9,127771
2026-08-10 12:05:00,1078.0,1078.8,1077.6,1078.2,139861
2026-08-10 12:10:00,1078.4,1080.9,1078.0,1080.0,184745
2026-08-10 12:15:00,1080.0,1080.0,1078.3,1078.8,91626
2026-08-10 12:20:00,1079.0,1079.1,1076.2,1077.3,181002
2026-08-10 12:25:00,1077.4,1079.5,1077.3,1079.1,93749
2026-08-10 12:30:00,1079.2,1081.2,1079.1,1080.0,199613
2026-08-10 12:35:00,1080.0,1080.0,1078.6,1079.0,83677
2026-08-10 12:40:00,1079.0,1080.3,1077.9,1078.8,241589
2026-08-10 12:45:00,1078.8,1079.4,1078.1,1078.3,121296
2026-08-10 12:50:00,1078.3,1079.0,1078.3,1078.7,98952
2026-08-10 12:55:00,1078.8,1078.8,1077.1,1078.0,96489
2026-08-10 13:00:00,1078.0,1078.6,1077.0,1077.9,143290
2026-08-10 13:05:00,1077.8,1079.1,1077.0,1077.9,301219
2026-08-10 13:10:00,1077.9,1078.0,1075.0,1075.7,230672
2026-08-10 13:15:00,1075.7,1077.0,1075.3,1077.0,91007
2026-08-10 13:20:00,1076.9,1077.5,1076.8,1076.9,68370
2026-08-10 13:25:00,1076.8,1077.6,1076.8,1077.0,109818
2026-08-10 13:30:00,1077.0,1077.0,1075.6,1076.8,72471
2026-08-10 13:35:00,1077.0,1077.0,1076.6,1076.8,122778
2026-08-10 13:40:00,1077.0,1078.1,1076.8,1077.8,189896
2026-08-10 13:45:00,1077.8,1078.1,1077.0,1077.2,74898
2026-08-10 13:50:00,1077.1,1077.6,1076.0,1076.1,100644
2026-08-10 13:55:00,1076.1,1076.7,1075.5,1076.3,125826
2026-08-10 14:00:00,1076.6,1077.0,1076.0,1077.0,62682
2026-08-10 14:05:00,1076.8,1077.0,1076.3,1076.7,104103
2026-08-10 14:10:00,1076.7,1077.0,1075.4,1076.8,128146
2026-08-10 14:15:00,1076.8,1077.0,1076.0,1076.1,68731
2026-08-10 14:20:00,1076.1,1077.0,1076.1,1077.0,68616
2026-08-10 14:25:00,1077.0,1077.0,1076.1,1077.0,120006
2026-08-10 14:30:00,1077.0,1077.2,1075.2,1076.5,345341
2026-08-10 14:35:00,1076.4,1076.5,1075.2,1075.3,168749
2026-08-10 14:40:00,1075.3,1075.9,1074.0,1074.7,242069
2026-08-10 14:45:00,1074.4,1075.6,1072.2,1073.0,299578
2026-08-10 14:50:00,1072.6,1073.9,1071.8,1073.2,324629
2026-08-10 14:55:00,1073.2,1073.9,1073.0,1073.8,223945
2026-08-10 15:00:00,1073.8,1074.0,1071.8,1073.9,395498
2026-08-10 15:05:00,1074.0,1074.0,1068.6,1069.7,998606
2026-08-10 15:10:00,1069.5,1072.3,1069.0,1071.0,537637
2026-08-10 15:15:00,1071.0,1071.0,1071.0,1071.0,4
2026-08-10 15:20:00,1071.0,1071.0,1071.0,1071.0,0
2026-08-10 15:25:00,1071.0,1071.0,1071.0,1071.0,93668
2026-08-11 09:15:00,1071.0,1071.0,1060.4,1064.3,562103
2026-08-11 09:20:00,1064.0,1065.6,1063.3,1065.6,160517
2026-08-11 09:25:00,1065.4,1067.6,1065.3,1066.8,171471
2026-08-11 09:30:00,1066.3,1066.6,1062.1,1062.7,158414
2026-08-11 09:35:00,1062.7,1064.1,1062.3,1063.5,64896
2026-08-11 09:40:00,1063.7,1064.2,1062.3,1063.9,73274
2026-08-11 09:45:00,1063.9,1065.0,1063.1,1064.8,82517
2026-08-11 09:50:00,1064.9,1066.0,1062.3,1062.3,139291
2026-08-11 09:55:00,1062.3,1064.5,1062.1,1064.2,69556
2026-08-11 10:00:00,1064.3,1066.0,1063.7,1065.3,123366
2026-08-11 10:05:00,1065.3,1066.7,1064.1,1065.0,124652
2026-08-11 10:10:00,1065.2,1065.9,1064.0,1064.7,129941
2026-08-11 10:15:00,1064.4,1064.8,1063.5,1063.5,79344
2026-08-11 10:20:00,1063.5,1065.2,1062.6,1064.3,140904
2026-08-11 10:25:00,1064.4,1066.5,1063.4,1066.0,130388
2026-08-11 10:30:00,1065.8,1066.3,1064.1,1064.4,124365
2026-08-11 10:35:00,1064.4,1065.9,1064.0,1065.3,56162
2026-08-11 10:40:00,1065.3,1065.8,1064.3,1064.9,79834
2026-08-11 10:45:00,1064.8,1065.5,1064.0,1064.2,43240
2026-08-11 10:50:00,1064.3,1068.4,1064.3,1067.6,138629
2026-08-11 10:55:00,1067.6,1069.4,1066.7,1067.0,261450
2026-08-11 11:00:00,1067.1,1068.3,1066.2,1067.5,81089
2026-08-11 11:05:00,1067.5,1068.5,1067.2,1067.5,79927
2026-08-11 11:10:00,1067.4,1069.8,1067.0,1069.3,127255
2026-08-11 11:15:00,1069.2,1070.7,1069.0,1069.5,206315
2026-08-11 11:20:00,1069.5,1069.5,1067.6,1067.8,70515
2026-08-11 11:25:00,1068.0,1068.7,1066.8,1068.0,88278
2026-08-11 11:30:00,1068.1,1068.3,1066.7,1066.8,47969
2026-08-11 11:35:00,1066.8,1067.4,1066.5,1067.2,31099
2026-08-11 11:40:00,1067.2,1068.4,1066.5,1066.6,83098
2026-08-11 11:45:00,1066.6,1066.8,1065.5,1066.5,67397
2026-08-11 11:50:00,1066.2,1066.7,1065.0,1065.2,64457
2026-08-11 11:55:00,1065.2,1065.7,1064.5,1065.1,80774
2026-08-11 12:00:00,1065.1,1065.4,1063.5,1064.5,86757
2026-08-11 12:05:00,1064.7,1065.0,1063.8,1064.8,58303
2026-08-11 12:10:00,1065.0,1065.0,1064.0,1064.5,75652
2026-08-11 12:15:00,1064.6,1065.0,1064.2,1064.7,59029
2026-08-11 12:20:00,1064.7,1065.9,1063.7,1063.9,120269
2026-08-11 12:25:00,1063.9,1066.9,1063.7,1066.2,72405
2026-08-11 12:30:00,1066.2,1067.0,1065.9,1066.9,46737
2026-08-11 12:35:00,1066.9,1067.3,1066.4,1067.2,36299
2026-08-11 12:40:00,1067.1,1068.0,1066.9,1067.7,67451
2026-08-11 12:45:00,1067.5,1068.7,1067.0,1067.8,51732
2026-08-11 12:50:00,1067.9,1068.1,1067.4,1067.8,52843
2026-08-11 12:55:00,1067.9,1068.0,1066.4,1066.6,52657
2026-08-11 13:00:00,1066.7,1067.1,1065.3,1066.0,126159
2026-08-11 13:05:00,1065.7,1068.1,1065.2,1067.7,189753
2026-08-11 13:10:00,1067.8,1068.0,1065.7,1066.5,94034
2026-08-11 13:15:00,1066.5,1066.9,1065.3,1065.6,104911
2026-08-11 13:20:00,1065.7,1066.7,1065.4,1066.2,101851
2026-08-11 13:25:00,1066.4,1067.0,1066.1,1066.7,109498
2026-08-11 13:30:00,1066.7,1069.7,1066.6,1069.4,205186
2026-08-11 13:35:00,1069.2,1069.6,1066.3,1066.5,114164
2026-08-11 13:40:00,1066.5,1068.2,1066.2,1067.1,135445
2026-08-11 13:45:00,1067.1,1068.4,1066.8,1068.0,99396
2026-08-11 13:50:00,1067.8,1068.1,1066.8,1066.9,80475
2026-08-11 13:55:00,1066.9,1068.7,1066.8,1068.3,144786
2026-08-11 14:00:00,1068.6,1069.5,1068.1,1068.8,87101
2026-08-11 14:05:00,1069.2,1070.6,1068.4,1068.8,214236
2026-08-11 14:10:00,1069.0,1069.9,1068.2,1068.8,205272
2026-08-11 14:15:00,1069.0,1069.7,1067.5,1067.7,159566
2026-08-11 14:20:00,1067.8,1068.1,1066.1,1066.5,326152
2026-08-11 14:25:00,1066.4,1067.7,1066.0,1066.6,291276
2026-08-11 14:30:00,1066.9,1067.5,1065.7,1066.5,153343
2026-08-11 14:35:00,1066.9,1067.0,1064.8,1065.0,151195
2026-08-11 14:40:00,1065.4,1066.4,1064.9,1065.8,75560
2026-08-11 14:45:00,1066.3,1066.3,1065.1,1065.7,94630
2026-08-11 14:50:00,1066.3,1066.4,1065.7,1066.3,89336
2026-08-11 14:55:00,1066.3,1067.2,1066.3,1066.5,110609
2026-08-11 15:00:00,1066.5,1068.1,1066.3,1066.8,195800
2026-08-11 15:05:00,1066.8,1067.1,1065.5,1066.0,453993
2026-08-11 15:10:00,1065.8,1067.0,1065.0,1066.0,369734
2026-08-11 15:15:00,1066.3,1066.3,1066.3,1066.3,1
2026-08-11 15:20:00,1066.3,1066.3,1066.3,1066.3,0
2026-08-11 15:25:00,1066.3,1066.3,1066.0,1066.0,197909
2026-08-12 09:15:00,1066.0,1069.6,1066.0,1068.6,440989
2026-08-12 09:20:00,1069.0,1076.6,1068.7,1074.9,538230
2026-08-12 09:25:00,1074.9,1081.8,1074.9,1080.9,510983
2026-08-12 09:30:00,1080.9,1082.5,1079.7,1082.0,260317
2026-08-12 09:35:00,1082.1,1083.0,1080.5,1081.0,161977
2026-08-12 09:40:00,1081.3,1084.0,1080.1,1080.6,763167
2026-08-12 09:45:00,1080.8,1081.8,1079.6,1080.5,453965
2026-08-12 09:50:00,1081.0,1081.9,1080.2,1081.5,243501
2026-08-12 09:55:00,1081.5,1081.8,1078.1,1078.8,247652
2026-08-12 10:00:00,1078.7,1078.8,1077.0,1078.0,171140
2026-08-12 10:05:00,1078.5,1079.9,1077.8,1078.5,101688
2026-08-12 10:10:00,1078.5,1079.7,1078.4,1079.4,63200
2026-08-12 10:15:00,1079.4,1080.0,1078.5,1079.5,98171
2026-08-12 10:20:00,1080.0,1081.6,1079.5,1080.9,454046
2026-08-12 10:25:00,1080.9,1081.0,1079.6,1079.6,90117
2026-08-12 10:30:00,1079.6,1082.0,1079.4,1080.4,125941
2026-08-12 10:35:00,1080.5,1080.5,1078.5,1079.6,80659
2026-08-12 10:40:00,1079.7,1079.7,1075.7,1078.0,488878
2026-08-12 10:45:00,1078.0,1078.6,1077.5,1078.3,96129
2026-08-12 10:50:00,1078.3,1080.0,1078.2,1079.7,102053
2026-08-12 10:55:00,1079.7,1080.0,1077.9,1079.5,523879
2026-08-12 11:00:00,1080.0,1080.8,1078.4,1079.1,298702
2026-08-12 11:05:00,1079.0,1081.6,1078.7,1080.6,337479
2026-08-12 11:10:00,1080.3,1081.1,1078.1,1078.7,128096
2026-08-12 11:15:00,1078.8,1079.0,1078.0,1078.9,69710
2026-08-12 11:20:00,1079.0,1079.7,1078.3,1078.5,151479
2026-08-12 11:25:00,1079.0,1079.5,1078.3,1078.6,90602
2026-08-12 11:30:00,1078.7,1079.2,1077.8,1078.5,204389
2026-08-12 11:35:00,1078.6,1078.7,1077.0,1077.4,121050
2026-08-12 11:40:00,1077.0,1077.3,1075.3,1077.0,159974
2026-08-12 11:45:00,1077.0,1077.1,1073.2,1075.0,146062
2026-08-12 11:50:00,1075.3,1076.6,1074.5,1075.3,177021
2026-08-12 11:55:00,1075.6,1076.7,1074.8,1076.1,244019
2026-08-12 12:00:00,1076.5,1077.7,1075.6,1077.4,206020
2026-08-12 12:05:00,1077.6,1078.2,1077.0,1077.2,69984
2026-08-12 12:10:00,1077.6,1077.7,1075.2,1075.8,77014
2026-08-12 12:15:00,1076.1,1076.9,1075.6,1076.0,67660
2026-08-12 12:20:00,1076.0,1076.7,1075.1,1075.5,85971
2026-08-12 12:25:00,1075.9,1076.3,1074.6,1075.0,83054
2026-08-12 12:30:00,1075.2,1076.4,1074.9,1076.3,55225
2026-08-12 12:35:00,1076.3,1078.2,1076.0,1078.0,187860
2026-08-12 12:40:00,1078.2,1085.5,1078.0,1083.0,561550
2026-08-12 12:45:00,1083.0,1085.1,1081.9,1082.1,723590
2026-08-12 12:50:00,1082.3,1082.8,1081.0,1081.5,100330
2026-08-12 12:55:00,1081.5,1082.5,1081.0,1082.2,330603
2026-08-12 13:00:00,1082.4,1082.5,1081.7,1082.4,75346
2026-08-12 13:05:00,1082.5,1082.5,1080.6,1080.7,373659
2026-08-12 13:10:00,1080.9,1081.0,1079.1,1079.8,109564
2026-08-12 13:15:00,1079.9,1080.9,1079.3,1080.4,109391
2026-08-12 13:20:00,1080.4,1080.5,1078.6,1078.8,94455
2026-08-12 13:25:00,1078.8,1078.9,1076.7,1078.0,131861
2026-08-12 13:30:00,1078.0,1078.9,1077.6,1078.5,64787
2026-08-12 13:35:00,1078.5,1079.0,1077.6,1078.2,95094
2026-08-12 13:40:00,1078.4,1078.5,1076.2,1076.7,73840
2026-08-12 13:45:00,1076.7,1077.0,1076.2,1077.0,60713
2026-08-12 13:50:00,1077.0,1078.0,1076.9,1078.0,163859
2026-08-12 13:55:00,1077.9,1078.0,1077.5,1077.9,61252
2026-08-12 14:00:00,1077.9,1078.1,1077.2,1077.6,62994
2026-08-12 14:05:00,1077.5,1078.0,1077.4,1078.0,53174
2026-08-12 14:10:00,1077.9,1078.0,1076.5,1077.0,98578
2026-08-12 14:15:00,1077.0,1078.9,1076.5,1078.9,495567
2026-08-12 14:20:00,1078.9,1079.9,1078.4,1078.6,216029
2026-08-12 14:25:00,1078.8,1079.3,1078.5,1079.3,143269
2026-08-12 14:30:00,1079.0,1080.0,1078.8,1079.9,357987
2026-08-12 14:35:00,1080.0,1080.2,1078.8,1079.9,188344
2026-08-12 14:40:00,1080.0,1080.0,1079.5,1079.8,181763
2026-08-12 14:45:00,1079.7,1083.0,1079.4,1081.0,348788
2026-08-12 14:50:00,1081.2,1081.2,1078.6,1081.0,534835
2026-08-12 14:55:00,1081.0,1082.6,1080.4,1081.0,682200
2026-08-12 15:00:00,1081.0,1082.3,1080.4,1081.9,632363
2026-08-12 15:05:00,1081.9,1083.5,1080.1,1083.5,517853
2026-08-12 15:10:00,1083.5,1084.7,1079.6,1080.5,888919
2026-08-12 15:15:00,1080.5,1080.5,1080.5,1080.5,0
2026-08-12 15:20:00,1080.5,1080.5,1080.5,1080.5,0
2026-08-12 15:25:00,1080.5,1082.0,1080.5,1082.0,136759
2026-08-13 09:15:00,1083.0,1083.0,1073.0,1080.0,379661
2026-08-13 09:20:00,1079.3,1079.5,1076.5,1077.3,139743
2026-08-13 09:25:00,1077.5,1080.8,1077.3,1080.5,130346
2026-08-13 09:30:00,1080.5,1080.7,1078.2,1079.5,78631
2026-08-13 09:35:00,1079.5,1080.4,1079.1,1080.4,68770
2026-08-13 09:40:00,1080.4,1082.4,1080.4,1081.7,127803
2026-08-13 09:45:00,1081.7,1086.8,1081.4,1083.5,295194
2026-08-13 09:50:00,1083.5,1085.4,1083.4,1085.0,124404
2026-08-13 09:55:00,1085.0,1085.4,1083.9,1084.3,70747
2026-08-13 10:00:00,1084.4,1084.4,1083.6,1084.1,72762
2026-08-13 10:05:00,1084.1,1085.0,1083.7,1084.7,111054
2026-08-13 10:10:00,1084.9,1084.9,1082.3,1082.8,80602
2026-08-13 10:15:00,1082.9,1083.3,1079.4,1080.9,175646
2026-08-13 10:20:00,1080.4,1080.9,1079.1,1079.5,69862
2026-08-13 10:25:00,1079.3,1080.9,1079.3,1080.5,272106
2026-08-13 10:30:00,1080.5,1081.6,1079.0,1081.2,108401
2026-08-13 10:35:00,1081.2,1081.3,1080.5,1080.7,33479
2026-08-13 10:40:00,1080.7,1083.0,1080.6,1083.0,394749
2026-08-13 10:45:00,1082.8,1083.3,1082.1,1083.1,283452
2026-08-13 10:50:00,1083.1,1084.1,1082.7,1083.6,177834
2026-08-13 10:55:00,1083.9,1085.0,1083.2,1084.1,181580
2026-08-13 11:00:00,1084.2,1084.4,1083.3,1083.7,151474
2026-08-13 11:05:00,1083.9,1084.0,1082.0,1083.0,79198
2026-08-13 11:10:00,1083.0,1083.0,1082.3,1082.4,27206
2026-08-13 11:15:00,1082.3,1082.5,1081.6,1082.3,43332
2026-08-13 11:20:00,1082.5,1082.6,1081.2,1082.4,51012
2026-08-13 11:25:00,1082.4,1082.7,1081.6,1082.5,56664
2026-08-13 11:30:00,1082.9,1083.1,1082.1,1082.6,71443
2026-08-13 11:35:00,1082.6,1082.9,1082.0,1082.4,42221
2026-08-13 11:40:00,1082.7,1082.9,1082.0,1082.0,43874
2026-08-13 11:45:00,1082.3,1082.7,1079.8,1079.9,102240
2026-08-13 11:50:00,1080.0,1082.5,1079.8,1081.7,77099
2026-08-13 11:55:00,1082.0,1083.0,1080.7,1082.6,95107
2026-08-13 12:00:00,1083.0,1084.1,1082.0,1083.1,118144
2026-08-13 12:05:00,1083.2,1084.0,1082.4,1082.8,89664
2026-08-13 12:10:00,1083.0,1083.4,1081.9,1083.3,73136
2026-08-13 12:15:00,1083.4,1083.9,1082.3,1083.0,82153
2026-08-13 12:20:00,1083.2,1083.9,1083.0,1083.4,91171
2026-08-13 12:25:00,1083.8,1083.9,1082.0,1082.1,126456
2026-08-13 12:30:00,1082.5,1083.6,1082.4,1082.5,88976
2026-08-13 12:35:00,1082.6,1082.8,1081.8,1082.1,106619
2026-08-13 12:40:00,1082.3,1082.9,1082.1,1082.5,55407
2026-08-13 12:45:00,1082.6,1082.8,1081.8,1082.4,150897
2026-08-13 12:50:00,1082.5,1083.3,1081.5,1082.9,126261
2026-08-13 12:55:00,1082.9,1083.0,1081.7,1082.4,48570
2026-08-13 13:00:00,1082.5,1082.6,1081.2,1081.8,95875
2026-08-13 13:05:00,1082.0,1082.8,1081.5,1082.5,92165
2026-08-13 13:10:00,1082.5,1082.8,1080.0,1080.9,134634
2026-08-13 13:15:00,1081.0,1081.0,1078.7,1079.0,336969
2026-08-13 13:20:00,1079.0,1080.0,1078.7,1079.3,110820
2026-08-13 13:25:00,1079.4,1080.6,1079.3,1080.5,38743
2026-08-13 13:30:00,1080.5,1080.6,1079.0,1079.2,83721
2026-08-13 13:35:00,1079.5,1079.8,1078.6,1079.4,133520
2026-08-13 13:40:00,1079.5,1080.9,1079.0,1080.3,62117
2026-08-13 13:45:00,1080.4,1081.7,1079.5,1080.2,265808
2026-08-13 13:50:00,1080.4,1080.6,1079.4,1079.4,89100
2026-08-13 13:55:00,1079.5,1081.2,1079.5,1081.0,126982
2026-08-13 14:00:00,1081.0,1081.4,1079.8,1081.2,101489
2026-08-13 14:05:00,1081.2,1081.5,1079.9,1080.4,119876
2026-08-13 14:10:00,1080.4,1080.6,1078.8,1079.3,151226
2026-08-13 14:15:00,1079.3,1079.9,1078.8,1079.8,85939
2026-08-13 14:20:00,1079.9,1080.7,1078.9,1080.2,109813
2026-08-13 14:25:00,1080.3,1080.5,1078.9,1079.6,125307
2026-08-13 14:30:00,1079.6,1080.5,1079.2,1079.3,79390
2026-08-13 14:35:00,1079.5,1079.5,1078.6,1079.4,82664
2026-08-13 14:40:00,1079.1,1079.3,1077.5,1077.7,84488
2026-08-13 14:45:00,1078.0,1078.3,1077.4,1077.6,99650
2026-08-13 14:50:00,1077.7,1078.4,1076.8,1077.0,145031
2026-08-13 14:55:00,1077.0,1077.0,1076.5,1076.8,150991
2026-08-13 15:00:00,1076.8,1078.1,1076.0,1076.5,280172
2026-08-13 15:05:00,1076.3,1076.7,1075.5,1076.7,285325
2026-08-13 15:10:00,1076.6,1077.0,1075.2,1076.9,230558
2026-08-13 15:15:00,1077.0,1077.0,1077.0,1077.0,127
2026-08-13 15:20:00,1077.0,1077.0,1077.0,1077.0,0
2026-08-13 15:25:00,1077.0,1083.0,1077.0,1083.0,390306
2026-08-14 09:15:00,1082.0,1082.0,1075.8,1076.8,176968
2026-08-14 09:20:00,1076.6,1077.1,1071.0,1071.2,256298
2026-08-14 09:25:00,1071.1,1073.2,1070.6,1070.9,170555
2026-08-14 09:30:00,1071.0,1073.5,1070.2,1071.7,107186
2026-08-14 09:35:00,1072.0,1073.4,1071.5,1072.1,74035
2026-08-14 09:40:00,1072.4,1073.0,1071.5,1072.0,65643
2026-08-14 09:45:00,1071.9,1073.3,1071.7,1072.9,78892
2026-08-14 09:50:00,1072.7,1073.0,1071.0,1071.0,74491
2026-08-14 09:55:00,1071.0,1072.5,1070.8,1072.2,36019
2026-08-14 10:00:00,1072.4,1072.9,1071.8,1072.0,38802
2026-08-14 10:05:00,1072.2,1074.4,1072.0,1074.0,50706
2026-08-14 10:10:00,1074.1,1075.4,1073.0,1074.0,70230
2026-08-14 10:15:00,1073.8,1074.0,1072.6,1072.6,35926
2026-08-14 10:20:00,1072.6,1073.0,1071.7,1072.3,37302
2026-08-14 10:25:00,1072.3,1072.8,1071.8,1072.3,17562
2026-08-14 10:30:00,1072.3,1072.8,1070.1,1071.8,70061
2026-08-14 10:35:00,1071.9,1072.9,1071.8,1072.0,25547
2026-08-14 10:40:00,1072.2,1072.2,1071.0,1071.2,54884
2026-08-14 10:45:00,1071.4,1071.9,1070.0,1070.7,51562
2026-08-14 10:50:00,1070.6,1071.7,1070.0,1071.0,31056
2026-08-14 10:55:00,1070.8,1071.0,1069.0,1069.5,98268
2026-08-14 11:00:00,1069.2,1069.3,1067.5,1068.5,128011
2026-08-14 11:05:00,1068.6,1070.0,1068.3,1069.5,27791
2026-08-14 11:10:00,1069.6,1070.0,1068.2,1068.4,30619
2026-08-14 11:15:00,1068.5,1069.3,1068.3,1068.9,39365
2026-08-14 11:20:00,1069.2,1069.5,1068.1,1068.4,40844
2026-08-14 11:25:00,1068.8,1070.1,1068.0,1068.5,63563
2026-08-14 11:30:00,1068.5,1069.0,1067.1,1067.5,191076
2026-08-14 11:35:00,1067.5,1068.6,1066.2,1067.7,320882
2026-08-14 11:40:00,1068.2,1070.0,1067.4,1069.7,169932
2026-08-14 11:45:00,1069.7,1069.7,1068.0,1068.3,137194
2026-08-14 11:50:00,1068.2,1070.4,1067.5,1070.0,241987
2026-08-14 11:55:00,1070.0,1070.4,1068.8,1070.0,53692
2026-08-14 12:00:00,1070.0,1070.0,1069.2,1069.5,37760
2026-08-14 12:05:00,1069.7,1071.3,1069.3,1069.3,289426
2026-08-14 12:10:00,1069.7,1071.4,1069.3,1070.1,212698
2026-08-14 12:15:00,1070.3,1071.0,1070.2,1070.8,31389
2026-08-14 12:20:00,1070.6,1071.2,1069.9,1070.8,127696
2026-08-14 12:25:00,1070.8,1071.2,1069.9,1070.5,122271
2026-08-14 12:30:00,1070.1,1070.6,1069.2,1069.7,27132
2026-08-14 12:35:00,1070.0,1070.0,1069.0,1069.6,85492
2026-08-14 12:40:00,1069.6,1069.7,1068.6,1069.0,42356
2026-08-14 12:45:00,1068.7,1069.0,1067.3,1067.7,66167
2026-08-14 12:50:00,1067.5,1069.0,1067.5,1068.9,39124
2026-08-14 12:55:00,1068.9,1069.0,1068.5,1068.9,20627
2026-08-14 13:00:00,1068.8,1069.0,1068.5,1068.7,23076
2026-08-14 13:05:00,1068.8,1069.0,1068.5,1068.7,22062
2026-08-14 13:10:00,1068.9,1069.0,1068.5,1068.9,19889
2026-08-14 13:15:00,1069.0,1069.0,1067.5,1068.0,64409
2026-08-14 13:20:00,1067.7,1068.0,1067.6,1067.9,22793
2026-08-14 13:25:00,1067.7,1067.9,1066.5,1067.1,95682
2026-08-14 13:30:00,1067.2,1067.2,1065.5,1066.0,142317
2026-08-14 13:35:00,1066.0,1068.5,1065.5,1068.3,151881
2026-08-14 13:40:00,1068.4,1068.6,1067.5,1068.0,50773
2026-08-14 13:45:00,1068.0,1070.0,1067.7,1068.8,173731
2026-08-14 13:50:00,1068.9,1069.9,1068.8,1069.8,101211
2026-08-14 13:55:00,1069.8,1070.7,1069.3,1070.1,54570
2026-08-14 14:00:00,1070.3,1071.0,1069.6,1070.5,137682
2026-08-14 14:05:00,1070.6,1070.9,1070.1,1070.5,30522
2026-08-14 14:10:00,1070.4,1070.5,1069.9,1070.1,26962
2026-08-14 14:15:00,1070.1,1070.4,1069.3,1069.3,23200
2026-08-14 14:20:00,1069.4,1069.8,1068.6,1069.0,46244
2026-08-14 14:25:00,1069.0,1069.0,1068.1,1068.5,27342
2026-08-14 14:30:00,1068.4,1068.6,1068.0,1068.1,23248
2026-08-14 14:35:00,1068.2,1068.2,1067.5,1068.0,37339
2026-08-14 14:40:00,1068.0,1068.1,1067.5,1067.6,31202
2026-08-14 14:45:00,1067.8,1067.9,1066.1,1066.8,67111
2026-08-14 14:50:00,1066.6,1068.1,1066.3,1067.9,73268
2026-08-14 14:55:00,1067.5,1067.9,1067.0,1067.0,52899
2026-08-14 15:00:00,1067.0,1067.0,1066.1,1066.4,92906
2026-08-14 15:05:00,1066.5,1066.5,1065.3,1066.1,170178
2026-08-14 15:10:00,1065.8,1066.6,1065.1,1066.4,181099
2026-08-14 15:15:00,1065.5,1065.5,1065.5,1065.5,432
2026-08-14 15:20:00,1065.5,1065.5,1065.5,1065.5,0
2026-08-14 15:25:00,1065.5,1067.7,1065.5,1067.7,137392
2026-08-17 09:15:00,1064.2,1064.2,1055.0,1057.8,209327
2026-08-17 09:20:00,1057.8,1057.8,1055.5,1056.9,91572
2026-08-17 09:25:00,1056.9,1057.7,1056.4,1057.1,64485
2026-08-17 09:30:00,1057.1,1057.5,1055.6,1056.5,63293
2026-08-17 09:35:00,1056.5,1059.0,1056.3,1057.8,102768
2026-08-17 09:40:00,1057.8,1059.9,1057.8,1058.6,50828
2026-08-17 09:45:00,1058.7,1059.3,1058.1,1059.3,32433
2026-08-17 09:50:00,1058.9,1059.9,1055.4,1056.5,160464
2026-08-17 09:55:00,1056.4,1057.1,1056.0,1056.5,29925
2026-08-17 10:00:00,1056.4,1057.0,1055.4,1055.4,63536
2026-08-17 10:05:00,1055.4,1056.0,1054.8,1055.6,84809
2026-08-17 10:10:00,1055.5,1056.2,1055.5,1055.8,54998
2026-08-17 10:15:00,1055.8,1056.0,1053.8,1054.8,98155
2026-08-17 10:20:00,1054.8,1055.2,1052.5,1053.0,62227
2026-08-17 10:25:00,1052.9,1054.6,1052.4,1054.1,28568
2026-08-17 10:30:00,1054.1,1054.3,1053.5,1054.0,33964
2026-08-17 10:35:00,1053.9,1054.5,1053.5,1054.5,25672
2026-08-17 10:40:00,1054.5,1055.0,1054.2,1055.0,30305
2026-08-17 10:45:00,1055.0,1055.1,1054.5,1055.0,21754
2026-08-17 10:50:00,1055.0,1055.1,1054.4,1054.7,48537
2026-08-17 10:55:00,1054.6,1054.7,1054.2,1054.4,43444
2026-08-17 11:00:00,1054.4,1054.4,1053.2,1053.5,43782
2026-08-17 11:05:00,1053.4,1053.9,1053.0,1053.4,30642
2026-08-17 11:10:00,1053.6,1053.7,1053.0,1053.3,40648
2026-08-17 11:15:00,1053.1,1054.0,1053.0,1053.5,17361
2026-08-17 11:20:00,1053.9,1053.9,1053.0,1053.1,19344
2026-08-17 11:25:00,1053.2,1054.0,1053.0,1053.9,23321
2026-08-17 11:30:00,1053.7,1054.0,1053.2,1053.8,16355
2026-08-17 11:35:00,1053.9,1054.4,1053.0,1053.0,42797
2026-08-17 11:40:00,1053.0,1054.0,1053.0,1053.9,26281
2026-08-17 11:45:00,1054.0,1054.8,1053.8,1054.2,40999
2026-08-17 11:50:00,1054.2,1054.9,1054.2,1054.5,21271
2026-08-17 11:55:00,1054.6,1056.0,1054.5,1055.6,63758
2026-08-17 12:00:00,1055.7,1056.0,1055.1,1055.4,144952
2026-08-17 12:05:00,1055.4,1055.6,1055.0,1055.0,30753
2026-08-17 12:10:00,1055.0,1055.8,1054.6,1055.2,48124
2026-08-17 12:15:00,1055.2,1056.5,1054.6,1056.1,88972
2026-08-17 12:20:00,1056.1,1056.5,1055.9,1056.3,36984
2026-08-17 12:25:00,1056.4,1057.0,1055.9,1056.6,51936
2026-08-17 12:30:00,1056.7,1061.7,1056.6,1060.2,357337
2026-08-17 12:35:00,1060.2,1060.2,1058.7,1058.9,79707
2026-08-17 12:40:00,1058.9,1060.0,1058.9,1059.8,45540
2026-08-17 12:45:00,1059.9,1062.0,1059.6,1061.4,120573
2026-08-17 12:50:00,1061.5,1062.9,1061.3,1062.2,89250
2026-08-17 12:55:00,1062.2,1065.5,1061.0,1064.9,220919
2026-08-17 13:00:00,1065.0,1068.8,1064.8,1065.8,277493
2026-08-17 13:05:00,1065.3,1066.9,1065.3,1066.0,60490
2026-08-17 13:10:00,1066.0,1067.9,1065.0,1065.8,152511
2026-08-17 13:15:00,1066.0,1067.1,1065.9,1067.0,57808
2026-08-17 13:20:00,1067.0,1067.6,1065.1,1065.1,101248
2026-08-17 13:25:00,1065.4,1065.9,1064.8,1065.3,69333
2026-08-17 13:30:00,1065.3,1065.9,1063.7,1064.2,109440
2026-08-17 13:35:00,1064.2,1064.5,1063.2,1063.9,105612
2026-08-17 13:40:00,1063.9,1065.4,1063.1,1065.1,163995
2026-08-17 13:45:00,1065.2,1065.9,1064.2,1064.7,49900
2026-08-17 13:50:00,1064.9,1065.2,1063.1,1063.6,71024
2026-08-17 13:55:00,1063.3,1063.9,1062.3,1063.2,111287
2026-08-17 14:00:00,1062.8,1063.8,1062.5,1063.3,51797
2026-08-17 14:05:00,1063.5,1064.0,1063.3,1063.6,64323
2026-08-17 14:10:00,1064.0,1064.0,1063.1,1063.7,48240
2026-08-17 14:15:00,1063.7,1064.7,1063.3,1064.1,117666
2026-08-17 14:20:00,1064.5,1064.6,1062.8,1063.1,86874
2026-08-17 14:25:00,1063.1,1063.7,1062.4,1063.4,75013
2026-08-17 14:30:00,1063.4,1063.9,1063.0,1063.4,52318
2026-08-17 14:35:00,1063.6,1063.9,1061.7,1062.1,269212
2026-08-17 14:40:00,1062.4,1063.8,1061.8,1063.4,134799
2026-08-17 14:45:00,1063.5,1064.0,1062.3,1063.6,201569
2026-08-17 14:50:00,1063.1,1065.0,1062.9,1065.0,213498
2026-08-17 14:55:00,1065.0,1065.0,1063.2,1063.4,213505
2026-08-17 15:00:00,1063.3,1064.8,1062.4,1064.3,249245
2026-08-17 15:05:00,1064.2,1064.4,1063.3,1063.8,332690
2026-08-17 15:10:00,1063.9,1065.8,1063.3,1064.6,333969
2026-08-17 15:15:00,1065.0,1065.0,1065.0,1065.0,908
2026-08-17 15:20:00,1065.0,1065.0,1065.0,1065.0,0
2026-08-17 15:25:00,1065.0,1065.0,1061.2,1061.2,134143
2026-08-18 09:15:00,1059.6,1067.7,1057.7,1064.4,218160
2026-08-18 09:20:00,1064.3,1064.3,1062.0,1062.0,89741
2026-08-18 09:25:00,1062.0,1063.2,1061.5,1062.1,58176
2026-08-18 09:30:00,1062.3,1062.3,1059.5,1060.9,76780
2026-08-18 09:35:00,1060.8,1062.3,1060.6,1062.0,44505
2026-08-18 09:40:00,1061.9,1062.0,1059.2,1059.5,59928
2026-08-18 09:45:00,1059.2,1061.2,1058.0,1061.1,75231
2026-08-18 09:50:00,1061.1,1061.8,1060.0,1060.8,80719
2026-08-18 09:55:00,1060.7,1060.7,1059.0,1059.8,56804
2026-08-18 10:00:00,1059.9,1060.0,1058.7,1059.9,55773
2026-08-18 10:05:00,1059.7,1061.3,1059.2,1060.4,68310
2026-08-18 10:10:00,1060.4,1061.0,1059.6,1060.0,62483
2026-08-18 10:15:00,1059.8,1060.0,1058.7,1059.6,39214
2026-08-18 10:20:00,1059.6,1060.0,1059.0,1059.4,53762
2026-08-18 10:25:00,1059.2,1061.6,1058.8,1059.9,74285
2026-08-18 10:30:00,1059.9,1060.1,1059.0,1059.9,29274
2026-08-18 10:35:00,1059.8,1060.6,1059.8,1060.3,25762
2026-08-18 10:40:00,1060.1,1060.2,1058.8,1059.2,64465
2026-08-18 10:45:00,1059.2,1059.2,1057.4,1057.9,92541
2026-08-18 10:50:00,1057.9,1058.2,1056.5,1056.9,78832
2026-08-18 10:55:00,1057.0,1057.3,1056.0,1056.5,118767
2026-08-18 11:00:00,1056.5,1057.0,1056.0,1056.8,37784
2026-08-18 11:05:00,1057.0,1058.5,1056.7,1058.0,49816
2026-08-18 11:10:00,1058.1,1058.2,1056.5,1056.8,60012
2026-08-18 11:15:00,1056.7,1057.0,1056.3,1056.3,39277
2026-08-18 11:20:00,1056.4,1057.0,1056.2,1056.9,34244
2026-08-18 11:25:00,1057.0,1057.0,1056.0,1056.1,39188
2026-08-18 11:30:00,1056.3,1056.5,1055.2,1056.5,88083
2026-08-18 11:35:00,1056.5,1057.0,1055.4,1056.1,33604
2026-08-18 11:40:00,1056.4,1056.9,1056.1,1056.7,19784
2026-08-18 11:45:00,1056.8,1057.0,1055.5,1056.0,31813
2026-08-18 11:50:00,1055.7,1057.0,1055.7,1056.9,36914
2026-08-18 11:55:00,1056.5,1057.2,1056.2,1057.2,69480
2026-08-18 12:00:00,1057.2,1057.2,1056.4,1057.0,57896
2026-08-18 12:05:00,1057.2,1057.2,1056.3,1056.9,42185
2026-08-18 12:10:00,1056.8,1057.6,1056.1,1056.7,45671
2026-08-18 12:15:00,1056.7,1057.0,1056.0,1056.6,26771
2026-08-18 12:20:00,1056.7,1057.3,1056.3,1057.0,28671
2026-08-18 12:25:00,1057.0,1057.5,1056.1,1057.2,46709
2026-08-18 12:30:00,1057.2,1057.8,1057.1,1057.6,21104
2026-08-18 12:35:00,1057.7,1057.9,1057.0,1057.0,15337
2026-08-18 12:40:00,1056.6,1057.2,1056.1,1056.2,25708
2026-08-18 12:45:00,1056.4,1056.7,1056.1,1056.6,34462
2026-08-18 12:50:00,1056.5,1057.1,1056.4,1057.0,21645
2026-08-18 12:55:00,1056.7,1057.4,1056.7,1057.0,12607
2026-08-18 13:00:00,1057.2,1057.2,1056.0,1056.5,52797
2026-08-18 13:05:00,1056.5,1057.2,1056.0,1056.9,40916
2026-08-18 13:10:00,1056.7,1057.4,1056.6,1057.0,32003
2026-08-18 13:15:00,1057.2,1057.2,1056.4,1056.8,23616
2026-08-18 13:20:00,1056.7,1057.0,1056.2,1056.7,52168
2026-08-18 13:25:00,1056.8,1056.9,1056.0,1056.2,67916
2026-08-18 13:30:00,1056.2,1056.6,1056.0,1056.4,20255
2026-08-18 13:35:00,1056.2,1056.7,1055.0,1055.3,120430
2026-08-18 13:40:00,1055.2,1056.3,1055.2,1056.0,17977
2026-08-18 13:45:00,1056.1,1056.3,1055.7,1056.1,28997
2026-08-18 13:50:00,1056.2,1056.2,1055.2,1055.5,82652
2026-08-18 13:55:00,1055.6,1055.7,1053.0,1053.9,223777
2026-08-18 14:00:00,1054.6,1055.6,1054.2,1055.5,110959
2026-08-18 14:05:00,1055.4,1055.5,1053.7,1054.2,79866
2026-08-18 14:10:00,1054.0,1055.0,1053.8,1054.9,35013
2026-08-18 14:15:00,1054.9,1055.5,1054.0,1054.3,91599
2026-08-18 14:20:00,1054.3,1056.7,1054.1,1056.2,225663
2026-08-18 14:25:00,1056.2,1056.9,1053.7,1055.3,286204
2026-08-18 14:30:00,1055.3,1056.4,1055.0,1056.0,74063
2026-08-18 14:35:00,1056.0,1056.3,1055.3,1056.3,40716
2026-08-18 14:40:00,1056.3,1056.3,1055.5,1055.8,51701
2026-08-18 14:45:00,1055.9,1056.0,1054.1,1055.5,84715
2026-08-18 14:50:00,1055.5,1056.3,1055.0,1055.4,112653
2026-08-18 14:55:00,1055.7,1056.3,1055.0,1055.8,134189
2026-08-18 15:00:00,1055.9,1056.5,1055.3,1056.0,170560
2026-08-18 15:05:00,1056.0,1056.0,1054.9,1055.2,141450
2026-08-18 15:10:00,1055.4,1056.2,1054.1,1055.0,204834
2026-08-18 15:15:00,1055.0,1055.0,1055.0,1055.0,247
2026-08-18 15:20:00,1055.0,1055.0,1055.0,1055.0,0
2026-08-18 15:25:00,1055.0,1055.0,1053.0,1053.0,432069
2026-08-19 09:15:00,1053.2,1054.8,1048.0,1049.1,212694
2026-08-19 09:20:00,1049.1,1049.5,1048.5,1048.7,49744
2026-08-19 09:25:00,1049.2,1051.5,1049.0,1050.7,75404
2026-08-19 09:30:00,1050.6,1050.6,1048.4,1048.8,78046
2026-08-19 09:35:00,1048.8,1048.8,1048.0,1048.5,49213
2026-08-19 09:40:00,1048.3,1049.5,1048.0,1049.1,61957
2026-08-19 09:45:00,1049.1,1050.0,1047.7,1049.9,61002
2026-08-19 09:50:00,1049.2,1053.9,1048.5,1053.6,190588
2026-08-19 09:55:00,1053.7,1054.6,1052.3,1052.8,94589
2026-08-19 10:00:00,1053.0,1054.1,1052.7,1053.2,45613
2026-08-19 10:05:00,1053.5,1054.2,1053.0,1053.7,32350
2026-08-19 10:10:00,1053.6,1054.3,1052.0,1052.8,53711
2026-08-19 10:15:00,1052.4,1052.8,1049.5,1049.9,75706
2026-08-19 10:20:00,1050.0,1050.0,1048.6,1049.4,35177
2026-08-19 10:25:00,1049.5,1049.5,1048.8,1048.9,27125
2026-08-19 10:30:00,1048.9,1049.1,1048.1,1048.1,40440
2026-08-19 10:35:00,1048.2,1048.7,1048.0,1048.0,37164
2026-08-19 10:40:00,1048.0,1048.3,1046.8,1047.5,132436
2026-08-19 10:45:00,1047.6,1048.3,1047.0,1047.9,85639
2026-08-19 10:50:00,1048.0,1048.7,1047.4,1048.6,75679
2026-08-19 10:55:00,1048.4,1049.9,1047.6,1048.2,70398
2026-08-19 11:00:00,1048.6,1050.0,1048.0,1049.9,73393
2026-08-19 11:05:00,1050.0,1050.0,1048.5,1049.5,65904
2026-08-19 11:10:00,1049.5,1050.6,1049.5,1050.0,55697
2026-08-19 11:15:00,1050.0,1050.0,1048.8,1048.8,71260
2026-08-19 11:20:00,1048.8,1049.0,1048.2,1048.6,28727
2026-08-19 11:25:00,1048.6,1048.7,1047.8,1047.8,35489
2026-08-19 11:30:00,1048.0,1049.1,1047.8,1048.6,43925
2026-08-19 11:35:00,1048.6,1049.7,1048.3,1049.1,31776
2026-08-19 11:40:00,1049.1,1049.5,1048.1,1049.2,43780
2026-08-19 11:45:00,1049.2,1050.7,1048.6,1050.4,70859
2026-08-19 11:50:00,1050.6,1053.2,1050.4,1052.3,86783
2026-08-19 11:55:00,1052.3,1052.4,1051.0,1051.5,66354
2026-08-19 12:00:00,1051.7,1051.8,1050.1,1050.3,45294
2026-08-19 12:05:00,1050.5,1051.1,1049.4,1049.4,86034
2026-08-19 12:10:00,1049.8,1050.0,1048.3,1049.0,35510
2026-08-19 12:15:00,1049.0,1049.7,1048.7,1049.4,73317
2026-08-19 12:20:00,1049.4,1049.6,1048.6,1049.0,21492
2026-08-19 12:25:00,1049.0,1049.0,1048.3,1048.9,81241
2026-08-19 12:30:00,1048.9,1049.1,1048.3,1048.6,88967
2026-08-19 12:35:00,1048.7,1049.2,1048.0,1049.0,32056
2026-08-19 12:40:00,1049.0,1049.1,1047.9,1048.3,119100
2026-08-19 12:45:00,1048.6,1048.7,1047.8,1048.6,45594
2026-08-19 12:50:00,1048.7,1049.2,1048.0,1049.1,159517
2026-08-19 12:55:00,1049.1,1049.6,1048.5,1049.5,34870
2026-08-19 13:00:00,1049.8,1051.0,1049.5,1050.7,184721
2026-08-19 13:05:00,1050.7,1050.7,1049.0,1049.8,65303
2026-08-19 13:10:00,1049.8,1050.2,1049.3,1049.5,28527
2026-08-19 13:15:00,1050.0,1050.3,1048.6,1048.8,53906
2026-08-19 13:20:00,1048.8,1049.4,1048.3,1049.2,34199
2026-08-19 13:25:00,1049.3,1049.5,1048.7,1049.0,53298
2026-08-19 13:30:00,1049.2,1049.3,1048.5,1048.6,36088
2026-08-19 13:35:00,1048.7,1049.2,1047.8,1047.9,93306
2026-08-19 13:40:00,1048.2,1048.5,1047.8,1048.0,47413
2026-08-19 13:45:00,1047.9,1048.5,1045.8,1045.9,241610
2026-08-19 13:50:00,1045.9,1046.0,1043.5,1043.7,318967
2026-08-19 13:55:00,1043.7,1044.3,1043.5,1044.0,109696
2026-08-19 14:00:00,1044.2,1045.0,1043.9,1044.7,158685
2026-08-19 14:05:00,1044.8,1045.4,1044.6,1044.8,143014
2026-08-19 14:10:00,1044.6,1045.0,1044.1,1044.5,106181
2026-08-19 14:15:00,1044.5,1045.0,1043.9,1044.8,138025
2026-08-19 14:20:00,1044.9,1045.0,1043.8,1043.9,101066
2026-08-19 14:25:00,1043.8,1044.0,1041.4,1042.7,205598
2026-08-19 14:30:00,1042.7,1043.9,1042.4,1043.3,118770
2026-08-19 14:35:00,1043.5,1045.0,1042.6,1042.7,342329
2026-08-19 14:40:00,1042.9,1043.8,1042.1,1043.0,135574
2026-08-19 14:45:00,1042.9,1043.0,1042.4,1042.4,158268
2026-08-19 14:50:00,1042.5,1044.1,1042.4,1043.9,148220
2026-08-19 14:55:00,1043.9,1045.0,1043.5,1044.9,189483
2026-08-19 15:00:00,1045.0,1045.0,1044.5,1044.8,278149
2026-08-19 15:05:00,1044.7,1044.8,1043.3,1043.7,192366
2026-08-19 15:10:00,1043.7,1044.9,1043.2,1044.8,171307
2026-08-19 15:15:00,1044.8,1044.8,1044.8,1044.8,9
2026-08-19 15:20:00,1044.8,1044.8,1044.8,1044.8,0
2026-08-19 15:25:00,1044.8,1048.6,1044.8,1048.6,228373
2026-08-20 09:15:00,1052.9,1052.9,1047.1,1048.1,307521
2026-08-20 09:20:00,1048.1,1048.4,1046.6,1048.1,102411
2026-08-20 09:25:00,1048.2,1050.5,1047.9,1050.5,177469
2026-08-20 09:30:00,1050.1,1050.6,1049.5,1049.8,98872
2026-08-20 09:35:00,1049.8,1050.4,1048.8,1049.0,73406
2026-08-20 09:40:00,1049.0,1050.2,1048.9,1050.2,66441
2026-08-20 09:45:00,1050.3,1050.3,1049.4,1049.8,61105
2026-08-20 09:50:00,1049.8,1050.9,1049.5,1050.6,72608
2026-08-20 09:55:00,1050.8,1051.2,1049.7,1050.0,110030
2026-08-20 10:00:00,1050.0,1050.0,1049.2,1049.4,29097
2026-08-20 10:05:00,1049.4,1049.9,1049.4,1049.6,37941
2026-08-20 10:10:00,1049.7,1050.0,1049.2,1049.8,37258
2026-08-20 10:15:00,1049.8,1050.0,1049.0,1049.3,35977
2026-08-20 10:20:00,1049.0,1049.3,1048.2,1048.3,55634
2026-08-20 10:25:00,1048.4,1049.0,1048.2,1048.2,40356
2026-08-20 10:30:00,1048.2,1048.5,1048.0,1048.4,26418
2026-08-20 10:35:00,1048.8,1049.2,1048.3,1048.5,31530
2026-08-20 10:40:00,1048.4,1050.0,1048.3,1050.0,21187
2026-08-20 10:45:00,1049.9,1051.5,1049.1,1051.2,94083
2026-08-20 10:50:00,1051.2,1051.2,1050.3,1050.3,45952
2026-08-20 10:55:00,1050.4,1050.9,1050.2,1050.6,22602
2026-08-20 11:00:00,1050.7,1051.0,1050.6,1050.8,18036
2026-08-20 11:05:00,1050.8,1050.8,1049.6,1049.9,62053
2026-08-20 11:10:00,1049.9,1050.0,1049.0,1049.0,25231
2026-08-20 11:15:00,1049.4,1049.4,1048.0,1048.0,36778
2026-08-20 11:20:00,1048.1,1048.1,1047.5,1047.6,60223
2026-08-20 11:25:00,1047.6,1047.8,1046.7,1047.4,145548
2026-08-20 11:30:00,1047.5,1048.5,1047.4,1048.0,116023
2026-08-20 11:35:00,1047.9,1048.0,1047.7,1048.0,62801
2026-08-20 11:40:00,1048.0,1048.0,1047.9,1048.0,33913
2026-08-20 11:45:00,1047.9,1048.0,1047.9,1048.0,126783
2026-08-20 11:50:00,1048.0,1048.9,1046.7,1046.8,110368
2026-08-20 11:55:00,1046.9,1047.0,1045.7,1047.0,215316
2026-08-20 12:00:00,1046.9,1047.0,1046.6,1046.9,85851
2026-08-20 12:05:00,1047.0,1047.0,1046.6,1047.0,71996
2026-08-20 12:10:00,1047.0,1048.0,1046.9,1047.8,120950
2026-08-20 12:15:00,1047.8,1048.0,1047.7,1047.8,35849
2026-08-20 12:20:00,1047.9,1047.9,1046.8,1046.9,51226
2026-08-20 12:25:00,1047.0,1047.5,1046.7,1047.5,65788
2026-08-20 12:30:00,1047.5,1047.5,1046.7,1047.0,57393
2026-08-20 12:35:00,1047.0,1047.6,1046.8,1047.6,83793
2026-08-20 12:40:00,1047.6,1048.0,1046.8,1047.0,72546
2026-08-20 12:45:00,1046.9,1049.4,1046.8,1049.2,256291
2026-08-20 12:50:00,1049.2,1050.6,1048.6,1048.8,252769
2026-08-20 12:55:00,1048.7,1050.4,1048.2,1049.9,99555
2026-08-20 13:00:00,1049.9,1050.0,1049.1,1049.4,44562
2026-08-20 13:05:00,1049.4,1050.0,1048.9,1049.0,72436
2026-08-20 13:10:00,1048.9,1049.8,1048.8,1049.7,152808
2026-08-20 13:15:00,1049.6,1049.8,1049.0,1049.5,52276
2026-08-20 13:20:00,1049.7,1049.7,1049.5,1049.7,28817
2026-08-20 13:25:00,1049.7,1050.3,1048.9,1050.0,223371
2026-08-20 13:30:00,1049.9,1050.2,1049.5,1050.2,122651
2026-08-20 13:35:00,1050.2,1050.5,1049.1,1049.4,50245
2026-08-20 13:40:00,1049.3,1049.9,1049.0,1049.7,33814
2026-08-20 13:45:00,1049.8,1050.3,1049.7,1050.2,27773
2026-08-20 13:50:00,1050.3,1050.4,1049.7,1049.7,34143
2026-08-20 13:55:00,1050.0,1050.0,1049.1,1049.8,29500
2026-08-20 14:00:00,1049.5,1050.0,1049.1,1049.4,41269
2026-08-20 14:05:00,1049.5,1049.5,1048.2,1048.6,62261
2026-08-20 14:10:00,1048.5,1048.6,1047.8,1048.1,29159
2026-08-20 14:15:00,1048.1,1048.4,1047.1,1048.2,48521
2026-08-20 14:20:00,1048.2,1048.4,1047.2,1048.0,46852
2026-08-20 14:25:00,1048.4,1048.4,1047.5,1048.0,29614
2026-08-20 14:30:00,1048.2,1048.2,1047.3,1047.9,37339
2026-08-20 14:35:00,1047.8,1048.4,1047.1,1048.3,38325
2026-08-20 14:40:00,1048.3,1048.8,1048.2,1048.7,27222
2026-08-20 14:45:00,1048.6,1048.7,1048.0,1048.4,38041
2026-08-20 14:50:00,1048.4,1049.3,1048.0,1048.9,71375
2026-08-20 14:55:00,1048.7,1049.8,1048.6,1049.7,63477
2026-08-20 15:00:00,1048.9,1049.5,1048.0,1048.4,90261
2026-08-20 15:05:00,1048.4,1048.8,1047.3,1048.1,185980
2026-08-20 15:10:00,1048.1,1048.6,1046.4,1047.5,154295
2026-08-20 15:15:00,1047.5,1047.5,1047.5,1047.5,57
2026-08-20 15:20:00,1047.5,1047.5,1047.5,1047.5,0
2026-08-20 15:25:00,1047.5,1048.0,1047.5,1048.0,182687
2026-08-21 09:15:00,1052.7,1052.7,1048.3,1050.2,224479
2026-08-21 09:20:00,1050.2,1051.0,1049.5,1049.7,78618
2026-08-21 09:25:00,1049.7,1050.5,1049.2,1050.2,55555
2026-08-21 09:30:00,1050.2,1050.6,1049.1,1049.1,37571
2026-08-21 09:35:00,1049.3,1050.8,1049.1,1050.5,45511
2026-08-21 09:40:00,1050.8,1053.0,1050.7,1052.2,148178
2026-08-21 09:45:00,1052.2,1054.2,1052.2,1053.8,219283
2026-08-21 09:50:00,1054.0,1054.7,1053.1,1053.4,153127
2026-08-21 09:55:00,1053.3,1053.4,1051.4,1052.0,87307
2026-08-21 10:00:00,1052.0,1052.0,1050.9,1051.3,64356
2026-08-21 10:05:00,1051.3,1051.3,1049.9,1050.1,48054
2026-08-21 10:10:00,1050.0,1051.3,1049.8,1051.3,65116
2026-08-21 10:15:00,1051.3,1051.4,1050.5,1050.5,36744
2026-08-21 10:20:00,1050.4,1050.9,1049.9,1050.7,66857
2026-08-21 10:25:00,1050.6,1051.0,1049.5,1050.1,78746
2026-08-21 10:30:00,1050.0,1050.4,1049.6,1049.7,34533
2026-08-21 10:35:00,1049.7,1050.3,1049.0,1049.3,70980
2026-08-21 10:40:00,1049.4,1050.3,1049.1,1049.4,32293
2026-08-21 10:45:00,1049.5,1050.3,1049.4,1049.5,41479
2026-08-21 10:50:00,1049.5,1051.3,1048.9,1050.3,100441
2026-08-21 10:55:00,1050.3,1050.6,1049.6,1049.8,44207
2026-08-21 11:00:00,1050.0,1050.7,1048.8,1049.0,177539
2026-08-21 11:05:00,1048.8,1049.8,1047.4,1048.5,283688
2026-08-21 11:10:00,1048.7,1049.3,1048.2,1049.1,68030
2026-08-21 11:15:00,1049.1,1049.5,1048.8,1049.5,54705
2026-08-21 11:20:00,1049.5,1050.7,1049.2,1050.2,53920
2026-08-21 11:25:00,1050.1,1050.2,1049.8,1050.2,19052
2026-08-21 11:30:00,1050.2,1050.9,1049.6,1049.6,112901
2026-08-21 11:35:00,1049.6,1049.9,1048.8,1049.4,122066
2026-08-21 11:40:00,1049.4,1049.4,1048.5,1048.9,38534
2026-08-21 11:45:00,1049.0,1049.2,1048.7,1048.7,30864
2026-08-21 11:50:00,1048.7,1049.0,1048.1,1048.5,42183
2026-08-21 11:55:00,1048.6,1048.8,1046.5,1046.8,107273
2026-08-21 12:00:00,1046.9,1047.0,1046.3,1046.9,43414
2026-08-21 12:05:00,1046.9,1047.0,1046.6,1046.8,34528
2026-08-21 12:10:00,1046.7,1047.0,1045.8,1046.0,64908
2026-08-21 12:15:00,1045.8,1046.9,1045.2,1045.9,66758
2026-08-21 12:20:00,1046.0,1047.0,1045.8,1046.8,30914
2026-08-21 12:25:00,1046.8,1047.0,1046.7,1047.0,26960
2026-08-21 12:30:00,1047.0,1047.0,1046.8,1047.0,35361
2026-08-21 12:35:00,1046.9,1047.0,1046.3,1046.3,79587
2026-08-21 12:40:00,1046.4,1046.9,1046.2,1046.9,25953
2026-08-21 12:45:00,1046.9,1047.0,1045.8,1045.9,60241
2026-08-21 12:50:00,1045.8,1046.0,1045.7,1045.9,24588
2026-08-21 12:55:00,1046.0,1046.2,1045.9,1045.9,33699
2026-08-21 13:00:00,1046.0,1046.5,1045.9,1046.2,41628
2026-08-21 13:05:00,1046.2,1046.7,1045.5,1045.8,104741
2026-08-21 13:10:00,1045.9,1046.3,1045.6,1045.8,24010
2026-08-21 13:15:00,1045.9,1046.3,1044.3,1045.1,175590
2026-08-21 13:20:00,1045.1,1045.4,1044.7,1044.9,29746
2026-08-21 13:25:00,1045.3,1045.5,1044.1,1045.4,68267
2026-08-21 13:30:00,1045.5,1045.6,1043.2,1043.7,121387
2026-08-21 13:35:00,1043.8,1044.5,1043.5,1044.2,53480
2026-08-21 13:40:00,1044.1,1044.2,1043.0,1043.8,129909
2026-08-21 13:45:00,1043.7,1044.2,1043.0,1043.6,60644
2026-08-21 13:50:00,1043.5,1045.0,1043.0,1044.6,152159
2026-08-21 13:55:00,1044.6,1045.3,1044.4,1045.0,101843
2026-08-21 14:00:00,1045.1,1045.2,1042.7,1042.9,85152
2026-08-21 14:05:00,1043.0,1043.8,1042.6,1042.9,90439
2026-08-21 14:10:00,1042.8,1044.5,1042.7,1044.4,79062
2026-08-21 14:15:00,1044.4,1044.8,1043.8,1044.0,50160
2026-08-21 14:20:00,1043.9,1044.0,1043.6,1043.8,57415
2026-08-21 14:25:00,1043.9,1043.9,1042.8,1043.6,75831
2026-08-21 14:30:00,1043.7,1044.8,1043.4,1043.5,57496
2026-08-21 14:35:00,1043.5,1043.5,1043.1,1043.5,43937
2026-08-21 14:40:00,1043.5,1044.2,1043.2,1043.6,113428
2026-08-21 14:45:00,1043.7,1044.2,1043.2,1043.6,118252
2026-08-21 14:50:00,1043.6,1043.9,1043.2,1043.7,91958
2026-08-21 14:55:00,1043.7,1043.9,1043.0,1043.2,82690
2026-08-21 15:00:00,1042.8,1043.0,1041.7,1042.0,276122
2026-08-21 15:05:00,1041.7,1042.0,1040.3,1041.0,380458
2026-08-21 15:10:00,1040.9,1041.4,1040.1,1041.0,182844
2026-08-21 15:15:00,1041.0,1041.0,1041.0,1041.0,1624
2026-08-21 15:20:00,1041.0,1041.0,1041.0,1041.0,0
2026-08-21 15:25:00,1041.0,1048.7,1041.0,1048.7,286625
2026-08-24 09:15:00,1047.9,1047.9,1042.9,1044.6,155071
2026-08-24 09:20:00,1045.1,1045.1,1043.7,1044.6,55374
2026-08-24 09:25:00,1044.9,1046.4,1044.4,1044.5,80607
2026-08-24 09:30:00,1044.9,1044.9,1043.5,1043.8,51590
2026-08-24 09:35:00,1043.8,1044.6,1043.5,1043.6,39511
2026-08-24 09:40:00,1043.9,1044.2,1043.3,1044.2,79868
2026-08-24 09:45:00,1044.0,1044.8,1043.5,1044.0,46422
2026-08-24 09:50:00,1044.0,1044.6,1043.5,1044.5,37640
2026-08-24 09:55:00,1044.4,1044.8,1044.0,1044.1,34669
2026-08-24 10:00:00,1044.5,1044.7,1044.0,1044.3,17375
2026-08-24 10:05:00,1044.0,1044.5,1043.6,1044.0,19464
2026-08-24 10:10:00,1044.0,1044.2,1043.3,1044.0,33283
2026-08-24 10:15:00,1043.7,1044.1,1043.3,1043.5,21106
2026-08-24 10:20:00,1043.7,1044.3,1043.1,1044.0,34874
2026-08-24 10:25:00,1043.8,1044.0,1041.6,1042.6,81801
2026-08-24 10:30:00,1042.9,1043.1,1041.6,1042.3,38715
2026-08-24 10:35:00,1042.7,1042.8,1040.8,1041.1,127280
2026-08-24 10:40:00,1041.1,1041.2,1040.8,1041.0,42890
2026-08-24 10:45:00,1041.0,1041.1,1040.6,1040.9,49701
2026-08-24 10:50:00,1040.9,1040.9,1039.3,1040.7,348167
2026-08-24 10:55:00,1040.7,1040.9,1040.0,1040.3,97494
2026-08-24 11:00:00,1040.3,1040.4,1039.1,1039.8,198274
2026-08-24 11:05:00,1040.0,1040.3,1036.6,1037.0,234266
2026-08-24 11:10:00,1037.4,1037.5,1036.3,1036.7,65270
2026-08-24 11:15:00,1036.3,1036.8,1035.3,1035.9,111954
2026-08-24 11:20:00,1036.0,1036.4,1035.5,1036.0,53802
2026-08-24 11:25:00,1036.0,1036.6,1035.4,1036.0,105197
2026-08-24 11:30:00,1036.0,1036.0,1034.3,1035.0,114617
2026-08-24 11:35:00,1035.2,1035.2,1033.1,1034.0,303685
2026-08-24 11:40:00,1034.0,1035.4,1033.4,1035.4,254542
2026-08-24 11:45:00,1035.2,1036.8,1035.1,1036.1,245112
2026-08-24 11:50:00,1036.1,1036.2,1035.0,1035.0,110338
2026-08-24 11:55:00,1035.2,1035.3,1034.5,1034.8,26535
2026-08-24 12:00:00,1034.8,1035.8,1034.5,1035.4,29542
2026-08-24 12:05:00,1035.4,1035.4,1034.5,1034.7,28873
2026-08-24 12:10:00,1034.7,1035.0,1034.6,1034.8,30730
2026-08-24 12:15:00,1034.9,1035.0,1034.2,1034.4,45331
2026-08-24 12:20:00,1034.8,1035.0,1034.2,1034.7,31451
2026-08-24 12:25:00,1034.7,1035.0,1034.2,1034.6,64121
2026-08-24 12:30:00,1034.6,1035.3,1034.3,1034.9,33432
2026-08-24 12:35:00,1034.5,1035.6,1034.1,1034.6,93616
2026-08-24 12:40:00,1034.6,1034.6,1033.6,1034.0,67823
2026-08-24 12:45:00,1034.0,1034.5,1033.7,1034.3,60692
2026-08-24 12:50:00,1034.1,1034.6,1033.2,1033.3,1131821
2026-08-24 12:55:00,1033.6,1034.0,1033.2,1033.6,49870
2026-08-24 13:00:00,1034.0,1034.0,1033.0,1033.1,75112
2026-08-24 13:05:00,1033.2,1034.4,1032.1,1033.9,724180
2026-08-24 13:10:00,1034.0,1034.2,1033.6,1033.9,60997
2026-08-24 13:15:00,1033.9,1035.1,1033.8,1034.8,680845
2026-08-24 13:20:00,1034.3,1034.5,1033.7,1034.0,38527
2026-08-24 13:25:00,1033.9,1034.0,1033.4,1033.7,77847
2026-08-24 13:30:00,1034.0,1034.0,1033.5,1033.6,34138
2026-08-24 13:35:00,1033.5,1034.1,1033.3,1033.7,32929
2026-08-24 13:40:00,1034.0,1034.0,1033.5,1033.6,24879
2026-08-24 13:45:00,1033.6,1033.8,1033.1,1033.6,34429
2026-08-24 13:50:00,1033.8,1033.8,1033.1,1033.5,42707
2026-08-24 13:55:00,1033.5,1033.5,1033.0,1033.4,68024
2026-08-24 14:00:00,1033.0,1034.7,1033.0,1034.2,85757
2026-08-24 14:05:00,1034.3,1034.5,1033.6,1034.0,56501
2026-08-24 14:10:00,1033.9,1034.1,1033.2,1033.4,75009
2026-08-24 14:15:00,1033.4,1033.7,1032.8,1033.1,87276
2026-08-24 14:20:00,1033.0,1034.4,1032.9,1033.8,160000
2026-08-24 14:25:00,1033.6,1035.5,1033.5,1034.6,79222
2026-08-24 14:30:00,1034.6,1035.3,1033.6,1034.4,186585
2026-08-24 14:35:00,1034.5,1036.0,1034.1,1035.6,136678
2026-08-24 14:40:00,1035.4,1035.7,1034.5,1035.0,168545
2026-08-24 14:45:00,1035.0,1035.4,1034.3,1034.8,51059
2026-08-24 14:50:00,1034.8,1035.2,1034.6,1035.0,55147
2026-08-24 14:55:00,1035.3,1035.3,1034.5,1034.9,74243
2026-08-24 15:00:00,1035.0,1036.7,1034.8,1036.2,221415
2026-08-24 15:05:00,1036.1,1036.1,1034.2,1034.9,175340
2026-08-24 15:10:00,1035.0,1036.3,1034.3,1036.0,169113
2026-08-24 15:15:00,1036.1,1036.1,1036.1,1036.1,739
2026-08-24 15:20:00,1036.1,1036.1,1036.1,1036.1,0
2026-08-24 15:25:00,1036.1,1039.5,1036.1,1039.5,180276
2026-08-25 09:15:00,1036.0,1037.0,1031.3,1036.9,163052
2026-08-25 09:20:00,1036.9,1039.0,1036.6,1038.9,130934
2026-08-25 09:25:00,1038.8,1039.7,1038.0,1038.5,101770
2026-08-25 09:30:00,1038.5,1041.5,1038.5,1039.6,142255
2026-08-25 09:35:00,1039.7,1039.7,1036.4,1036.7,85776
2026-08-25 09:40:00,1036.7,1036.8,1035.3,1035.5,79342
2026-08-25 09:45:00,1035.9,1036.2,1034.6,1034.9,53707
2026-08-25 09:50:00,1034.6,1035.1,1033.7,1035.0,47463
2026-08-25 09:55:00,1035.0,1037.1,1034.0,1037.1,382507
2026-08-25 10:00:00,1037.3,1038.3,1035.8,1038.2,321485
2026-08-25 10:05:00,1038.1,1038.7,1037.0,1037.2,97013
2026-08-25 10:10:00,1037.2,1037.5,1036.2,1037.0,45088
2026-08-25 10:15:00,1037.2,1037.4,1035.2,1035.3,47066
2026-08-25 10:20:00,1035.3,1035.5,1034.2,1034.8,39648
2026-08-25 10:25:00,1034.6,1034.9,1033.5,1034.2,124813
2026-08-25 10:30:00,1034.0,1034.8,1033.6,1034.2,71182
2026-08-25 10:35:00,1034.2,1035.5,1034.1,1035.1,28052
2026-08-25 10:40:00,1035.1,1037.2,1035.0,1036.9,40800
2026-08-25 10:45:00,1036.9,1039.8,1036.9,1039.3,108165
2026-08-25 10:50:00,1039.5,1043.2,1039.3,1042.0,678816
2026-08-25 10:55:00,1042.0,1042.1,1039.3,1040.2,402075
2026-08-25 11:00:00,1040.1,1040.8,1038.6,1038.6,317520
2026-08-25 11:05:00,1038.7,1039.1,1037.1,1037.5,68741
2026-08-25 11:10:00,1037.5,1039.9,1037.3,1038.6,65521
2026-08-25 11:15:00,1038.5,1039.5,1038.0,1038.5,151862
2026-08-25 11:20:00,1038.8,1039.8,1038.0,1039.2,140331
2026-08-25 11:25:00,1039.5,1040.9,1038.3,1040.5,123600
2026-08-25 11:30:00,1040.6,1041.0,1039.6,1040.0,129997
2026-08-25 11:35:00,1040.0,1040.3,1038.4,1040.1,156524
2026-08-25 11:40:00,1040.1,1040.4,1039.1,1039.8,193503
2026-08-25 11:45:00,1040.2,1040.4,1038.3,1039.9,203341
2026-08-25 11:50:00,1039.9,1040.9,1038.8,1040.4,74672
2026-08-25 11:55:00,1040.8,1043.6,1040.5,1042.5,123598
2026-08-25 12:00:00,1042.9,1044.0,1041.6,1044.0,209189
2026-08-25 12:05:00,1044.0,1044.0,1041.6,1041.8,117270
2026-08-25 12:10:00,1042.2,1042.5,1041.4,1042.1,24085
2026-08-25 12:15:00,1042.4,1042.6,1041.6,1041.6,46165
2026-08-25 12:20:00,1041.6,1042.2,1040.5,1040.7,107304
2026-08-25 12:25:00,1041.0,1041.0,1040.3,1040.6,44890
2026-08-25 12:30:00,1041.0,1041.5,1040.0,1040.5,69580
2026-08-25 12:35:00,1040.7,1041.1,1039.4,1040.8,177464
2026-08-25 12:40:00,1041.0,1041.9,1040.3,1041.9,103907
2026-08-25 12:45:00,1041.9,1042.8,1041.0,1041.0,66152
2026-08-25 12:50:00,1041.4,1041.9,1040.7,1041.0,125335
2026-08-25 12:55:00,1041.5,1041.5,1040.4,1041.3,153078
2026-08-25 13:00:00,1041.4,1041.6,1039.7,1040.0,52526
2026-08-25 13:05:00,1040.4,1040.4,1039.5,1039.9,23867
2026-08-25 13:10:00,1039.9,1040.0,1038.2,1038.3,98878
2026-08-25 13:15:00,1038.3,1039.0,1037.6,1037.9,90752
2026-08-25 13:20:00,1038.4,1038.5,1037.3,1037.3,56011
2026-08-25 13:25:00,1037.7,1039.2,1037.1,1038.8,49370
2026-08-25 13:30:00,1038.4,1039.1,1038.2,1038.5,25813
2026-08-25 13:35:00,1038.7,1039.5,1038.1,1039.3,78472
2026-08-25 13:40:00,1039.3,1039.6,1038.2,1038.9,79714
2026-08-25 13:45:00,1038.9,1039.2,1037.9,1038.2,45354
2026-08-25 13:50:00,1038.1,1042.0,1038.0,1041.8,106069
2026-08-25 13:55:00,1041.9,1042.4,1040.3,1040.7,94239
2026-08-25 14:00:00,1040.8,1041.0,1038.4,1040.7,91996
2026-08-25 14:05:00,1040.6,1040.6,1039.0,1039.5,98777
2026-08-25 14:10:00,1039.5,1040.8,1039.0,1039.2,77874
2026-08-25 14:15:00,1039.4,1040.7,1039.1,1040.3,77592
2026-08-25 14:20:00,1040.3,1042.0,1040.3,1041.4,87240
2026-08-25 14:25:00,1041.5,1042.8,1040.8,1042.8,62802
2026-08-25 14:30:00,1042.9,1045.0,1042.2,1043.6,127888
2026-08-25 14:35:00,1043.5,1044.5,1043.3,1044.1,65382
2026-08-25 14:40:00,1044.1,1045.0,1043.2,1044.0,173120
2026-08-25 14:45:00,1044.0,1044.0,1042.7,1043.0,161932
2026-08-25 14:50:00,1043.3,1043.3,1042.5,1042.9,222156
2026-08-25 14:55:00,1043.0,1043.7,1042.9,1043.7,217851
2026-08-25 15:00:00,1043.5,1044.0,1042.9,1043.5,251837
2026-08-25 15:05:00,1043.4,1044.0,1042.8,1043.5,312318
2026-08-25 15:10:00,1043.4,1046.0,1043.4,1044.0,481508
2026-08-25 15:15:00,1044.0,1044.0,1044.0,1044.0,1102
2026-08-25 15:20:00,1044.0,1044.0,1044.0,1044.0,0
2026-08-25 15:25:00,1044.0,1048.0,1044.0,1048.0,459613
2026-08-26 09:15:00,1051.4,1058.0,1051.2,1054.5,519911
2026-08-26 09:20:00,1055.0,1058.6,1054.9,1057.8,257542
2026-08-26 09:25:00,1058.0,1061.1,1057.5,1060.1,378914
2026-08-26 09:30:00,1060.1,1061.0,1059.1,1060.7,162578
2026-08-26 09:35:00,1060.7,1061.0,1060.0,1060.4,105472
2026-08-26 09:40:00,1060.4,1061.9,1059.9,1060.2,144407
2026-08-26 09:45:00,1060.2,1062.3,1059.0,1059.0,212158
2026-08-26 09:50:00,1059.2,1059.5,1058.6,1058.9,55673
2026-08-26 09:55:00,1058.8,1059.6,1057.6,1058.2,73535
2026-08-26 10:00:00,1058.3,1058.3,1057.7,1058.0,64065
2026-08-26 10:05:00,1058.0,1058.1,1056.7,1057.2,70498
2026-08-26 10:10:00,1057.3,1057.5,1056.6,1057.1,61130
2026-08-26 10:15:00,1057.1,1057.7,1056.5,1056.8,60435
2026-08-26 10:20:00,1056.6,1056.9,1055.7,1056.9,74648
2026-08-26 10:25:00,1056.9,1058.6,1056.7,1058.6,64220
2026-08-26 10:30:00,1058.5,1058.6,1056.7,1057.0,49718
2026-08-26 10:35:00,1057.0,1057.9,1057.0,1057.9,30018
2026-08-26 10:40:00,1057.9,1057.9,1056.7,1057.0,41641
2026-08-26 10:45:00,1057.1,1057.4,1056.9,1057.2,38158
2026-08-26 10:50:00,1057.0,1057.3,1055.7,1056.3,63918
2026-08-26 10:55:00,1056.2,1057.5,1056.2,1056.8,31770
2026-08-26 11:00:00,1056.8,1057.0,1056.2,1056.4,31841
2026-08-26 11:05:00,1056.4,1056.9,1056.3,1056.9,30676
2026-08-26 11:10:00,1056.7,1058.0,1055.8,1056.2,64438
2026-08-26 11:15:00,1056.2,1056.5,1054.5,1054.8,85341
2026-08-26 11:20:00,1055.0,1055.7,1054.8,1055.5,36967
2026-08-26 11:25:00,1055.3,1055.8,1055.0,1055.6,32844
2026-08-26 11:30:00,1055.4,1057.0,1055.4,1056.9,35025
2026-08-26 11:35:00,1056.9,1058.0,1056.8,1057.8,39710
2026-08-26 11:40:00,1057.7,1057.9,1057.6,1057.7,30280
2026-08-26 11:45:00,1057.8,1057.8,1056.6,1056.9,33896
2026-08-26 11:50:00,1056.9,1057.0,1055.8,1056.0,34570
2026-08-26 11:55:00,1056.0,1057.0,1055.7,1056.2,37221
2026-08-26 12:00:00,1056.3,1056.8,1056.0,1056.1,26609
2026-08-26 12:05:00,1056.2,1056.6,1055.6,1055.8,29105
2026-08-26 12:10:00,1055.8,1057.0,1055.5,1056.9,28243
2026-08-26 12:15:00,1056.9,1056.9,1056.0,1056.1,36019
2026-08-26 12:20:00,1056.2,1056.3,1055.2,1055.7,30218
2026-08-26 12:25:00,1056.0,1056.1,1055.6,1055.9,83649
2026-08-26 12:30:00,1055.9,1056.9,1055.8,1056.3,89848
2026-08-26 12:35:00,1056.4,1056.8,1056.0,1056.3,36286
2026-08-26 12:40:00,1056.3,1056.7,1055.1,1056.6,48692
2026-08-26 12:45:00,1056.7,1056.7,1055.9,1056.4,45907
2026-08-26 12:50:00,1056.3,1056.4,1055.8,1055.8,58947
2026-08-26 12:55:00,1055.8,1056.9,1055.8,1056.8,26086
2026-08-26 13:00:00,1056.8,1056.9,1055.5,1055.6,35688
2026-08-26 13:05:00,1055.5,1055.9,1055.4,1055.5,26549
2026-08-26 13:10:00,1055.5,1055.7,1055.4,1055.5,21615
2026-08-26 13:15:00,1055.7,1055.8,1053.4,1054.9,115982
2026-08-26 13:20:00,1055.0,1055.0,1054.0,1054.7,55375
2026-08-26 13:25:00,1054.7,1055.4,1054.6,1055.3,28058
2026-08-26 13:30:00,1055.4,1055.9,1055.3,1055.9,33981
2026-08-26 13:35:00,1055.9,1055.9,1055.1,1055.3,36618
2026-08-26 13:40:00,1055.4,1055.7,1054.5,1055.0,39428
2026-08-26 13:45:00,1055.2,1055.2,1053.6,1054.0,39041
2026-08-26 13:50:00,1054.0,1054.8,1053.8,1054.2,31284
2026-08-26 13:55:00,1054.2,1054.9,1053.7,1054.7,34030
2026-08-26 14:00:00,1054.3,1055.0,1053.8,1054.7,48207
2026-08-26 14:05:00,1054.8,1055.3,1054.1,1054.7,29039
2026-08-26 14:10:00,1054.9,1055.7,1054.4,1055.0,32252
2026-08-26 14:15:00,1055.4,1055.6,1054.1,1055.3,43824
2026-08-26 14:20:00,1055.0,1055.6,1054.6,1055.0,35607
2026-08-26 14:25:00,1055.0,1055.8,1054.5,1055.0,45202
2026-08-26 14:30:00,1054.9,1055.3,1054.6,1055.2,42929
2026-08-26 14:35:00,1055.2,1055.7,1054.5,1055.5,38029
2026-08-26 14:40:00,1055.4,1055.8,1054.6,1054.9,44702
2026-08-26 14:45:00,1054.5,1057.1,1054.5,1056.8,120332
2026-08-26 14:50:00,1057.1,1058.2,1056.2,1056.2,220056
2026-08-26 14:55:00,1056.3,1057.1,1055.5,1056.1,166432
2026-08-26 15:00:00,1056.1,1056.6,1055.0,1056.3,170693
2026-08-26 15:05:00,1055.9,1056.2,1055.0,1055.4,222536
2026-08-26 15:10:00,1055.6,1056.0,1054.1,1055.9,277102
2026-08-26 15:15:00,1055.9,1055.9,1055.9,1055.9,349
2026-08-26 15:20:00,1055.9,1055.9,1055.9,1055.9,0
2026-08-26 15:25:00,1055.9,1055.9,1052.0,1052.0,171407
2026-08-27 09:15:00,1052.0,1054.4,1049.4,1051.3,280319
2026-08-27 09:20:00,1051.0,1051.7,1050.5,1051.7,70558
2026-08-27 09:25:00,1051.6,1052.8,1048.2,1048.2,96609
2026-08-27 09:30:00,1048.0,1049.6,1047.3,1049.6,134744
2026-08-27 09:35:00,1049.5,1049.5,1047.1,1047.7,70422
2026-08-27 09:40:00,1047.7,1048.0,1047.1,1047.8,32646
2026-08-27 09:45:00,1048.0,1048.7,1047.5,1048.1,38979
2026-08-27 09:50:00,1048.1,1048.9,1047.1,1048.5,41254
2026-08-27 09:55:00,1048.7,1048.9,1047.8,1048.0,26446
2026-08-27 10:00:00,1048.4,1048.5,1047.0,1047.0,53913
2026-08-27 10:05:00,1047.0,1047.4,1046.3,1047.2,50991
2026-08-27 10:10:00,1047.2,1047.9,1046.6,1046.8,29109
2026-08-27 10:15:00,1046.7,1047.0,1046.6,1046.7,16966
2026-08-27 10:20:00,1046.7,1047.4,1046.7,1047.2,28083
2026-08-27 10:25:00,1047.1,1047.1,1046.0,1046.5,50892
2026-08-27 10:30:00,1046.5,1047.0,1046.1,1046.9,28767
2026-08-27 10:35:00,1046.6,1046.8,1046.0,1046.8,30030
2026-08-27 10:40:00,1046.4,1047.0,1046.2,1046.4,21844
2026-08-27 10:45:00,1046.4,1047.0,1045.6,1046.3,28935
2026-08-27 10:50:00,1046.0,1046.6,1045.3,1045.8,91731
2026-08-27 10:55:00,1046.0,1046.9,1045.3,1046.6,48929
2026-08-27 11:00:00,1046.6,1047.0,1046.1,1046.7,25729
2026-08-27 11:05:00,1046.6,1047.5,1046.4,1046.8,35664
2026-08-27 11:10:00,1046.8,1047.0,1046.5,1047.0,12268
2026-08-27 11:15:00,1047.0,1047.6,1046.8,1046.8,23088
2026-08-27 11:20:00,1047.1,1047.8,1046.2,1046.4,23790
2026-08-27 11:25:00,1046.6,1046.8,1045.0,1045.4,84152
2026-08-27 11:30:00,1045.4,1047.8,1045.2,1047.6,35551
2026-08-27 11:35:00,1047.6,1047.7,1047.1,1047.1,21420
2026-08-27 11:40:00,1047.1,1048.3,1047.1,1048.3,20963
2026-08-27 11:45:00,1048.1,1048.4,1047.7,1048.1,31286
2026-08-27 11:50:00,1048.1,1048.2,1047.4,1047.6,36639
2026-08-27 11:55:00,1047.6,1048.1,1047.1,1047.7,31508
2026-08-27 12:00:00,1048.0,1048.3,1046.9,1047.6,83085
2026-08-27 12:05:00,1047.5,1048.2,1047.0,1047.4,54900
2026-08-27 12:10:00,1047.3,1047.8,1046.5,1047.3,32557
2026-08-27 12:15:00,1047.3,1047.6,1046.2,1046.2,52025
2026-08-27 12:20:00,1046.5,1046.5,1045.5,1045.7,38691
2026-08-27 12:25:00,1045.6,1046.3,1045.4,1045.8,39806
2026-08-27 12:30:00,1045.9,1046.0,1045.5,1045.6,34668
2026-08-27 12:35:00,1045.6,1046.0,1044.1,1045.1,87854
2026-08-27 12:40:00,1045.3,1045.3,1044.2,1044.4,47021
2026-08-27 12:45:00,1044.3,1045.3,1044.2,1044.4,49871
2026-08-27 12:50:00,1044.5,1045.5,1044.0,1044.8,128470
2026-08-27 12:55:00,1045.0,1046.1,1044.8,1044.8,88681
2026-08-27 13:00:00,1045.2,1045.7,1043.4,1043.9,64894
2026-08-27 13:05:00,1043.8,1045.0,1043.8,1044.8,75764
2026-08-27 13:10:00,1044.9,1047.0,1044.7,1046.5,53194
2026-08-27 13:15:00,1046.4,1046.9,1046.1,1046.4,33657
2026-08-27 13:20:00,1046.4,1046.9,1046.0,1046.6,25327
2026-08-27 13:25:00,1046.6,1047.1,1046.3,1046.6,42760
2026-08-27 13:30:00,1046.6,1046.6,1045.5,1045.7,34296
2026-08-27 13:35:00,1045.8,1046.4,1045.7,1046.3,24531
2026-08-27 13:40:00,1046.4,1046.4,1045.0,1045.1,51075
2026-08-27 13:45:00,1045.1,1045.2,1043.6,1044.7,53016
2026-08-27 13:50:00,1044.5,1045.0,1044.1,1044.5,25628
2026-08-27 13:55:00,1044.6,1044.8,1043.6,1043.7,59346
2026-08-27 14:00:00,1043.7,1044.0,1043.6,1044.0,36382
2026-08-27 14:05:00,1043.9,1044.1,1043.1,1043.6,37624
2026-08-27 14:10:00,1043.7,1044.8,1043.4,1044.5,25271
2026-08-27 14:15:00,1044.6,1045.3,1043.2,1044.9,115507
2026-08-27 14:20:00,1044.9,1045.7,1044.8,1045.3,41308
2026-08-27 14:25:00,1045.2,1045.7,1044.9,1045.5,71068
2026-08-27 14:30:00,1045.8,1046.2,1043.5,1044.0,140067
2026-08-27 14:35:00,1043.9,1044.5,1043.7,1044.3,37188
2026-08-27 14:40:00,1044.4,1044.4,1043.6,1043.9,32775
2026-08-27 14:45:00,1044.0,1044.6,1043.5,1044.2,49838
2026-08-27 14:50:00,1044.3,1044.7,1043.7,1044.6,83796
2026-08-27 14:55:00,1044.6,1045.0,1044.1,1044.3,59238
2026-08-27 15:00:00,1044.0,1046.0,1044.0,1045.7,135013
2026-08-27 15:05:00,1045.7,1049.1,1045.4,1047.6,571162
2026-08-27 15:10:00,1047.6,1048.5,1042.9,1044.1,287704
2026-08-27 15:15:00,1044.1,1044.1,1044.1,1044.1,122
2026-08-27 15:20:00,1044.1,1044.1,1044.1,1044.1,0
2026-08-27 15:25:00,1044.1,1044.1,1042.9,1042.9,89376
2026-08-28 09:15:00,1046.0,1048.3,1043.0,1043.4,145597
2026-08-28 09:20:00,1043.1,1043.3,1040.5,1042.7,137917
2026-08-28 09:25:00,1042.7,1046.2,1042.7,1044.5,155684
2026-08-28 09:30:00,1044.3,1044.5,1043.3,1043.6,77908
2026-08-28 09:35:00,1043.6,1043.6,1041.6,1042.5,73142
2026-08-28 09:40:00,1042.5,1043.3,1042.1,1042.7,36708
2026-08-28 09:45:00,1042.8,1043.6,1042.7,1043.3,36214
2026-08-28 09:50:00,1043.5,1048.1,1043.2,1047.6,227509
2026-08-28 09:55:00,1047.5,1048.4,1045.8,1047.1,189291
2026-08-28 10:00:00,1047.1,1047.6,1046.5,1047.1,41604
2026-08-28 10:05:00,1047.4,1048.2,1046.9,1047.3,44561
2026-08-28 10:10:00,1047.3,1049.0,1047.0,1048.8,68021
2026-08-28 10:15:00,1048.8,1051.2,1048.5,1048.6,117625
2026-08-28 10:20:00,1048.6,1049.1,1047.8,1048.7,42801
2026-08-28 10:25:00,1048.7,1049.6,1048.4,1049.5,37019
2026-08-28 10:30:00,1049.4,1049.4,1048.0,1048.9,47486
2026-08-28 10:35:00,1048.6,1049.4,1048.0,1049.0,45486
2026-08-28 10:40:00,1049.0,1049.5,1048.3,1048.3,44365
2026-08-28 10:45:00,1048.3,1049.5,1048.3,1048.9,36635
2026-08-28 10:50:00,1048.9,1049.5,1048.7,1048.7,33868
2026-08-28 10:55:00,1048.9,1049.3,1048.2,1048.8,55585
2026-08-28 11:00:00,1049.0,1049.4,1047.5,1047.9,50653
2026-08-28 11:05:00,1048.3,1048.8,1046.2,1046.6,51534
2026-08-28 11:10:00,1046.3,1048.3,1046.3,1047.4,82944
2026-08-28 11:15:00,1047.2,1048.0,1047.0,1047.1,30406
2026-08-28 11:20:00,1047.1,1047.6,1046.8,1047.6,27901
2026-08-28 11:25:00,1047.1,1047.6,1046.3,1046.3,28319
2026-08-28 11:30:00,1046.8,1047.5,1046.1,1046.5,34474
2026-08-28 11:35:00,1046.5,1046.9,1044.6,1046.3,62735
2026-08-28 11:40:00,1046.3,1047.1,1046.0,1046.4,31322
2026-08-28 11:45:00,1046.4,1047.2,1046.0,1047.0,38599
2026-08-28 11:50:00,1046.7,1047.5,1045.3,1045.5,68749
2026-08-28 11:55:00,1045.6,1045.7,1043.5,1044.7,84133
2026-08-28 12:00:00,1044.5,1047.0,1044.5,1046.9,53351
2026-08-28 12:05:00,1046.6,1046.9,1045.2,1045.6,50566
2026-08-28 12:10:00,1045.5,1046.0,1045.1,1045.9,35362
2026-08-28 12:15:00,1045.8,1046.0,1045.4,1046.0,37205
2026-08-28 12:20:00,1045.9,1046.0,1045.5,1045.9,29215
2026-08-28 12:25:00,1045.7,1046.0,1045.2,1045.9,31772
2026-08-28 12:30:00,1046.0,1046.0,1045.0,1045.2,38677
2026-08-28 12:35:00,1045.7,1046.9,1044.8,1046.5,139074
2026-08-28 12:40:00,1046.5,1047.7,1046.5,1047.0,84909
2026-08-28 12:45:00,1047.1,1048.6,1046.5,1047.5,205300
2026-08-28 12:50:00,1047.2,1047.9,1046.8,1047.2,39724
2026-08-28 12:55:00,1047.6,1047.8,1047.0,1047.4,26569
2026-08-28 13:00:00,1047.1,1047.6,1046.0,1046.2,45904
2026-08-28 13:05:00,1046.2,1047.0,1045.6,1046.8,40661
2026-08-28 13:10:00,1046.5,1046.8,1045.6,1046.8,30005
2026-08-28 13:15:00,1046.6,1046.9,1045.4,1046.4,50622
2026-08-28 13:20:00,1046.4,1047.2,1045.9,1046.7,39546
2026-08-28 13:25:00,1046.7,1047.3,1046.2,1046.2,41827
2026-08-28 13:30:00,1046.2,1047.5,1046.2,1047.2,35942
2026-08-28 13:35:00,1047.2,1047.6,1046.5,1046.7,45412
2026-08-28 13:40:00,1047.2,1048.0,1046.8,1047.5,44688
2026-08-28 13:45:00,1047.3,1047.6,1045.9,1046.0,44867
2026-08-28 13:50:00,1045.8,1046.7,1045.2,1046.1,49141
2026-08-28 13:55:00,1046.5,1047.2,1045.6,1047.2,40921
2026-08-28 14:00:00,1046.8,1047.5,1046.5,1046.5,30465
2026-08-28 14:05:00,1046.8,1047.2,1046.0,1046.5,34041
2026-08-28 14:10:00,1046.7,1047.5,1046.3,1047.0,32346
2026-08-28 14:15:00,1047.0,1047.4,1046.1,1046.4,64675
2026-08-28 14:20:00,1046.4,1047.4,1046.4,1047.4,46806
2026-08-28 14:25:00,1047.0,1047.5,1046.5,1046.7,47237
2026-08-28 14:30:00,1047.0,1047.8,1046.7,1047.5,55519
2026-08-28 14:35:00,1047.7,1047.9,1046.8,1047.5,49089
2026-08-28 14:40:00,1047.4,1047.9,1047.0,1047.8,34745
2026-08-28 14:45:00,1047.6,1049.2,1046.7,1048.8,230607
2026-08-28 14:50:00,1048.7,1049.7,1048.1,1049.0,123992
2026-08-28 14:55:00,1049.0,1049.0,1047.0,1047.7,103533
2026-08-28 15:00:00,1047.7,1048.0,1047.4,1047.4,77533
2026-08-28 15:05:00,1047.4,1047.5,1047.4,1047.4,59973
2026-08-28 15:10:00,1047.4,1047.6,1045.7,1047.0,314521
2026-08-28 15:15:00,1047.0,1047.0,1047.0,1047.0,0
2026-08-28 15:20:00,1047.0,1047.0,1047.0,1047.0,0
2026-08-28 15:25:00,1047.0,1047.5,1047.0,1047.5,75416
2026-08-31 09:15:00,1041.2,1043.0,1036.6,1039.0,179405
2026-08-31 09:20:00,1039.5,1042.0,1038.8,1042.0,74888
2026-08-31 09:25:00,1041.6,1041.9,1038.6,1039.0,69621
2026-08-31 09:30:00,1039.0,1040.2,1038.4,1039.2,54782
2026-08-31 09:35:00,1039.2,1039.2,1037.5,1037.7,59883
2026-08-31 09:40:00,1037.8,1038.8,1037.6,1038.0,34975
2026-08-31 09:45:00,1038.0,1038.8,1037.7,1038.1,28665
2026-08-31 09:50:00,1038.0,1038.5,1037.7,1037.9,27400
2026-08-31 09:55:00,1037.8,1038.6,1036.3,1038.4,46279
2026-08-31 10:00:00,1038.4,1039.1,1037.8,1038.7,35359
2026-08-31 10:05:00,1038.7,1039.1,1036.8,1036.9,33273
2026-08-31 10:10:00,1036.8,1037.1,1035.3,1036.1,62528
2026-08-31 10:15:00,1036.1,1036.7,1036.0,1036.2,30404
2026-08-31 10:20:00,1036.4,1036.8,1036.1,1036.6,20917
2026-08-31 10:25:00,1036.5,1037.2,1036.2,1036.8,25180
2026-08-31 10:30:00,1037.0,1037.1,1036.5,1036.6,20811
2026-08-31 10:35:00,1036.5,1036.8,1036.1,1036.6,26017
2026-08-31 10:40:00,1036.6,1036.6,1036.0,1036.0,21596
2026-08-31 10:45:00,1036.1,1036.4,1035.9,1036.1,23310
2026-08-31 10:50:00,1036.1,1036.5,1036.0,1036.1,26665
2026-08-31 10:55:00,1036.1,1036.6,1036.1,1036.2,24395
2026-08-31 11:00:00,1036.3,1036.4,1035.5,1035.6,25717
2026-08-31 11:05:00,1035.5,1035.8,1034.5,1034.7,58128
2026-08-31 11:10:00,1034.8,1035.9,1034.6,1035.9,30220
2026-08-31 11:15:00,1035.9,1036.6,1035.9,1036.2,28340
2026-08-31 11:20:00,1036.2,1037.2,1035.2,1036.7,52519
2026-08-31 11:25:00,1036.8,1037.5,1036.6,1037.0,36029
2026-08-31 11:30:00,1037.4,1038.0,1037.0,1037.9,43792
2026-08-31 11:35:00,1038.0,1038.8,1037.8,1038.5,36956
2026-08-31 11:40:00,1038.6,1039.9,1038.4,1039.5,50918
2026-08-31 11:45:00,1039.6,1040.3,1039.3,1039.8,50810
2026-08-31 11:50:00,1039.7,1041.9,1039.5,1041.9,67528
2026-08-31 11:55:00,1041.8,1043.0,1041.2,1041.2,75032
2026-08-31 12:00:00,1041.3,1042.0,1040.5,1041.7,47090
2026-08-31 12:05:00,1041.9,1041.9,1040.2,1040.5,84037
2026-08-31 12:10:00,1040.6,1041.7,1040.5,1041.0,56999
2026-08-31 12:15:00,1040.9,1042.2,1040.6,1042.2,33848
2026-08-31 12:20:00,1042.0,1042.2,1041.0,1041.2,29239
2026-08-31 12:25:00,1040.9,1041.1,1040.5,1040.5,35912
2026-08-31 12:30:00,1040.4,1041.0,1039.4,1039.4,92870
2026-08-31 12:35:00,1039.8,1040.0,1039.4,1039.9,35182
2026-08-31 12:40:00,1040.0,1040.5,1039.8,1040.2,46073
2026-08-31 12:45:00,1040.4,1040.5,1039.5,1039.6,30336
2026-08-31 12:50:00,1039.7,1041.0,1039.6,1041.0,41522
2026-08-31 12:55:00,1040.5,1040.9,1040.3,1040.3,21351
2026-08-31 13:00:00,1040.4,1042.0,1040.3,1041.5,26149
2026-08-31 13:05:00,1041.6,1041.9,1041.2,1041.4,18851
2026-08-31 13:10:00,1041.3,1042.8,1041.2,1042.4,37456
2026-08-31 13:15:00,1042.6,1042.7,1042.1,1042.1,22840
2026-08-31 13:20:00,1042.1,1042.6,1042.0,1042.4,24974
2026-08-31 13:25:00,1042.2,1042.8,1042.2,1042.4,23225
2026-08-31 13:30:00,1042.5,1042.5,1042.1,1042.3,15507
2026-08-31 13:35:00,1042.3,1042.4,1042.0,1042.1,18600
2026-08-31 13:40:00,1042.2,1042.2,1041.3,1041.4,54884
2026-08-31 13:45:00,1041.4,1042.4,1041.2,1042.4,39321
2026-08-31 13:50:00,1042.4,1043.0,1042.3,1042.3,32030
2026-08-31 13:55:00,1042.3,1042.7,1041.6,1041.6,31583
2026-08-31 14:00:00,1041.8,1042.2,1041.4,1041.5,26043
2026-08-31 14:05:00,1041.6,1042.6,1041.0,1042.0,31903
2026-08-31 14:10:00,1041.7,1042.0,1041.3,1041.3,18248
2026-08-31 14:15:00,1041.4,1042.4,1041.3,1042.2,33563
2026-08-31 14:20:00,1042.2,1042.6,1040.9,1042.1,36275
2026-08-31 14:25:00,1042.1,1042.8,1041.8,1042.1,70419
2026-08-31 14:30:00,1042.3,1042.7,1042.0,1042.4,21310
2026-08-31 14:35:00,1042.5,1044.0,1042.2,1043.0,50823
2026-08-31 14:40:00,1043.1,1045.8,1043.0,1045.6,60430
2026-08-31 14:45:00,1045.7,1049.0,1045.6,1046.7,90963
2026-08-31 14:50:00,1046.7,1047.5,1046.7,1046.8,57524
2026-08-31 14:55:00,1047.1,1047.2,1045.2,1045.3,48343
2026-08-31 15:00:00,1045.5,1045.7,1044.4,1044.6,141979
2026-08-31 15:05:00,1044.8,1045.1,1043.7,1044.6,181194
2026-08-31 15:10:00,1044.5,1044.8,1042.4,1043.0,298698
2026-08-31 15:15:00,1042.5,1042.5,1042.5,1042.5,282
2026-08-31 15:20:00,1042.5,1042.5,1042.5,1042.5,0
2026-08-31 15:25:00,1042.5,1060.0,1042.5,1060.0,1561518
2026-09-01 09:15:00,1051.3,1051.3,1044.2,1048.5,283911
2026-09-01 09:20:00,1048.3,1049.0,1045.4,1045.5,111284
2026-09-01 09:25:00,1045.5,1047.4,1044.6,1046.5,68684
2026-09-01 09:30:00,1046.4,1047.1,1045.7,1046.9,67828
2026-09-01 09:35:00,1047.0,1047.3,1045.3,1045.5,50399
2026-09-01 09:40:00,1045.4,1046.4,1045.2,1045.5,59196
2026-09-01 09:45:00,1045.8,1046.0,1044.8,1045.8,49565
2026-09-01 09:50:00,1045.9,1046.3,1044.5,1044.5,44921
2026-09-01 09:55:00,1044.7,1045.2,1044.5,1044.8,36328
2026-09-01 10:00:00,1044.9,1045.7,1044.8,1045.6,37641
2026-09-01 10:05:00,1045.7,1045.8,1044.0,1044.3,44258
2026-09-01 10:10:00,1044.3,1044.4,1043.2,1043.8,62811
2026-09-01 10:15:00,1043.4,1044.8,1043.4,1044.2,42401
2026-09-01 10:20:00,1044.2,1045.2,1043.8,1044.6,41061
2026-09-01 10:25:00,1044.7,1045.4,1043.7,1044.2,52732
2026-09-01 10:30:00,1044.1,1044.7,1043.0,1043.0,69941
2026-09-01 10:35:00,1043.4,1044.9,1043.0,1044.5,36709
2026-09-01 10:40:00,1044.6,1044.8,1041.2,1042.0,165112
2026-09-01 10:45:00,1042.0,1042.3,1041.4,1041.9,39204
2026-09-01 10:50:00,1042.0,1042.6,1041.2,1041.6,61051
2026-09-01 10:55:00,1041.8,1042.5,1041.1,1041.4,87678
2026-09-01 11:00:00,1041.4,1041.4,1040.7,1041.0,64094
2026-09-01 11:05:00,1041.0,1043.0,1040.9,1041.2,123938
2026-09-01 11:10:00,1041.3,1043.0,1041.2,1042.6,122622
2026-09-01 11:15:00,1042.6,1044.6,1042.6,1044.0,94447
2026-09-01 11:20:00,1043.7,1044.3,1042.5,1043.0,100735
2026-09-01 11:25:00,1042.9,1043.3,1042.8,1042.9,69042
2026-09-01 11:30:00,1043.0,1044.3,1042.8,1043.3,115395
2026-09-01 11:35:00,1043.6,1044.0,1042.7,1042.8,42265
2026-09-01 11:40:00,1043.0,1043.0,1042.2,1042.5,37752
2026-09-01 11:45:00,1042.7,1042.9,1041.6,1041.9,51707
2026-09-01 11:50:00,1041.8,1042.0,1041.7,1042.0,36840
2026-09-01 11:55:00,1041.9,1042.1,1041.4,1041.4,47894
2026-09-01 12:00:00,1041.4,1041.9,1041.2,1041.5,33387
2026-09-01 12:05:00,1041.5,1042.1,1041.2,1041.8,34386
2026-09-01 12:10:00,1041.9,1042.4,1041.6,1041.7,57504
2026-09-01 12:15:00,1041.6,1041.9,1041.1,1041.4,49426
2026-09-01 12:20:00,1041.5,1042.4,1040.7,1041.0,85595
2026-09-01 12:25:00,1040.9,1041.0,1039.7,1041.0,128661
2026-09-01 12:30:00,1040.9,1041.9,1040.6,1040.9,52026
2026-09-01 12:35:00,1041.0,1041.6,1040.6,1041.0,123446
2026-09-01 12:40:00,1041.0,1041.8,1040.5,1041.7,55299
2026-09-01 12:45:00,1041.7,1041.9,1040.5,1040.7,81832
2026-09-01 12:50:00,1040.6,1040.8,1039.3,1040.0,104649
2026-09-01 12:55:00,1039.9,1040.0,1039.2,1039.9,76154
2026-09-01 13:00:00,1039.8,1039.9,1038.0,1038.7,164233
2026-09-01 13:05:00,1038.7,1039.0,1038.2,1038.5,100388
2026-09-01 13:10:00,1038.5,1038.8,1037.8,1038.0,158167
2026-09-01 13:15:00,1037.6,1037.6,1035.0,1035.5,124124
2026-09-01 13:20:00,1035.8,1035.8,1035.0,1035.4,95512
2026-09-01 13:25:00,1035.7,1035.7,1034.0,1034.2,95981
2026-09-01 13:30:00,1034.3,1034.5,1033.6,1034.3,134356
2026-09-01 13:35:00,1034.2,1034.4,1032.5,1032.7,97555
2026-09-01 13:40:00,1032.8,1033.0,1031.3,1032.5,131053
2026-09-01 13:45:00,1032.9,1032.9,1031.6,1032.0,65235
2026-09-01 13:50:00,1031.9,1032.1,1030.2,1031.1,93973
2026-09-01 13:55:00,1031.2,1032.3,1030.0,1031.2,135852
2026-09-01 14:00:00,1031.1,1031.4,1030.2,1030.6,56370
2026-09-01 14:05:00,1030.6,1031.2,1027.1,1028.3,169236
2026-09-01 14:10:00,1028.5,1030.0,1028.3,1030.0,80440
2026-09-01 14:15:00,1029.9,1031.0,1029.9,1029.9,74195
2026-09-01 14:20:00,1030.2,1031.0,1030.0,1030.9,42688
2026-09-01 14:25:00,1031.0,1031.4,1030.2,1031.4,50502
2026-09-01 14:30:00,1031.4,1032.4,1030.7,1031.8,105353
2026-09-01 14:35:00,1031.9,1032.3,1030.6,1030.7,73578
2026-09-01 14:40:00,1030.9,1031.5,1030.5,1031.1,38083
2026-09-01 14:45:00,1031.0,1031.5,1029.8,1030.5,290129
2026-09-01 14:50:00,1030.6,1031.2,1030.5,1030.8,204777
2026-09-01 14:55:00,1030.8,1032.5,1030.8,1032.5,240671
2026-09-01 15:00:00,1032.4,1032.4,1029.5,1029.7,371154
2026-09-01 15:05:00,1029.7,1030.1,1028.9,1030.1,397971
2026-09-01 15:10:00,1030.1,1030.7,1028.0,1029.9,452054
2026-09-01 15:15:00,1029.9,1029.9,1029.9,1029.9,50
2026-09-01 15:20:00,1029.9,1029.9,1029.9,1029.9,0
2026-09-01 15:25:00,1029.9,1034.5,1029.9,1034.5,215385
2026-09-02 09:15:00,1026.0,1027.3,1022.3,1026.2,364383
2026-09-02 09:20:00,1026.2,1029.4,1025.9,1029.4,179076
2026-09-02 09:25:00,1029.2,1029.7,1028.3,1028.4,83039
2026-09-02 09:30:00,1028.7,1029.0,1026.7,1029.0,89965
2026-09-02 09:35:00,1029.0,1029.3,1027.9,1028.6,52296
2026-09-02 09:40:00,1028.3,1029.4,1027.5,1029.0,39311
2026-09-02 09:45:00,1028.9,1029.6,1027.1,1029.5,53387
2026-09-02 09:50:00,1029.4,1030.8,1028.5,1029.8,69869
2026-09-02 09:55:00,1029.7,1030.9,1029.5,1030.4,52010
2026-09-02 10:00:00,1030.4,1032.4,1030.3,1031.3,65759
2026-09-02 10:05:00,1031.4,1032.2,1031.0,1031.1,58498
2026-09-02 10:10:00,1031.0,1032.0,1030.8,1031.3,63261
2026-09-02 10:15:00,1031.5,1032.0,1030.9,1031.7,54380
2026-09-02 10:20:00,1032.0,1035.3,1031.9,1033.7,162012
2026-09-02 10:25:00,1033.6,1034.9,1032.9,1033.4,70538
2026-09-02 10:30:00,1033.8,1034.5,1033.0,1033.1,28871
2026-09-02 10:35:00,1033.1,1033.5,1032.4,1032.5,31088
2026-09-02 10:40:00,1032.6,1034.1,1032.6,1034.0,57225
2026-09-02 10:45:00,1033.8,1035.1,1033.6,1034.8,107026
2026-09-02 10:50:00,1034.9,1035.0,1031.6,1032.3,106350
2026-09-02 10:55:00,1032.7,1032.7,1030.1,1030.2,86894
2026-09-02 11:00:00,1030.1,1030.7,1029.4,1029.5,102661
2026-09-02 11:05:00,1029.5,1029.9,1028.6,1028.8,100525
2026-09-02 11:10:00,1028.9,1029.9,1028.8,1029.5,47331
2026-09-02 11:15:00,1029.4,1029.6,1028.9,1029.2,50530
2026-09-02 11:20:00,1029.3,1029.5,1028.2,1028.9,318356
2026-09-02 11:25:00,1029.3,1029.8,1026.4,1026.5,167161
2026-09-02 11:30:00,1026.5,1027.5,1025.1,1025.9,238794
2026-09-02 11:35:00,1025.8,1025.9,1023.4,1024.0,360311
2026-09-02 11:40:00,1023.9,1025.0,1023.9,1024.6,125575
2026-09-02 11:45:00,1024.7,1024.9,1023.2,1023.8,184424
2026-09-02 11:50:00,1023.8,1024.7,1023.3,1023.7,273237
2026-09-02 11:55:00,1023.9,1024.4,1023.2,1023.5,119187
2026-09-02 12:00:00,1023.6,1024.5,1022.0,1022.3,247550
2026-09-02 12:05:00,1022.4,1023.0,1022.1,1022.3,96874
2026-09-02 12:10:00,1022.4,1024.4,1022.1,1023.9,294186
2026-09-02 12:15:00,1024.0,1024.4,1022.1,1022.5,167939
2026-09-02 12:20:00,1022.5,1022.5,1020.3,1020.6,243555
2026-09-02 12:25:00,1020.6,1021.9,1020.5,1021.8,290740
2026-09-02 12:30:00,1021.7,1022.6,1021.0,1021.4,305627
2026-09-02 12:35:00,1021.4,1022.4,1020.7,1020.9,350710
2026-09-02 12:40:00,1020.9,1022.9,1020.7,1022.0,367079
2026-09-02 12:45:00,1022.0,1022.1,1021.1,1021.7,139729
2026-09-02 12:50:00,1021.8,1022.1,1021.3,1022.1,91975
2026-09-02 12:55:00,1022.1,1022.3,1021.3,1021.9,104257
2026-09-02 13:00:00,1021.9,1022.6,1021.6,1021.7,167751
2026-09-02 13:05:00,1021.9,1022.0,1020.4,1020.5,164348
2026-09-02 13:10:00,1020.6,1022.2,1020.4,1022.2,204684
2026-09-02 13:15:00,1022.2,1022.3,1020.5,1020.8,98724
2026-09-02 13:20:00,1021.0,1021.4,1019.4,1019.7,196852
2026-09-02 13:25:00,1019.8,1021.3,1019.5,1020.7,111335
2026-09-02 13:30:00,1020.6,1020.8,1019.7,1020.2,164569
2026-09-02 13:35:00,1020.3,1021.4,1020.0,1020.0,205108
2026-09-02 13:40:00,1020.1,1020.8,1019.8,1020.0,185308
2026-09-02 13:45:00,1020.1,1021.0,1019.3,1019.4,174008
2026-09-02 13:50:00,1019.4,1019.8,1018.7,1019.4,226990
2026-09-02 13:55:00,1019.4,1019.6,1018.0,1019.3,334082
2026-09-02 14:00:00,1019.4,1020.3,1019.0,1019.0,140874
2026-09-02 14:05:00,1019.1,1021.0,1018.9,1020.5,321236
2026-09-02 14:10:00,1020.5,1021.0,1020.0,1020.8,210927
2026-09-02 14:15:00,1020.8,1021.6,1020.3,1021.0,348998
2026-09-02 14:20:00,1021.2,1021.4,1019.0,1019.3,220861
2026-09-02 14:25:00,1019.3,1019.9,1018.8,1019.6,164902
2026-09-02 14:30:00,1019.5,1021.1,1019.5,1020.2,191352
2026-09-02 14:35:00,1020.3,1020.9,1019.3,1019.9,457366
2026-09-02 14:40:00,1020.0,1020.5,1018.2,1019.0,190056
2026-09-02 14:45:00,1018.6,1020.1,1018.5,1019.5,273980
2026-09-02 14:50:00,1019.5,1019.6,1018.5,1018.5,292308
2026-09-02 14:55:00,1018.5,1019.1,1018.1,1018.9,184054
2026-09-02 15:00:00,1019.0,1019.0,1017.7,1018.0,261693
2026-09-02 15:05:00,1017.7,1019.8,1017.3,1019.7,564580
2026-09-02 15:10:00,1019.7,1020.7,1018.6,1020.5,868975
2026-09-02 15:15:00,1020.5,1020.5,1020.5,1020.5,1548
2026-09-02 15:20:00,1020.5,1020.5,1020.5,1020.5,0
2026-09-02 15:25:00,1020.5,1020.9,1020.5,1020.9,173736
2026-09-03 09:15:00,1028.9,1032.1,1025.3,1029.3,331997
2026-09-03 09:20:00,1029.4,1033.5,1029.3,1030.4,256444
2026-09-03 09:25:00,1030.3,1032.5,1030.0,1030.5,105589
2026-09-03 09:30:00,1030.5,1032.5,1030.0,1032.5,123691
2026-09-03 09:35:00,1032.5,1032.5,1030.3,1030.3,72296
2026-09-03 09:40:00,1030.1,1032.0,1030.1,1031.7,59533
2026-09-03 09:45:00,1031.7,1032.4,1031.5,1032.1,64379
2026-09-03 09:50:00,1032.1,1033.4,1031.8,1032.4,115150
2026-09-03 09:55:00,1032.5,1033.0,1032.2,1032.3,52477
2026-09-03 10:00:00,1032.4,1032.4,1031.0,1031.5,48732
2026-09-03 10:05:00,1031.4,1031.7,1029.1,1029.5,110554
2026-09-03 10:10:00,1029.6,1030.2,1028.7,1029.9,53941
2026-09-03 10:15:00,1030.0,1031.9,1029.9,1031.8,48409
2026-09-03 10:20:00,1031.9,1036.0,1031.5,1035.5,227983
2026-09-03 10:25:00,1035.7,1035.7,1033.2,1033.6,85425
2026-09-03 10:30:00,1033.7,1033.7,1032.4,1032.5,45219
2026-09-03 10:35:00,1032.6,1032.7,1031.2,1032.5,47417
2026-09-03 10:40:00,1032.5,1032.5,1031.0,1031.6,32563
2026-09-03 10:45:00,1031.7,1032.2,1031.1,1031.3,35387
2026-09-03 10:50:00,1031.3,1031.4,1030.5,1031.0,48269
2026-09-03 10:55:00,1030.9,1032.4,1030.7,1031.0,98663
2026-09-03 11:00:00,1031.0,1031.9,1030.5,1031.0,214311
2026-09-03 11:05:00,1031.0,1031.1,1028.0,1028.3,138590
2026-09-03 11:10:00,1028.3,1028.8,1027.0,1027.7,121611
2026-09-03 11:15:00,1027.8,1028.8,1026.5,1028.4,134947
2026-09-03 11:20:00,1028.7,1030.1,1028.0,1029.2,119126
2026-09-03 11:25:00,1029.3,1030.5,1028.8,1029.5,269227
2026-09-03 11:30:00,1029.6,1029.9,1029.0,1029.5,120638
2026-09-03 11:35:00,1029.5,1031.0,1029.5,1029.9,119096
2026-09-03 11:40:00,1030.2,1030.8,1029.5,1029.7,75796
2026-09-03 11:45:00,1030.0,1031.7,1029.8,1031.6,89917
2026-09-03 11:50:00,1031.6,1032.1,1030.7,1031.1,99121
2026-09-03 11:55:00,1031.2,1032.2,1030.8,1030.9,101652
2026-09-03 12:00:00,1031.0,1031.0,1030.3,1030.8,111533
2026-09-03 12:05:00,1030.6,1031.0,1030.1,1030.6,51683
2026-09-03 12:10:00,1030.6,1031.4,1030.1,1031.3,42851
2026-09-03 12:15:00,1031.3,1031.7,1029.5,1030.1,142225
2026-09-03 12:20:00,1030.2,1030.7,1028.5,1028.6,104209
2026-09-03 12:25:00,1028.7,1029.0,1028.5,1029.0,51346
2026-09-03 12:30:00,1029.0,1029.6,1028.8,1029.0,86942
2026-09-03 12:35:00,1029.0,1030.2,1028.8,1029.9,74088
2026-09-03 12:40:00,1030.0,1030.2,1029.0,1029.5,41557
2026-09-03 12:45:00,1029.8,1030.0,1029.4,1030.0,32075
2026-09-03 12:50:00,1029.9,1030.4,1029.9,1030.2,44172
2026-09-03 12:55:00,1030.3,1030.3,1028.5,1028.9,118992
2026-09-03 13:00:00,1029.0,1029.2,1028.2,1029.0,57124
2026-09-03 13:05:00,1028.9,1029.0,1028.6,1029.0,61226
2026-09-03 13:10:00,1029.0,1029.1,1028.7,1028.9,66326
2026-09-03 13:15:00,1028.9,1029.0,1027.4,1027.8,79659
2026-09-03 13:20:00,1027.8,1028.0,1027.0,1027.2,52557
2026-09-03 13:25:00,1027.4,1027.5,1026.7,1026.9,88290
2026-09-03 13:30:00,1026.9,1028.8,1026.9,1028.2,80092
2026-09-03 13:35:00,1028.3,1028.7,1027.4,1027.6,58436
2026-09-03 13:40:00,1027.6,1028.3,1027.3,1028.3,53001
2026-09-03 13:45:00,1028.3,1028.5,1027.6,1028.3,51825
2026-09-03 13:50:00,1028.5,1029.6,1027.7,1029.4,217726
2026-09-03 13:55:00,1029.3,1029.5,1028.2,1029.0,99280
2026-09-03 14:00:00,1029.0,1029.2,1027.5,1027.9,117072
2026-09-03 14:05:00,1028.0,1028.2,1026.1,1026.6,89662
2026-09-03 14:10:00,1026.7,1026.9,1024.4,1025.2,128229
2026-09-03 14:15:00,1025.2,1025.6,1024.6,1025.2,122641
2026-09-03 14:20:00,1025.1,1026.0,1024.9,1025.3,111332
2026-09-03 14:25:00,1025.4,1026.2,1025.0,1025.5,64749
2026-09-03 14:30:00,1025.5,1025.7,1024.7,1025.3,76403
2026-09-03 14:35:00,1025.1,1025.4,1024.5,1024.5,62047
2026-09-03 14:40:00,1024.8,1025.2,1024.1,1024.7,75691
2026-09-03 14:45:00,1025.0,1025.0,1024.3,1024.6,100707
2026-09-03 14:50:00,1024.8,1025.1,1023.8,1024.0,69539
2026-09-03 14:55:00,1024.1,1024.1,1022.1,1022.5,130069
2026-09-03 15:00:00,1022.3,1022.5,1021.2,1022.2,112942
2026-09-03 15:05:00,1022.3,1022.8,1021.5,1022.7,167301
2026-09-03 15:10:00,1022.6,1023.5,1021.1,1023.0,209349
2026-09-03 15:15:00,1023.5,1023.5,1023.5,1023.5,80
2026-09-03 15:20:00,1023.5,1023.5,1023.5,1023.5,0
2026-09-03 15:25:00,1023.5,1023.5,1023.4,1023.4,170595
2026-09-04 09:15:00,1026.0,1026.6,1020.5,1021.9,217279
2026-09-04 09:20:00,1022.2,1023.0,1021.5,1022.9,73493
2026-09-04 09:25:00,1022.5,1023.2,1021.5,1021.6,89774
2026-09-04 09:30:00,1021.8,1024.8,1021.6,1024.2,51566
2026-09-04 09:35:00,1024.1,1024.3,1023.5,1023.9,52341
2026-09-04 09:40:00,1023.8,1024.9,1023.5,1023.8,45593
2026-09-04 09:45:00,1024.3,1025.4,1024.0,1024.0,49242
2026-09-04 09:50:00,1024.4,1024.9,1023.6,1023.8,46895
2026-09-04 09:55:00,1023.9,1025.3,1023.9,1024.6,37077
2026-09-04 10:00:00,1024.8,1026.0,1024.4,1026.0,35949
2026-09-04 10:05:00,1026.0,1026.0,1025.4,1025.5,26190
2026-09-04 10:10:00,1025.4,1025.5,1024.7,1025.2,27918
2026-09-04 10:15:00,1025.3,1025.5,1024.0,1025.0,33581
2026-09-04 10:20:00,1024.9,1027.5,1024.9,1026.9,75026
2026-09-04 10:25:00,1027.0,1027.3,1026.2,1026.3,33287
2026-09-04 10:30:00,1026.5,1027.3,1025.1,1025.6,52373
2026-09-04 10:35:00,1025.9,1026.7,1025.6,1026.0,18763
2026-09-04 10:40:00,1026.1,1026.3,1025.5,1025.6,25026
2026-09-04 10:45:00,1026.0,1026.3,1025.5,1026.0,24173
2026-09-04 10:50:00,1026.2,1026.2,1024.8,1025.0,34543
2026-09-04 10:55:00,1025.3,1026.0,1025.0,1025.9,14374
2026-09-04 11:00:00,1025.9,1026.5,1025.7,1026.5,25321
2026-09-04 11:05:00,1026.3,1027.5,1025.9,1026.5,85170
2026-09-04 11:10:00,1026.5,1027.9,1026.5,1026.6,53017
2026-09-04 11:15:00,1027.0,1027.5,1026.6,1027.5,33645
2026-09-04 11:20:00,1027.4,1028.5,1027.3,1027.9,60886
2026-09-04 11:25:00,1028.3,1029.2,1025.8,1026.6,229599
2026-09-04 11:30:00,1026.6,1027.0,1025.2,1026.0,120333
2026-09-04 11:35:00,1025.8,1027.6,1025.5,1027.5,55396
2026-09-04 11:40:00,1027.3,1027.5,1024.1,1024.2,103105
2026-09-04 11:45:00,1024.3,1025.0,1024.0,1024.1,53348
2026-09-04 11:50:00,1024.5,1025.3,1024.1,1024.7,39254
2026-09-04 11:55:00,1025.2,1025.5,1024.1,1024.2,44423
2026-09-04 12:00:00,1024.2,1025.0,1024.0,1024.1,52516
2026-09-04 12:05:00,1024.2,1025.0,1023.2,1024.3,110163
2026-09-04 12:10:00,1024.4,1024.4,1023.3,1023.4,119471
2026-09-04 12:15:00,1023.8,1024.0,1023.0,1023.3,57258
2026-09-04 12:20:00,1023.3,1023.6,1022.1,1022.5,96822
2026-09-04 12:25:00,1022.8,1023.2,1022.4,1022.8,45127
2026-09-04 12:30:00,1023.0,1023.9,1022.6,1022.8,48420
2026-09-04 12:35:00,1022.8,1023.3,1022.5,1023.0,33779
2026-09-04 12:40:00,1022.8,1023.2,1022.4,1022.9,46470
2026-09-04 12:45:00,1022.6,1023.0,1022.3,1022.7,50243
2026-09-04 12:50:00,1022.6,1023.4,1022.5,1022.5,50097
2026-09-04 12:55:00,1022.6,1022.9,1021.6,1022.5,99976
2026-09-04 13:00:00,1022.2,1022.9,1021.7,1022.1,147840
2026-09-04 13:05:00,1022.1,1022.8,1021.8,1022.4,71802
2026-09-04 13:10:00,1022.5,1022.7,1021.6,1021.8,158373
2026-09-04 13:15:00,1021.9,1022.7,1021.1,1021.6,160070
2026-09-04 13:20:00,1022.0,1022.3,1021.6,1021.7,97202
2026-09-04 13:25:00,1021.7,1022.1,1020.7,1021.0,162413
2026-09-04 13:30:00,1021.1,1021.4,1020.2,1020.6,82541
2026-09-04 13:35:00,1021.0,1021.5,1020.6,1021.3,49593
2026-09-04 13:40:00,1021.7,1021.7,1020.3,1020.4,129237
2026-09-04 13:45:00,1020.8,1021.3,1020.0,1020.3,181826
2026-09-04 13:50:00,1020.8,1020.8,1019.1,1019.4,100362
2026-09-04 13:55:00,1019.7,1020.3,1019.3,1019.9,67684
2026-09-04 14:00:00,1019.5,1020.0,1019.1,1019.6,73115
2026-09-04 14:05:00,1019.6,1020.4,1019.5,1019.5,117432
2026-09-04 14:10:00,1019.5,1020.6,1019.5,1019.9,75065
2026-09-04 14:15:00,1020.0,1020.1,1018.5,1018.8,100611
2026-09-04 14:20:00,1018.8,1019.5,1018.5,1019.0,81408
2026-09-04 14:25:00,1019.0,1020.5,1019.0,1020.1,153708
2026-09-04 14:30:00,1020.4,1021.8,1019.9,1020.6,208464
2026-09-04 14:35:00,1020.7,1021.2,1019.8,1019.9,130278
2026-09-04 14:40:00,1020.0,1020.4,1018.5,1018.5,101416
2026-09-04 14:45:00,1018.5,1018.7,1018.0,1018.3,126678
2026-09-04 14:50:00,1018.4,1018.6,1018.0,1018.3,128959
2026-09-04 14:55:00,1018.5,1018.8,1017.3,1017.5,200888
2026-09-04 15:00:00,1017.7,1017.7,1016.1,1016.3,281365
2026-09-04 15:05:00,1016.2,1017.9,1016.2,1017.7,231280
2026-09-04 15:10:00,1017.6,1018.6,1017.1,1018.2,304639
2026-09-04 15:15:00,1018.5,1018.5,1018.5,1018.5,953
2026-09-04 15:20:00,1018.5,1018.5,1018.5,1018.5,0
2026-09-04 15:25:00,1018.5,1018.5,1016.1,1016.1,206241
2026-09-07 09:15:00,1020.8,1021.7,1013.0,1014.7,266742
2026-09-07 09:20:00,1014.7,1016.0,1013.3,1014.7,139420
2026-09-07 09:25:00,1015.0,1015.0,1013.5,1013.7,80395
2026-09-07 09:30:00,1013.6,1014.5,1012.1,1014.5,104141
2026-09-07 09:35:00,1014.4,1015.3,1013.7,1015.2,70672
2026-09-07 09:40:00,1015.0,1016.4,1015.0,1015.9,69081
2026-09-07 09:45:00,1015.8,1017.4,1015.4,1017.0,69432
2026-09-07 09:50:00,1017.0,1017.0,1015.0,1015.3,66258
2026-09-07 09:55:00,1015.1,1016.1,1013.4,1013.7,138555
2026-09-07 10:00:00,1013.9,1014.2,1009.1,1009.7,941050
2026-09-07 10:05:00,1009.7,1009.9,1007.2,1008.8,416969
2026-09-07 10:10:00,1008.8,1009.2,1007.0,1007.0,173034
2026-09-07 10:15:00,1007.1,1007.4,1006.0,1006.2,117835
2026-09-07 10:20:00,1006.3,1007.0,1005.5,1006.0,116765
2026-09-07 10:25:00,1006.0,1006.4,1004.4,1005.1,163028
2026-09-07 10:30:00,1005.4,1005.5,1004.7,1005.0,756483
2026-09-07 10:35:00,1005.0,1005.1,1004.0,1004.9,149812
2026-09-07 10:40:00,1004.6,1005.7,1003.2,1003.5,142325
2026-09-07 10:45:00,1003.7,1004.1,1003.2,1004.0,67787
2026-09-07 10:50:00,1003.9,1004.3,1003.4,1003.5,62386
2026-09-07 10:55:00,1003.5,1004.5,1003.4,1004.5,73269
2026-09-07 11:00:00,1004.3,1004.7,1003.5,1004.1,79614
2026-09-07 11:05:00,1003.9,1004.0,1003.5,1003.6,42032
2026-09-07 11:10:00,1004.0,1004.5,1003.6,1004.5,46612
2026-09-07 11:15:00,1004.4,1005.0,1004.3,1004.8,53668
2026-09-07 11:20:00,1004.5,1005.4,1004.5,1004.6,64688
2026-09-07 11:25:00,1004.6,1005.3,1004.3,1004.6,54336
2026-09-07 11:30:00,1004.6,1004.8,1004.1,1004.4,41149
2026-09-07 11:35:00,1004.3,1004.8,1004.3,1004.6,27240
2026-09-07 11:40:00,1004.6,1004.7,1003.7,1004.0,58378
2026-09-07 11:45:00,1003.9,1004.0,1003.1,1003.1,68969
2026-09-07 11:50:00,1003.2,1004.3,1002.3,1004.0,125394
2026-09-07 11:55:00,1004.1,1004.8,1003.3,1003.6,79927
2026-09-07 12:00:00,1003.0,1003.3,1001.7,1002.6,150004
2026-09-07 12:05:00,1002.5,1002.9,1001.5,1002.7,117462
2026-09-07 12:10:00,1002.8,1002.8,1001.9,1002.6,113448
2026-09-07 12:15:00,1002.5,1002.8,1001.1,1001.6,148386
2026-09-07 12:20:00,1001.8,1001.9,1001.0,1001.2,91354
2026-09-07 12:25:00,1001.2,1001.9,1001.0,1001.4,101130
2026-09-07 12:30:00,1001.4,1001.8,1000.6,1001.4,130534
2026-09-07 12:35:00,1001.5,1003.0,1001.0,1002.6,120517
2026-09-07 12:40:00,1002.7,1003.1,1002.3,1002.6,94376
2026-09-07 12:45:00,1002.9,1003.0,1002.0,1002.0,59905
2026-09-07 12:50:00,1002.1,1002.7,1001.0,1002.5,192641
2026-09-07 12:55:00,1002.5,1003.2,1001.5,1002.8,151254
2026-09-07 13:00:00,1002.9,1004.0,1002.7,1003.4,129258
2026-09-07 13:05:00,1003.3,1003.8,1003.1,1003.3,51472
2026-09-07 13:10:00,1003.3,1003.5,1003.0,1003.1,59425
2026-09-07 13:15:00,1003.3,1004.0,1003.1,1003.6,76088
2026-09-07 13:20:00,1003.6,1004.2,1003.5,1004.0,79529
2026-09-07 13:25:00,1004.0,1005.0,1003.8,1004.4,77711
2026-09-07 13:30:00,1004.5,1004.6,1003.8,1004.3,51821
2026-09-07 13:35:00,1004.3,1004.9,1003.9,1004.4,68775
2026-09-07 13:40:00,1004.3,1004.7,1003.9,1004.3,77551
2026-09-07 13:45:00,1004.1,1005.5,1004.1,1005.1,125695
2026-09-07 13:50:00,1005.1,1006.9,1004.8,1006.5,134468
2026-09-07 13:55:00,1006.6,1006.7,1005.9,1005.9,107022
2026-09-07 14:00:00,1006.0,1006.9,1005.8,1006.7,130418
2026-09-07 14:05:00,1006.9,1007.0,1005.7,1006.1,100815
2026-09-07 14:10:00,1006.1,1006.5,1005.5,1005.6,78620
2026-09-07 14:15:00,1005.7,1006.0,1005.2,1005.9,103780
2026-09-07 14:20:00,1005.9,1006.2,1005.3,1005.7,114627
2026-09-07 14:25:00,1005.7,1006.1,1005.4,1005.9,121137
2026-09-07 14:30:00,1005.9,1006.2,1005.3,1005.3,95165
2026-09-07 14:35:00,1005.5,1005.8,1003.5,1003.8,184455
2026-09-07 14:40:00,1003.8,1005.0,1003.5,1004.7,94547
2026-09-07 14:45:00,1004.6,1005.0,1004.4,1004.8,70218
2026-09-07 14:50:00,1005.0,1005.5,1004.0,1004.3,107974
2026-09-07 14:55:00,1004.2,1004.8,1004.1,1004.7,151392
2026-09-07 15:00:00,1004.6,1005.1,1004.1,1004.6,276072
2026-09-07 15:05:00,1004.6,1004.8,1003.1,1004.0,479952
2026-09-07 15:10:00,1004.3,1005.9,1003.4,1005.0,463734
2026-09-07 15:15:00,1004.8,1004.8,1004.8,1004.8,205
2026-09-07 15:20:00,1004.8,1004.8,1004.8,1004.8,0
2026-09-07 15:25:00,1004.8,1004.8,1004.8,1004.8,0
2026-09-08 09:15:00,1004.9,1006.0,1002.1,1006.0,223150
2026-09-08 09:20:00,1005.8,1006.3,1004.7,1005.1,98580
2026-09-08 09:25:00,1005.0,1005.4,1003.0,1003.0,120908
2026-09-08 09:30:00,1002.6,1004.0,1002.1,1003.7,165369
2026-09-08 09:35:00,1003.7,1004.4,1003.7,1004.2,63171
2026-09-08 09:40:00,1004.2,1004.3,1003.8,1004.2,39632
2026-09-08 09:45:00,1004.2,1004.7,1003.4,1004.6,121799
2026-09-08 09:50:00,1004.6,1004.9,1003.3,1004.2,61695
2026-09-08 09:55:00,1004.2,1004.4,1003.7,1004.1,59580
2026-09-08 10:00:00,1004.2,1005.8,1004.1,1005.0,98073
2026-09-08 10:05:00,1005.1,1006.5,1004.5,1006.4,106473
2026-09-08 10:10:00,1006.3,1008.8,1005.9,1008.8,134144
2026-09-08 10:15:00,1008.8,1009.5,1008.2,1009.2,80602
2026-09-08 10:20:00,1009.2,1009.4,1008.7,1009.1,75035
2026-09-08 10:25:00,1009.1,1009.2,1008.0,1008.1,73193
2026-09-08 10:30:00,1008.1,1008.7,1007.0,1008.7,59314
2026-09-08 10:35:00,1008.5,1008.5,1007.5,1008.2,49054
2026-09-08 10:40:00,1008.3,1008.3,1007.8,1008.0,28765
2026-09-08 10:45:00,1007.9,1009.9,1007.8,1009.1,66558
2026-09-08 10:50:00,1009.2,1009.7,1008.3,1009.4,55081
2026-09-08 10:55:00,1009.2,1009.6,1008.8,1009.2,71573
2026-09-08 11:00:00,1009.4,1009.4,1007.9,1007.9,63795
2026-09-08 11:05:00,1008.1,1008.5,1007.0,1007.3,264700
2026-09-08 11:10:00,1007.2,1008.8,1006.6,1007.4,292153
2026-09-08 11:15:00,1007.3,1008.0,1006.5,1006.8,185118
2026-09-08 11:20:00,1007.0,1007.5,1006.1,1007.5,58679
2026-09-08 11:25:00,1007.4,1010.8,1007.3,1009.9,115864
2026-09-08 11:30:00,1009.9,1010.3,1008.3,1009.0,71993
2026-09-08 11:35:00,1009.2,1009.9,1009.0,1009.8,42975
2026-09-08 11:40:00,1009.9,1010.0,1008.5,1008.9,78536
2026-09-08 11:45:00,1009.0,1009.3,1007.7,1007.7,54544
2026-09-08 11:50:00,1007.8,1009.4,1007.0,1009.2,55107
2026-09-08 11:55:00,1009.1,1009.4,1008.3,1008.3,35755
2026-09-08 12:00:00,1008.5,1008.6,1007.5,1007.7,38588
2026-09-08 12:05:00,1007.7,1007.7,1005.5,1005.9,104791
2026-09-08 12:10:00,1005.8,1007.1,1005.8,1006.9,29875
2026-09-08 12:15:00,1007.0,1007.9,1006.9,1007.9,36188
2026-09-08 12:20:00,1007.9,1008.2,1007.4,1007.8,138230
2026-09-08 12:25:00,1007.9,1009.3,1007.9,1009.2,42969
2026-09-08 12:30:00,1009.5,1011.2,1009.5,1010.0,181656
2026-09-08 12:35:00,1010.0,1010.5,1009.5,1010.2,51767
2026-09-08 12:40:00,1010.2,1010.2,1008.8,1009.3,59972
2026-09-08 12:45:00,1009.3,1009.6,1008.2,1008.6,67962
2026-09-08 12:50:00,1008.7,1009.4,1008.1,1009.3,57538
2026-09-08 12:55:00,1009.3,1009.9,1007.3,1007.4,112789
2026-09-08 13:00:00,1007.5,1008.2,1006.5,1006.6,67474
2026-09-08 13:05:00,1007.0,1007.5,1006.5,1006.9,42073
2026-09-08 13:10:00,1007.0,1007.8,1006.9,1007.7,60346
2026-09-08 13:15:00,1007.8,1008.0,1007.3,1007.4,41214
2026-09-08 13:20:00,1007.5,1008.4,1007.4,1008.3,46972
2026-09-08 13:25:00,1008.3,1008.4,1007.0,1007.9,69983
2026-09-08 13:30:00,1007.8,1007.9,1007.1,1007.4,32048
2026-09-08 13:35:00,1007.5,1008.2,1007.0,1007.3,64001
2026-09-08 13:40:00,1007.2,1007.5,1006.1,1006.6,104129
2026-09-08 13:45:00,1006.5,1006.9,1006.3,1006.8,39974
2026-09-08 13:50:00,1006.8,1007.0,1006.0,1006.3,60887
2026-09-08 13:55:00,1006.6,1006.7,1006.1,1006.6,42552
2026-09-08 14:00:00,1006.4,1007.9,1006.4,1007.8,62712
2026-09-08 14:05:00,1007.9,1008.6,1007.5,1007.7,135095
2026-09-08 14:10:00,1007.6,1009.5,1007.6,1009.1,83693
2026-09-08 14:15:00,1009.2,1009.3,1008.0,1008.5,69349
2026-09-08 14:20:00,1008.4,1008.9,1007.5,1008.0,50208
2026-09-08 14:25:00,1008.1,1009.0,1007.5,1008.7,71761
2026-09-08 14:30:00,1008.7,1009.6,1008.2,1008.9,167705
2026-09-08 14:35:00,1009.0,1009.0,1008.2,1008.4,38162
2026-09-08 14:40:00,1008.4,1009.4,1008.2,1008.9,165160
2026-09-08 14:45:00,1009.0,1009.0,1008.3,1008.9,88206
2026-09-08 14:50:00,1008.9,1009.0,1008.8,1009.0,122080
2026-09-08 14:55:00,1009.0,1009.5,1008.3,1008.7,154526
2026-09-08 15:00:00,1008.7,1009.6,1008.6,1009.2,157173
2026-09-08 15:05:00,1009.1,1009.5,1008.1,1008.2,220202
2026-09-08 15:10:00,1008.4,1009.5,1007.6,1008.0,281804
2026-09-08 15:15:00,1008.0,1008.0,1008.0,1008.0,209
2026-09-08 15:20:00,1008.0,1008.0,1008.0,1008.0,0
2026-09-08 15:25:00,1008.0,1008.0,1008.0,1008.0,411690
2026-09-09 09:05:00,999.0,999.0,999.0,999.0,72901
2026-09-09 09:10:00,999.0,999.0,999.0,999.0,0
2026-09-09 09:15:00,999.0,1001.7,992.4,997.3,624541
2026-09-09 09:20:00,997.3,1000.9,996.8,1000.6,198186
2026-09-09 09:25:00,1000.9,1001.9,999.3,1000.4,231125
2026-09-09 09:30:00,1000.9,1002.6,1000.9,1002.3,169641
2026-09-09 09:35:00,1002.6,1006.3,1002.0,1005.9,120016
2026-09-09 09:40:00,1005.9,1007.5,1005.3,1006.1,83207
2026-09-09 09:45:00,1006.4,1007.4,1005.7,1005.8,69460
2026-09-09 09:50:00,1005.5,1006.0,1005.0,1005.7,60500
2026-09-09 09:55:00,1005.9,1007.3,1005.5,1006.9,65416
2026-09-09 10:00:00,1006.8,1007.1,1005.5,1005.7,47486
2026-09-09 10:05:00,1005.5,1005.8,1004.8,1005.0,52893
2026-09-09 10:10:00,1005.3,1007.0,1005.0,1006.9,56678
2026-09-09 10:15:00,1007.0,1008.7,1006.7,1008.2,82461
2026-09-09 10:20:00,1008.0,1008.8,1007.1,1008.0,52144
2026-09-09 10:25:00,1008.0,1009.5,1007.2,1009.3,59867
2026-09-09 10:30:00,1009.3,1012.2,1009.1,1011.5,148371
2026-09-09 10:35:00,1011.5,1011.7,1009.4,1009.9,55940
2026-09-09 10:40:00,1010.0,1010.3,1009.2,1009.5,44807
2026-09-09 10:45:00,1009.8,1010.7,1009.1,1009.5,35970
2026-09-09 10:50:00,1009.4,1010.3,1009.2,1009.9,44540
2026-09-09 10:55:00,1010.0,1011.2,1009.9,1010.0,30374
2026-09-09 11:00:00,1010.3,1010.4,1006.5,1007.4,251378
2026-09-09 11:05:00,1007.2,1007.5,1005.1,1005.8,254440
2026-09-09 11:10:00,1005.8,1007.4,1005.7,1007.0,53398
2026-09-09 11:15:00,1007.4,1007.7,1006.0,1006.5,45359
2026-09-09 11:20:00,1006.7,1007.5,1006.4,1006.4,36907
2026-09-09 11:25:00,1006.6,1007.6,1006.3,1006.6,54403
2026-09-09 11:30:00,1006.5,1007.5,1005.8,1006.1,70267
2026-09-09 11:35:00,1006.1,1006.6,1005.5,1005.5,43534
2026-09-09 11:40:00,1005.9,1006.2,1005.4,1005.6,58360
2026-09-09 11:45:00,1005.8,1006.7,1005.3,1006.5,227779
2026-09-09 11:50:00,1006.8,1006.8,1005.3,1005.7,44749
2026-09-09 11:55:00,1005.7,1006.7,1005.3,1005.7,38003
2026-09-09 12:00:00,1005.7,1006.0,1004.5,1005.4,70417
2026-09-09 12:05:00,1005.4,1005.6,1004.4,1005.1,33346
2026-09-09 12:10:00,1005.0,1005.4,1004.5,1005.0,41245
2026-09-09 12:15:00,1005.0,1005.2,1004.3,1004.8,21305
2026-09-09 12:20:00,1004.8,1005.7,1004.6,1005.5,33407
2026-09-09 12:25:00,1005.5,1006.3,1005.3,1006.3,31802
2026-09-09 12:30:00,1006.5,1010.2,1006.2,1009.4,81287
2026-09-09 12:35:00,1009.4,1011.5,1009.0,1009.8,77703
2026-09-09 12:40:00,1009.8,1011.4,1009.4,1010.4,115605
2026-09-09 12:45:00,1010.5,1010.9,1009.5,1009.6,50601
2026-09-09 12:50:00,1009.7,1010.9,1009.6,1010.1,55910
2026-09-09 12:55:00,1010.2,1010.6,1009.5,1010.4,45836
2026-09-09 13:00:00,1010.0,1010.5,1009.3,1009.7,52033
2026-09-09 13:05:00,1009.7,1010.5,1009.5,1010.0,46845
2026-09-09 13:10:00,1009.9,1010.0,1008.6,1008.8,50590
2026-09-09 13:15:00,1008.8,1009.9,1008.4,1008.9,47078
2026-09-09 13:20:00,1009.1,1009.6,1008.5,1008.8,31474
2026-09-09 13:25:00,1008.8,1009.3,1008.6,1009.0,37691
2026-09-09 13:30:00,1009.0,1009.3,1008.4,1008.7,42265
2026-09-09 13:35:00,1009.0,1009.5,1008.4,1009.0,37059
2026-09-09 13:40:00,1009.2,1009.4,1008.4,1008.8,30820
2026-09-09 13:45:00,1008.9,1009.2,1007.4,1008.0,63892
2026-09-09 13:50:00,1008.1,1008.9,1007.0,1007.5,58946
2026-09-09 13:55:00,1007.9,1008.0,1005.5,1007.5,377839
2026-09-09 14:00:00,1007.4,1009.1,1007.4,1008.8,61128
2026-09-09 14:05:00,1008.8,1009.1,1008.7,1008.9,97500
2026-09-09 14:10:00,1008.9,1008.9,1007.0,1007.6,56053
2026-09-09 14:15:00,1007.2,1007.6,1005.7,1007.5,139063
2026-09-09 14:20:00,1007.5,1007.5,1006.4,1006.9,115535
2026-09-09 14:25:00,1006.9,1007.2,1006.1,1006.7,83480
2026-09-09 14:30:00,1006.6,1007.2,1006.1,1006.5,58218
2026-09-09 14:35:00,1006.7,1006.9,1005.5,1005.9,66373
2026-09-09 14:40:00,1006.0,1006.0,1004.7,1005.6,74355
2026-09-09 14:45:00,1005.3,1005.3,1004.0,1004.4,131150
2026-09-09 14:50:00,1004.6,1005.8,1003.9,1004.1,95723
2026-09-09 14:55:00,1004.3,1004.5,1003.3,1003.7,97290
2026-09-09 15:00:00,1003.7,1004.0,1002.1,1002.2,131923
2026-09-09 15:05:00,1002.1,1004.6,1001.0,1004.4,214188
2026-09-09 15:10:00,1004.3,1005.0,1002.0,1002.0,304355
2026-09-09 15:15:00,1002.8,1002.8,1002.8,1002.8,1029
2026-09-09 15:20:00,1002.8,1002.8,1002.8,1002.8,0
2026-09-09 15:25:00,1002.8,1002.8,1000.5,1000.5,239546
2026-09-10 09:15:00,1002.0,1011.0,1001.5,1009.6,310955
2026-09-10 09:20:00,1009.8,1011.0,1007.6,1009.8,158991
2026-09-10 09:25:00,1009.8,1011.9,1009.2,1011.2,128296
2026-09-10 09:30:00,1011.2,1011.3,1008.2,1008.5,109080
2026-09-10 09:35:00,1008.5,1008.9,1008.0,1008.7,35242
2026-09-10 09:40:00,1008.7,1009.9,1008.4,1008.9,40995
2026-09-10 09:45:00,1008.7,1009.2,1007.5,1008.0,45065
2026-09-10 09:50:00,1008.4,1009.3,1007.2,1007.6,56118
2026-09-10 09:55:00,1007.3,1008.7,1007.3,1007.9,33260
2026-09-10 10:00:00,1007.9,1007.9,1006.4,1007.4,73855
2026-09-10 10:05:00,1007.2,1007.5,1006.2,1007.0,66012
2026-09-10 10:10:00,1007.0,1007.7,1006.1,1007.5,54554
2026-09-10 10:15:00,1007.7,1009.3,1007.6,1008.6,54182
2026-09-10 10:20:00,1008.8,1009.1,1008.0,1008.9,32431
2026-09-10 10:25:00,1008.9,1009.6,1008.9,1009.0,24115
2026-09-10 10:30:00,1009.4,1009.5,1007.8,1008.2,27844
2026-09-10 10:35:00,1008.4,1009.0,1008.1,1008.4,15873
2026-09-10 10:40:00,1008.4,1010.5,1008.3,1009.9,74128
2026-09-10 10:45:00,1009.9,1010.3,1009.0,1009.0,35263
2026-09-10 10:50:00,1009.2,1009.2,1008.1,1008.1,33941
2026-09-10 10:55:00,1008.2,1008.9,1007.6,1008.5,39917
2026-09-10 11:00:00,1008.7,1009.4,1008.5,1008.8,42603
2026-09-10 11:05:00,1008.7,1009.5,1008.4,1009.0,40483
2026-09-10 11:10:00,1008.8,1010.4,1008.8,1010.4,55523
2026-09-10 11:15:00,1010.4,1011.7,1009.0,1009.0,88359
2026-09-10 11:20:00,1009.0,1010.0,1008.7,1009.6,45157
2026-09-10 11:25:00,1009.4,1010.2,1009.4,1009.8,29210
2026-09-10 11:30:00,1010.0,1011.4,1009.8,1010.1,46754
2026-09-10 11:35:00,1010.1,1010.2,1005.3,1005.4,670654
2026-09-10 11:40:00,1005.6,1006.5,1005.1,1006.3,68562
2026-09-10 11:45:00,1006.3,1007.4,1006.0,1007.3,48760
2026-09-10 11:50:00,1007.5,1007.5,1004.2,1004.3,528849
2026-09-10 11:55:00,1004.4,1006.4,1004.4,1006.3,85575
2026-09-10 12:00:00,1006.3,1007.2,1006.1,1007.1,39975
2026-09-10 12:05:00,1007.2,1007.4,1006.3,1007.3,42492
2026-09-10 12:10:00,1007.3,1008.8,1006.8,1008.4,69368
2026-09-10 12:15:00,1008.6,1008.7,1007.2,1007.5,24298
2026-09-10 12:20:00,1007.6,1009.6,1007.3,1008.4,87123
2026-09-10 12:25:00,1008.3,1009.1,1008.2,1008.2,28382
2026-09-10 12:30:00,1008.3,1008.4,1007.7,1007.7,100348
2026-09-10 12:35:00,1007.9,1008.1,1006.9,1007.6,23702
2026-09-10 12:40:00,1007.9,1008.0,1007.0,1007.8,44917
2026-09-10 12:45:00,1007.6,1008.0,1006.8,1007.8,41247
2026-09-10 12:50:00,1007.8,1007.9,1007.2,1007.2,23222
2026-09-10 12:55:00,1007.3,1007.4,1005.8,1005.8,29525
2026-09-10 13:00:00,1005.9,1006.1,1005.2,1005.5,34419
2026-09-10 13:05:00,1005.8,1005.8,1004.4,1005.5,56879
2026-09-10 13:10:00,1005.3,1006.1,1004.9,1005.7,47390
2026-09-10 13:15:00,1006.0,1006.0,1005.1,1005.2,28493
2026-09-10 13:20:00,1005.2,1005.4,1004.7,1005.1,22709
2026-09-10 13:25:00,1005.4,1005.4,1004.1,1004.5,29953
2026-09-10 13:30:00,1004.6,1005.3,1004.1,1005.0,28749
2026-09-10 13:35:00,1005.3,1005.9,1004.5,1005.7,41560
2026-09-10 13:40:00,1005.3,1006.0,1005.0,1005.1,29266
2026-09-10 13:45:00,1005.4,1005.6,1005.0,1005.3,16982
2026-09-10 13:50:00,1005.5,1005.8,1005.0,1005.3,18526
2026-09-10 13:55:00,1005.4,1005.4,1004.3,1004.8,30011
2026-09-10 14:00:00,1004.9,1005.3,1004.5,1004.5,27372
2026-09-10 14:05:00,1003.7,1004.9,1003.6,1004.2,51320
2026-09-10 14:10:00,1003.9,1004.5,1003.6,1004.3,18261
2026-09-10 14:15:00,1004.0,1004.2,1002.9,1003.2,36567
2026-09-10 14:20:00,1003.3,1004.6,1003.3,1004.2,33755
2026-09-10 14:25:00,1004.2,1004.7,1003.5,1004.0,23331
2026-09-10 14:30:00,1004.0,1004.4,1003.5,1003.8,23611
2026-09-10 14:35:00,1003.9,1003.9,1002.6,1003.0,37314
2026-09-10 14:40:00,1002.9,1003.9,1002.6,1003.5,37223
2026-09-10 14:45:00,1003.5,1004.8,1003.3,1004.8,37825
2026-09-10 14:50:00,1004.7,1005.2,1003.9,1004.0,75483
2026-09-10 14:55:00,1004.1,1004.7,1003.6,1003.8,53946
2026-09-10 15:00:00,1003.8,1003.8,1001.6,1002.8,192586
2026-09-10 15:05:00,1002.6,1002.9,1002.1,1002.8,111164
2026-09-10 15:10:00,1002.7,1004.4,1001.0,1004.3,248205
2026-09-10 15:15:00,1004.3,1004.3,1004.3,1004.3,0
2026-09-10 15:20:00,1004.3,1004.3,1004.3,1004.3,0
2026-09-10 15:25:00,1004.3,1009.7,1004.3,1009.7,327095
2026-09-11 09:15:00,1000.0,1001.0,993.7,995.8,352774
2026-09-11 09:20:00,995.5,998.0,993.1,998.0,168465
2026-09-11 09:25:00,998.0,1001.0,997.8,999.0,120997
2026-09-11 09:30:00,999.1,999.2,997.0,997.9,111481
2026-09-11 09:35:00,998.1,998.8,997.1,998.6,54710
2026-09-11 09:40:00,998.6,999.6,998.0,999.0,62027
2026-09-11 09:45:00,999.0,999.2,998.3,999.1,72549
2026-09-11 09:50:00,999.1,999.4,996.2,997.0,119431
2026-09-11 09:55:00,997.1,998.1,996.5,997.4,55597
2026-09-11 10:00:00,997.3,998.5,997.0,998.1,66838
2026-09-11 10:05:00,998.2,998.7,997.9,998.7,43398
2026-09-11 10:10:00,998.5,998.7,997.7,998.7,43664
2026-09-11 10:15:00,998.7,998.7,997.0,997.5,67980
2026-09-11 10:20:00,997.4,998.6,997.3,997.5,47405
2026-09-11 10:25:00,997.7,997.7,995.4,995.6,112432
2026-09-11 10:30:00,995.6,996.0,995.1,995.4,83369
2026-09-11 10:35:00,995.5,996.2,995.1,995.5,58300
2026-09-11 10:40:00,995.6,995.7,994.6,995.0,98015
2026-09-11 10:45:00,995.1,995.9,994.7,994.8,46150
2026-09-11 10:50:00,994.8,994.8,993.5,993.9,127391
2026-09-11 10:55:00,993.9,994.5,993.2,994.3,51066
2026-09-11 11:00:00,994.4,995.0,994.0,994.2,37929
2026-09-11 11:05:00,994.4,995.0,994.0,994.6,47140
2026-09-11 11:10:00,994.6,998.2,994.5,997.8,190815
2026-09-11 11:15:00,998.0,999.0,996.4,998.0,115191
2026-09-11 11:20:00,998.1,998.8,997.1,998.8,42323
2026-09-11 11:25:00,998.8,998.8,997.2,997.4,42248
2026-09-11 11:30:00,997.4,997.4,996.8,997.4,48089
2026-09-11 11:35:00,997.1,997.3,995.9,995.9,59151
2026-09-11 11:40:00,995.9,997.0,995.7,996.8,40589
2026-09-11 11:45:00,996.9,997.3,996.2,996.2,35757
2026-09-11 11:50:00,996.2,996.5,995.4,995.8,72004
2026-09-11 11:55:00,995.5,996.8,995.5,996.6,39945
2026-09-11 12:00:00,996.4,996.9,995.8,996.0,37468
2026-09-11 12:05:00,995.8,996.9,995.8,996.7,37149
2026-09-11 12:10:00,996.5,996.8,995.3,996.0,44138
2026-09-11 12:15:00,996.3,997.5,995.7,997.2,38953
2026-09-11 12:20:00,997.4,999.4,996.9,999.3,96095
2026-09-11 12:25:00,999.4,999.5,998.2,998.6,69440
2026-09-11 12:30:00,998.7,999.2,997.9,997.9,117228
2026-09-11 12:35:00,998.0,1000.5,997.7,999.0,209515
2026-09-11 12:40:00,999.0,1000.7,999.0,999.7,67304
2026-09-11 12:45:00,999.8,1000.2,999.1,1000.1,47145
2026-09-11 12:50:00,1000.2,1001.9,999.8,1001.0,84942
2026-09-11 12:55:00,1001.2,1001.9,1000.7,1000.9,69540
2026-09-11 13:00:00,1000.9,1001.1,999.5,999.5,47669
2026-09-11 13:05:00,999.5,1000.4,998.5,998.5,141722
2026-09-11 13:10:00,998.7,999.5,998.0,999.5,53437
2026-09-11 13:15:00,999.4,999.5,998.4,998.6,43607
2026-09-11 13:20:00,998.7,999.0,998.1,998.6,54633
2026-09-11 13:25:00,998.7,998.7,997.4,997.9,153776
2026-09-11 13:30:00,997.9,998.0,997.5,997.8,49888
2026-09-11 13:35:00,997.8,997.8,996.6,996.6,87213
2026-09-11 13:40:00,996.7,997.2,995.3,996.3,106705
2026-09-11 13:45:00,996.4,996.5,993.0,994.0,765574
2026-09-11 13:50:00,994.0,996.4,993.9,994.3,131007
2026-09-11 13:55:00,994.3,995.9,994.1,995.5,104971
2026-09-11 14:00:00,995.5,997.4,995.1,996.9,168121
2026-09-11 14:05:00,996.8,997.0,996.0,996.4,81899
2026-09-11 14:10:00,996.7,996.7,995.6,996.2,61596
2026-09-11 14:15:00,996.1,997.5,996.0,996.3,131077
2026-09-11 14:20:00,996.3,996.8,995.7,996.2,113950
2026-09-11 14:25:00,996.4,996.5,995.1,995.9,220250
2026-09-11 14:30:00,995.7,996.8,995.4,996.1,183411
2026-09-11 14:35:00,995.8,996.8,995.6,996.3,87148
2026-09-11 14:40:00,996.4,996.6,995.7,996.4,101133
2026-09-11 14:45:00,996.4,996.9,996.1,996.6,67813
2026-09-11 14:50:00,996.5,996.8,996.0,996.3,75491
2026-09-11 14:55:00,996.3,996.8,995.7,996.1,123955
2026-09-11 15:00:00,996.3,996.6,995.1,995.1,153053
2026-09-11 15:05:00,995.1,996.4,994.6,996.0,209864
2026-09-11 15:10:00,995.9,997.2,995.7,996.2,250123
2026-09-11 15:15:00,996.2,996.2,996.2,996.2,3609
2026-09-11 15:20:00,996.2,996.2,996.2,996.2,0
2026-09-11 15:25:00,996.2,996.2,995.7,995.7,311454
2026-09-15 09:15:00,994.0,999.8,992.2,993.8,397689
2026-09-15 09:20:00,993.7,994.2,991.0,991.0,289960
2026-09-15 09:25:00,991.0,992.2,989.1,990.0,221704
2026-09-15 09:30:00,990.0,990.0,987.6,988.4,134647
2026-09-15 09:35:00,988.4,988.9,986.1,988.4,165836
2026-09-15 09:40:00,988.1,988.6,987.3,987.3,91853
2026-09-15 09:45:00,987.3,987.3,985.2,985.3,184965
2026-09-15 09:50:00,985.5,986.0,982.5,982.7,307733
2026-09-15 09:55:00,982.7,983.3,981.3,982.0,257924
2026-09-15 10:00:00,981.8,983.2,981.3,982.0,128207
2026-09-15 10:05:00,982.0,982.6,981.4,981.7,141610
2026-09-15 10:10:00,981.6,983.3,981.3,982.6,107257
2026-09-15 10:15:00,982.8,983.0,981.1,981.3,117977
2026-09-15 10:20:00,981.3,981.8,980.0,981.1,177540
2026-09-15 10:25:00,981.0,981.3,979.5,980.3,200684
2026-09-15 10:30:00,980.8,981.7,980.3,980.6,93533
2026-09-15 10:35:00,980.5,981.3,980.5,981.2,55020
2026-09-15 10:40:00,981.2,981.7,980.5,980.6,90426
2026-09-15 10:45:00,980.7,981.4,980.0,980.8,76272
2026-09-15 10:50:00,980.9,981.5,980.4,981.3,46832
2026-09-15 10:55:00,981.2,981.2,980.3,981.0,51872
2026-09-15 11:00:00,981.0,981.3,980.2,981.2,84116
2026-09-15 11:05:00,981.1,981.2,980.5,981.0,38634
2026-09-15 11:10:00,981.0,981.4,980.1,980.9,66297
2026-09-15 11:15:00,980.8,981.2,980.5,980.5,52685
2026-09-15 11:20:00,980.6,981.4,980.3,980.9,55325
2026-09-15 11:25:00,980.8,981.0,980.0,980.1,100878
2026-09-15 11:30:00,980.2,981.0,980.0,980.9,65354
2026-09-15 11:35:00,980.9,981.2,980.4,980.6,50640
2026-09-15 11:40:00,980.5,981.1,980.2,981.1,56274
2026-09-15 11:45:00,980.9,981.3,980.8,980.9,51044
2026-09-15 11:50:00,980.8,980.9,979.6,980.0,100198
2026-09-15 11:55:00,980.0,980.9,979.9,980.8,71063
2026-09-15 12:00:00,980.9,982.2,980.8,981.8,89229
2026-09-15 12:05:00,981.7,982.1,981.0,982.0,242253
2026-09-15 12:10:00,982.1,982.2,980.0,980.3,130451
2026-09-15 12:15:00,980.2,980.6,979.8,980.0,50056
2026-09-15 12:20:00,980.0,980.8,979.9,980.2,42793
2026-09-15 12:25:00,980.2,980.3,979.5,980.1,55146
2026-09-15 12:30:00,980.0,980.3,979.0,980.1,63969
2026-09-15 12:35:00,980.0,980.3,979.3,979.4,56301
2026-09-15 12:40:00,979.4,980.0,979.3,979.7,65212
2026-09-15 12:45:00,979.5,980.2,979.2,980.1,78103
2026-09-15 12:50:00,980.1,981.0,979.7,980.2,74974
2026-09-15 12:55:00,980.2,980.6,979.3,979.8,130160
2026-09-15 13:00:00,979.8,980.2,979.5,980.2,41616
2026-09-15 13:05:00,980.2,980.7,979.2,979.7,76023
2026-09-15 13:10:00,979.7,980.0,979.2,979.6,49986
2026-09-15 13:15:00,979.6,980.8,979.5,980.3,192178
2026-09-15 13:20:00,980.3,980.5,979.5,979.8,86550
2026-09-15 13:25:00,979.7,980.2,979.5,980.0,56134
2026-09-15 13:30:00,980.0,980.0,978.5,979.5,86996
2026-09-15 13:35:00,979.5,980.2,979.1,979.5,161031
2026-09-15 13:40:00,979.5,979.5,978.3,979.4,61226
2026-09-15 13:45:00,979.5,979.8,979.0,979.8,70964
2026-09-15 13:50:00,979.4,979.9,979.3,979.7,39354
2026-09-15 13:55:00,979.5,979.8,979.0,979.5,51033
2026-09-15 14:00:00,979.5,979.5,978.8,979.1,40555
2026-09-15 14:05:00,979.1,979.1,976.8,977.2,155327
2026-09-15 14:10:00,977.1,977.2,973.2,975.3,256937
2026-09-15 14:15:00,975.3,975.8,974.6,975.3,96830
2026-09-15 14:20:00,975.2,976.8,974.8,975.6,181011
2026-09-15 14:25:00,975.6,975.9,973.6,974.7,180965
2026-09-15 14:30:00,974.7,975.0,973.9,974.3,89085
2026-09-15 14:35:00,974.2,975.3,973.8,974.6,100345
2026-09-15 14:40:00,974.2,975.0,974.2,974.6,109919
2026-09-15 14:45:00,974.3,974.6,970.1,970.7,275897
2026-09-15 14:50:00,970.6,972.2,970.4,971.5,283947
2026-09-15 14:55:00,971.6,972.3,971.0,971.4,210716
2026-09-15 15:00:00,971.3,972.6,971.1,971.7,332206
2026-09-15 15:05:00,971.7,971.9,969.0,971.0,660310
2026-09-15 15:10:00,971.2,973.2,970.9,972.6,285078
2026-09-15 15:15:00,972.5,972.5,972.5,972.5,1406
2026-09-15 15:20:00,972.5,972.5,972.5,972.5,0
2026-09-15 15:25:00,972.5,972.5,968.0,968.0,422938
2026-09-16 09:15:00,976.0,981.6,973.2,979.5,531295
2026-09-16 09:20:00,979.4,982.0,979.4,980.1,314155
2026-09-16 09:25:00,980.1,981.1,978.1,979.4,128406
2026-09-16 09:30:00,979.1,980.2,977.6,979.7,165315
2026-09-16 09:35:00,979.7,979.8,977.5,978.5,86857
2026-09-16 09:40:00,977.9,978.3,976.5,976.8,147511
2026-09-16 09:45:00,976.8,978.5,976.7,978.0,97759
2026-09-16 09:50:00,978.0,980.0,978.0,980.0,110396
2026-09-16 09:55:00,980.5,982.4,979.0,980.0,175716
2026-09-16 10:00:00,980.0,980.1,978.2,978.8,115509
2026-09-16 10:05:00,979.0,979.8,978.0,979.4,63685
2026-09-16 10:10:00,979.3,979.8,979.0,979.2,57988
2026-09-16 10:15:00,979.2,981.4,979.0,980.2,98426
2026-09-16 10:20:00,980.2,983.6,980.2,983.5,175218
2026-09-16 10:25:00,983.6,983.9,982.7,983.2,99754
2026-09-16 10:30:00,983.4,985.2,983.0,984.9,145060
2026-09-16 10:35:00,984.9,986.7,984.5,985.2,136342
2026-09-16 10:40:00,985.1,986.4,984.4,984.5,70723
2026-09-16 10:45:00,984.7,985.5,984.4,984.9,57186
2026-09-16 10:50:00,984.9,987.6,984.7,987.6,117304
2026-09-16 10:55:00,987.6,988.0,984.7,985.6,77273
2026-09-16 11:00:00,985.6,986.9,985.1,986.3,48936
2026-09-16 11:05:00,986.0,986.3,984.6,984.8,70499
2026-09-16 11:10:00,985.2,985.5,983.3,983.3,73201
2026-09-16 11:15:00,983.3,984.2,982.6,983.1,163000
2026-09-16 11:20:00,983.0,983.8,981.7,982.1,83496
2026-09-16 11:25:00,982.1,982.5,981.0,981.0,60018
2026-09-16 11:30:00,981.0,983.2,981.0,983.0,40418
2026-09-16 11:35:00,982.8,983.2,981.4,981.6,54549
2026-09-16 11:40:00,982.0,982.2,981.4,981.7,32882
2026-09-16 11:45:00,982.2,982.6,981.6,982.1,30069
2026-09-16 11:50:00,982.3,983.8,981.3,981.6,78703
2026-09-16 11:55:00,981.7,982.1,980.7,980.7,49752
2026-09-16 12:00:00,981.0,981.3,979.0,981.3,94800
2026-09-16 12:05:00,981.2,982.2,981.2,981.3,46687
2026-09-16 12:10:00,981.6,985.0,981.3,983.6,171853
2026-09-16 12:15:00,983.5,985.3,983.4,984.9,132685
2026-09-16 12:20:00,984.8,986.0,984.5,985.0,124882
2026-09-16 12:25:00,984.9,985.4,983.9,984.8,42880
2026-09-16 12:30:00,984.7,986.7,984.6,985.6,58338
2026-09-16 12:35:00,985.5,986.0,985.3,985.8,81027
2026-09-16 12:40:00,986.1,987.0,986.1,987.0,55116
2026-09-16 12:45:00,986.9,987.0,985.2,986.5,133473
2026-09-16 12:50:00,986.5,986.8,986.0,986.8,22449
2026-09-16 12:55:00,986.7,987.3,986.1,986.3,94244
2026-09-16 13:00:00,986.3,986.6,986.0,986.2,114683
2026-09-16 13:05:00,986.1,989.2,986.1,988.9,112074
2026-09-16 13:10:00,988.9,989.2,988.0,988.1,41334
2026-09-16 13:15:00,988.2,988.6,987.6,988.4,71082
2026-09-16 13:20:00,988.3,988.3,987.1,987.6,64803
2026-09-16 13:25:00,987.6,987.7,986.1,986.2,122182
2026-09-16 13:30:00,986.1,987.3,986.0,986.9,69966
2026-09-16 13:35:00,986.8,987.9,986.7,987.1,243108
2026-09-16 13:40:00,987.3,987.3,986.0,986.9,102395
2026-09-16 13:45:00,986.6,987.9,986.4,986.7,67939
2026-09-16 13:50:00,986.6,987.3,986.5,987.0,43987
2026-09-16 13:55:00,986.8,987.2,986.1,986.6,57518
2026-09-16 14:00:00,986.6,987.7,986.5,987.3,81904
2026-09-16 14:05:00,987.3,988.5,987.3,987.7,167589
2026-09-16 14:10:00,987.7,988.9,987.4,988.7,47649
2026-09-16 14:15:00,988.8,989.5,988.2,988.5,123856
2026-09-16 14:20:00,988.3,989.3,988.3,988.9,93689
2026-09-16 14:25:00,988.9,989.9,988.6,989.5,96270
2026-09-16 14:30:00,989.2,989.7,988.7,989.5,75926
2026-09-16 14:35:00,989.5,990.0,989.5,990.0,119024
2026-09-16 14:40:00,990.0,990.6,989.5,990.0,120218
2026-09-16 14:45:00,990.0,990.1,988.8,988.9,119648
2026-09-16 14:50:00,988.9,989.0,988.2,988.4,185788
2026-09-16 14:55:00,988.3,989.8,988.3,988.3,182286
2026-09-16 15:00:00,988.2,988.7,987.6,988.3,187376
2026-09-16 15:05:00,988.2,988.9,988.2,988.8,231208
2026-09-16 15:10:00,988.7,989.1,987.5,988.0,360344
2026-09-16 15:15:00,987.7,987.7,987.7,987.7,455
2026-09-16 15:20:00,987.7,987.7,987.7,987.7,0
2026-09-16 15:25:00,987.7,991.4,987.7,991.4,436122
2026-09-17 09:15:00,991.2,994.9,987.4,994.6,306754
2026-09-17 09:20:00,994.6,994.6,991.9,993.2,131554
2026-09-17 09:25:00,992.5,994.6,992.5,994.6,105765
2026-09-17 09:30:00,994.5,1000.6,994.5,1000.0,328936
2026-09-17 09:35:00,999.7,1000.9,998.4,998.9,158747
2026-09-17 09:40:00,998.6,1000.4,997.1,998.7,160619
2026-09-17 09:45:00,998.7,999.1,998.0,998.1,49406
2026-09-17 09:50:00,998.1,998.6,997.5,998.4,62312
2026-09-17 09:55:00,998.3,998.6,995.5,995.6,101705
2026-09-17 10:00:00,995.9,996.6,995.5,995.9,48604
2026-09-17 10:05:00,995.8,997.1,995.8,996.2,64665
2026-09-17 10:10:00,996.2,997.6,996.1,996.8,41236
2026-09-17 10:15:00,996.9,997.3,995.7,995.8,44913
2026-09-17 10:20:00,995.7,996.4,995.0,995.2,64751
2026-09-17 10:25:00,995.3,995.7,993.3,994.0,81995
2026-09-17 10:30:00,994.0,994.2,992.3,992.3,84432
2026-09-17 10:35:00,992.3,993.3,991.5,992.6,68021
2026-09-17 10:40:00,992.3,992.9,989.7,990.3,156202
2026-09-17 10:45:00,990.2,990.2,988.3,988.7,93883
2026-09-17 10:50:00,988.7,989.3,988.1,988.6,67804
2026-09-17 10:55:00,988.4,989.2,988.1,988.1,64324
2026-09-17 11:00:00,988.1,988.2,985.9,986.4,115173
2026-09-17 11:05:00,986.3,986.5,985.4,985.9,64179
2026-09-17 11:10:00,985.9,987.1,985.3,986.7,61425
2026-09-17 11:15:00,986.7,987.3,985.8,986.8,58993
2026-09-17 11:20:00,986.9,987.5,986.0,986.1,59873
2026-09-17 11:25:00,986.1,986.6,985.7,986.3,45468
2026-09-17 11:30:00,986.4,986.9,985.2,986.8,56166
2026-09-17 11:35:00,986.6,987.7,986.4,987.3,60735
2026-09-17 11:40:00,987.4,987.8,987.3,987.5,55370
2026-09-17 11:45:00,987.5,989.0,987.4,988.2,83876
2026-09-17 11:50:00,988.2,989.5,988.2,988.8,71319
2026-09-17 11:55:00,988.8,989.9,988.3,989.7,227316
2026-09-17 12:00:00,989.7,990.4,988.0,988.7,220130
2026-09-17 12:05:00,988.7,992.2,988.3,991.2,172317
2026-09-17 12:10:00,991.3,993.0,991.2,992.2,79594
2026-09-17 12:15:00,992.6,993.0,992.0,993.0,52390
2026-09-17 12:20:00,992.9,993.6,992.5,992.7,82008
2026-09-17 12:25:00,992.9,992.9,990.3,990.5,153120
2026-09-17 12:30:00,990.6,991.1,990.0,990.9,58833
2026-09-17 12:35:00,990.9,991.6,990.0,991.1,133873
2026-09-17 12:40:00,991.1,992.1,990.8,991.4,152709
2026-09-17 12:45:00,991.3,991.5,990.6,990.7,43121
2026-09-17 12:50:00,990.9,992.5,990.3,991.1,116929
2026-09-17 12:55:00,991.2,992.0,990.5,991.6,83609
2026-09-17 13:00:00,992.0,992.0,990.0,990.4,77557
2026-09-17 13:05:00,990.3,990.4,988.9,989.9,85650
2026-09-17 13:10:00,989.8,990.0,988.7,989.0,49918
2026-09-17 13:15:00,988.9,989.7,988.3,989.3,81103
2026-09-17 13:20:00,989.4,989.9,988.7,989.4,146405
2026-09-17 13:25:00,989.6,989.7,987.9,988.0,116497
2026-09-17 13:30:00,988.0,989.0,987.0,987.3,186137
2026-09-17 13:35:00,987.2,988.1,986.1,987.9,270206
2026-09-17 13:40:00,988.2,989.4,987.8,988.1,190555
2026-09-17 13:45:00,988.0,988.9,987.7,988.0,69090
2026-09-17 13:50:00,988.0,988.8,987.0,987.8,58219
2026-09-17 13:55:00,987.5,988.6,986.1,987.4,188344
2026-09-17 14:00:00,987.5,988.0,986.3,986.6,169615
2026-09-17 14:05:00,986.6,988.2,986.4,987.9,113770
2026-09-17 14:10:00,987.8,988.0,987.0,987.4,64388
2026-09-17 14:15:00,987.3,989.1,987.1,988.1,80458
2026-09-17 14:20:00,988.0,989.4,988.0,989.1,73177
2026-09-17 14:25:00,988.9,988.9,987.3,988.0,94760
2026-09-17 14:30:00,987.9,988.1,986.6,987.1,88331
2026-09-17 14:35:00,987.2,989.5,987.1,988.6,115980
2026-09-17 14:40:00,988.7,988.8,987.0,987.2,100369
2026-09-17 14:45:00,987.1,987.3,986.3,986.6,92174
2026-09-17 14:50:00,986.3,986.8,986.0,986.7,79557
2026-09-17 14:55:00,986.9,987.0,986.4,986.8,166754
2026-09-17 15:00:00,986.6,987.6,986.4,987.4,265861
2026-09-17 15:05:00,987.3,987.5,986.5,987.0,222927
2026-09-17 15:10:00,986.8,987.4,985.5,986.0,460789
2026-09-17 15:15:00,986.5,986.5,986.5,986.5,60
2026-09-17 15:20:00,986.5,986.5,986.5,986.5,0
2026-09-17 15:25:00,986.5,988.7,986.5,988.7,245710
2026-09-18 09:15:00,992.0,992.0,987.3,987.8,167215
2026-09-18 09:20:00,987.6,988.5,987.0,988.1,83487
2026-09-18 09:25:00,988.2,988.4,986.0,986.5,92376
2026-09-18 09:30:00,986.2,986.7,985.1,986.1,124583
2026-09-18 09:35:00,986.1,988.8,985.9,987.6,122532
2026-09-18 09:40:00,987.8,988.0,985.9,986.8,56726
2026-09-18 09:45:00,986.3,986.9,986.0,986.5,44375
2026-09-18 09:50:00,986.5,987.6,986.1,987.3,43751
2026-09-18 09:55:00,987.3,987.9,985.6,985.8,58554
2026-09-18 10:00:00,985.9,987.4,985.9,986.9,54035
2026-09-18 10:05:00,986.9,987.5,986.8,987.1,44233
2026-09-18 10:10:00,987.1,987.8,986.8,986.8,42744
2026-09-18 10:15:00,986.9,987.6,986.1,987.2,39534
2026-09-18 10:20:00,987.2,988.0,986.8,986.8,48934
2026-09-18 10:25:00,986.8,987.3,986.6,987.0,33041
2026-09-18 10:30:00,987.0,988.5,986.9,988.3,47492
2026-09-18 10:35:00,988.4,988.4,986.7,987.0,53052
2026-09-18 10:40:00,986.9,986.9,986.2,986.6,36391
2026-09-18 10:45:00,986.6,987.2,986.5,986.5,20546
2026-09-18 10:50:00,986.5,987.6,986.5,987.3,28969
2026-09-18 10:55:00,987.3,987.9,987.2,987.5,25040
2026-09-18 11:00:00,987.7,987.7,987.2,987.4,23177
2026-09-18 11:05:00,987.4,987.8,987.2,987.8,27560
2026-09-18 11:10:00,987.8,987.9,987.3,987.3,28540
2026-09-18 11:15:00,987.3,987.7,987.2,987.5,19825
2026-09-18 11:20:00,987.4,987.7,987.3,987.7,19653
2026-09-18 11:25:00,987.6,989.4,987.3,989.0,77131
2026-09-18 11:30:00,989.0,990.7,989.0,989.8,112259
2026-09-18 11:35:00,989.6,990.7,989.6,989.8,67170
2026-09-18 11:40:00,989.7,990.7,989.3,990.0,96134
2026-09-18 11:45:00,990.3,991.4,990.0,991.2,59993
2026-09-18 11:50:00,991.3,991.6,991.1,991.3,44533
2026-09-18 11:55:00,991.2,991.5,991.0,991.0,42247
2026-09-18 12:00:00,991.0,992.9,991.0,991.9,81492
2026-09-18 12:05:00,991.9,992.2,991.3,991.5,56715
2026-09-18 12:10:00,991.8,992.4,991.3,991.8,41361
2026-09-18 12:15:00,991.9,992.2,991.5,991.6,38753
2026-09-18 12:20:00,991.6,992.1,991.4,991.7,48716
2026-09-18 12:25:00,991.7,992.2,991.7,992.2,39416
2026-09-18 12:30:00,992.2,994.1,992.2,993.3,153008
2026-09-18 12:35:00,993.3,993.6,993.0,993.0,39833
2026-09-18 12:40:00,993.3,994.4,993.0,994.3,70814
2026-09-18 12:45:00,994.2,994.4,994.0,994.1,45017
2026-09-18 12:50:00,994.3,994.3,993.7,993.7,60967
2026-09-18 12:55:00,993.9,993.9,991.9,992.5,60930
2026-09-18 13:00:00,992.5,993.7,992.4,992.8,64264
2026-09-18 13:05:00,992.8,993.3,992.4,992.7,33724
2026-09-18 13:10:00,992.7,993.1,992.6,992.8,26225
2026-09-18 13:15:00,992.7,992.9,991.6,991.9,36230
2026-09-18 13:20:00,992.0,992.6,991.8,991.8,35164
2026-09-18 13:25:00,991.8,992.2,991.6,991.8,47535
2026-09-18 13:30:00,992.0,992.2,991.8,992.0,28687
2026-09-18 13:35:00,992.2,992.2,991.5,991.6,55924
2026-09-18 13:40:00,991.7,991.7,990.9,991.0,38256
2026-09-18 13:45:00,990.8,991.2,990.2,990.6,46244
2026-09-18 13:50:00,990.7,991.3,990.5,991.1,36104
2026-09-18 13:55:00,991.0,991.7,990.9,991.2,38914
2026-09-18 14:00:00,991.3,991.5,990.8,991.2,48421
2026-09-18 14:05:00,991.2,992.0,991.2,991.9,40080
2026-09-18 14:10:00,991.9,992.6,991.9,992.4,54794
2026-09-18 14:15:00,992.3,992.9,992.2,992.9,37894
2026-09-18 14:20:00,992.9,993.0,992.1,992.4,44522
2026-09-18 14:25:00,992.4,993.0,992.2,992.8,38960
2026-09-18 14:30:00,992.7,993.3,992.7,993.0,50401
2026-09-18 14:35:00,992.9,993.6,992.9,993.2,36534
2026-09-18 14:40:00,993.1,993.2,992.2,992.3,54104
2026-09-18 14:45:00,992.3,993.0,992.2,993.0,53761
2026-09-18 14:50:00,992.8,993.5,992.7,993.3,63861
2026-09-18 14:55:00,993.2,993.9,993.0,993.6,61015
2026-09-18 15:00:00,993.7,993.8,992.0,992.4,212482
2026-09-18 15:05:00,992.2,992.6,992.0,992.2,148197
2026-09-18 15:10:00,992.2,993.6,992.1,993.2,210379
2026-09-18 15:15:00,992.7,992.7,992.7,992.7,1541
2026-09-18 15:20:00,992.7,992.7,992.7,992.7,0
2026-09-18 15:25:00,992.7,996.2,992.7,996.2,1359741
2026-09-21 09:15:00,993.6,994.5,989.1,992.5,226318
2026-09-21 09:20:00,992.5,992.9,991.3,991.4,63718
2026-09-21 09:25:00,991.9,993.5,991.7,993.5,55215
2026-09-21 09:30:00,993.5,993.9,992.8,993.0,46604
2026-09-21 09:35:00,993.0,993.7,992.1,992.5,36428
2026-09-21 09:40:00,992.4,993.0,992.0,992.7,36082
2026-09-21 09:45:00,992.8,993.6,992.1,993.1,58690
2026-09-21 09:50:00,992.9,993.3,992.5,992.5,34321
2026-09-21 09:55:00,992.5,992.9,992.0,992.6,44590
2026-09-21 10:00:00,992.6,993.0,991.5,991.7,41803
2026-09-21 10:05:00,991.6,992.2,990.8,992.2,52039
2026-09-21 10:10:00,992.1,992.5,992.0,992.5,36528
2026-09-21 10:15:00,992.5,995.0,992.3,993.4,89071
2026-09-21 10:20:00,993.7,994.5,993.4,993.6,26381
2026-09-21 10:25:00,993.8,993.9,991.4,991.9,40478
2026-09-21 10:30:00,991.8,992.0,990.8,991.3,38419
2026-09-21 10:35:00,991.3,992.1,991.0,991.2,35238
2026-09-21 10:40:00,991.3,991.6,991.1,991.3,22212
2026-09-21 10:45:00,991.4,992.0,991.3,991.3,28220
2026-09-21 10:50:00,991.4,991.7,991.2,991.4,16765
2026-09-21 10:55:00,991.5,991.5,991.0,991.3,30425
2026-09-21 11:00:00,991.4,991.4,991.0,991.3,22291
2026-09-21 11:05:00,991.2,992.3,991.1,991.5,32875
2026-09-21 11:10:00,991.8,991.9,990.6,990.6,40730
2026-09-21 11:15:00,990.6,990.9,990.0,990.5,57714
2026-09-21 11:20:00,990.2,990.9,990.0,990.6,34991
2026-09-21 11:25:00,990.5,991.1,990.3,990.6,25339
2026-09-21 11:30:00,990.8,991.4,990.6,991.2,26792
2026-09-21 11:35:00,991.1,991.1,990.1,990.2,31111
2026-09-21 11:40:00,990.2,991.1,990.0,990.9,80139
2026-09-21 11:45:00,990.8,991.0,990.2,990.5,35275
2026-09-21 11:50:00,990.8,991.2,990.6,991.2,18448
2026-09-21 11:55:00,991.1,992.3,990.8,992.0,64641
2026-09-21 12:00:00,992.1,993.0,992.0,992.6,62115
2026-09-21 12:05:00,992.6,993.5,992.5,992.6,84556
2026-09-21 12:10:00,992.8,994.0,992.3,994.0,25333
2026-09-21 12:15:00,993.8,994.2,992.8,992.9,104489
2026-09-21 12:20:00,993.0,993.5,992.3,992.7,31772
2026-09-21 12:25:00,992.6,993.0,992.4,993.0,15905
2026-09-21 12:30:00,993.0,993.5,992.8,993.2,20710
2026-09-21 12:35:00,993.2,993.3,992.7,992.7,24547
2026-09-21 12:40:00,992.8,993.4,992.7,993.3,21937
2026-09-21 12:45:00,993.4,993.5,993.0,993.0,20804
2026-09-21 12:50:00,993.1,993.1,992.3,992.3,49229
2026-09-21 12:55:00,992.4,993.0,992.3,992.4,21100
2026-09-21 13:00:00,992.6,993.2,992.3,992.5,45341
2026-09-21 13:05:00,992.6,992.9,992.3,992.4,19360
2026-09-21 13:10:00,992.4,993.9,992.3,993.9,31635
2026-09-21 13:15:00,993.9,995.9,993.8,995.5,110106
2026-09-21 13:20:00,995.3,995.6,994.2,994.2,57107
2026-09-21 13:25:00,994.2,995.2,994.0,994.8,35754
2026-09-21 13:30:00,994.8,995.2,994.7,995.2,24553
2026-09-21 13:35:00,995.1,995.6,995.1,995.4,25258
2026-09-21 13:40:00,995.4,996.5,995.2,995.6,86501
2026-09-21 13:45:00,995.7,995.8,995.3,995.6,22124
2026-09-21 13:50:00,995.5,996.0,995.2,995.2,24547
2026-09-21 13:55:00,995.4,997.1,995.2,996.7,64858
2026-09-21 14:00:00,996.8,997.4,996.2,996.6,69901
2026-09-21 14:05:00,996.7,997.1,996.4,996.5,88008
2026-09-21 14:10:00,996.5,996.8,996.2,996.7,28113
2026-09-21 14:15:00,996.6,996.8,996.2,996.7,21113
2026-09-21 14:20:00,996.7,996.7,995.6,996.3,36037
2026-09-21 14:25:00,996.3,996.5,995.9,996.2,22522
2026-09-21 14:30:00,996.3,996.4,995.4,995.5,42927
2026-09-21 14:35:00,995.6,996.5,995.3,996.4,37160
2026-09-21 14:40:00,996.3,997.0,996.3,996.8,30755
2026-09-21 14:45:00,996.7,996.8,995.9,996.4,34460
2026-09-21 14:50:00,996.5,996.7,996.0,996.4,87742
2026-09-21 14:55:00,996.3,996.7,996.0,996.3,59038
2026-09-21 15:00:00,996.4,997.3,996.3,997.3,92800
2026-09-21 15:05:00,997.1,997.5,996.4,996.9,120584
2026-09-21 15:10:00,996.8,997.2,995.2,996.0,137731
2026-09-21 15:15:00,996.0,996.0,996.0,996.0,3638
2026-09-21 15:20:00,996.0,996.0,996.0,996.0,0
2026-09-21 15:25:00,996.0,996.0,996.0,996.0,89005
2026-09-22 09:15:00,999.1,1000.1,996.3,996.7,217154
2026-09-22 09:20:00,996.8,997.5,996.0,997.5,81118
2026-09-22 09:25:00,997.4,997.5,996.5,996.9,31680
2026-09-22 09:30:00,996.8,996.9,996.0,996.1,37008
2026-09-22 09:35:00,996.1,997.5,996.1,997.0,33955
2026-09-22 09:40:00,997.0,997.5,996.5,997.1,37607
2026-09-22 09:45:00,997.1,997.8,996.6,997.4,27577
2026-09-22 09:50:00,997.4,997.8,996.8,997.3,38169
2026-09-22 09:55:00,997.3,997.3,996.6,996.6,23673
2026-09-22 10:00:00,996.6,996.8,995.1,996.0,84291
2026-09-22 10:05:00,996.0,996.3,995.0,995.4,101441
2026-09-22 10:10:00,994.7,995.7,992.7,993.4,271535
2026-09-22 10:15:00,993.4,993.4,990.9,990.9,137853
2026-09-22 10:20:00,991.0,991.4,989.5,990.8,131134
2026-09-22 10:25:00,990.8,991.2,990.5,991.0,75167
2026-09-22 10:30:00,991.0,991.0,989.3,990.0,106900
2026-09-22 10:35:00,990.0,990.0,988.5,988.6,85462
2026-09-22 10:40:00,988.6,989.4,987.0,988.3,112757
2026-09-22 10:45:00,988.2,989.2,987.6,988.7,65783
2026-09-22 10:50:00,988.6,989.0,988.5,988.9,67637
2026-09-22 10:55:00,988.8,989.7,988.7,989.5,42756
2026-09-22 11:00:00,989.5,989.7,988.0,988.1,61063
2026-09-22 11:05:00,988.0,988.1,987.3,987.7,65995
2026-09-22 11:10:00,987.7,989.1,987.7,989.0,39887
2026-09-22 11:15:00,989.0,989.2,988.6,989.0,46676
2026-09-22 11:20:00,989.0,989.3,988.0,989.0,62118
2026-09-22 11:25:00,989.0,989.5,988.0,988.1,33594
2026-09-22 11:30:00,988.1,988.1,987.3,987.5,48460
2026-09-22 11:35:00,987.4,988.2,986.5,986.5,75166
2026-09-22 11:40:00,986.6,986.9,986.2,986.4,41461
2026-09-22 11:45:00,986.3,986.7,986.1,986.6,54926
2026-09-22 11:50:00,986.5,986.6,985.6,986.0,70293
2026-09-22 11:55:00,986.1,986.5,985.9,986.1,42221
2026-09-22 12:00:00,986.1,986.7,985.5,986.0,124607
2026-09-22 12:05:00,986.1,986.7,986.0,986.7,28530
2026-09-22 12:10:00,986.6,986.7,985.6,985.7,31261
2026-09-22 12:15:00,985.7,987.3,985.5,987.2,43654
2026-09-22 12:20:00,987.0,987.4,986.0,986.0,43560
2026-09-22 12:25:00,986.2,986.7,985.5,985.8,137965
2026-09-22 12:30:00,985.7,986.0,985.5,985.7,37333
2026-09-22 12:35:00,985.6,986.0,985.6,985.9,24450
2026-09-22 12:40:00,985.8,986.0,984.6,984.9,158348
2026-09-22 12:45:00,984.8,985.7,984.2,985.0,123824
2026-09-22 12:50:00,984.9,985.4,984.3,984.9,51254
2026-09-22 12:55:00,984.5,985.0,984.1,984.3,48797
2026-09-22 13:00:00,984.1,984.3,982.4,982.9,196789
2026-09-22 13:05:00,982.8,983.9,982.6,983.1,54278
2026-09-22 13:10:00,982.9,983.8,982.9,983.3,52775
2026-09-22 13:15:00,983.2,983.3,982.8,982.9,31830
2026-09-22 13:20:00,983.0,983.0,982.5,982.6,38639
2026-09-22 13:25:00,982.5,983.0,982.5,983.0,88568
2026-09-22 13:30:00,982.9,983.0,982.5,982.9,60483
2026-09-22 13:35:00,982.9,983.7,982.9,983.4,46993
2026-09-22 13:40:00,983.5,983.9,983.1,983.4,39919
2026-09-22 13:45:00,983.2,983.4,982.9,983.4,46094
2026-09-22 13:50:00,983.4,983.9,983.0,983.2,62744
2026-09-22 13:55:00,983.3,983.9,982.7,983.1,54399
2026-09-22 14:00:00,983.2,983.8,982.6,983.4,49765
2026-09-22 14:05:00,983.3,983.8,981.3,982.2,85912
2026-09-22 14:10:00,982.4,985.8,982.3,985.6,120319
2026-09-22 14:15:00,985.6,986.4,984.2,985.2,111832
2026-09-22 14:20:00,985.5,986.9,985.2,986.1,133146
2026-09-22 14:25:00,986.5,987.1,986.0,987.0,93574
2026-09-22 14:30:00,987.0,987.2,986.0,986.2,91040
2026-09-22 14:35:00,986.2,987.2,985.4,985.9,73098
2026-09-22 14:40:00,985.5,985.9,984.3,984.7,89834
2026-09-22 14:45:00,984.7,985.0,984.0,984.1,75586
2026-09-22 14:50:00,984.1,985.6,983.8,985.1,114828
2026-09-22 14:55:00,985.2,985.4,983.8,984.4,132740
2026-09-22 15:00:00,984.5,985.5,984.3,985.2,151900
2026-09-22 15:05:00,984.9,985.3,984.3,985.2,200359
2026-09-22 15:10:00,985.0,986.3,984.7,985.7,208101
2026-09-22 15:15:00,985.7,985.7,985.7,985.7,0
2026-09-22 15:20:00,985.7,985.7,985.7,985.7,0
2026-09-22 15:25:00,985.7,987.0,985.7,987.0,274696
2026-09-23 09:15:00,987.0,991.4,986.4,990.2,181573
2026-09-23 09:20:00,990.2,991.7,989.3,989.6,97397
2026-09-23 09:25:00,989.6,989.8,988.6,989.8,72944
2026-09-23 09:30:00,989.8,991.5,989.7,991.0,106605
2026-09-23 09:35:00,991.0,991.0,990.4,990.4,51248
2026-09-23 09:40:00,990.5,991.0,990.5,990.9,53507
2026-09-23 09:45:00,991.0,991.5,989.2,989.3,82496
2026-09-23 09:50:00,989.2,989.9,988.7,989.1,98363
2026-09-23 09:55:00,989.1,989.9,988.9,989.9,35793
2026-09-23 10:00:00,989.9,990.5,989.1,989.3,46827
2026-09-23 10:05:00,989.3,989.5,988.8,989.0,61659
2026-09-23 10:10:00,989.0,989.2,988.6,989.0,55292
2026-09-23 10:15:00,989.0,989.9,988.9,989.4,43666
2026-09-23 10:20:00,989.4,989.5,989.0,989.4,33424
2026-09-23 10:25:00,989.4,990.5,989.4,990.4,46497
2026-09-23 10:30:00,990.4,990.5,990.1,990.3,24766
2026-09-23 10:35:00,990.3,992.5,990.3,991.6,81317
2026-09-23 10:40:00,991.6,991.7,991.2,991.2,39278
2026-09-23 10:45:00,991.4,991.9,990.8,990.8,53218
2026-09-23 10:50:00,990.9,991.5,990.8,991.4,37244
2026-09-23 10:55:00,991.2,991.6,990.1,990.4,51593
2026-09-23 11:00:00,990.4,991.4,990.3,990.8,40483
2026-09-23 11:05:00,990.8,991.7,990.8,990.8,45291
2026-09-23 11:10:00,990.8,991.7,990.8,991.5,50452
2026-09-23 11:15:00,991.4,991.5,990.5,990.5,38658
2026-09-23 11:20:00,990.6,991.0,990.5,990.8,23022
2026-09-23 11:25:00,990.8,990.9,990.5,990.6,29228
2026-09-23 11:30:00,990.5,990.6,990.4,990.5,25077
2026-09-23 11:35:00,990.4,991.3,990.4,991.2,41445
2026-09-23 11:40:00,991.4,991.6,991.3,991.6,34588
2026-09-23 11:45:00,991.7,991.7,990.9,991.1,71179
2026-09-23 11:50:00,991.0,991.1,990.6,990.8,36112
2026-09-23 11:55:00,990.8,991.2,990.8,991.2,20770
2026-09-23 12:00:00,991.2,991.6,991.1,991.6,27818
2026-09-23 12:05:00,991.6,991.7,990.8,990.9,62886
2026-09-23 12:10:00,991.0,992.5,990.8,992.3,84687
2026-09-23 12:15:00,992.4,992.9,992.1,992.5,60593
2026-09-23 12:20:00,992.6,992.8,992.1,992.4,27496
2026-09-23 12:25:00,992.3,994.5,992.1,994.0,137715
2026-09-23 12:30:00,994.1,994.5,993.9,994.4,46365
2026-09-23 12:35:00,994.2,994.6,993.8,994.0,44454
2026-09-23 12:40:00,993.8,994.5,993.8,994.3,38509
2026-09-23 12:45:00,994.3,994.4,994.0,994.2,49549
2026-09-23 12:50:00,994.2,994.4,994.0,994.0,37532
2026-09-23 12:55:00,994.0,994.1,993.4,993.6,75944
2026-09-23 13:00:00,993.6,994.4,993.4,994.3,58555
2026-09-23 13:05:00,994.4,994.9,994.2,994.6,69245
2026-09-23 13:10:00,994.7,995.2,994.6,994.9,77972
2026-09-23 13:15:00,994.9,995.1,994.1,994.3,37274
2026-09-23 13:20:00,994.3,994.7,994.0,994.4,39766
2026-09-23 13:25:00,994.4,994.4,994.0,994.1,51959
2026-09-23 13:30:00,994.0,994.3,994.0,994.1,44996
2026-09-23 13:35:00,994.0,994.1,993.5,993.8,44913
2026-09-23 13:40:00,993.9,994.2,993.7,993.8,42052
2026-09-23 13:45:00,993.7,993.9,993.6,993.8,55738
2026-09-23 13:50:00,993.9,994.0,993.7,993.8,30323
2026-09-23 13:55:00,993.8,994.4,993.7,994.4,37839
2026-09-23 14:00:00,994.4,994.7,994.3,994.7,27969
2026-09-23 14:05:00,994.6,995.9,994.6,995.9,76804
2026-09-23 14:10:00,995.9,996.4,995.8,996.0,75228
2026-09-23 14:15:00,996.0,996.2,995.2,995.3,59456
2026-09-23 14:20:00,995.4,995.4,994.5,994.8,65748
2026-09-23 14:25:00,994.7,994.8,994.1,994.2,59946
2026-09-23 14:30:00,994.1,994.4,994.0,994.1,64555
2026-09-23 14:35:00,994.1,994.1,993.2,993.3,64007
2026-09-23 14:40:00,993.3,993.4,992.6,992.6,59313
2026-09-23 14:45:00,992.7,992.7,991.8,991.8,68078
2026-09-23 14:50:00,991.8,992.7,991.7,992.6,72999
2026-09-23 14:55:00,992.4,992.5,991.8,992.2,96350
2026-09-23 15:00:00,992.3,992.4,991.2,991.6,112931
2026-09-23 15:05:00,991.5,992.0,991.5,991.7,86715
2026-09-23 15:10:00,991.5,992.8,991.1,991.8,172981
2026-09-23 15:15:00,991.8,991.8,991.8,991.8,608
2026-09-23 15:20:00,991.8,991.8,991.8,991.8,0
2026-09-23 15:25:00,991.8,994.1,991.8,994.1,222427
2026-09-24 09:15:00,982.3,992.0,982.3,989.7,498995
2026-09-24 09:20:00,989.7,990.5,987.7,989.2,232578
2026-09-24 09:25:00,989.1,989.1,986.8,988.0,145227
2026-09-24 09:30:00,987.7,987.8,986.5,986.6,68534
2026-09-24 09:35:00,986.8,986.9,985.9,985.9,51741
2026-09-24 09:40:00,985.9,986.4,985.6,986.2,55858
2026-09-24 09:45:00,986.2,986.2,984.2,985.4,73682
2026-09-24 09:50:00,985.3,985.4,985.1,985.2,24904
2026-09-24 09:55:00,985.1,986.8,985.1,986.5,54710
2026-09-24 10:00:00,986.4,986.5,985.6,986.2,65781
2026-09-24 10:05:00,986.0,986.5,985.5,986.5,39477
2026-09-24 10:10:00,986.4,986.8,985.9,986.8,104191
2026-09-24 10:15:00,986.5,986.8,985.4,985.9,49990
2026-09-24 10:20:00,985.9,985.9,985.4,985.9,28867
2026-09-24 10:25:00,985.8,986.2,985.3,985.5,110086
2026-09-24 10:30:00,985.4,985.8,985.4,985.7,22784
2026-09-24 10:35:00,985.8,986.8,985.6,986.8,84053
2026-09-24 10:40:00,986.7,986.9,985.9,986.3,52991
2026-09-24 10:45:00,986.0,987.7,986.0,987.4,81761
2026-09-24 10:50:00,987.1,987.8,986.8,987.8,46266
2026-09-24 10:55:00,987.5,988.5,987.2,988.5,61799
2026-09-24 11:00:00,988.2,988.6,987.5,988.0,63490
2026-09-24 11:05:00,987.9,988.0,987.0,987.3,40833
2026-09-24 11:10:00,987.0,987.3,986.7,987.0,30193
2026-09-24 11:15:00,986.9,988.8,986.7,988.8,120460
2026-09-24 11:20:00,988.8,990.3,988.0,988.0,192276
2026-09-24 11:25:00,988.0,988.4,987.1,987.6,27973
2026-09-24 11:30:00,987.5,988.1,987.4,987.9,28634
2026-09-24 11:35:00,987.8,987.9,987.5,987.7,33053
2026-09-24 11:40:00,987.7,988.1,987.7,988.0,42692
2026-09-24 11:45:00,987.9,988.0,987.7,987.7,11376
2026-09-24 11:50:00,987.8,988.4,987.4,988.3,42961
2026-09-24 11:55:00,988.2,988.5,988.1,988.3,17728
2026-09-24 12:00:00,988.2,989.6,988.1,989.3,33467
2026-09-24 12:05:00,989.3,989.6,988.6,988.9,27702
2026-09-24 12:10:00,988.8,988.9,987.6,987.9,33067
2026-09-24 12:15:00,987.8,989.0,987.7,989.0,43170
2026-09-24 12:20:00,989.0,989.1,988.4,988.7,23619
2026-09-24 12:25:00,988.5,988.5,987.4,987.7,68312
2026-09-24 12:30:00,987.4,987.7,985.8,986.0,168531
2026-09-24 12:35:00,985.9,986.0,978.5,983.9,7708050
2026-09-24 12:40:00,983.7,985.6,983.7,985.5,84624
2026-09-24 12:45:00,985.4,986.4,985.2,985.4,79825
2026-09-24 12:50:00,985.4,986.3,985.2,985.3,59918
2026-09-24 12:55:00,985.2,986.1,984.7,985.2,106572
2026-09-24 13:00:00,985.0,986.3,983.7,985.6,164750
2026-09-24 13:05:00,985.4,985.9,984.8,984.8,46807
2026-09-24 13:10:00,984.6,984.9,983.3,984.3,42714
2026-09-24 13:15:00,984.1,984.3,983.0,983.2,38102
2026-09-24 13:20:00,983.1,983.1,982.3,982.4,38064
2026-09-24 13:25:00,982.3,982.5,979.6,980.6,140556
2026-09-24 13:30:00,980.6,982.3,980.5,981.9,47597
2026-09-24 13:35:00,981.7,982.4,981.0,981.7,49924
2026-09-24 13:40:00,981.5,981.9,979.2,979.5,86039
2026-09-24 13:45:00,979.6,980.2,978.5,979.8,135865
2026-09-24 13:50:00,979.8,980.4,978.5,978.7,83703
2026-09-24 13:55:00,978.6,979.0,978.0,978.9,75042
2026-09-24 14:00:00,978.7,980.7,978.4,978.6,88325
2026-09-24 14:05:00,978.7,979.9,978.6,979.1,58744
2026-09-24 14:10:00,978.9,979.6,978.5,979.2,46523
2026-09-24 14:15:00,979.1,979.2,977.0,977.0,111076
2026-09-24 14:20:00,977.1,977.4,975.8,976.4,106906
2026-09-24 14:25:00,976.3,977.2,976.0,976.5,74478
2026-09-24 14:30:00,976.3,977.0,975.9,976.9,76770
2026-09-24 14:35:00,976.8,978.0,976.7,977.9,93196
2026-09-24 14:40:00,977.8,978.9,977.1,978.0,76630
2026-09-24 14:45:00,977.9,979.9,977.9,979.6,67007
2026-09-24 14:50:00,979.7,980.9,979.6,980.3,72870
2026-09-24 14:55:00,980.4,981.0,980.0,980.2,85926
2026-09-24 15:00:00,980.1,981.2,979.5,980.6,134261
2026-09-24 15:05:00,980.6,980.7,979.0,979.9,135315
2026-09-24 15:10:00,980.0,980.2,978.1,978.5,206473
2026-09-24 15:15:00,978.5,978.5,978.5,978.5,15
2026-09-24 15:20:00,978.5,978.5,978.5,978.5,0
2026-09-24 15:25:00,978.5,978.5,978.5,978.5,228270
2026-09-25 09:15:00,980.8,985.7,980.1,984.0,162057
2026-09-25 09:20:00,983.1,984.9,983.1,983.9,85385
2026-09-25 09:25:00,983.9,985.0,983.4,983.9,95543
2026-09-25 09:30:00,984.3,984.3,982.7,983.6,63203
2026-09-25 09:35:00,983.6,983.6,980.6,981.6,69642
2026-09-25 09:40:00,981.1,983.0,980.4,982.2,101568
2026-09-25 09:45:00,982.2,982.6,981.2,981.3,40816
2026-09-25 09:50:00,981.3,981.4,979.1,979.7,152731
2026-09-25 09:55:00,979.9,981.5,979.0,981.3,60881
2026-09-25 10:00:00,981.5,981.9,980.4,981.8,49364
2026-09-25 10:05:00,981.4,983.5,981.0,982.9,57947
2026-09-25 10:10:00,983.2,983.4,982.0,982.2,61439
2026-09-25 10:15:00,982.5,983.4,981.9,981.9,32246
2026-09-25 10:20:00,981.7,982.3,981.0,981.0,17703
2026-09-25 10:25:00,980.8,981.2,979.4,980.0,56270
2026-09-25 10:30:00,979.9,980.8,979.3,980.0,24764
2026-09-25 10:35:00,979.9,980.7,979.5,980.4,28450
2026-09-25 10:40:00,980.2,980.2,979.5,979.7,20754
2026-09-25 10:45:00,979.8,979.8,978.6,979.2,47056
2026-09-25 10:50:00,979.5,980.0,979.1,979.7,16751
2026-09-25 10:55:00,979.8,980.0,979.3,979.6,23629
2026-09-25 11:00:00,979.9,980.2,979.6,979.9,50904
2026-09-25 11:05:00,980.0,981.8,979.9,981.1,179914
2026-09-25 11:10:00,981.1,981.8,980.4,981.0,35188
2026-09-25 11:15:00,981.1,981.4,980.0,980.2,50516
2026-09-25 11:20:00,980.3,980.4,979.6,979.8,43108
2026-09-25 11:25:00,979.9,980.3,979.3,980.1,44952
2026-09-25 11:30:00,980.1,980.7,979.5,979.7,58469
2026-09-25 11:35:00,979.7,980.1,979.5,979.8,30191
2026-09-25 11:40:00,980.1,980.2,979.1,979.8,38796
2026-09-25 11:45:00,979.8,980.0,979.4,979.8,24779
2026-09-25 11:50:00,980.0,980.5,979.8,980.0,30921
2026-09-25 11:55:00,980.0,980.5,979.2,979.7,44613
2026-09-25 12:00:00,979.5,980.0,978.7,979.1,37239
2026-09-25 12:05:00,979.1,979.6,978.7,979.3,29216
2026-09-25 12:10:00,979.5,979.7,979.0,979.7,43469
2026-09-25 12:15:00,979.6,979.7,979.0,979.1,30008
2026-09-25 12:20:00,979.4,979.5,978.5,978.7,40322
2026-09-25 12:25:00,979.0,979.4,978.5,978.7,32778
2026-09-25 12:30:00,979.0,979.9,978.7,979.3,27143
2026-09-25 12:35:00,979.0,979.5,978.8,979.4,20107
2026-09-25 12:40:00,979.4,980.0,979.1,979.7,24308
2026-09-25 12:45:00,979.7,980.5,979.6,979.9,31160
2026-09-25 12:50:00,979.9,980.1,979.5,979.5,19315
2026-09-25 12:55:00,979.9,980.2,979.2,979.9,18294
2026-09-25 13:00:00,979.9,980.2,978.6,978.7,28883
2026-09-25 13:05:00,978.8,979.9,978.5,979.5,31316
2026-09-25 13:10:00,979.6,980.5,979.5,979.8,43241
2026-09-25 13:15:00,979.7,980.0,979.0,979.2,21515
2026-09-25 13:20:00,979.5,979.7,978.8,979.0,20618
2026-09-25 13:25:00,979.2,979.2,978.3,978.7,33983
2026-09-25 13:30:00,978.6,978.7,978.0,978.0,28626
2026-09-25 13:35:00,978.1,978.3,977.0,978.1,72021
2026-09-25 13:40:00,978.0,978.4,977.7,978.0,34410
2026-09-25 13:45:00,978.0,978.7,977.5,977.8,30923
2026-09-25 13:50:00,977.6,978.3,977.3,978.1,21004
2026-09-25 13:55:00,978.1,979.0,977.7,979.0,30561
2026-09-25 14:00:00,979.1,983.6,979.0,983.1,165498
2026-09-25 14:05:00,983.4,983.5,981.0,981.0,92550
2026-09-25 14:10:00,981.3,982.0,980.3,981.1,58762
2026-09-25 14:15:00,981.3,982.9,980.8,982.5,36545
2026-09-25 14:20:00,982.3,982.5,981.2,981.5,75672
2026-09-25 14:25:00,981.3,982.8,981.3,981.5,25557
2026-09-25 14:30:00,981.8,982.1,981.1,981.2,36279
2026-09-25 14:35:00,981.6,982.0,981.2,981.8,24415
2026-09-25 14:40:00,981.9,982.0,981.5,981.6,30157
2026-09-25 14:45:00,981.5,982.0,981.3,981.5,30720
2026-09-25 14:50:00,981.7,982.2,981.5,981.9,45505
2026-09-25 14:55:00,982.0,982.3,980.8,982.0,103803
2026-09-25 15:00:00,982.1,982.1,980.5,981.4,61721
2026-09-25 15:05:00,981.4,981.5,980.5,980.8,88934
2026-09-25 15:10:00,980.8,982.0,980.3,981.8,145325
2026-09-25 15:15:00,982.0,982.0,982.0,982.0,23
2026-09-25 15:20:00,982.0,982.0,982.0,982.0,0
2026-09-25 15:25:00,982.0,983.0,982.0,983.0,66868
2026-09-28 09:15:00,980.1,982.5,975.0,975.5,166513
2026-09-28 09:20:00,974.9,975.1,973.2,974.5,147923
2026-09-28 09:25:00,974.6,974.7,972.0,972.4,189122
2026-09-28 09:30:00,972.7,972.8,970.0,970.5,212758
2026-09-28 09:35:00,970.9,970.9,967.7,968.5,215935
2026-09-28 09:40:00,968.7,970.4,965.0,966.7,1407032
2026-09-28 09:45:00,966.7,968.1,966.2,967.7,143059
2026-09-28 09:50:00,967.7,968.0,966.4,966.8,91317
2026-09-28 09:55:00,966.8,968.2,966.4,967.2,107975
2026-09-28 10:00:00,967.2,967.5,965.5,965.5,136758
2026-09-28 10:05:00,966.0,966.3,963.3,964.3,187099
2026-09-28 10:10:00,964.2,966.0,964.0,965.6,72390
2026-09-28 10:15:00,965.6,965.9,964.3,965.3,101070
2026-09-28 10:20:00,965.3,965.7,964.4,964.7,88436
2026-09-28 10:25:00,964.7,965.6,964.2,965.5,74084
2026-09-28 10:30:00,965.5,965.9,965.3,965.6,51696
2026-09-28 10:35:00,965.6,965.7,965.1,965.2,57798
2026-09-28 10:40:00,965.1,965.3,964.5,965.2,78837
2026-09-28 10:45:00,965.2,966.9,964.8,966.0,193232
2026-09-28 10:50:00,966.0,966.4,965.2,966.0,61788
2026-09-28 10:55:00,966.1,966.7,966.1,966.7,59978
2026-09-28 11:00:00,966.7,966.8,966.0,966.2,46947
2026-09-28 11:05:00,966.2,966.4,965.7,965.8,40438
2026-09-28 11:10:00,965.8,966.0,965.2,965.7,61153
2026-09-28 11:15:00,965.9,966.0,965.4,966.0,40203
2026-09-28 11:20:00,965.9,966.0,965.2,965.6,49178
2026-09-28 11:25:00,965.6,966.0,965.5,965.9,43728
2026-09-28 11:30:00,965.9,966.1,964.6,965.0,97846
2026-09-28 11:35:00,964.8,965.5,964.0,965.5,90513
2026-09-28 11:40:00,965.3,967.0,965.1,966.0,107674
2026-09-28 11:45:00,965.9,966.0,965.0,965.0,79576
2026-09-28 11:50:00,965.6,965.7,964.5,965.0,83476
2026-09-28 11:55:00,964.8,965.3,964.3,965.0,57152
2026-09-28 12:00:00,964.8,965.0,964.4,964.6,41223
2026-09-28 12:05:00,965.0,965.0,964.6,965.0,28278
2026-09-28 12:10:00,965.0,965.0,964.7,965.0,23188
2026-09-28 12:15:00,964.9,965.3,964.5,965.0,58754
2026-09-28 12:20:00,965.0,965.0,964.8,965.0,24068
2026-09-28 12:25:00,965.0,965.0,964.8,965.0,31180
2026-09-28 12:30:00,964.9,965.0,964.4,964.6,48502
2026-09-28 12:35:00,964.6,965.5,964.5,964.8,102874
2026-09-28 12:40:00,964.8,965.0,964.5,964.8,29376
2026-09-28 12:45:00,964.8,965.0,964.5,964.9,28792
2026-09-28 12:50:00,964.9,964.9,963.5,963.7,104532
2026-09-28 12:55:00,963.7,963.7,962.3,963.0,120479
2026-09-28 13:00:00,963.0,963.5,962.1,962.5,92558
2026-09-28 13:05:00,962.6,962.9,962.1,962.5,47120
2026-09-28 13:10:00,962.5,963.4,962.4,962.7,39248
2026-09-28 13:15:00,962.8,962.9,962.4,962.8,53023
2026-09-28 13:20:00,962.7,962.9,962.4,962.9,58789
2026-09-28 13:25:00,962.9,963.7,962.9,963.7,39894
2026-09-28 13:30:00,963.8,963.9,961.2,961.3,102826
2026-09-28 13:35:00,961.4,962.8,961.2,962.2,107309
2026-09-28 13:40:00,962.2,962.3,960.2,961.4,256201
2026-09-28 13:45:00,961.5,962.1,960.4,961.0,116229
2026-09-28 13:50:00,960.9,961.9,960.4,960.5,76803
2026-09-28 13:55:00,960.4,960.5,959.3,959.9,192257
2026-09-28 14:00:00,960.0,960.0,958.5,959.2,111325
2026-09-28 14:05:00,959.4,960.0,958.7,959.0,105898
2026-09-28 14:10:00,959.1,960.0,958.8,959.4,49999
2026-09-28 14:15:00,959.5,959.7,957.5,958.4,386910
2026-09-28 14:20:00,958.6,958.9,957.7,957.9,110895
2026-09-28 14:25:00,958.1,958.5,957.5,957.6,77367
2026-09-28 14:30:00,957.7,957.9,956.1,956.6,243065
2026-09-28 14:35:00,956.4,957.5,956.4,957.2,136943
2026-09-28 14:40:00,957.1,959.9,957.1,959.8,348767
2026-09-28 14:45:00,959.9,961.3,959.4,961.0,111487
2026-09-28 14:50:00,961.1,961.4,960.9,961.2,92621
2026-09-28 14:55:00,961.3,961.9,961.0,961.4,194278
2026-09-28 15:00:00,961.3,961.9,961.2,961.3,227673
2026-09-28 15:05:00,961.0,961.7,960.7,961.7,370326
2026-09-28 15:10:00,961.6,962.6,960.0,962.0,590618
2026-09-28 15:15:00,962.0,962.0,962.0,962.0,0
2026-09-28 15:20:00,962.0,962.0,962.0,962.0,0
2026-09-28 15:25:00,962.0,962.0,962.0,962.0,197539
2026-09-29 09:15:00,960.9,965.0,958.5,959.9,457315
2026-09-29 09:20:00,959.7,960.0,957.2,957.4,553221
2026-09-29 09:25:00,957.4,958.6,956.3,957.3,660908
2026-09-29 09:30:00,957.1,958.0,955.0,955.9,852738
2026-09-29 09:35:00,955.9,957.0,953.0,954.8,1119992
2026-09-29 09:40:00,954.5,959.5,954.4,957.0,283718
2026-09-29 09:45:00,957.4,958.6,956.4,956.8,102691
2026-09-29 09:50:00,956.8,957.6,954.7,957.0,328084
2026-09-29 09:55:00,957.4,958.0,955.5,956.4,384963
2026-09-29 10:00:00,956.3,957.3,955.7,956.7,162693
2026-09-29 10:05:00,957.0,957.6,955.7,956.3,156526
2026-09-29 10:10:00,956.2,957.1,955.9,956.3,331815
2026-09-29 10:15:00,956.3,957.5,956.2,957.0,81432
2026-09-29 10:20:00,957.0,957.6,956.3,956.8,105863
2026-09-29 10:25:00,956.5,958.6,956.5,957.9,72129
2026-09-29 10:30:00,958.0,958.2,955.1,957.2,202557
2026-09-29 10:35:00,957.2,957.6,956.0,956.2,135539
2026-09-29 10:40:00,956.3,957.0,955.0,957.0,330413
2026-09-29 10:45:00,956.5,957.1,955.0,956.0,400579
2026-09-29 10:50:00,955.4,957.0,955.0,956.2,250691
2026-09-29 10:55:00,956.1,957.8,956.1,957.3,279185
2026-09-29 11:00:00,957.4,958.1,956.2,957.0,249435
2026-09-29 11:05:00,957.4,957.9,956.8,957.0,139415
2026-09-29 11:10:00,957.4,960.3,956.8,959.2,234689
2026-09-29 11:15:00,959.2,960.4,959.0,959.3,126732
2026-09-29 11:20:00,959.3,960.6,959.3,960.0,90976
2026-09-29 11:25:00,960.0,960.3,959.0,959.9,118882
2026-09-29 11:30:00,959.9,961.8,959.8,961.2,185922
2026-09-29 11:35:00,961.1,961.4,960.0,961.1,167494
2026-09-29 11:40:00,961.1,961.7,960.3,961.0,125054
2026-09-29 11:45:00,961.0,961.3,959.6,960.4,226250
2026-09-29 11:50:00,960.5,960.6,959.3,959.4,111515
2026-09-29 11:55:00,959.4,961.1,959.3,960.9,70612
2026-09-29 12:00:00,961.0,962.9,960.1,962.9,301228
2026-09-29 12:05:00,962.9,963.3,961.9,962.8,84351
2026-09-29 12:10:00,962.6,963.0,961.6,962.1,93126
2026-09-29 12:15:00,962.5,963.0,961.7,961.9,60619
2026-09-29 12:20:00,962.0,962.0,960.9,961.2,68501
2026-09-29 12:25:00,961.2,961.4,957.6,958.3,136728
2026-09-29 12:30:00,958.4,958.4,955.0,957.1,501257
2026-09-29 12:35:00,957.1,958.5,957.0,958.1,100040
2026-09-29 12:40:00,958.1,959.2,957.0,957.8,211341
2026-09-29 12:45:00,957.8,959.1,957.7,958.3,122356
2026-09-29 12:50:00,958.3,959.5,958.2,958.8,109945
2026-09-29 12:55:00,959.2,960.9,958.8,960.2,180447
2026-09-29 13:00:00,960.3,960.8,958.5,959.0,239056
2026-09-29 13:05:00,958.7,959.7,957.6,958.4,232132
2026-09-29 13:10:00,958.6,959.1,957.3,957.6,146023
2026-09-29 13:15:00,957.6,958.4,957.1,957.1,256430
2026-09-29 13:20:00,957.1,958.2,956.5,957.1,88796
2026-09-29 13:25:00,957.1,958.5,956.5,956.5,1025317
2026-09-29 13:30:00,956.5,957.3,956.2,956.7,3654174
2026-09-29 13:35:00,956.5,957.0,953.9,955.2,362187
2026-09-29 13:40:00,955.6,956.6,954.9,956.1,275264
2026-09-29 13:45:00,956.1,956.9,956.0,956.4,70825
2026-09-29 13:50:00,956.4,957.5,955.8,957.4,134953
2026-09-29 13:55:00,957.1,957.4,955.8,956.9,111986
2026-09-29 14:00:00,957.0,957.1,955.8,956.5,128023
2026-09-29 14:05:00,956.5,958.3,956.5,958.1,124940
2026-09-29 14:10:00,958.1,958.6,956.9,957.3,110350
2026-09-29 14:15:00,956.8,957.8,956.3,956.8,212181
2026-09-29 14:20:00,956.8,957.3,956.3,956.5,170102
2026-09-29 14:25:00,956.5,957.0,956.1,956.9,69579
2026-09-29 14:30:00,956.9,958.3,956.6,957.2,85424
2026-09-29 14:35:00,957.2,959.7,957.2,959.3,113434
2026-09-29 14:40:00,959.3,960.2,958.5,959.1,195827
2026-09-29 14:45:00,959.1,960.0,958.2,958.8,314889
2026-09-29 14:50:00,959.0,963.1,958.7,962.4,423317
2026-09-29 14:55:00,962.6,963.5,961.1,962.5,311717
2026-09-29 15:00:00,962.8,964.8,962.4,963.8,1389334
2026-09-29 15:05:00,963.7,965.9,963.4,964.8,1282859
2026-09-29 15:10:00,965.0,968.1,964.0,965.0,1052029
2026-09-29 15:15:00,965.0,965.0,965.0,965.0,0
2026-09-29 15:20:00,965.0,965.0,965.0,965.0,0
2026-09-29 15:25:00,965.0,965.0,964.7,964.7,3061000
2026-09-30 09:15:00,964.7,967.6,963.0,965.0,428885
2026-09-30 09:20:00,965.0,969.5,964.7,969.0,281012
2026-09-30 09:25:00,968.8,969.2,966.6,966.6,168044
2026-09-30 09:30:00,966.6,966.6,963.3,963.6,153066
2026-09-30 09:35:00,963.5,966.0,963.5,965.1,125738
2026-09-30 09:40:00,965.0,966.6,964.4,966.6,127980
2026-09-30 09:45:00,966.8,969.5,966.6,967.7,157241
2026-09-30 09:50:00,967.7,968.5,967.0,968.3,76113
2026-09-30 09:55:00,968.3,968.5,966.6,966.7,54629
2026-09-30 10:00:00,966.9,967.2,965.8,966.6,108118
2026-09-30 10:05:00,966.6,967.2,965.6,966.1,65316
2026-09-30 10:10:00,966.4,969.2,966.4,969.1,112561
2026-09-30 10:15:00,969.2,969.3,967.1,968.5,66716
2026-09-30 10:20:00,968.6,969.3,967.9,969.1,94205
2026-09-30 10:25:00,969.1,969.5,968.6,969.0,81918
2026-09-30 10:30:00,969.0,969.0,967.5,967.9,100045
2026-09-30 10:35:00,967.6,969.7,967.2,969.5,102018
2026-09-30 10:40:00,969.5,971.2,969.1,969.4,140518
2026-09-30 10:45:00,969.3,971.9,969.3,970.7,73833
2026-09-30 10:50:00,970.6,970.8,969.6,969.8,53375
2026-09-30 10:55:00,969.7,970.0,968.3,968.5,44807
2026-09-30 11:00:00,968.6,971.2,968.5,970.7,45726
2026-09-30 11:05:00,970.7,971.2,969.4,970.0,46720
2026-09-30 11:10:00,969.9,970.1,968.8,969.1,44215
2026-09-30 11:15:00,969.1,969.2,968.0,968.2,47656
2026-09-30 11:20:00,968.1,968.5,967.0,967.8,71099
2026-09-30 11:25:00,967.7,969.5,967.7,968.7,34774
2026-09-30 11:30:00,968.8,970.7,968.8,969.7,43136
2026-09-30 11:35:00,969.5,970.0,968.3,968.5,32439
2026-09-30 11:40:00,968.4,968.7,968.0,968.6,30746
2026-09-30 11:45:00,968.5,969.2,968.0,968.9,30011
2026-09-30 11:50:00,969.0,969.8,968.6,968.8,43057
2026-09-30 11:55:00,968.7,969.5,968.5,968.5,27102
2026-09-30 12:00:00,968.6,968.6,967.2,967.6,46338
2026-09-30 12:05:00,967.7,967.9,966.8,967.0,52045
2026-09-30 12:10:00,966.9,968.3,966.8,967.5,53978
2026-09-30 12:15:00,967.5,968.0,967.0,967.4,52281
2026-09-30 12:20:00,967.4,970.8,967.0,969.0,194341
2026-09-30 12:25:00,968.8,969.9,968.8,969.4,103382
2026-09-30 12:30:00,969.6,971.9,969.4,971.3,169154
2026-09-30 12:35:00,971.4,972.6,971.1,971.3,110116
2026-09-30 12:40:00,971.3,972.8,970.6,970.8,69377
2026-09-30 12:45:00,970.8,972.6,970.8,971.1,117971
2026-09-30 12:50:00,971.1,971.7,970.5,970.8,57131
2026-09-30 12:55:00,970.8,971.5,970.2,970.7,67485
2026-09-30 13:00:00,970.5,971.3,970.4,970.9,66146
2026-09-30 13:05:00,970.3,971.1,970.3,970.9,43448
2026-09-30 13:10:00,971.0,971.1,970.2,971.0,69423
2026-09-30 13:15:00,970.8,971.5,970.7,970.9,50183
2026-09-30 13:20:00,971.2,971.6,970.7,971.2,64120
2026-09-30 13:25:00,971.2,971.7,970.6,970.7,71842
2026-09-30 13:30:00,971.0,971.9,970.6,970.8,68433
2026-09-30 13:35:00,970.8,971.1,968.2,968.6,192624
2026-09-30 13:40:00,968.2,969.2,967.5,967.9,103726
2026-09-30 13:45:00,967.9,969.0,967.5,968.5,65679
2026-09-30 13:50:00,968.6,968.7,967.6,968.4,53870
2026-09-30 13:55:00,968.5,969.7,967.6,968.6,122868
2026-09-30 14:00:00,968.7,969.1,967.5,968.4,56464
2026-09-30 14:05:00,968.4,968.8,968.1,968.2,45585
2026-09-30 14:10:00,968.1,968.5,967.1,967.3,77332
2026-09-30 14:15:00,967.2,967.6,966.7,966.8,62432
2026-09-30 14:20:00,966.6,967.0,964.6,964.6,128126
2026-09-30 14:25:00,964.7,965.6,964.0,964.3,85806
2026-09-30 14:30:00,964.4,964.8,963.5,964.5,74593
2026-09-30 14:35:00,964.4,964.5,962.3,962.8,107047
2026-09-30 14:40:00,962.8,963.1,961.3,962.7,82090
2026-09-30 14:45:00,962.7,963.8,962.6,963.7,178131
2026-09-30 14:50:00,963.6,963.7,962.4,963.1,124238
2026-09-30 14:55:00,963.0,963.2,962.3,962.7,152674
2026-09-30 15:00:00,962.6,963.5,961.1,961.3,172524
2026-09-30 15:05:00,961.8,962.0,960.4,961.9,228816
2026-09-30 15:10:00,961.9,963.0,960.8,963.0,301427
2026-09-30 15:15:00,963.0,963.0,963.0,963.0,5
2026-09-30 15:20:00,963.0,963.0,963.0,963.0,0
2026-09-30 15:25:00,963.0,963.0,959.5,959.5,920202
2026-10-01 09:15:00,953.1,960.6,953.1,958.1,348957
2026-10-01 09:20:00,958.15,958.65,956.0,956.3,124081
2026-10-01 09:25:00,956.15,960.7,955.95,959.95,117763
2026-10-01 09:30:00,959.9,961.95,959.8,960.15,92409
2026-10-01 09:35:00,960.1,963.8,960.1,963.8,112439
2026-10-01 09:40:00,963.8,963.8,962.45,963.35,75107
2026-10-01 09:45:00,963.2,963.6,962.2,963.0,63022
2026-10-01 09:50:00,963.0,964.8,962.05,962.15,75853
2026-10-01 09:55:00,962.2,964.0,961.7,964.0,39009
2026-10-01 10:00:00,964.0,965.4,963.3,963.95,81117
2026-10-01 10:05:00,963.8,964.9,963.2,963.7,57355
2026-10-01 10:10:00,963.55,963.6,961.65,961.9,48027
2026-10-01 10:15:00,961.9,962.0,959.65,960.5,90779
2026-10-01 10:20:00,960.4,963.0,960.25,962.1,67934
2026-10-01 10:25:00,962.15,963.0,961.0,962.2,71880
2026-10-01 10:30:00,962.15,964.7,961.95,963.55,54297
2026-10-01 10:35:00,963.5,964.0,962.25,962.7,46803
2026-10-01 10:40:00,962.7,963.15,962.0,962.1,46144
2026-10-01 10:45:00,962.1,962.75,960.9,962.3,114184
2026-10-01 10:50:00,962.5,963.7,962.0,962.5,71937
2026-10-01 10:55:00,962.45,963.45,962.45,963.0,40580
2026-10-01 11:00:00,963.2,963.5,962.4,963.3,53550
2026-10-01 11:05:00,963.3,963.5,962.25,962.6,49235
2026-10-01 11:10:00,962.5,962.85,961.85,962.2,42700
2026-10-01 11:15:00,962.15,962.7,961.5,962.4,33792
2026-10-01 11:20:00,962.4,962.7,960.6,961.35,95535
2026-10-01 11:25:00,961.35,962.6,960.95,962.5,105726
2026-10-01 11:30:00,962.5,963.5,961.0,962.0,119329
2026-10-01 11:35:00,961.95,962.9,961.5,962.75,159979
2026-10-01 11:40:00,962.65,963.3,962.0,962.9,24309
2026-10-01 11:45:00,962.85,963.4,962.45,962.9,34225
2026-10-01 11:50:00,962.95,963.0,961.9,962.2,72130
2026-10-01 11:55:00,962.3,963.0,962.0,962.95,59733
2026-10-01 12:00:00,962.9,963.2,961.2,961.8,83975
2026-10-01 12:05:00,961.5,961.95,960.75,961.5,62917
2026-10-01 12:10:00,961.25,961.5,960.05,960.95,66670
2026-10-01 12:15:00,960.95,961.95,960.15,960.2,36027
2026-10-01 12:20:00,960.3,960.95,958.0,958.65,151864
2026-10-01 12:25:00,958.7,958.8,956.6,957.35,91008
2026-10-01 12:30:00,957.3,958.45,956.5,957.8,66249
2026-10-01 12:35:00,957.8,958.0,956.5,957.65,126617
2026-10-01 12:40:00,957.75,958.0,956.1,956.15,39583
2026-10-01 12:45:00,956.1,956.1,953.0,953.5,141165
2026-10-01 12:50:00,953.4,954.0,952.15,953.2,78848
2026-10-01 12:55:00,953.2,953.2,950.1,950.85,111132
2026-10-01 13:00:00,950.9,954.25,950.2,954.25,80830
2026-10-01 13:05:00,953.85,954.5,952.55,954.05,69075
2026-10-01 13:10:00,953.95,954.55,953.1,953.6,44329
2026-10-01 13:15:00,953.55,953.55,950.9,951.75,50507
2026-10-01 13:20:00,951.5,952.65,950.7,951.75,40467
2026-10-01 13:25:00,951.5,953.2,951.4,951.65,58804
2026-10-01 13:30:00,951.5,953.4,951.05,952.45,69567
2026-10-01 13:35:00,952.4,952.8,950.6,950.7,62935
2026-10-01 13:40:00,950.65,951.0,947.4,948.15,179882
2026-10-01 13:45:00,948.0,948.8,946.0,948.3,129034
2026-10-01 13:50:00,948.3,950.25,948.2,949.7,100548
2026-10-01 13:55:00,949.5,949.8,947.6,947.9,52262
2026-10-01 14:00:00,947.8,948.75,945.8,946.4,105405
2026-10-01 14:05:00,946.3,949.5,945.95,949.0,104610
2026-10-01 14:10:00,948.95,951.0,948.7,950.6,99875
2026-10-01 14:15:00,950.5,950.5,948.5,949.8,81760
2026-10-01 14:20:00,949.6,950.4,949.3,949.85,45986
2026-10-01 14:25:00,949.55,951.35,949.55,950.95,70400
2026-10-01 14:30:00,950.95,951.8,949.7,951.0,93888
2026-10-01 14:35:00,950.95,951.5,950.2,950.75,95870
2026-10-01 14:40:00,950.75,951.3,950.1,951.1,65054
2026-10-01 14:45:00,951.05,951.3,950.15,950.6,124295
2026-10-01 14:50:00,950.95,954.0,950.7,953.55,123941
2026-10-01 14:55:00,953.3,956.1,952.65,954.95,158557
2026-10-01 15:00:00,955.0,955.25,953.5,954.3,179767
2026-10-01 15:05:00,954.5,955.6,954.0,955.0,363120
2026-10-01 15:10:00,955.0,958.0,954.65,955.45,511876
2026-10-01 15:15:00,956.8,956.8,956.8,956.8,213
2026-10-01 15:20:00,956.8,956.8,956.8,956.8,0
2026-10-01 15:25:00,956.8,956.8,954.1,954.1,410537
2026-10-05 09:15:00,959.0,968.1,956.65,967.8,399270
2026-10-05 09:20:00,968.0,969.45,965.75,967.35,176592
2026-10-05 09:25:00,967.75,968.4,967.0,967.65,156063
2026-10-05 09:30:00,967.65,968.35,966.35,966.55,144630
2026-10-05 09:35:00,966.65,967.0,965.0,965.45,108523
2026-10-05 09:40:00,965.1,965.4,964.05,964.75,93113
2026-10-05 09:45:00,964.75,966.85,964.75,966.15,51217
2026-10-05 09:50:00,966.0,967.8,965.5,967.3,88791
2026-10-05 09:55:00,967.5,968.5,965.5,965.85,118490
2026-10-05 10:00:00,965.95,966.25,964.05,965.05,87927
2026-10-05 10:05:00,965.1,966.8,964.6,966.5,79651
2026-10-05 10:10:00,966.85,967.65,965.4,965.5,95351
2026-10-05 10:15:00,965.4,967.8,965.15,967.4,47096
2026-10-05 10:20:00,967.35,967.35,965.15,965.35,80392
2026-10-05 10:25:00,965.3,966.5,963.6,965.75,97070
2026-10-05 10:30:00,965.85,966.25,965.5,966.0,28845
2026-10-05 10:35:00,966.0,966.0,963.45,963.45,98915
2026-10-05 10:40:00,963.55,964.95,962.9,963.0,123546
2026-10-05 10:45:00,963.0,963.4,962.25,963.05,70460
2026-10-05 10:50:00,963.15,963.3,962.4,962.5,72981
2026-10-05 10:55:00,962.3,962.95,961.05,961.1,93293
2026-10-05 11:00:00,961.1,962.0,960.65,961.5,223130
2026-10-05 11:05:00,961.5,961.8,959.95,959.95,184402
2026-10-05 11:10:00,960.0,960.95,959.95,960.65,80778
2026-10-05 11:15:00,960.95,961.0,959.8,960.75,182454
2026-10-05 11:20:00,960.65,961.5,959.4,960.2,65590
2026-10-05 11:25:00,960.2,961.3,959.85,960.95,43160
2026-10-05 11:30:00,961.0,962.2,960.6,961.1,166307
2026-10-05 11:35:00,961.05,961.05,960.0,960.65,63421
2026-10-05 11:40:00,960.55,961.0,957.3,957.6,114146
2026-10-05 11:45:00,957.6,957.85,957.0,957.5,54249
2026-10-05 11:50:00,957.5,958.35,956.0,957.85,187905
2026-10-05 11:55:00,957.85,958.65,957.45,957.6,41267
2026-10-05 12:00:00,957.6,958.7,957.0,958.55,47686
2026-10-05 12:05:00,958.6,958.65,956.45,957.4,54624
2026-10-05 12:10:00,957.5,958.15,957.0,957.4,39358
2026-10-05 12:15:00,957.4,957.7,956.6,957.45,92763
2026-10-05 12:20:00,957.4,958.7,957.0,957.15,77042
2026-10-05 12:25:00,957.15,958.5,957.0,958.0,118080
2026-10-05 12:30:00,958.15,959.0,957.5,957.65,121996
2026-10-05 12:35:00,957.75,959.25,957.65,958.2,148442
2026-10-05 12:40:00,958.3,959.45,958.2,958.9,50822
2026-10-05 12:45:00,958.65,960.3,958.35,958.35,89015
2026-10-05 12:50:00,958.5,959.6,956.85,957.1,174171
2026-10-05 12:55:00,957.1,958.6,957.1,958.0,127023
2026-10-05 13:00:00,957.95,959.45,957.5,959.2,57666
2026-10-05 13:05:00,959.0,959.2,958.2,958.25,66628
2026-10-05 13:10:00,958.3,959.4,957.8,958.45,133467
2026-10-05 13:15:00,958.45,958.9,957.7,958.3,58190
2026-10-05 13:20:00,958.3,959.3,957.6,957.7,58413
2026-10-05 13:25:00,957.8,957.95,957.1,957.6,82653
2026-10-05 13:30:00,957.6,958.0,957.35,958.0,229087
2026-10-05 13:35:00,958.0,959.5,957.85,959.5,70867
2026-10-05 13:40:00,959.7,963.0,959.7,962.9,234064
2026-10-05 13:45:00,963.0,964.25,962.0,962.55,117098
2026-10-05 13:50:00,962.75,963.0,962.0,962.5,90845
2026-10-05 13:55:00,962.6,962.7,961.3,961.65,83508
2026-10-05 14:00:00,961.7,962.45,958.9,959.95,79398
2026-10-05 14:05:00,959.8,960.6,959.0,959.2,80358
2026-10-05 14:10:00,959.25,961.2,959.1,960.2,150556
2026-10-05 14:15:00,960.15,960.9,959.15,960.75,48902
2026-10-05 14:20:00,960.7,961.2,959.55,959.55,100269
2026-10-05 14:25:00,959.85,960.5,959.55,960.45,48599
2026-10-05 14:30:00,960.45,960.85,959.35,959.75,80138
2026-10-05 14:35:00,959.95,960.55,959.2,959.2,59638
2026-10-05 14:40:00,959.2,959.75,958.2,959.65,168381
2026-10-05 14:45:00,959.55,959.8,957.6,957.75,88329
2026-10-05 14:50:00,957.7,958.95,957.3,958.9,148652
2026-10-05 14:55:00,958.9,958.95,957.95,958.05,63353
2026-10-05 15:00:00,958.1,958.4,956.5,956.95,126792
2026-10-05 15:05:00,957.0,957.75,956.8,957.4,185639
2026-10-05 15:10:00,957.35,958.8,956.7,958.3,318792
2026-10-05 15:15:00,958.3,958.3,958.3,958.3,2
2026-10-05 15:20:00,958.3,958.3,958.3,958.3,0
2026-10-05 15:25:00,958.3,958.3,958.0,958.0,184496
