datetime,open,high,low,close,volume
2026-06-08 09:15:00,1780.7,1801.8,1773.5,1800.9,103125
2026-06-08 09:20:00,1800.8,1803.5,1794.1,1798.0,106632
2026-06-08 09:25:00,1798.7,1799.8,1791.3,1797.2,43653
2026-06-08 09:30:00,1797.7,1798.0,1788.0,1789.7,35577
2026-06-08 09:35:00,1790.0,1791.2,1785.1,1787.1,24089
2026-06-08 09:40:00,1787.1,1790.0,1787.0,1789.5,12173
2026-06-08 09:45:00,1789.8,1794.4,1787.2,1788.1,25601
2026-06-08 09:50:00,1788.2,1792.5,1787.3,1792.0,20938
2026-06-08 09:55:00,1792.5,1796.0,1792.0,1795.5,27530
2026-06-08 10:00:00,1795.1,1795.9,1791.0,1793.0,20600
2026-06-08 10:05:00,1793.1,1795.3,1789.2,1791.0,112121
2026-06-08 10:10:00,1790.9,1792.6,1790.4,1790.4,26279
2026-06-08 10:15:00,1790.4,1791.8,1790.0,1790.4,17281
2026-06-08 10:20:00,1790.4,1790.6,1789.1,1790.5,20787
2026-06-08 10:25:00,1790.5,1791.5,1788.1,1789.7,17735
2026-06-08 10:30:00,1790.0,1795.0,1789.4,1790.6,26930
2026-06-08 10:35:00,1790.6,1790.6,1787.5,1788.4,15950
2026-06-08 10:40:00,1788.5,1791.7,1786.2,1786.2,15295
2026-06-08 10:45:00,1786.2,1788.8,1784.2,1787.2,18644
2026-06-08 10:50:00,1787.2,1787.5,1785.6,1786.7,11036
2026-06-08 10:55:00,1786.7,1789.5,1785.0,1788.0,41366
2026-06-08 11:00:00,1788.0,1789.0,1786.3,1787.6,26134
2026-06-08 11:05:00,1787.6,1791.3,1786.0,1790.3,35015
2026-06-08 11:10:00,1791.2,1792.3,1789.4,1790.8,34061
2026-06-08 11:15:00,1791.1,1799.8,1791.1,1796.6,61683
2026-06-08 11:20:00,1797.0,1797.0,1795.4,1796.1,10746
2026-06-08 11:25:00,1796.4,1796.8,1793.7,1795.8,14066
2026-06-08 11:30:00,1795.8,1796.6,1794.4,1795.8,14931
2026-06-08 11:35:00,1795.8,1797.9,1795.8,1797.0,8914
2026-06-08 11:40:00,1797.2,1799.0,1796.8,1797.8,12779
2026-06-08 11:45:00,1797.5,1801.2,1796.3,1799.2,76397
2026-06-08 11:50:00,1799.9,1800.2,1797.3,1797.5,8948
2026-06-08 11:55:00,1798.0,1798.0,1796.3,1797.0,6672
2026-06-08 12:00:00,1797.3,1797.3,1796.3,1797.1,11779
2026-06-08 12:05:00,1796.5,1798.0,1796.0,1797.3,20990
2026-06-08 12:10:00,1797.3,1798.2,1793.2,1795.1,31174
2026-06-08 12:15:00,1795.2,1795.4,1794.0,1794.9,5456
2026-06-08 12:20:00,1794.9,1796.3,1794.2,1795.1,15856
2026-06-08 12:25:00,1795.6,1798.9,1794.0,1797.1,60934
2026-06-08 12:30:00,1797.0,1798.1,1796.3,1797.4,10144
2026-06-08 12:35:00,1797.4,1798.0,1796.6,1797.3,3936
2026-06-08 12:40:00,1797.8,1797.8,1793.6,1797.1,70199
2026-06-08 12:45:00,1797.1,1797.5,1796.2,1796.8,6074
2026-06-08 12:50:00,1796.8,1800.5,1795.9,1800.5,103353
2026-06-08 12:55:00,1800.5,1801.0,1796.2,1797.4,61864
2026-06-08 13:00:00,1797.4,1799.1,1795.5,1798.8,59675
2026-06-08 13:05:00,1799.0,1799.1,1796.8,1797.8,11704
2026-06-08 13:10:00,1797.8,1797.8,1794.0,1794.3,11809
2026-06-08 13:15:00,1794.3,1797.0,1794.0,1795.1,22234
2026-06-08 13:20:00,1795.4,1797.2,1794.8,1796.2,19204
2026-06-08 13:25:00,1796.2,1798.4,1795.5,1796.7,50145
2026-06-08 13:30:00,1796.8,1796.9,1792.5,1794.2,39830
2026-06-08 13:35:00,1794.2,1796.2,1793.5,1794.0,50384
2026-06-08 13:40:00,1794.1,1795.3,1793.1,1793.7,43086
2026-06-08 13:45:00,1794.5,1794.9,1789.5,1793.7,54507
2026-06-08 13:50:00,1794.0,1794.7,1792.6,1794.0,29296
2026-06-08 13:55:00,1794.0,1796.0,1792.8,1794.6,28400
2026-06-08 14:00:00,1795.5,1796.0,1794.0,1795.3,42334
2026-06-08 14:05:00,1795.8,1796.6,1794.4,1796.0,34746
2026-06-08 14:10:00,1796.0,1796.7,1794.0,1795.0,33383
2026-06-08 14:15:00,1795.4,1796.5,1794.8,1795.8,23990
2026-06-08 14:20:00,1795.5,1796.9,1795.0,1796.2,29382
2026-06-08 14:25:00,1796.2,1796.5,1793.6,1795.2,108410
2026-06-08 14:30:00,1795.1,1796.3,1794.0,1795.2,31405
2026-06-08 14:35:00,1795.2,1796.0,1794.2,1795.2,38797
2026-06-08 14:40:00,1795.2,1795.5,1792.5,1794.0,60541
2026-06-08 14:45:00,1794.0,1794.6,1791.8,1794.5,33118
2026-06-08 14:50:00,1794.1,1794.5,1792.4,1794.2,37718
2026-06-08 14:55:00,1793.9,1794.9,1792.0,1792.3,154428
2026-06-08 15:00:00,1792.3,1793.0,1785.2,1787.9,95862
2026-06-08 15:05:00,1787.9,1790.0,1786.9,1788.2,69161
2026-06-08 15:10:00,1787.7,1790.5,1787.2,1789.5,88854
2026-06-08 15:15:00,1789.9,1790.0,1787.3,1788.6,72448
2026-06-08 15:20:00,1788.0,1790.5,1787.5,1789.1,155121
2026-06-08 15:25:00,1789.0,1793.0,1786.7,1791.7,107541
2026-06-09 09:15:00,1787.7,1796.6,1779.9,1780.3,108487
2026-06-09 09:20:00,1782.0,1785.9,1779.1,1785.9,34335
2026-06-09 09:25:00,1785.9,1790.9,1784.2,1790.6,30103
2026-06-09 09:30:00,1790.6,1793.4,1788.4,1792.0,22253
2026-06-09 09:35:00,1792.0,1794.2,1789.5,1792.1,27028
2026-06-09 09:40:00,1792.1,1794.6,1791.7,1794.5,29594
2026-06-09 09:45:00,1794.0,1795.5,1793.0,1794.7,22201
2026-06-09 09:50:00,1794.7,1794.7,1791.7,1791.7,10284
2026-06-09 09:55:00,1792.0,1793.0,1790.4,1791.2,15134
2026-06-09 10:00:00,1790.4,1791.9,1790.4,1791.6,10480
2026-06-09 10:05:00,1791.6,1792.9,1790.8,1790.8,11899
2026-06-09 10:10:00,1790.8,1794.2,1790.1,1793.0,16067
2026-06-09 10:15:00,1793.4,1794.3,1792.8,1793.8,13915
2026-06-09 10:20:00,1793.8,1794.4,1792.0,1793.2,19881
2026-06-09 10:25:00,1793.2,1793.4,1791.7,1792.6,4448
2026-06-09 10:30:00,1792.6,1793.0,1791.3,1792.6,9462
2026-06-09 10:35:00,1792.5,1793.7,1791.3,1792.2,9107
2026-06-09 10:40:00,1792.3,1792.3,1791.0,1792.1,6455
2026-06-09 10:45:00,1792.0,1792.3,1791.4,1791.4,8623
2026-06-09 10:50:00,1791.5,1793.2,1791.0,1792.5,7744
2026-06-09 10:55:00,1792.5,1793.8,1791.5,1793.7,10535
2026-06-09 11:00:00,1793.7,1794.8,1791.8,1792.2,17053
2026-06-09 11:05:00,1792.2,1792.2,1790.2,1790.4,18322
2026-06-09 11:10:00,1790.9,1792.4,1790.0,1791.4,72323
2026-06-09 11:15:00,1791.4,1794.6,1791.0,1793.9,58820
2026-06-09 11:20:00,1793.9,1793.9,1789.7,1790.5,36007
2026-06-09 11:25:00,1790.2,1792.1,1787.0,1788.7,39332
2026-06-09 11:30:00,1788.7,1788.9,1787.0,1787.8,51609
2026-06-09 11:35:00,1787.7,1789.3,1787.0,1789.3,17903
2026-06-09 11:40:00,1789.5,1789.5,1785.3,1787.5,54986
2026-06-09 11:45:00,1787.5,1789.2,1786.1,1787.4,19286
2026-06-09 11:50:00,1787.4,1787.9,1784.3,1786.2,32017
2026-06-09 11:55:00,1786.2,1788.3,1785.5,1786.3,38481
2026-06-09 12:00:00,1786.3,1788.2,1784.9,1785.7,56810
2026-06-09 12:05:00,1785.7,1786.1,1784.3,1785.4,18194
2026-06-09 12:10:00,1786.0,1786.0,1780.0,1780.5,45784
2026-06-09 12:15:00,1780.5,1782.6,1780.2,1782.4,8979
2026-06-09 12:20:00,1782.4,1784.6,1781.2,1783.0,10374
2026-06-09 12:25:00,1783.1,1783.8,1781.6,1783.8,12551
2026-06-09 12:30:00,1783.7,1783.7,1782.4,1782.9,6717
2026-06-09 12:35:00,1782.9,1782.9,1780.8,1781.6,116099
2026-06-09 12:40:00,1781.6,1781.6,1772.8,1775.4,39244
2026-06-09 12:45:00,1775.5,1775.6,1771.7,1772.0,20629
2026-06-09 12:50:00,1771.8,1772.6,1770.0,1770.7,16022
2026-06-09 12:55:00,1770.9,1771.9,1768.0,1768.8,18948
2026-06-09 13:00:00,1769.2,1770.7,1767.6,1768.3,31343
2026-06-09 13:05:00,1768.3,1769.0,1766.9,1767.2,14466
2026-06-09 13:10:00,1767.2,1768.6,1766.1,1768.4,23001
2026-06-09 13:15:00,1768.4,1769.7,1767.6,1767.9,13311
2026-06-09 13:20:00,1767.6,1769.8,1767.0,1769.6,27467
2026-06-09 13:25:00,1769.6,1772.0,1767.0,1771.1,70786
2026-06-09 13:30:00,1771.1,1772.9,1769.7,1772.9,33204
2026-06-09 13:35:00,1772.8,1775.0,1771.8,1774.8,39685
2026-06-09 13:40:00,1774.9,1774.9,1773.1,1774.7,37069
2026-06-09 13:45:00,1774.7,1774.8,1772.6,1773.5,27367
2026-06-09 13:50:00,1773.5,1773.8,1771.8,1773.2,41674
2026-06-09 13:55:00,1773.1,1773.5,1770.0,1773.4,34885
2026-06-09 14:00:00,1773.4,1775.1,1772.7,1774.9,40324
2026-06-09 14:05:00,1774.9,1775.6,1774.0,1774.4,63978
2026-06-09 14:10:00,1774.1,1775.6,1773.8,1775.5,60748
2026-06-09 14:15:00,1775.6,1778.7,1775.4,1778.5,79900
2026-06-09 14:20:00,1778.4,1778.5,1776.7,1777.0,56375
2026-06-09 14:25:00,1776.9,1777.1,1774.0,1774.0,49051
2026-06-09 14:30:00,1774.1,1774.4,1770.2,1771.1,69264
2026-06-09 14:35:00,1771.4,1774.4,1770.0,1774.3,138384
2026-06-09 14:40:00,1774.5,1776.6,1774.5,1775.2,93415
2026-06-09 14:45:00,1775.3,1776.5,1774.8,1776.2,84296
2026-06-09 14:50:00,1776.3,1776.3,1774.8,1775.6,96878
2026-06-09 14:55:00,1775.7,1780.1,1775.6,1779.7,191406
2026-06-09 15:00:00,1779.7,1780.8,1776.0,1780.0,156895
2026-06-09 15:05:00,1780.1,1780.3,1778.9,1779.0,141855
2026-06-09 15:10:00,1778.9,1779.2,1778.7,1778.7,222868
2026-06-09 15:15:00,1778.8,1779.9,1778.3,1778.4,176960
2026-06-09 15:20:00,1778.4,1778.4,1777.4,1777.4,127520
2026-06-09 15:25:00,1777.4,1783.5,1775.5,1780.0,251587
2026-06-10 09:15:00,1779.6,1783.8,1771.0,1773.5,79084
2026-06-10 09:20:00,1775.0,1780.7,1773.7,1778.7,32832
2026-06-10 09:25:00,1778.4,1778.8,1774.0,1776.5,25037
2026-06-10 09:30:00,1777.0,1778.3,1775.2,1778.3,16371
2026-06-10 09:35:00,1777.8,1780.2,1775.3,1779.2,18284
2026-06-10 09:40:00,1778.5,1779.1,1775.0,1775.1,16274
2026-06-10 09:45:00,1775.3,1777.4,1775.3,1776.7,10571
2026-06-10 09:50:00,1776.7,1776.9,1775.1,1776.1,9901
2026-06-10 09:55:00,1776.2,1779.0,1776.1,1776.8,9358
2026-06-10 10:00:00,1777.0,1778.8,1776.7,1778.1,11218
2026-06-10 10:05:00,1777.6,1780.9,1777.6,1779.5,12631
2026-06-10 10:10:00,1779.6,1783.0,1778.6,1782.5,15946
2026-06-10 10:15:00,1782.4,1782.6,1778.9,1781.1,14689
2026-06-10 10:20:00,1780.9,1782.6,1779.2,1782.0,11314
2026-06-10 10:25:00,1782.9,1784.7,1782.0,1783.9,11361
2026-06-10 10:30:00,1783.9,1786.5,1783.4,1785.4,14565
2026-06-10 10:35:00,1785.5,1787.1,1782.4,1784.5,91861
2026-06-10 10:40:00,1784.7,1788.9,1784.5,1788.0,20214
2026-06-10 10:45:00,1788.1,1789.0,1786.5,1788.7,8432
2026-06-10 10:50:00,1788.6,1790.9,1786.9,1787.2,15941
2026-06-10 10:55:00,1787.1,1788.0,1784.0,1785.8,12277
2026-06-10 11:00:00,1785.9,1787.0,1784.5,1786.0,72728
2026-06-10 11:05:00,1785.1,1788.8,1785.0,1788.2,17694
2026-06-10 11:10:00,1788.5,1789.4,1787.5,1789.2,10590
2026-06-10 11:15:00,1789.4,1791.2,1787.6,1789.0,15475
2026-06-10 11:20:00,1789.1,1790.5,1788.1,1789.0,10712
2026-06-10 11:25:00,1789.9,1790.1,1788.8,1790.1,9624
2026-06-10 11:30:00,1790.0,1791.3,1789.5,1791.1,10313
2026-06-10 11:35:00,1791.3,1794.7,1791.3,1794.7,20738
2026-06-10 11:40:00,1794.1,1794.9,1792.0,1793.1,13708
2026-06-10 11:45:00,1792.1,1793.3,1791.2,1793.0,13501
2026-06-10 11:50:00,1792.9,1793.7,1792.4,1793.0,9774
2026-06-10 11:55:00,1793.0,1793.5,1792.0,1792.3,8662
2026-06-10 12:00:00,1792.3,1792.3,1789.7,1789.7,12348
2026-06-10 12:05:00,1790.0,1791.2,1790.0,1791.1,8215
2026-06-10 12:10:00,1791.1,1791.8,1789.6,1791.5,22156
2026-06-10 12:15:00,1791.5,1792.2,1790.1,1790.6,8181
2026-06-10 12:20:00,1790.6,1791.0,1790.0,1790.4,8274
2026-06-10 12:25:00,1790.0,1794.5,1790.0,1793.5,13171
2026-06-10 12:30:00,1793.6,1795.7,1792.6,1793.7,12682
2026-06-10 12:35:00,1793.8,1795.8,1793.1,1795.8,14249
2026-06-10 12:40:00,1795.2,1795.5,1792.4,1793.9,9890
2026-06-10 12:45:00,1793.7,1793.7,1792.4,1792.4,9649
2026-06-10 12:50:00,1792.5,1795.9,1792.4,1794.9,14252
2026-06-10 12:55:00,1795.0,1796.0,1794.6,1795.9,11147
2026-06-10 13:00:00,1796.0,1797.0,1795.6,1796.9,12598
2026-06-10 13:05:00,1796.8,1797.6,1793.1,1795.8,21649
2026-06-10 13:10:00,1796.0,1797.0,1794.1,1794.1,12692
2026-06-10 13:15:00,1794.1,1794.7,1792.8,1792.8,11474
2026-06-10 13:20:00,1792.6,1793.9,1791.4,1792.4,15979
2026-06-10 13:25:00,1792.5,1794.0,1792.2,1792.2,11315
2026-06-10 13:30:00,1792.3,1792.5,1789.0,1789.1,12138
2026-06-10 13:35:00,1789.4,1789.6,1785.2,1787.9,24736
2026-06-10 13:40:00,1787.5,1788.9,1787.0,1787.7,11573
2026-06-10 13:45:00,1788.3,1790.8,1787.7,1790.0,14238
2026-06-10 13:50:00,1790.0,1790.4,1787.7,1789.1,9018
2026-06-10 13:55:00,1789.1,1789.9,1788.0,1788.5,9769
2026-06-10 14:00:00,1788.5,1792.5,1788.5,1790.5,15099
2026-06-10 14:05:00,1790.5,1791.3,1789.0,1789.1,10637
2026-06-10 14:10:00,1789.0,1789.6,1785.7,1786.7,12473
2026-06-10 14:15:00,1786.8,1788.1,1786.6,1787.1,12129
2026-06-10 14:20:00,1787.1,1788.0,1786.2,1787.0,13592
2026-06-10 14:25:00,1786.6,1789.8,1786.4,1789.1,24237
2026-06-10 14:30:00,1789.6,1790.4,1788.3,1789.9,14332
2026-06-10 14:35:00,1789.6,1790.4,1787.3,1787.7,12796
2026-06-10 14:40:00,1787.5,1787.8,1786.4,1787.2,17412
2026-06-10 14:45:00,1787.2,1788.1,1786.5,1786.9,22764
2026-06-10 14:50:00,1786.8,1789.4,1786.1,1787.1,24095
2026-06-10 14:55:00,1787.0,1788.0,1786.1,1786.5,37881
2026-06-10 15:00:00,1787.6,1789.1,1786.0,1788.0,93324
2026-06-10 15:05:00,1787.9,1788.8,1787.9,1788.4,63311
2026-06-10 15:10:00,1788.7,1788.9,1786.1,1786.4,96949
2026-06-10 15:15:00,1786.3,1788.2,1784.0,1786.6,196213
2026-06-10 15:20:00,1786.6,1788.5,1780.7,1785.0,151048
2026-06-10 15:25:00,1785.0,1787.6,1779.5,1787.1,77023
2026-06-11 09:15:00,1780.0,1794.9,1778.7,1789.2,26784
2026-06-11 09:20:00,1788.8,1792.1,1788.8,1790.8,8742
2026-06-11 09:25:00,1790.8,1790.8,1787.8,1790.4,14028
2026-06-11 09:30:00,1791.1,1791.1,1785.5,1788.2,18041
2026-06-11 09:35:00,1788.1,1788.8,1786.1,1787.5,8028
2026-06-11 09:40:00,1787.5,1791.7,1785.9,1788.9,23906
2026-06-11 09:45:00,1788.7,1789.1,1786.0,1787.8,112635
2026-06-11 09:50:00,1787.8,1788.0,1783.3,1786.4,128886
2026-06-11 09:55:00,1786.4,1787.6,1785.3,1787.4,8240
2026-06-11 10:00:00,1787.1,1789.8,1787.1,1787.8,20102
2026-06-11 10:05:00,1787.7,1791.3,1786.4,1790.5,8408
2026-06-11 10:10:00,1790.4,1792.3,1789.9,1790.0,6406
2026-06-11 10:15:00,1790.3,1790.9,1789.0,1790.1,7519
2026-06-11 10:20:00,1790.7,1792.5,1789.2,1791.5,6645
2026-06-11 10:25:00,1792.3,1792.8,1791.2,1791.9,6350
2026-06-11 10:30:00,1791.8,1792.5,1790.3,1790.8,12698
2026-06-11 10:35:00,1790.7,1794.6,1789.4,1794.5,25729
2026-06-11 10:40:00,1793.7,1794.8,1792.3,1793.9,16590
2026-06-11 10:45:00,1793.8,1794.8,1793.1,1793.8,8228
2026-06-11 10:50:00,1794.1,1794.1,1791.8,1792.1,13728
2026-06-11 10:55:00,1792.1,1793.0,1791.8,1793.0,5915
2026-06-11 11:00:00,1793.0,1793.0,1791.8,1792.2,5257
2026-06-11 11:05:00,1792.2,1792.2,1791.2,1791.8,25101
2026-06-11 11:10:00,1791.9,1792.5,1791.1,1792.0,40609
2026-06-11 11:15:00,1792.2,1793.3,1791.8,1793.0,6036
2026-06-11 11:20:00,1793.0,1793.0,1791.8,1792.0,8044
2026-06-11 11:25:00,1792.0,1793.7,1791.8,1793.1,4540
2026-06-11 11:30:00,1793.5,1793.5,1791.8,1792.2,14074
2026-06-11 11:35:00,1792.2,1792.6,1790.1,1792.6,28503
2026-06-11 11:40:00,1792.8,1793.9,1792.2,1793.9,7710
2026-06-11 11:45:00,1793.9,1794.4,1792.7,1793.2,5189
2026-06-11 11:50:00,1793.8,1793.8,1792.1,1792.2,4107
2026-06-11 11:55:00,1792.5,1793.4,1792.0,1792.0,4331
2026-06-11 12:00:00,1792.5,1792.9,1791.8,1792.4,5778
2026-06-11 12:05:00,1792.4,1793.4,1791.8,1793.1,9591
2026-06-11 12:10:00,1793.1,1793.7,1791.8,1793.0,13834
2026-06-11 12:15:00,1793.1,1796.6,1793.0,1795.7,30740
2026-06-11 12:20:00,1796.2,1799.9,1795.6,1799.0,33209
2026-06-11 12:25:00,1799.0,1805.0,1799.0,1799.0,151160
2026-06-11 12:30:00,1799.7,1802.2,1798.6,1801.9,25214
2026-06-11 12:35:00,1802.1,1803.2,1799.8,1800.1,34988
2026-06-11 12:40:00,1800.1,1802.0,1799.9,1801.6,30207
2026-06-11 12:45:00,1801.1,1801.5,1800.0,1800.6,7401
2026-06-11 12:50:00,1800.6,1802.5,1800.0,1802.0,10285
2026-06-11 12:55:00,1802.0,1802.9,1800.7,1802.7,7948
2026-06-11 13:00:00,1802.8,1805.0,1802.4,1803.0,25444
2026-06-11 13:05:00,1803.2,1804.0,1802.3,1802.9,9273
2026-06-11 13:10:00,1802.9,1802.9,1800.2,1801.0,11020
2026-06-11 13:15:00,1801.0,1803.7,1800.9,1802.0,20833
2026-06-11 13:20:00,1802.0,1802.3,1800.0,1800.3,10980
2026-06-11 13:25:00,1800.8,1801.2,1799.5,1800.9,19216
2026-06-11 13:30:00,1801.2,1802.6,1800.7,1801.0,4444
2026-06-11 13:35:00,1801.2,1801.9,1800.3,1801.1,8069
2026-06-11 13:40:00,1801.1,1802.2,1800.5,1801.5,10623
2026-06-11 13:45:00,1801.5,1801.8,1799.5,1800.9,14420
2026-06-11 13:50:00,1801.2,1801.5,1800.9,1800.9,4282
2026-06-11 13:55:00,1801.0,1801.3,1799.5,1800.1,8490
2026-06-11 14:00:00,1800.3,1800.8,1799.0,1800.1,16215
2026-06-11 14:05:00,1800.1,1800.3,1796.4,1796.5,10363
2026-06-11 14:10:00,1796.9,1797.0,1794.2,1794.6,11834
2026-06-11 14:15:00,1794.6,1795.0,1792.2,1794.0,9624
2026-06-11 14:20:00,1793.9,1794.8,1793.0,1793.5,7579
2026-06-11 14:25:00,1793.6,1797.6,1793.5,1796.7,10355
2026-06-11 14:30:00,1796.6,1797.5,1795.3,1796.9,14873
2026-06-11 14:35:00,1796.5,1796.9,1794.2,1794.2,10007
2026-06-11 14:40:00,1794.1,1795.2,1793.0,1793.1,13558
2026-06-11 14:45:00,1793.1,1793.2,1790.6,1791.1,16353
2026-06-11 14:50:00,1791.3,1792.9,1790.3,1790.4,14030
2026-06-11 14:55:00,1790.9,1791.3,1789.1,1790.0,34570
2026-06-11 15:00:00,1790.5,1793.5,1789.1,1792.6,98809
2026-06-11 15:05:00,1792.4,1794.0,1791.1,1792.0,95246
2026-06-11 15:10:00,1792.2,1796.6,1791.8,1795.9,74618
2026-06-11 15:15:00,1796.1,1799.7,1794.6,1798.2,91255
2026-06-11 15:20:00,1795.7,1797.2,1794.0,1795.3,100001
2026-06-11 15:25:00,1795.3,1799.0,1789.9,1799.0,78696
2026-06-12 09:15:00,1807.0,1807.0,1795.5,1796.1,54380
2026-06-12 09:20:00,1796.2,1800.0,1795.4,1798.2,13118
2026-06-12 09:25:00,1798.7,1800.0,1798.1,1798.7,8415
2026-06-12 09:30:00,1799.0,1800.8,1798.0,1798.6,10266
2026-06-12 09:35:00,1798.6,1798.9,1795.6,1798.3,17961
2026-06-12 09:40:00,1799.0,1799.0,1795.0,1795.8,6088
2026-06-12 09:45:00,1795.7,1795.7,1793.1,1794.4,10158
2026-06-12 09:50:00,1794.5,1795.8,1793.2,1793.9,4723
2026-06-12 09:55:00,1793.9,1795.2,1792.5,1794.4,4964
2026-06-12 10:00:00,1794.3,1795.7,1793.3,1794.4,5372
2026-06-12 10:05:00,1794.4,1796.8,1793.1,1795.9,9823
2026-06-12 10:10:00,1795.9,1798.0,1794.9,1796.9,6227
2026-06-12 10:15:00,1797.0,1797.0,1795.9,1796.2,5370
2026-06-12 10:20:00,1796.4,1797.4,1795.0,1796.4,9135
2026-06-12 10:25:00,1796.2,1800.0,1795.3,1800.0,27248
2026-06-12 10:30:00,1800.0,1803.4,1799.0,1802.5,29726
2026-06-12 10:35:00,1803.0,1805.0,1802.0,1804.4,9620
2026-06-12 10:40:00,1804.5,1806.7,1804.4,1805.9,16940
2026-06-12 10:45:00,1805.2,1806.2,1804.1,1805.7,10438
2026-06-12 10:50:00,1805.8,1806.8,1805.1,1806.2,6579
2026-06-12 10:55:00,1806.3,1807.0,1805.3,1807.0,6813
2026-06-12 11:00:00,1807.0,1807.9,1805.2,1807.0,13465
2026-06-12 11:05:00,1806.9,1809.0,1806.0,1807.1,20421
2026-06-12 11:10:00,1807.2,1808.5,1805.2,1807.7,24247
2026-06-12 11:15:00,1807.7,1810.0,1805.6,1806.5,34717
2026-06-12 11:20:00,1806.5,1807.7,1805.6,1807.6,4682
2026-06-12 11:25:00,1807.6,1808.2,1805.8,1807.4,12029
2026-06-12 11:30:00,1807.9,1811.0,1807.2,1810.5,35145
2026-06-12 11:35:00,1810.5,1811.6,1810.0,1811.6,13922
2026-06-12 11:40:00,1811.5,1814.5,1811.3,1813.1,18971
2026-06-12 11:45:00,1813.0,1813.1,1807.8,1808.3,33269
2026-06-12 11:50:00,1809.1,1810.2,1806.7,1808.3,22476
2026-06-12 11:55:00,1808.4,1811.4,1807.8,1808.4,28574
2026-06-12 12:00:00,1809.0,1809.6,1808.8,1809.1,3124
2026-06-12 12:05:00,1809.1,1809.4,1807.5,1807.9,4071
2026-06-12 12:10:00,1807.9,1808.0,1805.0,1807.5,9067
2026-06-12 12:15:00,1807.5,1810.9,1806.5,1810.4,31333
2026-06-12 12:20:00,1810.4,1811.3,1810.1,1810.9,4247
2026-06-12 12:25:00,1811.3,1811.6,1810.0,1810.0,4546
2026-06-12 12:30:00,1810.1,1811.0,1807.0,1807.4,18809
2026-06-12 12:35:00,1807.4,1808.1,1807.0,1807.6,3918
2026-06-12 12:40:00,1807.9,1810.7,1807.3,1809.0,29905
2026-06-12 12:45:00,1809.5,1810.0,1807.1,1809.8,27449
2026-06-12 12:50:00,1809.9,1810.2,1808.7,1809.2,14670
2026-06-12 12:55:00,1809.3,1810.3,1808.1,1809.7,11264
2026-06-12 13:00:00,1809.9,1810.2,1808.2,1808.9,23272
2026-06-12 13:05:00,1808.7,1809.7,1808.4,1808.8,4988
2026-06-12 13:10:00,1809.4,1809.7,1806.5,1807.4,6561
2026-06-12 13:15:00,1807.4,1807.8,1806.7,1807.1,2950
2026-06-12 13:20:00,1807.4,1807.8,1806.4,1806.7,3175
2026-06-12 13:25:00,1806.9,1810.0,1806.0,1807.0,7923
2026-06-12 13:30:00,1807.7,1809.1,1806.6,1808.4,10677
2026-06-12 13:35:00,1808.6,1810.5,1807.5,1809.8,15495
2026-06-12 13:40:00,1809.7,1810.5,1808.6,1809.1,15224
2026-06-12 13:45:00,1809.5,1809.7,1808.4,1809.1,6832
2026-06-12 13:50:00,1809.0,1810.3,1808.2,1809.5,10431
2026-06-12 13:55:00,1810.0,1810.0,1807.2,1807.8,6986
2026-06-12 14:00:00,1808.1,1809.0,1807.2,1807.7,4758
2026-06-12 14:05:00,1807.7,1808.7,1807.2,1807.9,4554
2026-06-12 14:10:00,1808.0,1808.7,1806.9,1808.7,5451
2026-06-12 14:15:00,1808.7,1808.7,1805.0,1806.8,23842
2026-06-12 14:20:00,1807.0,1807.0,1805.5,1805.6,7651
2026-06-12 14:25:00,1805.6,1806.8,1804.5,1806.6,13348
2026-06-12 14:30:00,1806.7,1807.7,1805.1,1806.4,11048
2026-06-12 14:35:00,1806.4,1806.8,1805.3,1806.5,11787
2026-06-12 14:40:00,1807.9,1809.2,1805.6,1807.6,35596
2026-06-12 14:45:00,1808.1,1808.1,1806.2,1806.8,8711
2026-06-12 14:50:00,1806.9,1807.1,1805.1,1805.9,10318
2026-06-12 14:55:00,1805.8,1805.9,1804.9,1805.6,11594
2026-06-12 15:00:00,1805.0,1809.3,1804.8,1808.7,69403
2026-06-12 15:05:00,1808.6,1810.8,1808.1,1809.8,70652
2026-06-12 15:10:00,1809.8,1809.8,1808.4,1808.6,29649
2026-06-12 15:15:00,1808.4,1808.5,1806.2,1806.2,44694
2026-06-12 15:20:00,1805.9,1806.9,1805.0,1806.7,28173
2026-06-12 15:25:00,1806.7,1807.2,1804.7,1807.0,37376
2026-06-15 09:15:00,1818.0,1818.0,1797.8,1802.6,53539
2026-06-15 09:20:00,1803.3,1807.4,1801.6,1802.0,14619
2026-06-15 09:25:00,1802.0,1807.4,1802.0,1804.2,47626
2026-06-15 09:30:00,1804.3,1805.8,1802.1,1805.0,10879
2026-06-15 09:35:00,1805.0,1806.3,1802.7,1806.2,15119
2026-06-15 09:40:00,1805.6,1806.4,1800.2,1803.5,14315
2026-06-15 09:45:00,1803.5,1805.0,1798.0,1805.0,242079
2026-06-15 09:50:00,1805.8,1806.2,1800.1,1800.9,17663
2026-06-15 09:55:00,1800.9,1802.5,1800.1,1802.3,6666
2026-06-15 10:00:00,1802.2,1802.5,1799.1,1801.6,122534
2026-06-15 10:05:00,1802.2,1803.3,1800.6,1801.5,6464
2026-06-15 10:10:00,1802.2,1803.0,1801.4,1802.0,10467
2026-06-15 10:15:00,1802.0,1803.0,1800.5,1801.0,6940
2026-06-15 10:20:00,1801.0,1803.2,1800.7,1801.4,14353
2026-06-15 10:25:00,1801.7,1802.9,1799.2,1800.0,19757
2026-06-15 10:30:00,1800.8,1801.9,1799.4,1801.0,11501
2026-06-15 10:35:00,1801.8,1806.7,1801.1,1805.0,13315
2026-06-15 10:40:00,1805.0,1806.7,1803.8,1805.1,12939
2026-06-15 10:45:00,1805.1,1805.7,1803.8,1805.1,9903
2026-06-15 10:50:00,1805.3,1808.0,1805.2,1806.4,8704
2026-06-15 10:55:00,1807.0,1808.2,1806.3,1806.4,8681
2026-06-15 11:00:00,1807.0,1807.1,1804.6,1806.5,9306
2026-06-15 11:05:00,1806.5,1806.5,1804.6,1805.2,5031
2026-06-15 11:10:00,1805.2,1807.4,1804.8,1805.2,10352
2026-06-15 11:15:00,1805.8,1807.9,1805.1,1806.7,6110
2026-06-15 11:20:00,1807.4,1808.4,1806.1,1807.7,17065
2026-06-15 11:25:00,1808.0,1808.9,1806.2,1806.5,9281
2026-06-15 11:30:00,1806.7,1806.7,1801.0,1801.0,24912
2026-06-15 11:35:00,1801.5,1804.1,1800.9,1804.1,5484
2026-06-15 11:40:00,1804.1,1804.6,1803.0,1803.7,4429
2026-06-15 11:45:00,1803.9,1804.0,1802.6,1802.9,5432
2026-06-15 11:50:00,1803.0,1804.0,1802.9,1803.1,3505
2026-06-15 11:55:00,1803.4,1804.5,1801.8,1804.0,102789
2026-06-15 12:00:00,1804.5,1805.0,1803.6,1804.0,5933
2026-06-15 12:05:00,1804.7,1806.7,1803.7,1805.2,9430
2026-06-15 12:10:00,1805.2,1806.0,1802.7,1803.7,16768
2026-06-15 12:15:00,1804.4,1804.4,1801.4,1801.5,6221
2026-06-15 12:20:00,1802.1,1804.5,1801.0,1803.7,15040
2026-06-15 12:25:00,1804.6,1807.0,1803.8,1806.3,42048
2026-06-15 12:30:00,1806.8,1807.4,1805.0,1807.0,43153
2026-06-15 12:35:00,1807.5,1807.6,1805.5,1806.0,14250
2026-06-15 12:40:00,1806.2,1806.9,1805.0,1805.1,39101
2026-06-15 12:45:00,1805.6,1805.8,1802.7,1804.2,13759
2026-06-15 12:50:00,1804.2,1804.8,1803.2,1803.7,6204
2026-06-15 12:55:00,1804.0,1805.3,1803.6,1804.9,4978
2026-06-15 13:00:00,1805.1,1805.1,1802.5,1803.4,8818
2026-06-15 13:05:00,1803.9,1804.4,1803.0,1804.0,6089
2026-06-15 13:10:00,1804.3,1804.5,1803.2,1803.2,5109
2026-06-15 13:15:00,1803.6,1805.0,1802.0,1803.5,7730
2026-06-15 13:20:00,1804.2,1807.2,1803.4,1804.7,61072
2026-06-15 13:25:00,1804.7,1805.0,1802.8,1803.1,11852
2026-06-15 13:30:00,1803.1,1807.3,1803.0,1806.1,80519
2026-06-15 13:35:00,1806.1,1806.1,1802.9,1803.1,18931
2026-06-15 13:40:00,1803.1,1803.7,1801.4,1802.3,15209
2026-06-15 13:45:00,1802.9,1804.0,1802.0,1803.3,12248
2026-06-15 13:50:00,1803.1,1804.0,1802.0,1803.0,27085
2026-06-15 13:55:00,1803.0,1803.1,1802.0,1803.0,13088
2026-06-15 14:00:00,1802.3,1804.2,1802.2,1803.8,12087
2026-06-15 14:05:00,1803.8,1804.1,1803.0,1804.0,6915
2026-06-15 14:10:00,1804.0,1804.4,1803.0,1804.0,8019
2026-06-15 14:15:00,1803.2,1804.4,1803.0,1803.0,10807
2026-06-15 14:20:00,1803.1,1804.4,1803.1,1804.4,8793
2026-06-15 14:25:00,1804.4,1805.1,1803.0,1803.5,42830
2026-06-15 14:30:00,1803.0,1806.0,1803.0,1804.7,34658
2026-06-15 14:35:00,1804.7,1805.8,1803.5,1805.1,26228
2026-06-15 14:40:00,1805.0,1808.4,1804.7,1807.0,38013
2026-06-15 14:45:00,1806.5,1809.1,1805.5,1807.5,24822
2026-06-15 14:50:00,1807.4,1809.0,1806.5,1808.6,17843
2026-06-15 14:55:00,1808.4,1808.6,1805.0,1806.0,13282
2026-06-15 15:00:00,1806.1,1806.7,1804.1,1804.9,94922
2026-06-15 15:05:00,1805.4,1807.4,1804.3,1807.1,111539
2026-06-15 15:10:00,1807.0,1807.2,1804.6,1806.0,125055
2026-06-15 15:15:00,1806.0,1807.2,1805.2,1807.0,86013
2026-06-15 15:20:00,1806.1,1807.5,1805.3,1807.0,95328
2026-06-15 15:25:00,1807.0,1807.1,1803.0,1804.1,70779
2026-06-16 09:15:00,1808.0,1809.9,1804.5,1806.9,18831
2026-06-16 09:20:00,1806.9,1806.9,1802.1,1803.7,10364
2026-06-16 09:25:00,1804.9,1806.5,1803.6,1803.6,5199
2026-06-16 09:30:00,1803.6,1805.1,1803.2,1804.0,5966
2026-06-16 09:35:00,1804.0,1804.5,1800.6,1803.6,16541
2026-06-16 09:40:00,1803.6,1805.5,1803.3,1804.6,8231
2026-06-16 09:45:00,1804.6,1804.6,1802.0,1803.7,5404
2026-06-16 09:50:00,1803.7,1806.4,1801.8,1805.6,10834
2026-06-16 09:55:00,1805.6,1806.0,1803.5,1804.5,4241
2026-06-16 10:00:00,1804.5,1805.0,1802.9,1804.9,4319
2026-06-16 10:05:00,1804.9,1806.6,1804.7,1806.4,8034
2026-06-16 10:10:00,1806.4,1806.4,1804.6,1805.2,3274
2026-06-16 10:15:00,1805.5,1806.2,1804.6,1805.5,4418
2026-06-16 10:20:00,1805.0,1805.8,1804.8,1805.3,3743
2026-06-16 10:25:00,1805.3,1806.4,1802.2,1802.9,18812
2026-06-16 10:30:00,1802.9,1803.5,1802.8,1803.1,5487
2026-06-16 10:35:00,1803.3,1803.3,1802.4,1802.5,3403
2026-06-16 10:40:00,1802.4,1803.3,1799.5,1800.5,39239
2026-06-16 10:45:00,1800.3,1800.5,1799.6,1799.8,16355
2026-06-16 10:50:00,1799.9,1804.8,1799.1,1804.3,20550
2026-06-16 10:55:00,1804.7,1804.7,1799.8,1800.4,19595
2026-06-16 11:00:00,1800.4,1800.4,1797.6,1800.0,29134
2026-06-16 11:05:00,1799.6,1800.0,1799.2,1799.9,8085
2026-06-16 11:10:00,1799.8,1799.8,1798.0,1798.6,4483
2026-06-16 11:15:00,1798.5,1798.8,1798.0,1798.0,3823
2026-06-16 11:20:00,1798.0,1798.2,1796.9,1797.8,37959
2026-06-16 11:25:00,1797.5,1797.5,1794.7,1794.8,18290
2026-06-16 11:30:00,1795.0,1795.4,1793.7,1794.6,7729
2026-06-16 11:35:00,1794.6,1796.0,1792.6,1794.5,30033
2026-06-16 11:40:00,1794.4,1794.7,1793.3,1794.3,7164
2026-06-16 11:45:00,1794.5,1794.6,1793.3,1793.9,4389
2026-06-16 11:50:00,1793.9,1795.3,1793.3,1795.1,6811
2026-06-16 11:55:00,1795.1,1800.0,1794.7,1799.1,50171
2026-06-16 12:00:00,1799.0,1799.3,1797.2,1798.4,10220
2026-06-16 12:05:00,1798.4,1800.4,1797.6,1800.0,44263
2026-06-16 12:10:00,1800.0,1800.3,1799.1,1799.7,9325
2026-06-16 12:15:00,1799.6,1799.8,1798.4,1799.1,4661
2026-06-16 12:20:00,1798.8,1799.5,1797.3,1799.5,5032
2026-06-16 12:25:00,1799.1,1800.1,1798.6,1798.8,34000
2026-06-16 12:30:00,1798.8,1798.8,1797.0,1797.5,5555
2026-06-16 12:35:00,1797.3,1798.5,1796.5,1797.1,4162
2026-06-16 12:40:00,1797.1,1797.4,1796.1,1797.4,6790
2026-06-16 12:45:00,1797.4,1797.4,1796.0,1797.2,7427
2026-06-16 12:50:00,1797.2,1797.8,1796.5,1797.0,8300
2026-06-16 12:55:00,1797.3,1797.8,1796.9,1797.3,3719
2026-06-16 13:00:00,1797.3,1798.1,1796.6,1797.7,9341
2026-06-16 13:05:00,1797.7,1797.9,1796.8,1797.8,6468
2026-06-16 13:10:00,1797.8,1797.8,1797.2,1797.6,5524
2026-06-16 13:15:00,1797.6,1799.7,1797.5,1799.4,9201
2026-06-16 13:20:00,1799.1,1800.0,1799.0,1800.0,9564
2026-06-16 13:25:00,1800.0,1800.9,1798.7,1800.9,15161
2026-06-16 13:30:00,1800.9,1802.5,1800.9,1802.4,8552
2026-06-16 13:35:00,1802.4,1803.6,1801.6,1802.2,9248
2026-06-16 13:40:00,1801.9,1803.0,1801.2,1802.1,11360
2026-06-16 13:45:00,1802.7,1802.7,1801.4,1801.7,4958
2026-06-16 13:50:00,1802.0,1802.0,1801.4,1801.5,3909
2026-06-16 13:55:00,1802.0,1802.0,1801.3,1801.8,5151
2026-06-16 14:00:00,1801.9,1803.0,1801.6,1802.1,11569
2026-06-16 14:05:00,1802.0,1802.4,1801.1,1802.1,5200
2026-06-16 14:10:00,1802.0,1804.0,1801.7,1803.3,8679
2026-06-16 14:15:00,1803.7,1804.1,1802.1,1802.5,9179
2026-06-16 14:20:00,1802.5,1803.9,1801.6,1803.9,11183
2026-06-16 14:25:00,1804.0,1807.1,1803.2,1806.7,33731
2026-06-16 14:30:00,1807.0,1808.0,1806.7,1807.5,22536
2026-06-16 14:35:00,1807.8,1809.4,1806.0,1809.4,37813
2026-06-16 14:40:00,1809.4,1809.9,1807.0,1807.1,19437
2026-06-16 14:45:00,1807.2,1807.2,1804.1,1806.4,19230
2026-06-16 14:50:00,1806.4,1807.0,1804.4,1805.3,17512
2026-06-16 14:55:00,1805.4,1805.7,1802.0,1802.7,17621
2026-06-16 15:00:00,1802.8,1802.8,1799.6,1800.1,85988
2026-06-16 15:05:00,1800.6,1800.8,1799.3,1800.0,95570
2026-06-16 15:10:00,1799.9,1800.6,1799.6,1800.2,71868
2026-06-16 15:15:00,1800.2,1802.0,1799.5,1799.9,86996
2026-06-16 15:20:00,1800.9,1801.6,1799.8,1800.6,83450
2026-06-16 15:25:00,1800.9,1805.0,1800.6,1805.0,52296
2026-06-17 09:15:00,1814.0,1814.0,1808.2,1811.2,44486
2026-06-17 09:20:00,1811.2,1817.4,1810.2,1815.1,32175
2026-06-17 09:25:00,1815.1,1815.1,1811.2,1813.9,16516
2026-06-17 09:30:00,1813.7,1815.0,1812.4,1813.0,21094
2026-06-17 09:35:00,1812.5,1816.8,1812.4,1816.3,14893
2026-06-17 09:40:00,1816.2,1821.6,1815.4,1820.6,39810
2026-06-17 09:45:00,1820.6,1821.4,1818.0,1818.9,19180
2026-06-17 09:50:00,1818.6,1818.6,1813.7,1813.9,20038
2026-06-17 09:55:00,1813.9,1815.9,1811.2,1815.2,40258
2026-06-17 10:00:00,1815.6,1820.0,1814.0,1818.9,25635
2026-06-17 10:05:00,1818.9,1818.9,1815.3,1815.6,18954
2026-06-17 10:10:00,1815.2,1815.5,1814.6,1815.2,9095
2026-06-17 10:15:00,1815.2,1817.1,1814.7,1816.0,16508
2026-06-17 10:20:00,1816.0,1816.4,1815.1,1815.8,83316
2026-06-17 10:25:00,1815.8,1816.0,1814.5,1815.4,8091
2026-06-17 10:30:00,1815.4,1815.5,1814.4,1815.2,9754
2026-06-17 10:35:00,1815.2,1815.3,1814.6,1815.2,10226
2026-06-17 10:40:00,1815.0,1815.5,1815.0,1815.5,7181
2026-06-17 10:45:00,1815.5,1816.0,1814.5,1815.3,7925
2026-06-17 10:50:00,1815.6,1815.6,1814.7,1815.0,7024
2026-06-17 10:55:00,1815.2,1817.0,1814.9,1815.5,15707
2026-06-17 11:00:00,1815.6,1815.7,1814.7,1815.3,15169
2026-06-17 11:05:00,1815.3,1815.4,1811.6,1811.6,24189
2026-06-17 11:10:00,1811.7,1812.0,1805.9,1806.1,47481
2026-06-17 11:15:00,1806.4,1806.7,1805.0,1806.1,15977
2026-06-17 11:20:00,1806.2,1806.4,1804.4,1805.0,10424
2026-06-17 11:25:00,1805.4,1807.7,1804.9,1806.9,13590
2026-06-17 11:30:00,1807.0,1809.3,1806.0,1806.2,13282
2026-06-17 11:35:00,1806.3,1807.4,1805.5,1807.1,9085
2026-06-17 11:40:00,1807.2,1807.2,1805.3,1805.4,14492
2026-06-17 11:45:00,1805.8,1805.8,1804.6,1804.7,8489
2026-06-17 11:50:00,1804.9,1808.1,1802.6,1806.7,20907
2026-06-17 11:55:00,1807.1,1809.7,1806.4,1807.7,15877
2026-06-17 12:00:00,1807.9,1807.9,1805.4,1807.5,10579
2026-06-17 12:05:00,1807.6,1808.4,1805.8,1805.8,9242
2026-06-17 12:10:00,1805.9,1808.9,1805.3,1807.2,8932
2026-06-17 12:15:00,1807.5,1810.8,1806.7,1810.1,33648
2026-06-17 12:20:00,1810.6,1810.6,1807.4,1807.5,8310
2026-06-17 12:25:00,1807.6,1807.6,1806.6,1806.8,9201
2026-06-17 12:30:00,1807.0,1807.1,1806.0,1806.6,6009
2026-06-17 12:35:00,1806.7,1809.7,1806.5,1809.0,9792
2026-06-17 12:40:00,1809.0,1809.6,1807.9,1808.6,7892
2026-06-17 12:45:00,1808.8,1809.0,1807.7,1807.7,5701
2026-06-17 12:50:00,1807.7,1807.8,1806.0,1806.1,8398
2026-06-17 12:55:00,1806.2,1807.2,1806.0,1806.7,6479
2026-06-17 13:00:00,1806.7,1808.7,1806.6,1808.6,10413
2026-06-17 13:05:00,1808.7,1811.8,1808.6,1811.1,15252
2026-06-17 13:10:00,1811.3,1812.4,1810.7,1811.8,25729
2026-06-17 13:15:00,1811.6,1814.0,1810.0,1811.0,21835
2026-06-17 13:20:00,1811.0,1811.9,1810.9,1811.4,6657
2026-06-17 13:25:00,1811.4,1811.4,1811.0,1811.2,5979
2026-06-17 13:30:00,1811.2,1811.2,1810.7,1810.7,3953
2026-06-17 13:35:00,1810.8,1812.0,1810.3,1811.6,9443
2026-06-17 13:40:00,1812.0,1813.9,1811.6,1813.4,36283
2026-06-17 13:45:00,1813.7,1814.0,1812.5,1813.1,11275
2026-06-17 13:50:00,1813.2,1813.6,1812.7,1812.7,8570
2026-06-17 13:55:00,1813.0,1813.0,1810.1,1811.4,13805
2026-06-17 14:00:00,1811.8,1812.9,1811.3,1811.9,10175
2026-06-17 14:05:00,1812.4,1812.6,1811.7,1812.0,3162
2026-06-17 14:10:00,1812.0,1812.5,1811.8,1812.5,6236
2026-06-17 14:15:00,1812.5,1812.7,1811.5,1812.7,8876
2026-06-17 14:20:00,1812.8,1812.9,1811.5,1811.9,6575
2026-06-17 14:25:00,1812.4,1812.4,1810.2,1810.2,8036
2026-06-17 14:30:00,1810.7,1811.9,1810.0,1810.9,10694
2026-06-17 14:35:00,1811.0,1813.0,1810.9,1813.0,13443
2026-06-17 14:40:00,1813.0,1814.0,1812.0,1814.0,11604
2026-06-17 14:45:00,1814.0,1814.0,1812.2,1813.1,18450
2026-06-17 14:50:00,1813.1,1813.1,1812.1,1812.7,8318
2026-06-17 14:55:00,1812.9,1816.5,1812.4,1816.0,43851
2026-06-17 15:00:00,1816.0,1823.4,1815.8,1819.2,165300
2026-06-17 15:05:00,1819.5,1821.1,1818.6,1819.4,70431
2026-06-17 15:10:00,1819.4,1820.4,1817.8,1820.4,111320
2026-06-17 15:15:00,1820.0,1821.7,1819.5,1821.0,149637
2026-06-17 15:20:00,1820.9,1822.0,1820.9,1821.6,76211
2026-06-17 15:25:00,1821.7,1823.0,1820.1,1821.0,76407
2026-06-18 09:15:00,1817.5,1825.9,1817.1,1820.4,56568
2026-06-18 09:20:00,1821.3,1828.5,1821.0,1828.3,35127
2026-06-18 09:25:00,1828.3,1829.9,1827.0,1827.0,33120
2026-06-18 09:30:00,1827.5,1829.5,1825.5,1826.4,32842
2026-06-18 09:35:00,1826.4,1826.8,1825.0,1826.0,7968
2026-06-18 09:40:00,1826.6,1826.8,1824.1,1824.7,22122
2026-06-18 09:45:00,1824.8,1825.4,1818.8,1820.0,38635
2026-06-18 09:50:00,1820.0,1821.0,1819.0,1819.3,7544
2026-06-18 09:55:00,1819.2,1821.0,1818.7,1820.1,11864
2026-06-18 10:00:00,1820.6,1821.0,1817.6,1818.2,11861
2026-06-18 10:05:00,1818.4,1819.5,1817.8,1818.4,6032
2026-06-18 10:10:00,1818.7,1820.7,1818.2,1819.9,7564
2026-06-18 10:15:00,1820.2,1821.0,1819.6,1820.7,6877
2026-06-18 10:20:00,1820.7,1821.0,1818.6,1819.4,7524
2026-06-18 10:25:00,1819.5,1819.8,1817.9,1817.9,8638
2026-06-18 10:30:00,1818.3,1820.6,1817.5,1819.9,6249
2026-06-18 10:35:00,1819.8,1820.9,1818.9,1818.9,6970
2026-06-18 10:40:00,1819.0,1819.7,1817.5,1818.8,8515
2026-06-18 10:45:00,1818.8,1819.2,1816.2,1816.3,10094
2026-06-18 10:50:00,1816.6,1817.9,1816.0,1816.1,8268
2026-06-18 10:55:00,1816.2,1817.0,1813.9,1816.6,11271
2026-06-18 11:00:00,1816.9,1817.8,1814.1,1815.5,18105
2026-06-18 11:05:00,1816.0,1816.7,1815.4,1815.7,212744
2026-06-18 11:10:00,1816.1,1817.8,1815.3,1817.4,13228
2026-06-18 11:15:00,1816.8,1817.4,1815.4,1815.4,7914
2026-06-18 11:20:00,1815.4,1816.3,1814.8,1816.0,25340
2026-06-18 11:25:00,1815.7,1817.5,1815.7,1816.7,8299
2026-06-18 11:30:00,1817.0,1817.0,1813.0,1813.8,22708
2026-06-18 11:35:00,1813.8,1815.0,1812.5,1814.5,17596
2026-06-18 11:40:00,1813.7,1814.9,1813.1,1813.6,6942
2026-06-18 11:45:00,1814.2,1814.5,1812.5,1813.6,8849
2026-06-18 11:50:00,1813.6,1816.5,1813.4,1815.5,25604
2026-06-18 11:55:00,1816.0,1816.4,1815.0,1815.6,11063
2026-06-18 12:00:00,1815.4,1816.6,1814.7,1815.0,10571
2026-06-18 12:05:00,1815.1,1815.7,1815.0,1815.3,9614
2026-06-18 12:10:00,1815.3,1815.9,1813.0,1814.5,34159
2026-06-18 12:15:00,1814.8,1816.0,1813.6,1815.7,16529
2026-06-18 12:20:00,1815.9,1816.0,1814.5,1814.9,7811
2026-06-18 12:25:00,1815.4,1816.3,1814.6,1816.0,11542
2026-06-18 12:30:00,1816.6,1819.4,1815.5,1819.1,13336
2026-06-18 12:35:00,1819.0,1819.8,1818.0,1818.9,12544
2026-06-18 12:40:00,1818.6,1819.9,1817.5,1819.7,40980
2026-06-18 12:45:00,1819.8,1821.5,1818.1,1818.4,36040
2026-06-18 12:50:00,1818.9,1822.0,1818.0,1821.8,37338
2026-06-18 12:55:00,1821.1,1822.1,1819.9,1821.3,22159
2026-06-18 13:00:00,1821.3,1821.9,1819.7,1820.0,13265
2026-06-18 13:05:00,1820.0,1820.7,1819.2,1820.0,11922
2026-06-18 13:10:00,1819.9,1820.9,1818.3,1820.3,13131
2026-06-18 13:15:00,1820.9,1822.4,1818.6,1819.4,54063
2026-06-18 13:20:00,1819.4,1821.9,1818.5,1820.9,39886
2026-06-18 13:25:00,1821.0,1821.6,1819.3,1819.7,10921
2026-06-18 13:30:00,1819.7,1822.0,1819.7,1820.5,37979
2026-06-18 13:35:00,1820.8,1821.8,1819.7,1819.9,8718
2026-06-18 13:40:00,1820.6,1821.0,1819.4,1820.5,11107
2026-06-18 13:45:00,1820.6,1822.8,1820.5,1821.5,11168
2026-06-18 13:50:00,1821.4,1822.6,1821.2,1821.8,20131
2026-06-18 13:55:00,1821.8,1823.0,1821.3,1821.7,22384
2026-06-18 14:00:00,1822.5,1824.0,1822.0,1823.3,11019
2026-06-18 14:05:00,1823.0,1824.5,1822.1,1822.3,31931
2026-06-18 14:10:00,1822.9,1823.8,1822.4,1822.6,8044
2026-06-18 14:15:00,1823.4,1824.2,1822.5,1823.3,28739
2026-06-18 14:20:00,1823.6,1824.0,1822.8,1823.5,7954
2026-06-18 14:25:00,1824.0,1826.4,1823.5,1826.0,11665
2026-06-18 14:30:00,1826.2,1826.3,1823.1,1826.1,13462
2026-06-18 14:35:00,1826.4,1827.4,1823.4,1824.6,38509
2026-06-18 14:40:00,1824.3,1825.2,1822.1,1824.5,83802
2026-06-18 14:45:00,1824.3,1825.0,1821.5,1821.7,23966
2026-06-18 14:50:00,1821.7,1823.2,1820.0,1821.9,28901
2026-06-18 14:55:00,1822.3,1826.0,1821.8,1825.5,14060
2026-06-18 15:00:00,1825.5,1827.4,1824.7,1827.1,50994
2026-06-18 15:05:00,1827.1,1830.0,1826.6,1827.3,80904
2026-06-18 15:10:00,1827.7,1829.4,1823.0,1823.9,97447
2026-06-18 15:15:00,1823.9,1824.2,1822.8,1822.9,55615
2026-06-18 15:20:00,1823.0,1825.1,1821.3,1822.8,169680
2026-06-18 15:25:00,1822.8,1828.0,1822.8,1826.5,64059
2026-06-19 09:15:00,1824.0,1839.1,1823.4,1836.7,73026
2026-06-19 09:20:00,1836.4,1838.9,1833.8,1835.0,45907
2026-06-19 09:25:00,1835.0,1835.7,1833.0,1834.0,30336
2026-06-19 09:30:00,1834.0,1835.5,1831.6,1832.6,14178
2026-06-19 09:35:00,1833.5,1833.8,1831.1,1833.0,11228
2026-06-19 09:40:00,1832.2,1834.0,1830.8,1831.2,11813
2026-06-19 09:45:00,1831.2,1832.0,1830.0,1831.9,9224
2026-06-19 09:50:00,1831.9,1833.0,1830.8,1833.0,8689
2026-06-19 09:55:00,1832.5,1834.8,1832.1,1833.8,10229
2026-06-19 10:00:00,1833.9,1834.0,1831.8,1832.3,14699
2026-06-19 10:05:00,1832.3,1833.2,1831.3,1831.7,20491
2026-06-19 10:10:00,1831.3,1836.1,1831.3,1836.1,24346
2026-06-19 10:15:00,1836.1,1836.1,1828.8,1829.3,20075
2026-06-19 10:20:00,1829.3,1829.9,1827.0,1829.0,7831
2026-06-19 10:25:00,1828.9,1828.9,1826.0,1828.0,10371
2026-06-19 10:30:00,1828.0,1829.6,1827.5,1829.5,4801
2026-06-19 10:35:00,1829.4,1832.5,1829.4,1832.0,7221
2026-06-19 10:40:00,1831.6,1832.0,1829.4,1830.8,16903
2026-06-19 10:45:00,1830.8,1831.0,1827.6,1828.2,9767
2026-06-19 10:50:00,1828.0,1828.9,1827.1,1828.9,5862
2026-06-19 10:55:00,1828.9,1829.0,1826.7,1826.7,3178
2026-06-19 11:00:00,1826.6,1827.3,1825.5,1826.4,5565
2026-06-19 11:05:00,1826.4,1826.9,1825.6,1826.7,3804
2026-06-19 11:10:00,1826.7,1827.6,1826.0,1826.7,7070
2026-06-19 11:15:00,1826.9,1827.1,1825.8,1826.5,4914
2026-06-19 11:20:00,1826.4,1831.4,1825.7,1830.8,23769
2026-06-19 11:25:00,1830.8,1832.5,1830.7,1831.5,5708
2026-06-19 11:30:00,1831.5,1832.5,1831.2,1832.2,5059
2026-06-19 11:35:00,1832.2,1833.0,1832.2,1832.7,5012
2026-06-19 11:40:00,1832.8,1833.0,1832.1,1832.8,3512
2026-06-19 11:45:00,1832.8,1833.9,1832.0,1833.9,16222
2026-06-19 11:50:00,1833.9,1834.1,1833.0,1833.0,16408
2026-06-19 11:55:00,1833.1,1833.9,1832.0,1832.5,44020
2026-06-19 12:00:00,1832.5,1833.0,1831.9,1832.6,6880
2026-06-19 12:05:00,1832.6,1835.4,1831.9,1834.8,37042
2026-06-19 12:10:00,1834.9,1834.9,1833.1,1833.5,6122
2026-06-19 12:15:00,1833.5,1834.0,1833.1,1833.5,3787
2026-06-19 12:20:00,1833.5,1835.4,1833.0,1833.2,33773
2026-06-19 12:25:00,1833.2,1833.8,1832.8,1833.1,39472
2026-06-19 12:30:00,1833.1,1834.6,1832.3,1834.5,36957
2026-06-19 12:35:00,1834.5,1835.1,1833.1,1835.1,18099
2026-06-19 12:40:00,1835.1,1835.8,1834.5,1835.4,86155
2026-06-19 12:45:00,1835.5,1835.5,1834.0,1835.0,28147
2026-06-19 12:50:00,1835.1,1835.5,1835.0,1835.1,9178
2026-06-19 12:55:00,1835.1,1835.1,1832.0,1832.5,61867
2026-06-19 13:00:00,1832.5,1832.5,1830.5,1831.7,15122
2026-06-19 13:05:00,1831.3,1832.0,1827.7,1829.1,38561
2026-06-19 13:10:00,1829.2,1831.2,1827.6,1828.0,30293
2026-06-19 13:15:00,1828.4,1829.7,1825.1,1826.4,29437
2026-06-19 13:20:00,1826.6,1826.6,1825.2,1825.5,7693
2026-06-19 13:25:00,1825.5,1827.1,1825.1,1825.5,6738
2026-06-19 13:30:00,1825.9,1826.0,1824.2,1825.3,11863
2026-06-19 13:35:00,1825.6,1826.5,1825.0,1826.1,3786
2026-06-19 13:40:00,1825.7,1825.8,1825.0,1825.2,5645
2026-06-19 13:45:00,1825.3,1825.6,1825.0,1825.3,7054
2026-06-19 13:50:00,1825.3,1825.9,1824.6,1825.1,6875
2026-06-19 13:55:00,1825.2,1827.3,1825.2,1825.6,8374
2026-06-19 14:00:00,1826.3,1829.2,1826.1,1827.9,11297
2026-06-19 14:05:00,1827.9,1830.1,1827.8,1827.8,12560
2026-06-19 14:10:00,1829.2,1830.7,1827.8,1830.3,8627
2026-06-19 14:15:00,1830.5,1831.0,1829.0,1829.5,11511
2026-06-19 14:20:00,1829.3,1831.3,1829.1,1829.9,9459
2026-06-19 14:25:00,1829.9,1830.0,1826.5,1827.0,37337
2026-06-19 14:30:00,1827.2,1827.9,1825.3,1826.5,10126
2026-06-19 14:35:00,1826.8,1827.4,1826.0,1826.1,33564
2026-06-19 14:40:00,1826.1,1827.0,1826.0,1826.9,4023
2026-06-19 14:45:00,1827.0,1827.1,1826.4,1826.9,20830
2026-06-19 14:50:00,1826.8,1826.8,1822.2,1823.5,30892
2026-06-19 14:55:00,1824.0,1825.0,1820.9,1822.9,142471
2026-06-19 15:00:00,1822.4,1838.8,1821.9,1838.5,185897
2026-06-19 15:05:00,1838.3,1841.8,1838.1,1839.9,124692
2026-06-19 15:10:00,1839.7,1841.6,1839.1,1840.6,107763
2026-06-19 15:15:00,1840.5,1842.0,1838.4,1842.0,125176
2026-06-19 15:20:00,1841.1,1842.7,1840.1,1841.8,135893
2026-06-19 15:25:00,1841.2,1841.9,1839.8,1841.0,70092
2026-06-22 09:15:00,1845.0,1847.1,1834.3,1834.9,54492
2026-06-22 09:20:00,1834.9,1844.4,1834.0,1837.2,32192
2026-06-22 09:25:00,1838.0,1840.9,1837.2,1838.8,18407
2026-06-22 09:30:00,1838.5,1842.2,1838.4,1842.2,9608
2026-06-22 09:35:00,1842.2,1843.9,1840.6,1843.7,10000
2026-06-22 09:40:00,1843.3,1844.1,1840.7,1841.1,7787
2026-06-22 09:45:00,1841.1,1842.3,1839.4,1839.5,10484
2026-06-22 09:50:00,1839.6,1840.2,1838.6,1839.6,4641
2026-06-22 09:55:00,1839.6,1840.1,1836.5,1838.8,12900
2026-06-22 10:00:00,1838.8,1841.5,1838.6,1841.3,6612
2026-06-22 10:05:00,1841.3,1842.7,1840.2,1841.5,8658
2026-06-22 10:10:00,1841.5,1842.6,1841.0,1841.5,9540
2026-06-22 10:15:00,1841.7,1844.8,1840.0,1844.5,16097
2026-06-22 10:20:00,1844.9,1846.0,1843.4,1845.7,8737
2026-06-22 10:25:00,1845.4,1849.1,1844.9,1848.8,16221
2026-06-22 10:30:00,1849.1,1850.0,1844.2,1847.6,35731
2026-06-22 10:35:00,1847.6,1848.8,1846.1,1846.5,9579
2026-06-22 10:40:00,1846.9,1850.5,1844.8,1850.4,12858
2026-06-22 10:45:00,1850.6,1851.8,1850.1,1851.3,7251
2026-06-22 10:50:00,1851.0,1853.3,1849.2,1850.6,23960
2026-06-22 10:55:00,1851.0,1852.0,1847.6,1848.1,8631
2026-06-22 11:00:00,1848.9,1848.9,1846.4,1846.4,6736
2026-06-22 11:05:00,1847.1,1847.6,1845.4,1845.4,6535
2026-06-22 11:10:00,1845.3,1847.2,1845.3,1846.7,4215
2026-06-22 11:15:00,1846.1,1847.2,1845.2,1846.3,6522
2026-06-22 11:20:00,1846.2,1846.9,1845.5,1846.7,3156
2026-06-22 11:25:00,1846.8,1847.6,1845.5,1847.4,4735
2026-06-22 11:30:00,1847.6,1848.4,1847.1,1848.0,3827
2026-06-22 11:35:00,1848.0,1851.5,1847.6,1851.4,15671
2026-06-22 11:40:00,1851.5,1851.5,1850.0,1851.0,4535
2026-06-22 11:45:00,1851.0,1851.9,1850.1,1851.2,4698
2026-06-22 11:50:00,1851.9,1853.0,1850.3,1850.6,9582
2026-06-22 11:55:00,1850.4,1851.2,1849.4,1850.6,4446
2026-06-22 12:00:00,1850.8,1852.1,1846.0,1847.9,7363
2026-06-22 12:05:00,1847.6,1849.7,1846.1,1849.3,5439
2026-06-22 12:10:00,1848.7,1849.5,1848.0,1848.0,2840
2026-06-22 12:15:00,1848.2,1851.0,1848.0,1851.0,4301
2026-06-22 12:20:00,1850.9,1852.0,1850.3,1851.7,3160
2026-06-22 12:25:00,1851.7,1852.3,1851.5,1852.0,3191
2026-06-22 12:30:00,1851.7,1852.1,1851.5,1851.6,3523
2026-06-22 12:35:00,1852.1,1856.0,1851.7,1856.0,29008
2026-06-22 12:40:00,1856.0,1857.6,1855.0,1856.4,21432
2026-06-22 12:45:00,1856.4,1859.2,1855.2,1858.2,54948
2026-06-22 12:50:00,1858.5,1858.7,1856.3,1857.5,19427
2026-06-22 12:55:00,1857.3,1859.0,1857.3,1858.1,17533
2026-06-22 13:00:00,1858.1,1859.0,1857.5,1857.5,12599
2026-06-22 13:05:00,1857.7,1860.8,1856.5,1859.9,32519
2026-06-22 13:10:00,1859.9,1862.3,1859.4,1861.5,30311
2026-06-22 13:15:00,1861.3,1862.7,1860.2,1860.9,18726
2026-06-22 13:20:00,1860.9,1863.0,1860.9,1861.1,21562
2026-06-22 13:25:00,1861.4,1861.4,1858.1,1858.6,16122
2026-06-22 13:30:00,1859.3,1860.9,1859.3,1860.8,19118
2026-06-22 13:35:00,1860.8,1861.6,1858.5,1859.5,14044
2026-06-22 13:40:00,1859.4,1860.4,1857.6,1859.0,33429
2026-06-22 13:45:00,1859.0,1859.6,1858.3,1858.9,6664
2026-06-22 13:50:00,1858.8,1860.0,1857.6,1858.3,15324
2026-06-22 13:55:00,1858.3,1858.4,1853.6,1856.6,46937
2026-06-22 14:00:00,1856.8,1856.8,1854.1,1856.0,20839
2026-06-22 14:05:00,1856.2,1857.0,1855.4,1857.0,11745
2026-06-22 14:10:00,1857.0,1860.0,1856.7,1859.9,36009
2026-06-22 14:15:00,1859.8,1860.8,1859.3,1860.2,17557
2026-06-22 14:20:00,1860.2,1860.7,1856.7,1858.1,16750
2026-06-22 14:25:00,1857.4,1858.9,1857.0,1857.2,17240
2026-06-22 14:30:00,1857.9,1859.6,1857.4,1859.2,11074
2026-06-22 14:35:00,1859.6,1859.8,1858.2,1859.0,13229
2026-06-22 14:40:00,1858.6,1860.8,1858.1,1859.3,18155
2026-06-22 14:45:00,1859.4,1859.5,1858.7,1859.2,9389
2026-06-22 14:50:00,1859.4,1864.0,1858.8,1863.7,44571
2026-06-22 14:55:00,1863.8,1864.0,1862.2,1862.7,35952
2026-06-22 15:00:00,1863.4,1863.4,1859.4,1860.9,53395
2026-06-22 15:05:00,1860.9,1863.1,1860.6,1862.7,54202
2026-06-22 15:10:00,1862.6,1863.5,1862.3,1862.9,63391
2026-06-22 15:15:00,1862.9,1863.3,1862.3,1862.5,72420
2026-06-22 15:20:00,1862.4,1864.3,1862.4,1863.3,127681
2026-06-22 15:25:00,1862.5,1865.2,1862.1,1864.0,120128
2026-06-23 09:15:00,1870.0,1874.2,1863.5,1870.7,120051
2026-06-23 09:20:00,1870.7,1878.8,1869.0,1877.0,44181
2026-06-23 09:25:00,1877.0,1885.5,1875.2,1885.0,89676
2026-06-23 09:30:00,1885.4,1895.8,1882.4,1893.4,98169
2026-06-23 09:35:00,1893.4,1902.4,1892.0,1892.8,155320
2026-06-23 09:40:00,1892.8,1894.6,1887.5,1890.8,53816
2026-06-23 09:45:00,1890.7,1893.4,1890.1,1892.5,22366
2026-06-23 09:50:00,1893.0,1896.6,1893.0,1894.0,36526
2026-06-23 09:55:00,1894.5,1897.8,1893.5,1897.8,25688
2026-06-23 10:00:00,1898.0,1899.6,1891.5,1891.7,50216
2026-06-23 10:05:00,1892.0,1894.7,1888.0,1889.1,78437
2026-06-23 10:10:00,1889.9,1890.7,1888.0,1890.0,31169
2026-06-23 10:15:00,1890.0,1890.0,1885.4,1885.4,33715
2026-06-23 10:20:00,1885.6,1890.0,1885.4,1890.0,26991
2026-06-23 10:25:00,1890.0,1897.2,1890.0,1893.6,47462
2026-06-23 10:30:00,1893.6,1893.9,1883.6,1889.1,66479
2026-06-23 10:35:00,1889.1,1891.0,1888.2,1889.2,50716
2026-06-23 10:40:00,1889.0,1891.5,1889.0,1890.9,20221
2026-06-23 10:45:00,1891.4,1892.3,1890.4,1892.3,12017
2026-06-23 10:50:00,1892.5,1893.9,1890.9,1891.3,21585
2026-06-23 10:55:00,1891.6,1892.7,1890.9,1892.6,10203
2026-06-23 11:00:00,1892.7,1895.0,1892.0,1895.0,28014
2026-06-23 11:05:00,1894.8,1896.0,1892.0,1893.0,23585
2026-06-23 11:10:00,1893.0,1894.7,1891.1,1893.8,36396
2026-06-23 11:15:00,1893.3,1896.0,1892.3,1896.0,31040
2026-06-23 11:20:00,1895.7,1898.0,1895.0,1895.7,32311
2026-06-23 11:25:00,1896.1,1896.1,1890.2,1890.9,73615
2026-06-23 11:30:00,1890.6,1891.5,1888.6,1888.8,25866
2026-06-23 11:35:00,1888.8,1890.0,1887.8,1889.5,26291
2026-06-23 11:40:00,1889.5,1889.5,1888.0,1888.3,16996
2026-06-23 11:45:00,1888.1,1888.5,1884.0,1886.8,40038
2026-06-23 11:50:00,1887.0,1888.4,1884.3,1885.3,30680
2026-06-23 11:55:00,1885.8,1885.8,1881.7,1884.0,24595
2026-06-23 12:00:00,1884.1,1885.2,1883.3,1885.0,14934
2026-06-23 12:05:00,1885.2,1886.7,1884.5,1885.0,24780
2026-06-23 12:10:00,1884.8,1886.0,1884.5,1885.5,11828
2026-06-23 12:15:00,1885.3,1887.7,1884.6,1886.0,17950
2026-06-23 12:20:00,1886.1,1886.4,1882.1,1884.2,12125
2026-06-23 12:25:00,1884.4,1886.2,1884.4,1886.2,8981
2026-06-23 12:30:00,1885.9,1887.0,1885.0,1886.8,11406
2026-06-23 12:35:00,1887.0,1888.7,1884.6,1885.7,29391
2026-06-23 12:40:00,1886.1,1886.3,1884.5,1885.0,13187
2026-06-23 12:45:00,1885.0,1886.9,1884.1,1884.6,13379
2026-06-23 12:50:00,1884.0,1885.0,1882.9,1884.1,11072
2026-06-23 12:55:00,1884.1,1884.9,1881.6,1882.9,20218
2026-06-23 13:00:00,1883.0,1883.8,1877.9,1877.9,34316
2026-06-23 13:05:00,1878.0,1878.5,1877.0,1878.0,17150
2026-06-23 13:10:00,1878.0,1878.1,1875.3,1875.3,14912
2026-06-23 13:15:00,1874.8,1878.0,1874.0,1877.5,27701
2026-06-23 13:20:00,1877.9,1878.0,1874.4,1878.0,32495
2026-06-23 13:25:00,1878.0,1878.0,1877.6,1877.6,8559
2026-06-23 13:30:00,1877.7,1878.0,1874.2,1874.2,14965
2026-06-23 13:35:00,1874.7,1877.6,1874.0,1877.2,13885
2026-06-23 13:40:00,1877.3,1877.8,1875.6,1876.1,9243
2026-06-23 13:45:00,1876.2,1876.5,1873.8,1876.3,8429
2026-06-23 13:50:00,1875.7,1875.9,1873.5,1874.8,8909
2026-06-23 13:55:00,1874.9,1876.3,1869.7,1871.1,85579
2026-06-23 14:00:00,1871.3,1875.2,1870.7,1875.1,11689
2026-06-23 14:05:00,1875.3,1875.9,1873.8,1875.5,13462
2026-06-23 14:10:00,1875.6,1876.8,1875.1,1875.3,7846
2026-06-23 14:15:00,1875.6,1877.0,1875.1,1875.4,9126
2026-06-23 14:20:00,1875.6,1878.6,1875.3,1878.6,11652
2026-06-23 14:25:00,1878.6,1879.7,1877.3,1878.5,14853
2026-06-23 14:30:00,1878.5,1879.4,1878.1,1878.7,17433
2026-06-23 14:35:00,1878.9,1880.4,1877.1,1880.0,13706
2026-06-23 14:40:00,1880.1,1882.8,1878.4,1880.8,27744
2026-06-23 14:45:00,1881.3,1882.4,1880.3,1881.0,17377
2026-06-23 14:50:00,1881.5,1882.3,1881.2,1881.3,17664
2026-06-23 14:55:00,1881.8,1883.2,1880.1,1880.6,38105
2026-06-23 15:00:00,1880.6,1880.6,1863.7,1868.3,124563
2026-06-23 15:05:00,1868.2,1872.1,1868.1,1869.2,82457
2026-06-23 15:10:00,1869.3,1870.6,1868.0,1868.7,81886
2026-06-23 15:15:00,1869.2,1870.1,1865.4,1868.1,108109
2026-06-23 15:20:00,1868.0,1870.9,1865.7,1868.4,153193
2026-06-23 15:25:00,1868.4,1868.9,1861.2,1867.0,105059
2026-06-24 09:15:00,1868.0,1877.9,1867.6,1876.3,38356
2026-06-24 09:20:00,1876.3,1879.0,1874.0,1874.8,16492
2026-06-24 09:25:00,1874.7,1877.7,1874.0,1874.3,15508
2026-06-24 09:30:00,1875.0,1875.9,1872.5,1872.9,12327
2026-06-24 09:35:00,1872.9,1876.8,1871.0,1876.2,20393
2026-06-24 09:40:00,1876.8,1877.3,1872.5,1872.6,10105
2026-06-24 09:45:00,1873.3,1873.3,1867.8,1867.9,15518
2026-06-24 09:50:00,1867.6,1870.4,1866.7,1869.6,9795
2026-06-24 09:55:00,1870.1,1872.0,1869.1,1869.7,7459
2026-06-24 10:00:00,1869.6,1873.0,1869.6,1872.8,8312
2026-06-24 10:05:00,1872.8,1873.0,1866.2,1867.2,12778
2026-06-24 10:10:00,1867.1,1867.9,1864.9,1866.5,9707
2026-06-24 10:15:00,1866.8,1871.9,1866.8,1870.1,14035
2026-06-24 10:20:00,1870.1,1873.6,1869.8,1873.1,10606
2026-06-24 10:25:00,1873.0,1876.2,1871.4,1872.2,34910
2026-06-24 10:30:00,1872.4,1874.4,1872.4,1873.8,7492
2026-06-24 10:35:00,1873.8,1874.1,1872.3,1873.0,8842
2026-06-24 10:40:00,1873.0,1873.5,1871.3,1872.0,16899
2026-06-24 10:45:00,1872.1,1872.8,1871.5,1872.0,10026
2026-06-24 10:50:00,1872.0,1873.9,1866.0,1867.0,64268
2026-06-24 10:55:00,1867.0,1869.1,1866.4,1869.0,9383
2026-06-24 11:00:00,1869.0,1869.3,1866.0,1866.0,7908
2026-06-24 11:05:00,1866.4,1868.0,1865.2,1867.8,10758
2026-06-24 11:10:00,1867.9,1867.9,1865.2,1865.5,9111
2026-06-24 11:15:00,1866.0,1867.3,1865.8,1866.5,10393
2026-06-24 11:20:00,1866.0,1871.1,1865.8,1870.9,45939
2026-06-24 11:25:00,1870.9,1871.6,1869.5,1871.4,12245
2026-06-24 11:30:00,1871.4,1873.0,1870.1,1872.3,11971
2026-06-24 11:35:00,1872.3,1875.0,1871.5,1875.0,21161
2026-06-24 11:40:00,1874.9,1876.0,1872.1,1873.8,42265
2026-06-24 11:45:00,1873.8,1874.8,1871.6,1873.3,16568
2026-06-24 11:50:00,1873.3,1874.1,1871.9,1872.2,17671
2026-06-24 11:55:00,1872.3,1873.6,1871.5,1872.6,14633
2026-06-24 12:00:00,1872.7,1874.1,1872.0,1874.0,14473
2026-06-24 12:05:00,1874.0,1875.1,1873.2,1873.7,18777
2026-06-24 12:10:00,1874.0,1875.0,1873.6,1874.4,12290
2026-06-24 12:15:00,1874.4,1875.4,1873.6,1874.9,12970
2026-06-24 12:20:00,1875.0,1875.0,1873.0,1874.5,13549
2026-06-24 12:25:00,1874.5,1874.7,1872.1,1872.6,14396
2026-06-24 12:30:00,1873.1,1874.1,1871.5,1874.1,15329
2026-06-24 12:35:00,1874.1,1875.9,1873.0,1875.0,13283
2026-06-24 12:40:00,1875.1,1877.6,1874.3,1877.4,26973
2026-06-24 12:45:00,1877.4,1877.4,1876.2,1876.5,11196
2026-06-24 12:50:00,1876.5,1876.5,1875.6,1876.4,6507
2026-06-24 12:55:00,1876.4,1877.7,1876.0,1877.0,12038
2026-06-24 13:00:00,1876.8,1877.1,1875.1,1875.2,9377
2026-06-24 13:05:00,1875.3,1877.7,1875.0,1876.9,13259
2026-06-24 13:10:00,1876.9,1879.6,1876.3,1879.6,14734
2026-06-24 13:15:00,1879.6,1882.1,1879.4,1879.7,35170
2026-06-24 13:20:00,1879.8,1880.0,1878.1,1878.3,8045
2026-06-24 13:25:00,1878.9,1880.9,1878.3,1880.8,12464
2026-06-24 13:30:00,1881.0,1881.5,1880.1,1881.0,11041
2026-06-24 13:35:00,1880.2,1882.0,1880.1,1881.3,16039
2026-06-24 13:40:00,1881.1,1881.7,1880.7,1880.7,7055
2026-06-24 13:45:00,1880.9,1881.0,1879.0,1879.4,10456
2026-06-24 13:50:00,1879.1,1879.9,1878.6,1879.3,7100
2026-06-24 13:55:00,1878.9,1880.1,1878.3,1879.7,6648
2026-06-24 14:00:00,1879.8,1879.8,1876.3,1876.3,8902
2026-06-24 14:05:00,1876.3,1877.0,1875.8,1876.8,6634
2026-06-24 14:10:00,1876.8,1877.0,1876.2,1876.8,6788
2026-06-24 14:15:00,1876.8,1877.0,1874.0,1875.0,44427
2026-06-24 14:20:00,1875.1,1876.0,1874.6,1875.9,22771
2026-06-24 14:25:00,1875.8,1877.7,1874.9,1874.9,25489
2026-06-24 14:30:00,1875.1,1876.5,1874.8,1875.0,7099
2026-06-24 14:35:00,1875.0,1877.3,1874.6,1877.2,12625
2026-06-24 14:40:00,1877.2,1878.9,1877.2,1877.4,19107
2026-06-24 14:45:00,1877.4,1877.7,1875.5,1876.0,15430
2026-06-24 14:50:00,1876.0,1878.6,1875.8,1878.4,22498
2026-06-24 14:55:00,1878.1,1878.7,1875.2,1875.5,22923
2026-06-24 15:00:00,1874.9,1877.1,1873.3,1875.8,48151
2026-06-24 15:05:00,1875.7,1875.8,1874.0,1874.1,40089
2026-06-24 15:10:00,1874.3,1874.4,1872.7,1872.7,48118
2026-06-24 15:15:00,1872.7,1875.7,1872.7,1873.4,45942
2026-06-24 15:20:00,1873.3,1876.0,1872.1,1872.1,63544
2026-06-24 15:25:00,1872.1,1876.0,1870.7,1874.1,44719
2026-06-25 09:15:00,1870.0,1883.0,1870.0,1875.8,22620
2026-06-25 09:20:00,1874.6,1875.0,1870.5,1873.7,5902
2026-06-25 09:25:00,1873.2,1873.3,1870.8,1871.8,6047
2026-06-25 09:30:00,1871.4,1871.8,1870.0,1870.1,8819
2026-06-25 09:35:00,1870.9,1873.9,1870.1,1873.3,5523
2026-06-25 09:40:00,1873.6,1876.0,1873.3,1874.4,9813
2026-06-25 09:45:00,1874.0,1878.3,1873.2,1877.4,10626
2026-06-25 09:50:00,1878.1,1878.5,1875.1,1878.4,40513
2026-06-25 09:55:00,1878.5,1880.0,1877.9,1879.0,13833
2026-06-25 10:00:00,1879.0,1880.0,1876.6,1879.0,19815
2026-06-25 10:05:00,1879.0,1879.0,1875.3,1877.3,28516
2026-06-25 10:10:00,1877.5,1879.5,1875.1,1877.6,39751
2026-06-25 10:15:00,1877.6,1879.5,1877.0,1879.1,14768
2026-06-25 10:20:00,1879.1,1882.5,1879.0,1880.8,31706
2026-06-25 10:25:00,1881.0,1884.6,1878.2,1883.7,43500
2026-06-25 10:30:00,1883.6,1884.9,1883.0,1884.5,17517
2026-06-25 10:35:00,1884.5,1885.9,1883.5,1883.9,20884
2026-06-25 10:40:00,1884.0,1884.6,1883.3,1883.9,11072
2026-06-25 10:45:00,1883.4,1885.1,1882.8,1884.1,15343
2026-06-25 10:50:00,1884.4,1887.0,1884.2,1886.8,13846
2026-06-25 10:55:00,1886.9,1887.0,1885.0,1886.7,11780
2026-06-25 11:00:00,1886.1,1886.4,1877.7,1879.2,12324
2026-06-25 11:05:00,1879.0,1879.6,1878.3,1879.0,23040
2026-06-25 11:10:00,1878.9,1879.6,1877.1,1879.0,12709
2026-06-25 11:15:00,1878.6,1879.4,1877.3,1878.5,7152
2026-06-25 11:20:00,1878.4,1879.4,1877.1,1878.7,18971
2026-06-25 11:25:00,1879.0,1879.4,1877.7,1878.3,5509
2026-06-25 11:30:00,1878.1,1878.9,1877.1,1878.2,5865
2026-06-25 11:35:00,1878.1,1879.0,1877.0,1879.0,4258
2026-06-25 11:40:00,1878.9,1879.3,1877.3,1878.1,5740
2026-06-25 11:45:00,1877.9,1879.0,1877.2,1878.7,7981
2026-06-25 11:50:00,1878.4,1878.5,1876.6,1878.2,8513
2026-06-25 11:55:00,1877.9,1879.0,1877.9,1879.0,9984
2026-06-25 12:00:00,1878.9,1879.0,1877.3,1878.0,9530
2026-06-25 12:05:00,1877.9,1878.6,1876.6,1877.0,4211
2026-06-25 12:10:00,1877.0,1879.0,1875.6,1876.8,36538
2026-06-25 12:15:00,1876.5,1877.0,1875.0,1876.5,7870
2026-06-25 12:20:00,1876.3,1876.5,1871.6,1872.9,14714
2026-06-25 12:25:00,1872.6,1873.2,1870.0,1873.1,13970
2026-06-25 12:30:00,1873.1,1873.6,1869.8,1873.1,14886
2026-06-25 12:35:00,1872.7,1873.2,1872.4,1872.6,5229
2026-06-25 12:40:00,1872.6,1873.1,1870.5,1871.8,6385
2026-06-25 12:45:00,1871.7,1873.1,1870.6,1872.8,5922
2026-06-25 12:50:00,1872.7,1873.2,1867.8,1868.7,26131
2026-06-25 12:55:00,1868.9,1869.0,1864.8,1864.9,30278
2026-06-25 13:00:00,1865.0,1865.0,1862.8,1863.9,14956
2026-06-25 13:05:00,1864.8,1867.9,1864.0,1867.4,9998
2026-06-25 13:10:00,1867.6,1867.9,1863.8,1864.8,7903
2026-06-25 13:15:00,1865.0,1867.2,1864.7,1867.2,4563
2026-06-25 13:20:00,1867.2,1867.2,1864.7,1864.7,16833
2026-06-25 13:25:00,1864.8,1865.0,1863.0,1863.4,5555
2026-06-25 13:30:00,1863.4,1864.1,1863.1,1863.5,6653
2026-06-25 13:35:00,1863.4,1864.1,1863.0,1863.6,5685
2026-06-25 13:40:00,1863.9,1865.0,1863.6,1865.0,9950
2026-06-25 13:45:00,1864.9,1865.0,1864.9,1865.0,21867
2026-06-25 13:50:00,1865.0,1865.0,1863.4,1864.3,17227
2026-06-25 13:55:00,1863.9,1865.0,1861.2,1865.0,41490
2026-06-25 14:00:00,1864.9,1867.7,1864.9,1867.7,45030
2026-06-25 14:05:00,1867.5,1870.6,1866.9,1868.5,16979
2026-06-25 14:10:00,1868.5,1869.2,1865.9,1867.2,16676
2026-06-25 14:15:00,1866.9,1866.9,1863.9,1864.5,16966
2026-06-25 14:20:00,1865.0,1865.0,1860.6,1862.0,31953
2026-06-25 14:25:00,1862.0,1863.5,1861.9,1862.9,13606
2026-06-25 14:30:00,1862.4,1865.0,1862.4,1862.8,46361
2026-06-25 14:35:00,1862.9,1869.7,1862.9,1867.7,47280
2026-06-25 14:40:00,1868.1,1870.0,1865.6,1866.1,31588
2026-06-25 14:45:00,1866.5,1869.8,1866.2,1867.0,26668
2026-06-25 14:50:00,1867.5,1870.9,1867.5,1869.9,33689
2026-06-25 14:55:00,1870.2,1870.3,1867.6,1869.6,23431
2026-06-25 15:00:00,1869.6,1869.6,1858.0,1860.0,105751
2026-06-25 15:05:00,1859.9,1864.8,1859.6,1862.6,121820
2026-06-25 15:10:00,1862.8,1864.2,1861.8,1863.0,91600
2026-06-25 15:15:00,1863.2,1865.1,1862.0,1865.0,110869
2026-06-25 15:20:00,1864.9,1865.0,1860.6,1863.1,103769
2026-06-25 15:25:00,1863.2,1867.2,1861.3,1862.3,76331
2026-06-29 09:15:00,1876.8,1889.9,1855.9,1889.2,136740
2026-06-29 09:20:00,1889.0,1893.8,1888.2,1892.6,58291
2026-06-29 09:25:00,1893.3,1897.1,1885.3,1886.0,51915
2026-06-29 09:30:00,1886.0,1891.8,1885.2,1888.6,32267
2026-06-29 09:35:00,1888.7,1891.6,1887.0,1890.7,33080
2026-06-29 09:40:00,1889.7,1894.5,1888.2,1894.0,26033
2026-06-29 09:45:00,1893.3,1894.0,1889.8,1891.7,22063
2026-06-29 09:50:00,1891.7,1893.7,1890.8,1891.9,38034
2026-06-29 09:55:00,1892.7,1892.9,1889.5,1891.0,18077
2026-06-29 10:00:00,1891.6,1894.8,1890.5,1894.4,21021
2026-06-29 10:05:00,1894.8,1894.8,1892.4,1892.7,10505
2026-06-29 10:10:00,1892.9,1895.0,1892.8,1894.0,17134
2026-06-29 10:15:00,1893.5,1894.9,1890.2,1892.0,13478
2026-06-29 10:20:00,1891.9,1891.9,1887.8,1889.4,27810
2026-06-29 10:25:00,1889.4,1890.0,1886.9,1889.7,13841
2026-06-29 10:30:00,1889.5,1890.5,1889.0,1889.3,9423
2026-06-29 10:35:00,1888.9,1891.7,1888.3,1891.5,7352
2026-06-29 10:40:00,1891.3,1893.8,1889.8,1890.6,11378
2026-06-29 10:45:00,1890.0,1891.8,1889.2,1891.8,9111
2026-06-29 10:50:00,1891.7,1891.9,1889.1,1890.5,7064
2026-06-29 10:55:00,1890.8,1891.0,1888.7,1889.4,7741
2026-06-29 11:00:00,1889.2,1890.7,1889.2,1890.0,10148
2026-06-29 11:05:00,1889.7,1890.0,1888.2,1889.3,8490
2026-06-29 11:10:00,1889.3,1892.9,1889.2,1892.5,13603
2026-06-29 11:15:00,1892.5,1893.3,1891.2,1891.9,45838
2026-06-29 11:20:00,1891.7,1891.7,1885.9,1886.6,23023
2026-06-29 11:25:00,1886.8,1889.2,1886.8,1888.6,6204
2026-06-29 11:30:00,1888.5,1889.0,1882.9,1888.0,36435
2026-06-29 11:35:00,1887.6,1890.0,1887.6,1889.9,8541
2026-06-29 11:40:00,1889.6,1894.7,1889.6,1892.7,18068
2026-06-29 11:45:00,1892.3,1892.6,1891.0,1892.0,7461
2026-06-29 11:50:00,1891.8,1891.9,1887.3,1887.8,11469
2026-06-29 11:55:00,1887.5,1888.6,1885.5,1886.5,13263
2026-06-29 12:00:00,1886.3,1888.2,1885.3,1887.9,6351
2026-06-29 12:05:00,1887.7,1888.7,1887.0,1887.5,6894
2026-06-29 12:10:00,1887.1,1887.2,1884.5,1885.3,12174
2026-06-29 12:15:00,1885.3,1885.8,1883.1,1883.8,10122
2026-06-29 12:20:00,1883.8,1884.0,1882.2,1883.6,11020
2026-06-29 12:25:00,1883.5,1884.7,1882.2,1883.4,8381
2026-06-29 12:30:00,1883.0,1883.5,1880.6,1881.9,8228
2026-06-29 12:35:00,1881.6,1882.1,1881.0,1881.0,7009
2026-06-29 12:40:00,1880.9,1883.8,1880.9,1882.4,9493
2026-06-29 12:45:00,1882.4,1883.3,1880.1,1881.0,11385
2026-06-29 12:50:00,1880.6,1882.5,1880.6,1881.7,6130
2026-06-29 12:55:00,1881.8,1882.7,1881.3,1882.7,7272
2026-06-29 13:00:00,1882.8,1883.6,1879.3,1880.6,9219
2026-06-29 13:05:00,1880.2,1880.9,1878.2,1878.8,20906
2026-06-29 13:10:00,1879.2,1879.2,1876.5,1877.1,10036
2026-06-29 13:15:00,1876.6,1878.9,1876.1,1877.6,9468
2026-06-29 13:20:00,1877.4,1878.1,1873.9,1876.5,22327
2026-06-29 13:25:00,1876.0,1877.0,1875.6,1876.0,7278
2026-06-29 13:30:00,1875.8,1876.2,1874.7,1875.4,5872
2026-06-29 13:35:00,1875.2,1875.9,1874.5,1875.2,4710
2026-06-29 13:40:00,1875.0,1875.3,1872.5,1874.2,6398
2026-06-29 13:45:00,1874.4,1875.6,1872.4,1874.4,10657
2026-06-29 13:50:00,1874.0,1879.3,1873.9,1877.6,47208
2026-06-29 13:55:00,1877.9,1877.9,1875.7,1876.3,12752
2026-06-29 14:00:00,1876.2,1877.2,1874.3,1875.1,12875
2026-06-29 14:05:00,1875.1,1878.1,1874.9,1876.8,10351
2026-06-29 14:10:00,1876.4,1876.7,1875.1,1875.4,4833
2026-06-29 14:15:00,1875.3,1875.6,1874.2,1875.4,15360
2026-06-29 14:20:00,1875.3,1876.2,1874.0,1874.6,20565
2026-06-29 14:25:00,1874.3,1874.4,1871.9,1872.2,12785
2026-06-29 14:30:00,1872.0,1874.4,1870.7,1873.7,11066
2026-06-29 14:35:00,1873.7,1873.7,1868.5,1869.8,18792
2026-06-29 14:40:00,1869.4,1872.5,1869.4,1871.7,17911
2026-06-29 14:45:00,1871.7,1872.7,1869.9,1872.1,16084
2026-06-29 14:50:00,1872.1,1872.7,1870.3,1871.4,18070
2026-06-29 14:55:00,1871.3,1874.0,1870.8,1873.3,23034
2026-06-29 15:00:00,1871.5,1877.9,1871.5,1876.3,87592
2026-06-29 15:05:00,1876.3,1878.0,1875.7,1877.5,61651
2026-06-29 15:10:00,1877.5,1877.9,1875.6,1876.1,59668
2026-06-29 15:15:00,1876.2,1876.6,1872.7,1873.3,74368
2026-06-29 15:20:00,1873.3,1873.5,1871.5,1872.8,76429
2026-06-29 15:25:00,1872.9,1874.2,1870.0,1872.7,49388
2026-06-30 09:15:00,1885.0,1891.0,1875.1,1889.2,82433
2026-06-30 09:20:00,1888.6,1892.0,1888.1,1889.7,33498
2026-06-30 09:25:00,1889.7,1892.9,1888.2,1890.5,37677
2026-06-30 09:30:00,1890.9,1892.3,1886.6,1886.8,37033
2026-06-30 09:35:00,1887.1,1887.8,1884.8,1884.8,29178
2026-06-30 09:40:00,1884.8,1886.0,1881.0,1882.3,20692
2026-06-30 09:45:00,1882.0,1882.3,1878.8,1879.9,17399
2026-06-30 09:50:00,1879.8,1880.9,1878.4,1880.4,14115
2026-06-30 09:55:00,1880.5,1884.0,1880.0,1883.5,14953
2026-06-30 10:00:00,1884.0,1884.9,1882.6,1883.2,18492
2026-06-30 10:05:00,1883.3,1883.9,1880.4,1881.8,10449
2026-06-30 10:10:00,1880.8,1882.0,1879.1,1881.2,19638
2026-06-30 10:15:00,1881.2,1885.8,1881.0,1885.2,19250
2026-06-30 10:20:00,1885.2,1885.9,1883.7,1884.2,13170
2026-06-30 10:25:00,1884.4,1884.4,1883.3,1883.5,5904
2026-06-30 10:30:00,1883.7,1884.8,1883.1,1884.5,9263
2026-06-30 10:35:00,1884.5,1884.8,1882.9,1883.4,9885
2026-06-30 10:40:00,1882.9,1883.5,1879.5,1879.5,9572
2026-06-30 10:45:00,1879.3,1880.7,1877.8,1880.5,12266
2026-06-30 10:50:00,1880.0,1880.8,1877.5,1879.5,22943
2026-06-30 10:55:00,1879.4,1881.3,1878.6,1880.7,7580
2026-06-30 11:00:00,1880.2,1881.7,1879.6,1880.4,9708
2026-06-30 11:05:00,1880.9,1881.7,1878.1,1879.3,14731
2026-06-30 11:10:00,1879.3,1883.2,1878.6,1881.9,18461
2026-06-30 11:15:00,1882.0,1883.3,1881.4,1883.3,11655
2026-06-30 11:20:00,1883.3,1884.8,1881.1,1884.8,28194
2026-06-30 11:25:00,1884.7,1884.9,1880.5,1880.5,20322
2026-06-30 11:30:00,1880.5,1881.6,1870.5,1873.0,28204
2026-06-30 11:35:00,1873.6,1873.6,1870.1,1872.1,15614
2026-06-30 11:40:00,1871.6,1872.6,1865.0,1868.3,41476
2026-06-30 11:45:00,1867.8,1870.4,1867.0,1870.0,12005
2026-06-30 11:50:00,1869.9,1873.8,1868.6,1872.8,10311
2026-06-30 11:55:00,1872.7,1878.8,1872.5,1878.0,45473
2026-06-30 12:00:00,1877.7,1880.0,1875.6,1879.0,37802
2026-06-30 12:05:00,1879.0,1880.0,1878.2,1879.1,18224
2026-06-30 12:10:00,1879.8,1879.8,1875.7,1876.1,40167
2026-06-30 12:15:00,1876.1,1877.9,1871.0,1872.9,19438
2026-06-30 12:20:00,1873.5,1874.5,1869.6,1873.9,68971
2026-06-30 12:25:00,1873.4,1874.3,1870.1,1870.1,15451
2026-06-30 12:30:00,1870.1,1870.8,1865.4,1866.7,24285
2026-06-30 12:35:00,1866.5,1870.0,1863.0,1865.8,22857
2026-06-30 12:40:00,1865.5,1868.9,1864.9,1868.1,7489
2026-06-30 12:45:00,1867.7,1869.8,1867.7,1869.0,14614
2026-06-30 12:50:00,1869.0,1869.5,1868.8,1869.2,5103
2026-06-30 12:55:00,1869.0,1870.2,1868.5,1869.3,6632
2026-06-30 13:00:00,1868.8,1870.7,1868.4,1870.1,5953
2026-06-30 13:05:00,1869.9,1870.4,1868.3,1868.9,5583
2026-06-30 13:10:00,1868.9,1869.5,1868.2,1869.3,6311
2026-06-30 13:15:00,1869.3,1869.7,1868.0,1868.0,5037
2026-06-30 13:20:00,1868.4,1868.8,1866.7,1868.8,6405
2026-06-30 13:25:00,1868.8,1869.7,1868.5,1869.7,8654
2026-06-30 13:30:00,1869.2,1870.8,1869.2,1870.0,10625
2026-06-30 13:35:00,1869.6,1870.1,1869.0,1869.7,7577
2026-06-30 13:40:00,1869.6,1871.4,1869.5,1869.9,6559
2026-06-30 13:45:00,1870.0,1870.0,1869.6,1869.9,15810
2026-06-30 13:50:00,1869.9,1870.0,1867.6,1868.5,11139
2026-06-30 13:55:00,1868.3,1869.0,1866.4,1866.6,9199
2026-06-30 14:00:00,1866.5,1867.2,1864.1,1866.7,15280
2026-06-30 14:05:00,1866.3,1870.0,1864.8,1869.5,35203
2026-06-30 14:10:00,1869.0,1869.5,1866.6,1867.5,11517
2026-06-30 14:15:00,1867.7,1870.0,1865.4,1869.6,22752
2026-06-30 14:20:00,1869.3,1873.0,1868.3,1872.9,19883
2026-06-30 14:25:00,1872.8,1874.9,1870.9,1870.9,48449
2026-06-30 14:30:00,1870.8,1872.3,1869.1,1870.5,27460
2026-06-30 14:35:00,1870.7,1873.6,1869.4,1872.8,33610
2026-06-30 14:40:00,1871.9,1873.1,1870.8,1871.5,22144
2026-06-30 14:45:00,1871.2,1874.6,1870.8,1873.8,34940
2026-06-30 14:50:00,1873.1,1873.9,1871.4,1873.1,21702
2026-06-30 14:55:00,1872.8,1873.8,1868.7,1869.7,55202
2026-06-30 15:00:00,1869.6,1869.9,1862.0,1862.7,187829
2026-06-30 15:05:00,1862.4,1862.7,1859.8,1862.1,155555
2026-06-30 15:10:00,1862.3,1862.4,1859.4,1860.9,153431
2026-06-30 15:15:00,1861.0,1864.4,1860.8,1861.9,147728
2026-06-30 15:20:00,1861.8,1863.4,1860.8,1862.7,163010
2026-06-30 15:25:00,1862.8,1868.0,1861.3,1867.8,103823
2026-07-01 09:15:00,1877.9,1886.4,1868.1,1881.6,95513
2026-07-01 09:20:00,1881.4,1887.4,1877.2,1878.0,60325
2026-07-01 09:25:00,1877.7,1881.0,1873.0,1876.1,38737
2026-07-01 09:30:00,1874.6,1877.4,1873.3,1874.7,39638
2026-07-01 09:35:00,1874.7,1879.0,1873.3,1876.4,23157
2026-07-01 09:40:00,1876.5,1877.6,1873.9,1875.5,13462
2026-07-01 09:45:00,1875.4,1878.1,1872.4,1877.8,26056
2026-07-01 09:50:00,1877.4,1881.4,1876.4,1878.5,21183
2026-07-01 09:55:00,1878.0,1879.8,1877.2,1877.7,12975
2026-07-01 10:00:00,1879.0,1880.0,1878.0,1879.3,14737
2026-07-01 10:05:00,1878.8,1882.8,1878.8,1881.8,27516
2026-07-01 10:10:00,1881.7,1881.9,1877.0,1877.7,9285
2026-07-01 10:15:00,1877.7,1878.0,1874.0,1875.9,12477
2026-07-01 10:20:00,1875.9,1876.8,1873.2,1875.2,9207
2026-07-01 10:25:00,1875.3,1875.8,1873.8,1875.3,11765
2026-07-01 10:30:00,1875.3,1876.7,1874.0,1875.8,16478
2026-07-01 10:35:00,1876.2,1876.8,1874.6,1875.3,10824
2026-07-01 10:40:00,1875.3,1877.2,1871.6,1872.8,34409
2026-07-01 10:45:00,1872.8,1875.0,1871.3,1873.1,15598
2026-07-01 10:50:00,1873.1,1874.8,1871.6,1873.8,10156
2026-07-01 10:55:00,1873.8,1875.0,1872.4,1872.6,10457
2026-07-01 11:00:00,1872.6,1874.3,1868.7,1871.8,18021
2026-07-01 11:05:00,1871.8,1873.1,1870.6,1870.9,13019
2026-07-01 11:10:00,1870.8,1875.3,1870.7,1875.2,19454
2026-07-01 11:15:00,1875.3,1875.9,1872.8,1873.9,9019
2026-07-01 11:20:00,1875.0,1875.1,1870.5,1870.7,11084
2026-07-01 11:25:00,1870.8,1873.7,1870.4,1873.3,32572
2026-07-01 11:30:00,1872.6,1872.6,1866.0,1866.2,13446
2026-07-01 11:35:00,1866.0,1866.8,1862.5,1863.5,21530
2026-07-01 11:40:00,1863.1,1864.0,1861.4,1863.0,24981
2026-07-01 11:45:00,1862.9,1863.8,1861.7,1863.2,8905
2026-07-01 11:50:00,1862.8,1863.5,1861.0,1861.4,8521
2026-07-01 11:55:00,1861.9,1864.7,1860.2,1862.2,14086
2026-07-01 12:00:00,1862.2,1866.8,1861.6,1863.3,21499
2026-07-01 12:05:00,1863.1,1863.9,1860.7,1863.1,9430
2026-07-01 12:10:00,1863.5,1866.0,1862.6,1864.0,9637
2026-07-01 12:15:00,1864.0,1869.5,1864.0,1868.6,13130
2026-07-01 12:20:00,1867.9,1871.0,1864.9,1869.3,6482
2026-07-01 12:25:00,1869.3,1870.3,1864.4,1864.6,11312
2026-07-01 12:30:00,1864.4,1870.0,1864.2,1870.0,4415
2026-07-01 12:35:00,1869.3,1871.6,1869.3,1870.5,5110
2026-07-01 12:40:00,1870.0,1872.4,1869.2,1872.0,4748
2026-07-01 12:45:00,1871.5,1874.0,1871.2,1873.1,6914
2026-07-01 12:50:00,1872.9,1873.8,1871.2,1872.9,3501
2026-07-01 12:55:00,1872.9,1874.9,1872.7,1874.2,9925
2026-07-01 13:00:00,1874.5,1874.5,1871.2,1872.1,7838
2026-07-01 13:05:00,1872.1,1872.7,1871.0,1871.4,3975
2026-07-01 13:10:00,1871.3,1872.7,1866.1,1869.1,18334
2026-07-01 13:15:00,1868.7,1872.8,1868.4,1872.6,6065
2026-07-01 13:20:00,1872.1,1873.0,1870.8,1872.6,4330
2026-07-01 13:25:00,1872.1,1873.0,1871.5,1872.7,4076
2026-07-01 13:30:00,1872.2,1873.3,1871.8,1873.0,4078
2026-07-01 13:35:00,1873.0,1875.0,1871.9,1874.8,10078
2026-07-01 13:40:00,1874.8,1874.9,1872.8,1873.1,5128
2026-07-01 13:45:00,1873.0,1873.8,1871.8,1873.0,12106
2026-07-01 13:50:00,1872.3,1873.8,1872.1,1873.3,2445
2026-07-01 13:55:00,1873.3,1873.6,1871.1,1871.2,4488
2026-07-01 14:00:00,1871.0,1873.4,1871.0,1873.0,2844
2026-07-01 14:05:00,1872.9,1873.1,1871.0,1872.0,4008
2026-07-01 14:10:00,1871.5,1872.0,1870.6,1871.2,3529
2026-07-01 14:15:00,1870.7,1871.9,1870.0,1871.0,2478
2026-07-01 14:20:00,1870.9,1872.0,1870.0,1871.4,2883
2026-07-01 14:25:00,1871.9,1872.0,1869.6,1870.9,4541
2026-07-01 14:30:00,1870.7,1871.8,1869.6,1870.5,2907
2026-07-01 14:35:00,1870.5,1872.0,1870.5,1871.3,10310
2026-07-01 14:40:00,1871.5,1873.9,1871.1,1873.3,23487
2026-07-01 14:45:00,1873.0,1874.5,1871.7,1873.2,13594
2026-07-01 14:50:00,1873.5,1874.5,1872.5,1872.8,6416
2026-07-01 14:55:00,1872.5,1872.8,1869.5,1872.2,12096
2026-07-01 15:00:00,1872.9,1872.9,1863.4,1864.1,51618
2026-07-01 15:05:00,1863.9,1865.5,1862.8,1864.7,39860
2026-07-01 15:10:00,1864.4,1866.4,1864.4,1865.0,36243
2026-07-01 15:15:00,1865.0,1866.8,1864.7,1866.2,45332
2026-07-01 15:20:00,1866.1,1869.6,1865.6,1868.8,34893
2026-07-01 15:25:00,1868.8,1870.0,1866.1,1867.4,31020
2026-07-02 09:15:00,1876.0,1876.2,1869.1,1875.2,47264
2026-07-02 09:20:00,1876.3,1878.6,1874.3,1876.6,27200
2026-07-02 09:25:00,1876.6,1877.2,1872.5,1875.0,12358
2026-07-02 09:30:00,1874.8,1880.0,1873.6,1878.9,22979
2026-07-02 09:35:00,1878.9,1878.9,1872.0,1873.9,19502
2026-07-02 09:40:00,1873.9,1877.3,1872.0,1875.9,9703
2026-07-02 09:45:00,1875.9,1880.0,1875.9,1876.9,29805
2026-07-02 09:50:00,1876.9,1877.8,1875.9,1877.2,11720
2026-07-02 09:55:00,1877.2,1878.0,1876.5,1877.5,6992
2026-07-02 10:00:00,1877.6,1878.0,1876.4,1877.3,11855
2026-07-02 10:05:00,1877.3,1877.7,1874.8,1875.9,12217
2026-07-02 10:10:00,1876.0,1876.0,1872.9,1872.9,11869
2026-07-02 10:15:00,1873.1,1875.5,1872.1,1874.5,9962
2026-07-02 10:20:00,1874.5,1875.7,1873.8,1875.0,10699
2026-07-02 10:25:00,1875.0,1879.7,1873.9,1877.1,20609
2026-07-02 10:30:00,1877.0,1878.4,1875.7,1876.7,12415
2026-07-02 10:35:00,1876.7,1877.4,1874.9,1876.3,8034
2026-07-02 10:40:00,1876.3,1876.3,1874.3,1875.8,6064
2026-07-02 10:45:00,1875.7,1876.2,1873.3,1873.5,6643
2026-07-02 10:50:00,1873.0,1874.3,1872.3,1874.2,12916
2026-07-02 10:55:00,1874.2,1878.2,1874.2,1878.1,13033
2026-07-02 11:00:00,1878.7,1881.0,1877.1,1877.4,23166
2026-07-02 11:05:00,1877.9,1880.5,1877.5,1880.2,19281
2026-07-02 11:10:00,1879.7,1880.8,1878.0,1879.9,12020
2026-07-02 11:15:00,1880.2,1881.8,1879.5,1881.3,19176
2026-07-02 11:20:00,1881.6,1882.0,1880.6,1881.2,13534
2026-07-02 11:25:00,1881.0,1882.0,1880.6,1881.1,12645
2026-07-02 11:30:00,1881.4,1881.4,1875.9,1876.6,12819
2026-07-02 11:35:00,1876.8,1878.0,1875.8,1877.5,4054
2026-07-02 11:40:00,1877.7,1878.0,1875.7,1876.0,8173
2026-07-02 11:45:00,1876.0,1877.8,1875.3,1876.6,8081
2026-07-02 11:50:00,1877.0,1877.9,1876.0,1877.4,5237
2026-07-02 11:55:00,1877.8,1878.0,1875.9,1876.5,6539
2026-07-02 12:00:00,1877.0,1878.0,1876.3,1876.9,6389
2026-07-02 12:05:00,1876.9,1878.0,1875.8,1876.9,24972
2026-07-02 12:10:00,1877.1,1877.4,1873.7,1876.2,10776
2026-07-02 12:15:00,1876.7,1877.6,1875.9,1876.3,27207
2026-07-02 12:20:00,1877.0,1877.5,1874.9,1875.6,10396
2026-07-02 12:25:00,1875.6,1876.2,1874.9,1875.3,4916
2026-07-02 12:30:00,1875.5,1875.9,1873.3,1873.9,8162
2026-07-02 12:35:00,1873.9,1876.0,1873.9,1875.7,12348
2026-07-02 12:40:00,1875.9,1876.7,1873.0,1873.9,14821
2026-07-02 12:45:00,1873.9,1874.9,1873.0,1874.4,7987
2026-07-02 12:50:00,1874.4,1874.8,1873.0,1874.0,4974
2026-07-02 12:55:00,1873.9,1874.0,1872.0,1872.7,27475
2026-07-02 13:00:00,1872.8,1875.0,1871.4,1872.9,29165
2026-07-02 13:05:00,1872.9,1874.0,1872.2,1873.2,20391
2026-07-02 13:10:00,1873.2,1874.9,1872.7,1873.0,13525
2026-07-02 13:15:00,1872.9,1873.6,1871.5,1872.0,20568
2026-07-02 13:20:00,1872.1,1872.1,1869.9,1871.0,27144
2026-07-02 13:25:00,1871.0,1871.5,1868.7,1869.9,19544
2026-07-02 13:30:00,1870.0,1873.1,1869.7,1873.1,8802
2026-07-02 13:35:00,1873.1,1873.7,1871.1,1873.0,23608
2026-07-02 13:40:00,1873.2,1873.9,1870.4,1871.4,11722
2026-07-02 13:45:00,1871.4,1874.7,1871.0,1874.1,20913
2026-07-02 13:50:00,1874.1,1875.0,1872.1,1872.1,20999
2026-07-02 13:55:00,1872.1,1873.7,1868.3,1868.6,34185
2026-07-02 14:00:00,1868.6,1872.7,1868.6,1872.2,22113
2026-07-02 14:05:00,1872.2,1872.7,1871.0,1871.5,13272
2026-07-02 14:10:00,1872.0,1873.8,1871.1,1871.2,31614
2026-07-02 14:15:00,1871.5,1873.1,1869.6,1871.6,23623
2026-07-02 14:20:00,1871.6,1873.1,1871.2,1871.4,16336
2026-07-02 14:25:00,1871.2,1872.5,1869.0,1871.0,40961
2026-07-02 14:30:00,1871.0,1872.1,1870.2,1870.7,14072
2026-07-02 14:35:00,1871.1,1872.0,1869.8,1871.7,11488
2026-07-02 14:40:00,1871.9,1873.8,1871.0,1872.6,15987
2026-07-02 14:45:00,1872.9,1874.5,1872.1,1872.9,35655
2026-07-02 14:50:00,1872.9,1875.0,1872.7,1873.3,18118
2026-07-02 14:55:00,1874.0,1875.0,1872.0,1873.6,30194
2026-07-02 15:00:00,1874.1,1874.1,1870.6,1870.7,66872
2026-07-02 15:05:00,1870.8,1873.2,1870.7,1871.8,52832
2026-07-02 15:10:00,1871.7,1872.3,1870.7,1870.9,49851
2026-07-02 15:15:00,1870.9,1871.8,1869.1,1869.1,55593
2026-07-02 15:20:00,1869.1,1871.5,1869.1,1870.7,57903
2026-07-02 15:25:00,1871.0,1872.0,1869.2,1870.3,46209
2026-07-03 09:15:00,1880.0,1884.5,1871.6,1881.8,46161
2026-07-03 09:20:00,1881.8,1885.0,1881.0,1882.2,23269
2026-07-03 09:25:00,1882.8,1884.0,1880.3,1882.8,18645
2026-07-03 09:30:00,1883.0,1890.5,1882.7,1889.5,51091
2026-07-03 09:35:00,1889.5,1898.9,1887.2,1898.3,70745
2026-07-03 09:40:00,1898.0,1904.8,1898.0,1904.1,86679
2026-07-03 09:45:00,1905.2,1908.0,1902.9,1907.4,63844
2026-07-03 09:50:00,1907.3,1907.3,1903.5,1905.2,36031
2026-07-03 09:55:00,1905.2,1909.3,1902.5,1906.6,54523
2026-07-03 10:00:00,1907.1,1908.4,1900.4,1902.2,42502
2026-07-03 10:05:00,1902.6,1914.0,1901.4,1911.7,80294
2026-07-03 10:10:00,1911.7,1912.9,1907.7,1910.0,26255
2026-07-03 10:15:00,1910.0,1911.2,1908.1,1909.2,30042
2026-07-03 10:20:00,1909.2,1911.5,1904.3,1907.5,38727
2026-07-03 10:25:00,1908.3,1908.4,1905.0,1905.8,24558
2026-07-03 10:30:00,1905.8,1907.1,1904.8,1906.8,15337
2026-07-03 10:35:00,1907.1,1911.5,1906.0,1911.5,59732
2026-07-03 10:40:00,1911.5,1914.8,1909.6,1913.0,42690
2026-07-03 10:45:00,1913.7,1919.0,1912.1,1916.0,72368
2026-07-03 10:50:00,1916.3,1917.0,1914.1,1914.5,22473
2026-07-03 10:55:00,1915.0,1919.5,1914.0,1915.0,34167
2026-07-03 11:00:00,1915.0,1919.9,1913.6,1919.8,34355
2026-07-03 11:05:00,1919.9,1921.0,1917.2,1921.0,85001
2026-07-03 11:10:00,1921.0,1922.5,1918.5,1921.7,45429
2026-07-03 11:15:00,1921.9,1922.7,1919.7,1921.6,34912
2026-07-03 11:20:00,1922.0,1925.1,1921.5,1923.8,102598
2026-07-03 11:25:00,1923.8,1924.0,1921.7,1922.5,29011
2026-07-03 11:30:00,1923.0,1923.0,1911.8,1913.2,68426
2026-07-03 11:35:00,1913.8,1915.6,1913.2,1913.3,11664
2026-07-03 11:40:00,1913.8,1913.8,1908.7,1909.7,26594
2026-07-03 11:45:00,1909.7,1910.0,1907.5,1908.7,17513
2026-07-03 11:50:00,1908.7,1909.1,1906.6,1908.2,15840
2026-07-03 11:55:00,1908.3,1909.9,1908.0,1908.4,7922
2026-07-03 12:00:00,1909.2,1912.3,1908.9,1911.8,12820
2026-07-03 12:05:00,1911.5,1914.4,1910.9,1912.0,20778
2026-07-03 12:10:00,1912.0,1913.9,1911.2,1912.9,7184
2026-07-03 12:15:00,1912.9,1913.8,1911.6,1912.2,6440
2026-07-03 12:20:00,1912.1,1912.1,1910.5,1911.9,8239
2026-07-03 12:25:00,1911.9,1913.6,1911.5,1913.0,18650
2026-07-03 12:30:00,1913.1,1913.3,1907.1,1909.8,16370
2026-07-03 12:35:00,1909.8,1910.0,1907.8,1908.7,10182
2026-07-03 12:40:00,1908.7,1910.2,1908.0,1909.6,6121
2026-07-03 12:45:00,1909.9,1912.4,1909.1,1911.0,8952
2026-07-03 12:50:00,1911.8,1912.7,1910.7,1911.6,6879
2026-07-03 12:55:00,1911.9,1913.5,1911.2,1912.5,8907
2026-07-03 13:00:00,1912.5,1912.8,1910.1,1910.5,8358
2026-07-03 13:05:00,1910.5,1912.6,1910.1,1911.5,11971
2026-07-03 13:10:00,1911.5,1911.7,1908.0,1909.7,11467
2026-07-03 13:15:00,1909.7,1910.0,1908.7,1908.8,5193
2026-07-03 13:20:00,1909.0,1909.8,1907.6,1907.8,8350
2026-07-03 13:25:00,1907.8,1908.3,1907.0,1907.8,7099
2026-07-03 13:30:00,1907.9,1909.6,1907.2,1909.1,8146
2026-07-03 13:35:00,1909.1,1909.2,1906.7,1907.8,12225
2026-07-03 13:40:00,1908.0,1908.0,1905.2,1906.8,6092
2026-07-03 13:45:00,1907.2,1907.2,1901.8,1905.2,25993
2026-07-03 13:50:00,1905.2,1909.0,1904.8,1908.8,15040
2026-07-03 13:55:00,1908.8,1909.1,1904.0,1905.4,10282
2026-07-03 14:00:00,1905.4,1906.3,1904.7,1905.2,7020
2026-07-03 14:05:00,1905.4,1909.6,1905.4,1908.3,14447
2026-07-03 14:10:00,1909.1,1910.0,1908.3,1908.4,8171
2026-07-03 14:15:00,1908.6,1909.3,1906.0,1907.4,16821
2026-07-03 14:20:00,1907.5,1907.5,1905.0,1905.0,7205
2026-07-03 14:25:00,1905.6,1906.5,1904.9,1905.6,6855
2026-07-03 14:30:00,1905.6,1906.0,1904.5,1905.8,9946
2026-07-03 14:35:00,1905.3,1906.0,1904.8,1905.9,20454
2026-07-03 14:40:00,1905.4,1906.0,1902.4,1903.7,10807
2026-07-03 14:45:00,1903.7,1905.0,1902.2,1903.5,19501
2026-07-03 14:50:00,1902.8,1902.8,1899.3,1900.0,45780
2026-07-03 14:55:00,1900.7,1901.0,1899.2,1899.9,39760
2026-07-03 15:00:00,1900.0,1905.8,1900.0,1904.1,33912
2026-07-03 15:05:00,1904.1,1906.5,1901.7,1905.8,54319
2026-07-03 15:10:00,1905.8,1907.0,1904.8,1906.4,26453
2026-07-03 15:15:00,1906.4,1908.1,1906.0,1907.9,27379
2026-07-03 15:20:00,1907.9,1907.9,1903.9,1905.1,62750
2026-07-03 15:25:00,1904.7,1907.0,1901.9,1907.0,69385
2026-07-06 09:15:00,1904.0,1911.6,1900.1,1906.2,26335
2026-07-06 09:20:00,1906.0,1908.8,1905.3,1906.0,19249
2026-07-06 09:25:00,1906.0,1909.8,1905.2,1909.4,7237
2026-07-06 09:30:00,1909.8,1910.9,1905.2,1906.8,9280
2026-07-06 09:35:00,1906.8,1911.0,1905.5,1909.5,11474
2026-07-06 09:40:00,1909.8,1912.4,1906.2,1907.0,7211
2026-07-06 09:45:00,1907.0,1908.9,1906.0,1907.1,5934
2026-07-06 09:50:00,1907.1,1908.3,1903.5,1905.0,10627
2026-07-06 09:55:00,1905.5,1914.7,1904.0,1914.0,40766
2026-07-06 10:00:00,1914.0,1914.3,1908.8,1912.1,15071
2026-07-06 10:05:00,1912.1,1912.9,1907.7,1910.3,12418
2026-07-06 10:10:00,1910.3,1911.5,1908.7,1909.6,5091
2026-07-06 10:15:00,1909.3,1912.4,1906.2,1907.0,39971
2026-07-06 10:20:00,1907.1,1909.2,1906.2,1907.5,4047
2026-07-06 10:25:00,1907.5,1907.5,1904.4,1905.0,13555
2026-07-06 10:30:00,1904.8,1910.9,1902.8,1910.0,19349
2026-07-06 10:35:00,1909.3,1910.2,1905.7,1906.9,7310
2026-07-06 10:40:00,1906.6,1908.6,1905.4,1907.4,4137
2026-07-06 10:45:00,1906.7,1908.1,1904.2,1905.3,12045
2026-07-06 10:50:00,1904.5,1905.4,1900.0,1903.0,55077
2026-07-06 10:55:00,1903.0,1906.9,1902.1,1906.6,11015
2026-07-06 11:00:00,1906.6,1906.8,1904.5,1905.8,6977
2026-07-06 11:05:00,1906.5,1906.8,1905.4,1906.2,4273
2026-07-06 11:10:00,1906.1,1906.8,1904.5,1906.8,5483
2026-07-06 11:15:00,1906.8,1908.0,1906.6,1907.8,5517
2026-07-06 11:20:00,1907.4,1908.0,1906.0,1906.8,9830
2026-07-06 11:25:00,1906.1,1907.4,1901.7,1903.0,9081
2026-07-06 11:30:00,1902.4,1903.1,1900.9,1903.1,5529
2026-07-06 11:35:00,1902.8,1903.3,1901.1,1902.3,6477
2026-07-06 11:40:00,1902.4,1905.9,1902.3,1905.7,15039
2026-07-06 11:45:00,1905.4,1908.0,1905.1,1907.3,12503
2026-07-06 11:50:00,1906.6,1908.4,1906.1,1907.4,5407
2026-07-06 11:55:00,1907.4,1908.6,1906.0,1908.6,8781
2026-07-06 12:00:00,1908.6,1909.4,1907.2,1908.0,4564
2026-07-06 12:05:00,1908.0,1908.0,1906.0,1906.6,7661
2026-07-06 12:10:00,1906.3,1907.0,1905.8,1907.0,36914
2026-07-06 12:15:00,1907.0,1907.1,1906.0,1906.7,6793
2026-07-06 12:20:00,1906.2,1907.0,1906.0,1907.0,5186
2026-07-06 12:25:00,1906.8,1907.8,1905.7,1907.0,7402
2026-07-06 12:30:00,1907.0,1907.0,1906.0,1907.0,4603
2026-07-06 12:35:00,1906.8,1907.0,1905.3,1906.4,6143
2026-07-06 12:40:00,1906.3,1907.0,1904.8,1906.1,7129
2026-07-06 12:45:00,1905.3,1906.3,1904.3,1904.5,8214
2026-07-06 12:50:00,1904.9,1906.8,1903.8,1905.0,25341
2026-07-06 12:55:00,1905.0,1906.0,1903.6,1904.6,34004
2026-07-06 13:00:00,1904.7,1905.0,1902.2,1903.0,14922
2026-07-06 13:05:00,1902.4,1904.7,1901.1,1904.4,30427
2026-07-06 13:10:00,1904.6,1906.0,1903.6,1906.0,11399
2026-07-06 13:15:00,1906.0,1908.2,1905.4,1906.5,13359
2026-07-06 13:20:00,1907.3,1907.4,1905.0,1906.3,5895
2026-07-06 13:25:00,1906.0,1909.0,1902.8,1909.0,34003
2026-07-06 13:30:00,1908.7,1909.8,1906.0,1908.2,9116
2026-07-06 13:35:00,1907.9,1914.0,1907.5,1911.7,30285
2026-07-06 13:40:00,1911.7,1912.6,1911.0,1912.1,4895
2026-07-06 13:45:00,1911.7,1913.0,1910.8,1912.0,11059
2026-07-06 13:50:00,1912.5,1914.5,1909.8,1910.4,18572
2026-07-06 13:55:00,1909.9,1910.4,1908.0,1909.6,10335
2026-07-06 14:00:00,1909.6,1909.8,1906.8,1907.8,6895
2026-07-06 14:05:00,1907.3,1909.6,1906.7,1908.8,12677
2026-07-06 14:10:00,1908.6,1909.4,1906.0,1907.1,10636
2026-07-06 14:15:00,1907.1,1909.7,1905.9,1907.6,10277
2026-07-06 14:20:00,1908.0,1909.3,1907.5,1908.7,7385
2026-07-06 14:25:00,1908.7,1911.6,1907.6,1909.3,11475
2026-07-06 14:30:00,1909.2,1910.3,1907.1,1908.3,19057
2026-07-06 14:35:00,1908.0,1909.4,1906.0,1906.0,23353
2026-07-06 14:40:00,1906.6,1908.6,1905.9,1908.6,19358
2026-07-06 14:45:00,1907.9,1909.2,1906.5,1907.0,22413
2026-07-06 14:50:00,1907.1,1910.1,1905.8,1908.5,23962
2026-07-06 14:55:00,1908.3,1909.8,1906.8,1908.6,23255
2026-07-06 15:00:00,1908.7,1912.0,1908.6,1911.8,37430
2026-07-06 15:05:00,1912.0,1914.5,1910.9,1914.4,41493
2026-07-06 15:10:00,1914.3,1914.4,1912.2,1913.1,34296
2026-07-06 15:15:00,1913.4,1914.0,1910.6,1913.4,44218
2026-07-06 15:20:00,1913.8,1915.0,1910.8,1914.0,47830
2026-07-06 15:25:00,1914.2,1917.0,1912.7,1913.6,32301
2026-07-07 09:15:00,1900.6,1912.1,1900.6,1910.1,28168
2026-07-07 09:20:00,1910.1,1912.3,1906.2,1909.1,19584
2026-07-07 09:25:00,1909.8,1909.8,1906.1,1906.3,10599
2026-07-07 09:30:00,1907.5,1917.9,1907.4,1913.5,27639
2026-07-07 09:35:00,1914.5,1918.0,1913.4,1916.9,24908
2026-07-07 09:40:00,1917.3,1917.6,1913.4,1913.9,17567
2026-07-07 09:45:00,1913.9,1921.6,1913.1,1921.5,36848
2026-07-07 09:50:00,1921.5,1924.9,1920.5,1924.7,58541
2026-07-07 09:55:00,1924.7,1924.7,1916.8,1918.9,42517
2026-07-07 10:00:00,1918.9,1919.0,1916.7,1917.8,22017
2026-07-07 10:05:00,1917.5,1918.3,1912.0,1912.3,33554
2026-07-07 10:10:00,1911.4,1915.1,1910.1,1910.5,15111
2026-07-07 10:15:00,1911.0,1913.0,1910.0,1910.4,20092
2026-07-07 10:20:00,1911.2,1911.2,1905.2,1906.6,22383
2026-07-07 10:25:00,1906.6,1909.3,1905.1,1906.8,31107
2026-07-07 10:30:00,1906.8,1907.9,1904.3,1905.8,43129
2026-07-07 10:35:00,1905.8,1907.9,1904.1,1907.1,36678
2026-07-07 10:40:00,1907.1,1912.8,1905.8,1912.0,28095
2026-07-07 10:45:00,1912.3,1913.0,1911.6,1912.7,15916
2026-07-07 10:50:00,1912.7,1914.0,1911.2,1912.7,18559
2026-07-07 10:55:00,1912.3,1913.6,1908.4,1911.8,22359
2026-07-07 11:00:00,1911.8,1913.7,1911.8,1913.3,13140
2026-07-07 11:05:00,1913.7,1914.6,1912.1,1913.9,31632
2026-07-07 11:10:00,1914.0,1914.6,1912.7,1913.8,17050
2026-07-07 11:15:00,1913.8,1915.0,1913.1,1915.0,17190
2026-07-07 11:20:00,1914.9,1915.0,1911.3,1913.0,20191
2026-07-07 11:25:00,1913.0,1915.2,1912.1,1913.3,19390
2026-07-07 11:30:00,1913.1,1914.1,1912.3,1913.7,14907
2026-07-07 11:35:00,1913.6,1918.3,1913.5,1918.2,24115
2026-07-07 11:40:00,1918.3,1919.3,1915.2,1916.0,27459
2026-07-07 11:45:00,1916.0,1916.0,1910.4,1910.4,40379
2026-07-07 11:50:00,1910.1,1915.3,1909.7,1914.5,23735
2026-07-07 11:55:00,1914.7,1916.4,1914.0,1915.3,17335
2026-07-07 12:00:00,1915.3,1916.4,1914.0,1915.7,18486
2026-07-07 12:05:00,1915.5,1917.0,1913.6,1914.4,28112
2026-07-07 12:10:00,1914.4,1916.3,1913.2,1914.6,20184
2026-07-07 12:15:00,1914.8,1917.0,1912.1,1912.8,34234
2026-07-07 12:20:00,1912.8,1916.0,1912.6,1912.8,26338
2026-07-07 12:25:00,1912.8,1915.1,1912.2,1914.2,19814
2026-07-07 12:30:00,1914.2,1914.9,1910.8,1912.3,29196
2026-07-07 12:35:00,1912.3,1914.1,1910.8,1912.8,34146
2026-07-07 12:40:00,1912.4,1914.3,1911.8,1914.1,20339
2026-07-07 12:45:00,1914.0,1914.8,1911.6,1912.9,28307
2026-07-07 12:50:00,1912.6,1913.6,1909.3,1911.4,43669
2026-07-07 12:55:00,1911.2,1911.9,1907.7,1908.0,42314
2026-07-07 13:00:00,1908.0,1909.7,1907.7,1909.3,16965
2026-07-07 13:05:00,1909.6,1909.6,1905.0,1908.2,26563
2026-07-07 13:10:00,1908.1,1909.0,1907.4,1908.8,8018
2026-07-07 13:15:00,1908.8,1909.5,1907.8,1908.8,9941
2026-07-07 13:20:00,1908.5,1910.0,1908.4,1908.6,13891
2026-07-07 13:25:00,1908.8,1910.0,1908.5,1909.6,9615
2026-07-07 13:30:00,1909.6,1909.9,1908.8,1909.2,7517
2026-07-07 13:35:00,1909.1,1909.9,1898.6,1903.5,62775
2026-07-07 13:40:00,1903.5,1908.4,1901.5,1906.2,41695
2026-07-07 13:45:00,1906.0,1907.8,1905.8,1907.6,16136
2026-07-07 13:50:00,1907.1,1909.5,1907.1,1908.6,8754
2026-07-07 13:55:00,1908.4,1911.0,1908.3,1910.4,15630
2026-07-07 14:00:00,1910.4,1911.8,1907.9,1908.8,16708
2026-07-07 14:05:00,1908.8,1910.9,1907.5,1907.8,25019
2026-07-07 14:10:00,1907.8,1909.3,1906.3,1908.3,16841
2026-07-07 14:15:00,1908.3,1908.7,1907.3,1907.3,13569
2026-07-07 14:20:00,1907.9,1908.0,1906.7,1907.7,11310
2026-07-07 14:25:00,1907.8,1908.0,1907.2,1908.0,9060
2026-07-07 14:30:00,1908.0,1908.0,1906.7,1907.4,11794
2026-07-07 14:35:00,1906.7,1907.3,1905.3,1905.4,20559
2026-07-07 14:40:00,1904.6,1905.3,1903.7,1904.5,26166
2026-07-07 14:45:00,1904.5,1904.5,1903.0,1904.3,20694
2026-07-07 14:50:00,1904.3,1904.3,1902.9,1904.0,17655
2026-07-07 14:55:00,1904.0,1905.3,1903.2,1905.1,19975
2026-07-07 15:00:00,1905.0,1905.8,1901.8,1905.0,127087
2026-07-07 15:05:00,1904.9,1905.0,1903.0,1904.4,75737
2026-07-07 15:10:00,1904.4,1904.4,1901.9,1902.2,70300
2026-07-07 15:15:00,1902.4,1903.5,1902.2,1903.4,52732
2026-07-07 15:20:00,1903.5,1903.6,1901.0,1901.1,57883
2026-07-07 15:25:00,1901.1,1902.7,1900.0,1902.7,38615
2026-07-08 09:15:00,1904.0,1925.0,1904.0,1923.0,120443
2026-07-08 09:20:00,1923.6,1928.0,1920.4,1922.7,112684
2026-07-08 09:25:00,1922.7,1924.5,1920.6,1924.1,63344
2026-07-08 09:30:00,1924.1,1929.5,1918.3,1919.7,109587
2026-07-08 09:35:00,1920.0,1920.0,1916.0,1917.6,63892
2026-07-08 09:40:00,1917.7,1919.3,1909.4,1910.4,88627
2026-07-08 09:45:00,1910.5,1911.6,1908.9,1910.0,45658
2026-07-08 09:50:00,1909.9,1911.0,1902.8,1904.8,65349
2026-07-08 09:55:00,1904.8,1909.9,1903.1,1907.5,52664
2026-07-08 10:00:00,1907.6,1912.9,1905.3,1911.0,53322
2026-07-08 10:05:00,1911.1,1913.2,1909.0,1909.5,40415
2026-07-08 10:10:00,1909.8,1910.4,1907.0,1908.0,34960
2026-07-08 10:15:00,1907.8,1911.0,1906.8,1909.7,42840
2026-07-08 10:20:00,1910.4,1911.6,1909.3,1909.9,39414
2026-07-08 10:25:00,1910.0,1912.9,1909.7,1912.2,35383
2026-07-08 10:30:00,1912.4,1914.7,1911.4,1913.1,45235
2026-07-08 10:35:00,1914.3,1916.6,1910.4,1915.0,54728
2026-07-08 10:40:00,1914.2,1915.2,1911.4,1911.6,49925
2026-07-08 10:45:00,1911.5,1914.1,1910.0,1913.4,43175
2026-07-08 10:50:00,1914.1,1914.3,1911.3,1913.1,39728
2026-07-08 10:55:00,1913.8,1915.0,1912.4,1913.2,36662
2026-07-08 11:00:00,1913.7,1914.5,1911.6,1914.3,49539
2026-07-08 11:05:00,1914.4,1915.1,1912.8,1913.6,32205
2026-07-08 11:10:00,1913.9,1914.0,1906.4,1908.2,73068
2026-07-08 11:15:00,1908.3,1909.0,1905.0,1908.0,34984
2026-07-08 11:20:00,1908.7,1908.7,1905.2,1907.0,34116
2026-07-08 11:25:00,1907.0,1907.3,1904.1,1906.3,29645
2026-07-08 11:30:00,1906.3,1906.3,1895.3,1899.8,38250
2026-07-08 11:35:00,1899.8,1900.9,1899.1,1900.4,11088
2026-07-08 11:40:00,1900.2,1902.9,1900.2,1901.1,12175
2026-07-08 11:45:00,1900.7,1901.1,1895.9,1897.0,43613
2026-07-08 11:50:00,1896.7,1897.0,1893.9,1894.8,29884
2026-07-08 11:55:00,1894.8,1895.3,1892.8,1894.9,19524
2026-07-08 12:00:00,1894.6,1895.6,1894.0,1895.0,12541
2026-07-08 12:05:00,1895.0,1895.6,1890.0,1894.0,21469
2026-07-08 12:10:00,1893.9,1894.9,1891.8,1894.9,12294
2026-07-08 12:15:00,1894.7,1895.9,1894.3,1895.7,10717
2026-07-08 12:20:00,1895.3,1896.0,1893.4,1894.5,21642
2026-07-08 12:25:00,1894.3,1895.0,1893.5,1894.1,12266
2026-07-08 12:30:00,1893.9,1895.0,1893.6,1894.1,14639
2026-07-08 12:35:00,1894.2,1894.5,1892.5,1894.5,11002
2026-07-08 12:40:00,1894.2,1895.0,1893.0,1894.0,9748
2026-07-08 12:45:00,1894.3,1894.3,1892.2,1893.3,10241
2026-07-08 12:50:00,1893.1,1894.8,1892.8,1893.9,10861
2026-07-08 12:55:00,1894.0,1894.1,1891.1,1892.3,22249
2026-07-08 13:00:00,1891.9,1893.4,1890.9,1891.4,19189
2026-07-08 13:05:00,1891.6,1892.9,1888.0,1889.5,30599
2026-07-08 13:10:00,1889.9,1890.8,1885.7,1886.4,70514
2026-07-08 13:15:00,1886.4,1887.2,1884.7,1884.7,20904
2026-07-08 13:20:00,1885.0,1888.0,1884.0,1887.7,31184
2026-07-08 13:25:00,1887.7,1890.7,1887.6,1890.3,12955
2026-07-08 13:30:00,1890.3,1891.7,1889.0,1890.5,11284
2026-07-08 13:35:00,1890.8,1891.9,1888.6,1890.2,13586
2026-07-08 13:40:00,1890.2,1891.8,1889.9,1891.5,8587
2026-07-08 13:45:00,1891.5,1891.5,1885.5,1886.0,14979
2026-07-08 13:50:00,1885.8,1887.5,1883.7,1884.9,20585
2026-07-08 13:55:00,1884.4,1884.7,1881.7,1882.6,15656
2026-07-08 14:00:00,1882.6,1883.7,1881.8,1883.5,12452
2026-07-08 14:05:00,1883.5,1884.0,1880.2,1880.6,14953
2026-07-08 14:10:00,1880.8,1881.6,1875.1,1878.0,23695
2026-07-08 14:15:00,1878.0,1881.6,1876.0,1879.6,21106
2026-07-08 14:20:00,1880.5,1882.5,1878.5,1880.0,35734
2026-07-08 14:25:00,1880.1,1881.1,1876.1,1877.0,31516
2026-07-08 14:30:00,1877.0,1882.7,1875.3,1879.4,31101
2026-07-08 14:35:00,1879.7,1883.4,1878.2,1883.2,28489
2026-07-08 14:40:00,1882.9,1883.4,1880.5,1882.7,24771
2026-07-08 14:45:00,1882.8,1882.8,1879.3,1879.6,22870
2026-07-08 14:50:00,1879.7,1883.5,1878.5,1882.2,43949
2026-07-08 14:55:00,1882.6,1884.5,1880.9,1884.1,29860
2026-07-08 15:00:00,1884.4,1888.5,1884.0,1885.8,78546
2026-07-08 15:05:00,1885.8,1887.7,1884.5,1887.0,59695
2026-07-08 15:10:00,1886.8,1890.0,1885.8,1889.9,58762
2026-07-08 15:15:00,1889.9,1890.0,1889.0,1890.0,59311
2026-07-08 15:20:00,1889.9,1890.0,1888.0,1889.0,71375
2026-07-08 15:25:00,1889.0,1890.0,1886.5,1888.0,45606
2026-07-09 09:15:00,1889.9,1902.0,1888.2,1901.2,117323
2026-07-09 09:20:00,1901.2,1911.5,1900.1,1911.0,149604
2026-07-09 09:25:00,1911.0,1929.5,1911.0,1922.9,131968
2026-07-09 09:30:00,1923.1,1929.3,1922.3,1926.3,96838
2026-07-09 09:35:00,1926.3,1937.3,1925.0,1934.4,241441
2026-07-09 09:40:00,1934.0,1942.1,1933.0,1934.9,208253
2026-07-09 09:45:00,1934.3,1937.9,1931.9,1933.4,59233
2026-07-09 09:50:00,1933.0,1935.8,1931.1,1934.7,45167
2026-07-09 09:55:00,1934.7,1941.3,1932.3,1938.4,94103
2026-07-09 10:00:00,1937.9,1944.0,1937.6,1941.2,203624
2026-07-09 10:05:00,1940.3,1949.3,1940.3,1942.9,183951
2026-07-09 10:10:00,1942.9,1944.5,1937.3,1940.0,78857
2026-07-09 10:15:00,1940.0,1946.6,1937.0,1946.4,83870
2026-07-09 10:20:00,1946.4,1951.9,1944.4,1951.0,114371
2026-07-09 10:25:00,1951.3,1952.0,1945.6,1946.7,46548
2026-07-09 10:30:00,1946.7,1947.0,1941.2,1942.8,53851
2026-07-09 10:35:00,1943.0,1947.6,1940.0,1945.3,56082
2026-07-09 10:40:00,1944.7,1948.6,1943.3,1944.7,37641
2026-07-09 10:45:00,1944.3,1947.0,1940.4,1940.6,33702
2026-07-09 10:50:00,1940.4,1941.3,1935.0,1936.7,59195
2026-07-09 10:55:00,1936.7,1936.7,1930.5,1931.6,147701
2026-07-09 11:00:00,1931.6,1932.8,1927.9,1929.6,71206
2026-07-09 11:05:00,1929.6,1929.9,1925.5,1925.9,29088
2026-07-09 11:10:00,1926.2,1926.7,1921.7,1923.8,39515
2026-07-09 11:15:00,1923.7,1925.2,1921.1,1925.1,34433
2026-07-09 11:20:00,1925.1,1930.6,1923.5,1929.6,53903
2026-07-09 11:25:00,1929.6,1938.7,1929.0,1938.0,60147
2026-07-09 11:30:00,1937.7,1938.3,1933.8,1936.0,28811
2026-07-09 11:35:00,1935.9,1936.6,1935.0,1936.0,28774
2026-07-09 11:40:00,1936.6,1938.0,1934.1,1935.4,47075
2026-07-09 11:45:00,1935.5,1938.4,1935.1,1935.8,12797
2026-07-09 11:50:00,1936.0,1936.0,1930.0,1931.2,38930
2026-07-09 11:55:00,1931.9,1935.0,1931.1,1934.8,11012
2026-07-09 12:00:00,1934.8,1935.0,1933.0,1935.0,10678
2026-07-09 12:05:00,1935.0,1938.5,1934.0,1936.3,28249
2026-07-09 12:10:00,1936.3,1936.3,1934.8,1935.0,6910
2026-07-09 12:15:00,1935.0,1936.9,1934.3,1935.4,15596
2026-07-09 12:20:00,1935.4,1935.7,1934.1,1934.9,8665
2026-07-09 12:25:00,1935.0,1936.0,1934.4,1935.1,15954
2026-07-09 12:30:00,1935.0,1936.1,1935.0,1935.3,7980
2026-07-09 12:35:00,1935.4,1936.4,1935.0,1936.0,11165
2026-07-09 12:40:00,1936.3,1936.3,1934.6,1935.0,53271
2026-07-09 12:45:00,1935.0,1936.4,1934.7,1935.9,23926
2026-07-09 12:50:00,1936.1,1937.7,1935.1,1936.8,14183
2026-07-09 12:55:00,1935.9,1936.9,1935.1,1936.2,15341
2026-07-09 13:00:00,1936.0,1936.9,1935.5,1936.0,12155
2026-07-09 13:05:00,1936.0,1936.9,1935.5,1936.6,15934
2026-07-09 13:10:00,1936.6,1938.0,1935.5,1936.2,16483
2026-07-09 13:15:00,1936.2,1937.0,1935.7,1936.9,10945
2026-07-09 13:20:00,1936.8,1937.0,1935.5,1935.6,10550
2026-07-09 13:25:00,1935.5,1936.7,1935.5,1935.7,11999
2026-07-09 13:30:00,1935.7,1938.2,1935.6,1937.5,16994
2026-07-09 13:35:00,1937.9,1939.3,1935.7,1937.6,42518
2026-07-09 13:40:00,1937.5,1938.1,1935.5,1937.2,8498
2026-07-09 13:45:00,1937.4,1937.4,1934.9,1935.1,23658
2026-07-09 13:50:00,1935.2,1935.8,1933.1,1935.7,9515
2026-07-09 13:55:00,1935.1,1937.5,1934.8,1936.5,15548
2026-07-09 14:00:00,1936.5,1936.9,1934.4,1935.2,12159
2026-07-09 14:05:00,1936.0,1936.0,1934.0,1934.7,29356
2026-07-09 14:10:00,1934.7,1937.1,1934.7,1936.4,16251
2026-07-09 14:15:00,1936.4,1939.3,1934.5,1936.4,95668
2026-07-09 14:20:00,1937.0,1941.5,1936.4,1940.9,106589
2026-07-09 14:25:00,1940.9,1942.9,1940.5,1941.9,44880
2026-07-09 14:30:00,1941.9,1942.7,1939.4,1941.0,44528
2026-07-09 14:35:00,1941.3,1942.0,1940.2,1941.3,32221
2026-07-09 14:40:00,1941.3,1941.7,1939.4,1941.5,47762
2026-07-09 14:45:00,1941.5,1941.7,1939.4,1940.9,67268
2026-07-09 14:50:00,1940.8,1941.5,1939.8,1940.9,84283
2026-07-09 14:55:00,1941.0,1942.7,1939.5,1942.0,56983
2026-07-09 15:00:00,1941.6,1941.6,1937.0,1940.1,119523
2026-07-09 15:05:00,1939.9,1940.2,1936.5,1940.0,212250
2026-07-09 15:10:00,1939.9,1941.7,1936.2,1937.5,96125
2026-07-09 15:15:00,1937.7,1939.2,1937.4,1937.6,80126
2026-07-09 15:20:00,1937.5,1939.3,1937.5,1937.9,124299
2026-07-09 15:25:00,1937.7,1941.5,1934.0,1940.7,66295
2026-07-10 09:15:00,1942.8,1948.3,1926.8,1931.1,41687
2026-07-10 09:20:00,1931.1,1932.6,1926.8,1928.0,14230
2026-07-10 09:25:00,1928.7,1931.7,1926.6,1929.5,13756
2026-07-10 09:30:00,1930.2,1936.7,1930.0,1935.6,19646
2026-07-10 09:35:00,1936.3,1936.4,1934.3,1934.3,11039
2026-07-10 09:40:00,1934.6,1937.0,1933.4,1937.0,11767
2026-07-10 09:45:00,1937.0,1938.3,1935.1,1937.5,13234
2026-07-10 09:50:00,1937.7,1939.9,1937.2,1938.4,33494
2026-07-10 09:55:00,1938.5,1941.0,1937.4,1940.9,15547
2026-07-10 10:00:00,1940.9,1942.9,1939.6,1940.1,30988
2026-07-10 10:05:00,1940.6,1946.5,1939.3,1946.5,27896
2026-07-10 10:10:00,1946.6,1953.9,1946.2,1952.4,86934
2026-07-10 10:15:00,1953.2,1953.2,1945.8,1947.5,22184
2026-07-10 10:20:00,1947.7,1948.6,1943.0,1943.1,15067
2026-07-10 10:25:00,1943.5,1945.1,1943.1,1944.1,12050
2026-07-10 10:30:00,1944.4,1944.5,1941.6,1943.6,11401
2026-07-10 10:35:00,1943.3,1943.7,1941.3,1942.0,13517
2026-07-10 10:40:00,1941.9,1942.6,1941.7,1942.4,7050
2026-07-10 10:45:00,1942.3,1943.1,1941.5,1942.8,7847
2026-07-10 10:50:00,1942.8,1943.1,1940.1,1940.5,10922
2026-07-10 10:55:00,1940.5,1940.5,1938.3,1938.5,8627
2026-07-10 11:00:00,1938.5,1939.6,1938.2,1939.4,5584
2026-07-10 11:05:00,1939.3,1939.7,1938.9,1938.9,6858
2026-07-10 11:10:00,1939.1,1941.3,1938.3,1939.7,14849
2026-07-10 11:15:00,1939.7,1942.0,1939.4,1940.2,71907
2026-07-10 11:20:00,1940.2,1941.0,1939.7,1941.0,17872
2026-07-10 11:25:00,1941.0,1944.0,1940.2,1940.2,39707
2026-07-10 11:30:00,1940.9,1943.2,1939.9,1942.4,7475
2026-07-10 11:35:00,1943.0,1944.3,1939.7,1940.9,25612
2026-07-10 11:40:00,1941.0,1941.0,1936.9,1937.0,9347
2026-07-10 11:45:00,1937.4,1939.1,1936.9,1939.0,4163
2026-07-10 11:50:00,1938.7,1939.3,1935.1,1935.8,8415
2026-07-10 11:55:00,1935.9,1938.8,1935.9,1938.4,8610
2026-07-10 12:00:00,1938.4,1938.9,1936.7,1938.2,7198
2026-07-10 12:05:00,1938.2,1939.5,1937.8,1938.9,4598
2026-07-10 12:10:00,1939.3,1939.9,1935.2,1938.6,15419
2026-07-10 12:15:00,1938.5,1939.2,1937.4,1937.7,5582
2026-07-10 12:20:00,1937.7,1939.1,1936.8,1937.1,5894
2026-07-10 12:25:00,1937.1,1939.3,1936.9,1938.9,8262
2026-07-10 12:30:00,1939.0,1939.7,1932.6,1933.8,16917
2026-07-10 12:35:00,1933.8,1935.6,1931.0,1932.3,15512
2026-07-10 12:40:00,1932.3,1932.4,1931.4,1932.0,5327
2026-07-10 12:45:00,1932.3,1932.4,1931.3,1932.2,7478
2026-07-10 12:50:00,1931.9,1936.4,1931.7,1936.0,16344
2026-07-10 12:55:00,1936.0,1937.7,1934.5,1936.1,13689
2026-07-10 13:00:00,1936.2,1936.6,1931.8,1933.0,45463
2026-07-10 13:05:00,1933.0,1933.5,1929.8,1930.9,17551
2026-07-10 13:10:00,1931.0,1933.0,1930.5,1933.0,14929
2026-07-10 13:15:00,1933.0,1933.0,1931.0,1932.1,8503
2026-07-10 13:20:00,1932.1,1932.1,1930.4,1931.0,7146
2026-07-10 13:25:00,1931.0,1932.0,1929.4,1930.4,21002
2026-07-10 13:30:00,1930.3,1932.6,1930.2,1930.8,19513
2026-07-10 13:35:00,1930.8,1931.7,1930.2,1930.5,11298
2026-07-10 13:40:00,1930.5,1931.2,1929.9,1930.4,8627
2026-07-10 13:45:00,1930.2,1931.5,1930.2,1930.9,14566
2026-07-10 13:50:00,1930.7,1931.0,1928.0,1929.5,14145
2026-07-10 13:55:00,1929.2,1930.1,1926.7,1928.1,16939
2026-07-10 14:00:00,1928.9,1930.4,1928.0,1929.5,9366
2026-07-10 14:05:00,1929.5,1929.9,1928.4,1928.8,5789
2026-07-10 14:10:00,1928.4,1929.5,1928.1,1929.5,5647
2026-07-10 14:15:00,1929.5,1929.8,1928.1,1929.0,10547
2026-07-10 14:20:00,1929.0,1930.5,1927.9,1929.8,16735
2026-07-10 14:25:00,1929.8,1932.4,1929.4,1931.0,16476
2026-07-10 14:30:00,1930.7,1932.8,1930.7,1931.2,11128
2026-07-10 14:35:00,1931.4,1931.9,1929.5,1929.5,11660
2026-07-10 14:40:00,1929.8,1931.9,1929.5,1930.4,8170
2026-07-10 14:45:00,1930.4,1932.3,1929.8,1932.3,12643
2026-07-10 14:50:00,1932.3,1932.4,1930.0,1930.7,9995
2026-07-10 14:55:00,1930.9,1931.7,1929.1,1931.0,14605
2026-07-10 15:00:00,1931.1,1934.9,1929.2,1934.1,67534
2026-07-10 15:05:00,1934.1,1938.0,1932.8,1937.7,68990
2026-07-10 15:10:00,1937.8,1938.5,1935.7,1936.5,64342
2026-07-10 15:15:00,1936.5,1937.1,1935.2,1936.1,62334
2026-07-10 15:20:00,1936.0,1936.7,1935.4,1936.4,61487
2026-07-10 15:25:00,1936.4,1936.8,1930.1,1932.9,44258
2026-07-13 09:15:00,1925.9,1933.1,1923.1,1928.8,32469
2026-07-13 09:20:00,1928.7,1928.8,1920.4,1921.9,23524
2026-07-13 09:25:00,1922.7,1922.7,1917.1,1918.2,18010
2026-07-13 09:30:00,1918.3,1921.2,1917.8,1920.3,17175
2026-07-13 09:35:00,1920.0,1921.7,1918.0,1919.8,19039
2026-07-13 09:40:00,1920.8,1923.0,1920.0,1920.4,15686
2026-07-13 09:45:00,1920.1,1922.0,1918.3,1921.0,17269
2026-07-13 09:50:00,1921.0,1921.9,1917.3,1918.0,13315
2026-07-13 09:55:00,1918.0,1918.4,1915.9,1916.5,22782
2026-07-13 10:00:00,1916.8,1917.8,1914.6,1916.5,19470
2026-07-13 10:05:00,1916.5,1917.7,1914.9,1916.3,21911
2026-07-13 10:10:00,1916.4,1917.0,1915.2,1916.3,11972
2026-07-13 10:15:00,1916.5,1916.5,1914.6,1915.0,13931
2026-07-13 10:20:00,1916.0,1916.0,1912.7,1913.0,19391
2026-07-13 10:25:00,1912.9,1915.6,1911.7,1914.3,46206
2026-07-13 10:30:00,1914.2,1914.7,1912.6,1913.8,11982
2026-07-13 10:35:00,1914.4,1914.8,1912.6,1912.6,8933
2026-07-13 10:40:00,1912.6,1914.0,1911.6,1913.4,18481
2026-07-13 10:45:00,1913.5,1914.3,1912.3,1912.3,11000
2026-07-13 10:50:00,1912.2,1915.0,1911.6,1913.0,34841
2026-07-13 10:55:00,1913.0,1913.0,1911.0,1912.8,19112
2026-07-13 11:00:00,1912.8,1913.0,1911.0,1913.0,8142
2026-07-13 11:05:00,1913.0,1919.2,1912.8,1918.5,71504
2026-07-13 11:10:00,1918.9,1919.4,1915.0,1916.2,9042
2026-07-13 11:15:00,1916.2,1917.2,1915.5,1916.4,9967
2026-07-13 11:20:00,1916.4,1919.9,1915.8,1918.0,40498
2026-07-13 11:25:00,1918.0,1918.1,1916.2,1916.8,14597
2026-07-13 11:30:00,1916.8,1921.5,1916.8,1921.5,34325
2026-07-13 11:35:00,1921.5,1925.1,1920.8,1924.4,20618
2026-07-13 11:40:00,1924.8,1928.0,1922.5,1927.0,36501
2026-07-13 11:45:00,1927.0,1928.0,1926.0,1927.6,13759
2026-07-13 11:50:00,1927.6,1927.9,1925.5,1925.9,19169
2026-07-13 11:55:00,1925.9,1926.8,1922.5,1925.1,28159
2026-07-13 12:00:00,1925.1,1926.0,1923.3,1924.2,15849
2026-07-13 12:05:00,1924.6,1926.5,1923.8,1925.0,12190
2026-07-13 12:10:00,1925.0,1927.4,1924.6,1925.6,8295
2026-07-13 12:15:00,1925.1,1926.9,1924.6,1925.0,15565
2026-07-13 12:20:00,1925.0,1927.0,1924.1,1926.4,24567
2026-07-13 12:25:00,1927.0,1927.2,1924.5,1926.4,12216
2026-07-13 12:30:00,1926.4,1927.5,1925.4,1926.5,9781
2026-07-13 12:35:00,1926.5,1928.0,1925.7,1927.5,11636
2026-07-13 12:40:00,1928.0,1928.0,1926.0,1926.9,6498
2026-07-13 12:45:00,1926.9,1928.0,1925.6,1928.0,12064
2026-07-13 12:50:00,1927.3,1931.6,1926.4,1929.3,28783
2026-07-13 12:55:00,1928.7,1930.7,1926.8,1928.1,20522
2026-07-13 13:00:00,1928.8,1929.5,1925.6,1927.5,16919
2026-07-13 13:05:00,1927.5,1928.7,1926.7,1927.1,12671
2026-07-13 13:10:00,1927.4,1929.9,1927.1,1928.9,6127
2026-07-13 13:15:00,1928.9,1931.9,1928.7,1931.3,15096
2026-07-13 13:20:00,1930.6,1932.0,1930.0,1931.3,17479
2026-07-13 13:25:00,1930.8,1932.0,1925.1,1925.9,15280
2026-07-13 13:30:00,1925.9,1928.7,1925.4,1927.3,5574
2026-07-13 13:35:00,1927.3,1929.4,1925.5,1927.9,22783
2026-07-13 13:40:00,1927.2,1929.6,1927.1,1928.8,5668
2026-07-13 13:45:00,1928.4,1931.1,1928.4,1931.1,7435
2026-07-13 13:50:00,1930.7,1931.9,1930.0,1931.8,8690
2026-07-13 13:55:00,1931.7,1932.0,1930.0,1930.3,7554
2026-07-13 14:00:00,1930.4,1931.0,1929.0,1930.0,6553
2026-07-13 14:05:00,1929.8,1930.0,1926.1,1927.7,6580
2026-07-13 14:10:00,1927.7,1928.6,1926.5,1928.3,7339
2026-07-13 14:15:00,1928.0,1928.4,1926.4,1927.4,7448
2026-07-13 14:20:00,1927.4,1928.0,1926.2,1927.0,7153
2026-07-13 14:25:00,1926.9,1927.3,1925.5,1926.3,8106
2026-07-13 14:30:00,1926.3,1926.6,1925.3,1925.8,9633
2026-07-13 14:35:00,1925.2,1927.5,1925.2,1927.4,7762
2026-07-13 14:40:00,1927.5,1928.0,1925.6,1926.4,7225
2026-07-13 14:45:00,1926.4,1926.4,1924.8,1925.5,11829
2026-07-13 14:50:00,1925.4,1925.7,1924.3,1925.5,19111
2026-07-13 14:55:00,1925.4,1925.5,1925.0,1925.5,23673
2026-07-13 15:00:00,1924.9,1925.1,1921.1,1922.6,59423
2026-07-13 15:05:00,1922.5,1922.5,1919.4,1921.3,72388
2026-07-13 15:10:00,1921.3,1924.1,1919.5,1921.3,59739
2026-07-13 15:15:00,1921.1,1923.7,1919.5,1919.8,79487
2026-07-13 15:20:00,1920.0,1922.0,1919.2,1921.4,90146
2026-07-13 15:25:00,1921.4,1922.0,1919.0,1919.7,43491
2026-07-14 09:15:00,1910.0,1934.9,1910.0,1932.0,29322
2026-07-14 09:20:00,1932.4,1936.0,1930.3,1933.1,16607
2026-07-14 09:25:00,1932.7,1935.0,1930.6,1932.7,7872
2026-07-14 09:30:00,1932.7,1939.4,1932.7,1937.5,24955
2026-07-14 09:35:00,1937.2,1940.4,1935.1,1936.0,27493
2026-07-14 09:40:00,1936.0,1937.0,1931.3,1935.4,20886
2026-07-14 09:45:00,1935.8,1936.1,1933.4,1935.8,11382
2026-07-14 09:50:00,1935.8,1935.8,1930.6,1931.5,22294
2026-07-14 09:55:00,1931.5,1931.8,1928.0,1928.6,24921
2026-07-14 10:00:00,1928.6,1931.0,1928.1,1929.1,13063
2026-07-14 10:05:00,1929.9,1930.0,1927.6,1927.7,10947
2026-07-14 10:10:00,1927.7,1932.2,1927.4,1932.2,19229
2026-07-14 10:15:00,1932.1,1932.2,1928.3,1929.0,13613
2026-07-14 10:20:00,1929.4,1932.0,1928.6,1931.5,10045
2026-07-14 10:25:00,1931.4,1933.2,1930.4,1932.7,13453
2026-07-14 10:30:00,1933.4,1933.6,1931.5,1932.0,10521
2026-07-14 10:35:00,1932.0,1933.0,1931.1,1932.9,16923
2026-07-14 10:40:00,1933.0,1934.8,1931.8,1934.5,11556
2026-07-14 10:45:00,1934.5,1935.1,1932.7,1934.6,16114
2026-07-14 10:50:00,1934.5,1934.8,1932.0,1934.2,7416
2026-07-14 10:55:00,1934.4,1935.0,1932.7,1932.9,9430
2026-07-14 11:00:00,1933.0,1933.8,1930.3,1930.4,13191
2026-07-14 11:05:00,1930.3,1930.9,1929.3,1929.5,10190
2026-07-14 11:10:00,1929.5,1931.7,1929.3,1931.0,9609
2026-07-14 11:15:00,1930.5,1931.7,1928.3,1931.4,14635
2026-07-14 11:20:00,1931.3,1934.0,1929.8,1934.0,18000
2026-07-14 11:25:00,1934.0,1934.5,1931.3,1933.5,16514
2026-07-14 11:30:00,1933.5,1933.8,1932.9,1933.5,7835
2026-07-14 11:35:00,1933.5,1933.9,1931.7,1933.8,9712
2026-07-14 11:40:00,1933.6,1934.6,1932.1,1933.9,7387
2026-07-14 11:45:00,1934.0,1935.6,1933.4,1934.3,12297
2026-07-14 11:50:00,1934.3,1943.4,1934.3,1942.5,558008
2026-07-14 11:55:00,1942.2,1942.5,1939.8,1941.2,31815
2026-07-14 12:00:00,1941.7,1945.5,1939.7,1943.3,29585
2026-07-14 12:05:00,1943.9,1945.2,1940.9,1943.8,30815
2026-07-14 12:10:00,1943.9,1949.8,1942.6,1947.4,83571
2026-07-14 12:15:00,1947.2,1948.4,1944.0,1947.7,33603
2026-07-14 12:20:00,1948.0,1948.1,1943.8,1947.3,31082
2026-07-14 12:25:00,1947.7,1948.7,1944.9,1946.1,24551
2026-07-14 12:30:00,1946.0,1947.4,1942.1,1944.1,37372
2026-07-14 12:35:00,1944.1,1947.3,1942.7,1945.3,29423
2026-07-14 12:40:00,1945.8,1946.9,1944.0,1944.5,22079
2026-07-14 12:45:00,1944.5,1945.5,1943.1,1945.3,24070
2026-07-14 12:50:00,1945.3,1946.3,1944.3,1945.4,27529
2026-07-14 12:55:00,1945.2,1947.9,1945.0,1945.8,27917
2026-07-14 13:00:00,1945.8,1947.8,1944.6,1947.6,20372
2026-07-14 13:05:00,1947.6,1948.0,1945.2,1945.4,11275
2026-07-14 13:10:00,1945.4,1947.0,1945.2,1946.4,21689
2026-07-14 13:15:00,1946.4,1948.6,1945.4,1948.0,23635
2026-07-14 13:20:00,1947.8,1948.1,1946.0,1946.8,18230
2026-07-14 13:25:00,1946.4,1949.1,1945.1,1947.8,47848
2026-07-14 13:30:00,1947.6,1948.7,1946.1,1947.0,21963
2026-07-14 13:35:00,1947.0,1947.4,1942.8,1945.2,28104
2026-07-14 13:40:00,1944.8,1945.8,1942.0,1943.0,40845
2026-07-14 13:45:00,1944.2,1945.5,1942.6,1944.2,47757
2026-07-14 13:50:00,1944.4,1945.4,1942.2,1943.8,24617
2026-07-14 13:55:00,1944.0,1944.6,1942.4,1942.4,16032
2026-07-14 14:00:00,1942.9,1943.6,1942.0,1942.6,32775
2026-07-14 14:05:00,1942.6,1943.3,1941.1,1942.2,11802
2026-07-14 14:10:00,1942.2,1944.7,1941.4,1942.6,34381
2026-07-14 14:15:00,1942.7,1946.5,1942.0,1946.4,38394
2026-07-14 14:20:00,1946.4,1949.8,1946.0,1949.4,63187
2026-07-14 14:25:00,1949.5,1950.8,1945.6,1947.7,110445
2026-07-14 14:30:00,1947.8,1948.8,1945.6,1947.8,46035
2026-07-14 14:35:00,1948.7,1950.5,1947.2,1948.2,54539
2026-07-14 14:40:00,1948.5,1948.7,1946.3,1946.5,90888
2026-07-14 14:45:00,1945.8,1946.6,1941.0,1942.3,26924
2026-07-14 14:50:00,1942.4,1944.3,1942.3,1942.8,23068
2026-07-14 14:55:00,1942.8,1943.5,1939.6,1939.9,35026
2026-07-14 15:00:00,1940.4,1943.6,1939.2,1941.2,137961
2026-07-14 15:05:00,1941.3,1944.9,1940.0,1944.0,81458
2026-07-14 15:10:00,1944.0,1944.9,1943.0,1944.6,57062
2026-07-14 15:15:00,1944.7,1944.8,1943.0,1943.7,78979
2026-07-14 15:20:00,1943.7,1945.5,1943.0,1943.8,65900
2026-07-14 15:25:00,1943.5,1945.0,1942.1,1944.8,57725
2026-07-15 09:15:00,1955.0,1955.0,1943.3,1950.3,92735
2026-07-15 09:20:00,1951.0,1953.4,1947.0,1949.4,65418
2026-07-15 09:25:00,1949.3,1950.0,1947.5,1949.0,29979
2026-07-15 09:30:00,1948.7,1949.9,1945.4,1948.6,26358
2026-07-15 09:35:00,1948.7,1949.4,1945.2,1948.2,24875
2026-07-15 09:40:00,1948.2,1949.8,1947.5,1949.4,23044
2026-07-15 09:45:00,1949.4,1951.9,1947.1,1951.8,32956
2026-07-15 09:50:00,1951.8,1953.0,1950.5,1950.6,30935
2026-07-15 09:55:00,1950.6,1957.9,1950.6,1957.7,56466
2026-07-15 10:00:00,1957.8,1958.8,1956.2,1958.3,49282
2026-07-15 10:05:00,1958.4,1958.8,1956.2,1957.3,30032
2026-07-15 10:10:00,1957.3,1957.9,1956.3,1957.1,12030
2026-07-15 10:15:00,1957.1,1960.0,1956.8,1957.9,34764
2026-07-15 10:20:00,1957.9,1959.0,1957.7,1958.6,14585
2026-07-15 10:25:00,1958.5,1958.7,1956.0,1956.5,18752
2026-07-15 10:30:00,1956.5,1959.7,1955.8,1958.8,29792
2026-07-15 10:35:00,1958.8,1959.8,1954.1,1957.0,43963
2026-07-15 10:40:00,1956.9,1957.0,1955.1,1956.8,32408
2026-07-15 10:45:00,1956.1,1958.8,1954.1,1958.3,34116
2026-07-15 10:50:00,1958.3,1959.3,1955.1,1956.6,41372
2026-07-15 10:55:00,1956.6,1956.6,1953.3,1955.0,42084
2026-07-15 11:00:00,1955.0,1956.0,1954.0,1956.0,21238
2026-07-15 11:05:00,1955.9,1958.0,1954.0,1958.0,26502
2026-07-15 11:10:00,1957.8,1959.1,1956.3,1958.0,104650
2026-07-15 11:15:00,1957.9,1958.6,1956.0,1958.3,55183
2026-07-15 11:20:00,1958.6,1958.6,1955.4,1955.6,31098
2026-07-15 11:25:00,1956.1,1957.2,1955.1,1956.5,24100
2026-07-15 11:30:00,1956.4,1956.5,1953.0,1953.5,18684
2026-07-15 11:35:00,1953.4,1955.7,1952.4,1954.0,25667
2026-07-15 11:40:00,1953.5,1962.7,1953.5,1962.0,105138
2026-07-15 11:45:00,1961.6,1962.6,1960.5,1960.6,21983
2026-07-15 11:50:00,1960.6,1962.5,1956.2,1956.4,48337
2026-07-15 11:55:00,1956.7,1958.8,1956.4,1957.0,15647
2026-07-15 12:00:00,1957.0,1958.0,1955.5,1955.6,8574
2026-07-15 12:05:00,1955.6,1958.4,1955.6,1956.8,13048
2026-07-15 12:10:00,1957.4,1958.8,1956.2,1956.7,9898
2026-07-15 12:15:00,1956.4,1958.8,1956.0,1958.6,5950
2026-07-15 12:20:00,1958.0,1959.4,1957.8,1959.4,10556
2026-07-15 12:25:00,1959.7,1960.3,1957.7,1959.0,19797
2026-07-15 12:30:00,1958.7,1958.9,1957.1,1957.2,8448
2026-07-15 12:35:00,1957.2,1957.4,1955.0,1955.5,12420
2026-07-15 12:40:00,1955.5,1957.1,1954.4,1956.4,19316
2026-07-15 12:45:00,1957.1,1957.1,1955.6,1955.6,9162
2026-07-15 12:50:00,1956.4,1957.2,1955.0,1955.7,7171
2026-07-15 12:55:00,1956.2,1956.2,1950.0,1950.1,86473
2026-07-15 13:00:00,1950.7,1953.0,1950.0,1953.0,17907
2026-07-15 13:05:00,1952.4,1953.1,1950.0,1951.9,16739
2026-07-15 13:10:00,1950.0,1951.9,1950.0,1950.4,16528
2026-07-15 13:15:00,1950.7,1951.9,1949.7,1950.9,12768
2026-07-15 13:20:00,1951.1,1951.9,1950.0,1951.2,10981
2026-07-15 13:25:00,1951.6,1951.9,1950.4,1950.6,5281
2026-07-15 13:30:00,1950.6,1951.3,1950.0,1950.9,16315
2026-07-15 13:35:00,1950.9,1951.5,1950.0,1950.0,5986
2026-07-15 13:40:00,1950.4,1952.3,1950.0,1951.3,13158
2026-07-15 13:45:00,1951.3,1952.3,1950.0,1950.4,20725
2026-07-15 13:50:00,1950.0,1951.2,1950.0,1950.0,28924
2026-07-15 13:55:00,1950.0,1952.3,1949.9,1951.6,21414
2026-07-15 14:00:00,1951.6,1952.0,1949.9,1951.5,14539
2026-07-15 14:05:00,1951.6,1953.4,1951.1,1952.1,25946
2026-07-15 14:10:00,1952.0,1952.7,1950.2,1950.7,9024
2026-07-15 14:15:00,1950.4,1954.5,1950.0,1950.0,25174
2026-07-15 14:20:00,1950.0,1951.2,1949.8,1950.0,24985
2026-07-15 14:25:00,1950.7,1952.4,1949.9,1951.6,19996
2026-07-15 14:30:00,1951.6,1953.5,1950.1,1951.6,21014
2026-07-15 14:35:00,1951.5,1954.4,1950.6,1954.4,13131
2026-07-15 14:40:00,1954.0,1954.6,1952.8,1953.4,14798
2026-07-15 14:45:00,1952.7,1953.9,1950.6,1953.4,27834
2026-07-15 14:50:00,1953.4,1956.4,1952.9,1956.3,32408
2026-07-15 14:55:00,1956.3,1956.3,1954.8,1954.9,27688
2026-07-15 15:00:00,1955.3,1955.3,1950.0,1951.2,54840
2026-07-15 15:05:00,1951.2,1951.8,1949.7,1949.7,42833
2026-07-15 15:10:00,1949.7,1951.6,1949.2,1950.7,39989
2026-07-15 15:15:00,1950.6,1951.7,1949.2,1950.0,40469
2026-07-15 15:20:00,1950.0,1954.0,1948.5,1952.4,141635
2026-07-15 15:25:00,1952.4,1953.8,1952.0,1953.4,39485
2026-07-16 09:15:00,1950.0,1957.7,1947.6,1956.7,29595
2026-07-16 09:20:00,1956.7,1956.7,1948.7,1949.7,11991
2026-07-16 09:25:00,1949.3,1952.2,1948.2,1948.9,11435
2026-07-16 09:30:00,1948.9,1950.1,1946.5,1946.9,14783
2026-07-16 09:35:00,1946.9,1947.5,1945.7,1946.5,10910
2026-07-16 09:40:00,1946.9,1952.0,1945.2,1951.8,14798
2026-07-16 09:45:00,1951.9,1952.8,1947.5,1947.5,20007
2026-07-16 09:50:00,1947.6,1948.4,1946.8,1948.3,10341
2026-07-16 09:55:00,1948.4,1949.2,1947.5,1947.9,8503
2026-07-16 10:00:00,1948.0,1949.3,1947.6,1948.8,7924
2026-07-16 10:05:00,1948.9,1949.0,1948.0,1948.0,9076
2026-07-16 10:10:00,1948.3,1948.3,1947.2,1947.7,7831
2026-07-16 10:15:00,1948.0,1948.0,1946.4,1947.1,15443
2026-07-16 10:20:00,1947.2,1948.9,1946.1,1947.8,10721
2026-07-16 10:25:00,1947.8,1950.3,1946.7,1950.1,11207
2026-07-16 10:30:00,1950.0,1951.6,1948.7,1949.9,15734
2026-07-16 10:35:00,1949.9,1949.9,1947.1,1948.9,7766
2026-07-16 10:40:00,1948.9,1949.6,1947.5,1948.4,10428
2026-07-16 10:45:00,1948.4,1948.4,1943.0,1945.3,35496
2026-07-16 10:50:00,1945.3,1947.4,1945.3,1945.8,13309
2026-07-16 10:55:00,1945.9,1949.6,1945.8,1948.7,12943
2026-07-16 11:00:00,1948.6,1954.0,1946.4,1953.5,22702
2026-07-16 11:05:00,1953.6,1955.7,1953.4,1953.8,11446
2026-07-16 11:10:00,1954.0,1955.2,1954.0,1954.3,11948
2026-07-16 11:15:00,1954.3,1954.7,1954.0,1954.7,3335
2026-07-16 11:20:00,1954.7,1955.5,1954.4,1955.1,9178
2026-07-16 11:25:00,1955.0,1955.6,1955.0,1955.6,8903
2026-07-16 11:30:00,1955.7,1957.7,1954.9,1955.0,16680
2026-07-16 11:35:00,1955.0,1956.2,1954.7,1955.9,5950
2026-07-16 11:40:00,1956.0,1957.4,1954.5,1955.0,15036
2026-07-16 11:45:00,1955.0,1955.9,1954.9,1955.4,4870
2026-07-16 11:50:00,1955.4,1955.5,1954.5,1954.8,7158
2026-07-16 11:55:00,1954.8,1954.8,1952.1,1952.1,7546
2026-07-16 12:00:00,1952.3,1952.7,1950.9,1952.4,11307
2026-07-16 12:05:00,1952.4,1954.6,1951.8,1953.1,14395
2026-07-16 12:10:00,1953.1,1953.1,1951.4,1952.6,11777
2026-07-16 12:15:00,1952.5,1953.3,1951.9,1953.1,4077
2026-07-16 12:20:00,1953.1,1953.2,1950.4,1950.9,11596
2026-07-16 12:25:00,1950.9,1951.0,1949.5,1950.1,5513
2026-07-16 12:30:00,1950.1,1951.6,1949.8,1950.1,7013
2026-07-16 12:35:00,1950.0,1950.6,1949.4,1950.6,7150
2026-07-16 12:40:00,1950.6,1950.8,1949.9,1950.2,5261
2026-07-16 12:45:00,1950.3,1950.5,1949.5,1950.1,8703
2026-07-16 12:50:00,1949.7,1950.2,1949.5,1950.1,5281
2026-07-16 12:55:00,1950.1,1950.8,1949.6,1950.8,10057
2026-07-16 13:00:00,1950.8,1952.1,1949.3,1950.2,13211
2026-07-16 13:05:00,1950.2,1950.5,1949.3,1949.8,11943
2026-07-16 13:10:00,1950.2,1953.3,1949.2,1952.1,36894
2026-07-16 13:15:00,1952.1,1952.1,1949.4,1951.0,6878
2026-07-16 13:20:00,1951.0,1952.4,1950.9,1952.2,5914
2026-07-16 13:25:00,1952.1,1952.4,1949.2,1950.0,20062
2026-07-16 13:30:00,1950.1,1951.6,1948.4,1949.8,24774
2026-07-16 13:35:00,1950.3,1950.3,1947.7,1950.1,43238
2026-07-16 13:40:00,1950.1,1950.3,1948.5,1948.5,47773
2026-07-16 13:45:00,1949.1,1951.0,1947.3,1948.8,19656
2026-07-16 13:50:00,1949.1,1950.4,1948.3,1950.2,12356
2026-07-16 13:55:00,1950.0,1952.6,1950.0,1950.9,15310
2026-07-16 14:00:00,1951.4,1952.3,1949.6,1950.1,10672
2026-07-16 14:05:00,1950.1,1950.7,1949.4,1950.1,6189
2026-07-16 14:10:00,1950.1,1953.0,1949.4,1949.7,36457
2026-07-16 14:15:00,1950.4,1951.5,1949.3,1950.8,8720
2026-07-16 14:20:00,1950.6,1951.8,1948.6,1950.4,16235
2026-07-16 14:25:00,1950.5,1951.9,1948.7,1951.6,26603
2026-07-16 14:30:00,1951.5,1952.6,1951.5,1951.9,10354
2026-07-16 14:35:00,1952.1,1952.1,1950.0,1952.0,18409
2026-07-16 14:40:00,1951.5,1953.0,1951.0,1951.0,21011
2026-07-16 14:45:00,1951.3,1953.0,1951.0,1952.6,10612
2026-07-16 14:50:00,1952.6,1953.2,1949.9,1950.0,11987
2026-07-16 14:55:00,1949.4,1950.9,1949.1,1949.7,30309
2026-07-16 15:00:00,1950.0,1950.8,1948.3,1950.0,97618
2026-07-16 15:05:00,1950.1,1951.8,1949.8,1950.6,76376
2026-07-16 15:10:00,1950.7,1951.3,1950.0,1950.0,52054
2026-07-16 15:15:00,1950.0,1950.1,1949.5,1949.7,61460
2026-07-16 15:20:00,1949.8,1950.2,1949.6,1950.1,62018
2026-07-16 15:25:00,1950.0,1951.0,1946.4,1951.0,61474
2026-07-17 09:15:00,1948.7,1952.6,1938.1,1940.5,21163
2026-07-17 09:20:00,1941.0,1942.5,1939.4,1941.5,9320
2026-07-17 09:25:00,1941.6,1942.5,1939.1,1941.9,15854
2026-07-17 09:30:00,1942.3,1945.0,1940.1,1944.0,10714
2026-07-17 09:35:00,1944.0,1944.5,1943.2,1943.7,9161
2026-07-17 09:40:00,1943.7,1943.9,1940.1,1942.1,10266
2026-07-17 09:45:00,1942.4,1942.6,1940.4,1942.0,8170
2026-07-17 09:50:00,1941.9,1947.9,1941.7,1946.0,19241
2026-07-17 09:55:00,1946.0,1947.1,1946.0,1946.6,7360
2026-07-17 10:00:00,1946.6,1948.4,1945.5,1948.1,10322
2026-07-17 10:05:00,1947.8,1950.5,1947.8,1948.5,16410
2026-07-17 10:10:00,1948.6,1950.4,1947.2,1950.2,11529
2026-07-17 10:15:00,1950.2,1951.0,1946.5,1950.9,10176
2026-07-17 10:20:00,1951.0,1952.5,1948.3,1949.2,12888
2026-07-17 10:25:00,1949.2,1950.0,1945.1,1946.1,13350
2026-07-17 10:30:00,1946.1,1946.7,1945.0,1945.1,6275
2026-07-17 10:35:00,1945.0,1945.3,1945.0,1945.2,12533
2026-07-17 10:40:00,1945.2,1947.0,1944.8,1945.2,12828
2026-07-17 10:45:00,1945.2,1947.0,1944.0,1945.1,22454
2026-07-17 10:50:00,1944.6,1946.6,1944.6,1946.6,8405
2026-07-17 10:55:00,1946.5,1949.4,1945.3,1946.4,19581
2026-07-17 11:00:00,1946.8,1949.0,1945.1,1949.0,10566
2026-07-17 11:05:00,1949.0,1949.9,1946.7,1947.5,10018
2026-07-17 11:10:00,1947.5,1948.2,1945.0,1946.0,14205
2026-07-17 11:15:00,1946.0,1946.0,1944.0,1945.4,25349
2026-07-17 11:20:00,1945.7,1945.7,1938.6,1940.3,35905
2026-07-17 11:25:00,1940.4,1940.8,1939.3,1940.2,22342
2026-07-17 11:30:00,1940.1,1941.6,1939.4,1941.5,12497
2026-07-17 11:35:00,1941.5,1943.6,1940.4,1943.1,9090
2026-07-17 11:40:00,1943.3,1944.7,1942.2,1943.5,10044
2026-07-17 11:45:00,1943.5,1944.0,1942.2,1942.8,7441
2026-07-17 11:50:00,1942.8,1942.9,1942.0,1942.5,4255
2026-07-17 11:55:00,1942.5,1942.5,1939.6,1940.4,18100
2026-07-17 12:00:00,1940.4,1940.4,1939.1,1940.2,16455
2026-07-17 12:05:00,1940.3,1940.4,1938.4,1940.3,19589
2026-07-17 12:10:00,1940.2,1940.9,1939.2,1940.3,23862
2026-07-17 12:15:00,1940.3,1941.4,1935.9,1939.8,107132
2026-07-17 12:20:00,1940.0,1943.0,1939.1,1941.2,50451
2026-07-17 12:25:00,1941.2,1941.9,1939.8,1940.8,11822
2026-07-17 12:30:00,1940.6,1942.1,1939.6,1942.1,20405
2026-07-17 12:35:00,1942.7,1945.4,1942.7,1943.1,9266
2026-07-17 12:40:00,1943.1,1943.8,1939.6,1940.9,14916
2026-07-17 12:45:00,1940.9,1943.0,1940.7,1943.0,11941
2026-07-17 12:50:00,1942.5,1942.7,1939.7,1940.5,39663
2026-07-17 12:55:00,1940.7,1942.5,1939.7,1942.1,9879
2026-07-17 13:00:00,1942.1,1942.6,1942.0,1942.1,7184
2026-07-17 13:05:00,1942.3,1942.4,1941.0,1942.4,28410
2026-07-17 13:10:00,1942.4,1944.1,1941.5,1942.6,13143
2026-07-17 13:15:00,1942.5,1942.5,1940.2,1940.9,41555
2026-07-17 13:20:00,1940.9,1943.5,1939.4,1940.4,31756
2026-07-17 13:25:00,1940.2,1940.6,1939.1,1940.3,44788
2026-07-17 13:30:00,1940.1,1940.4,1939.1,1940.3,27627
2026-07-17 13:35:00,1940.3,1942.1,1939.2,1941.4,33752
2026-07-17 13:40:00,1941.4,1942.6,1940.0,1941.9,34759
2026-07-17 13:45:00,1941.9,1943.0,1940.9,1941.7,15197
2026-07-17 13:50:00,1941.3,1941.6,1939.1,1940.2,20304
2026-07-17 13:55:00,1940.5,1940.5,1939.0,1939.5,24247
2026-07-17 14:00:00,1940.0,1942.9,1939.5,1942.9,22561
2026-07-17 14:05:00,1942.9,1942.9,1940.1,1941.0,8933
2026-07-17 14:10:00,1941.0,1941.8,1939.2,1940.2,20105
2026-07-17 14:15:00,1940.3,1943.3,1939.7,1942.4,79407
2026-07-17 14:20:00,1942.4,1943.5,1940.6,1941.0,11394
2026-07-17 14:25:00,1941.0,1941.0,1939.5,1939.6,9857
2026-07-17 14:30:00,1939.9,1941.1,1937.0,1938.2,38885
2026-07-17 14:35:00,1938.1,1939.0,1933.1,1935.5,45284
2026-07-17 14:40:00,1935.5,1935.5,1932.1,1935.1,54832
2026-07-17 14:45:00,1935.1,1935.2,1926.0,1930.1,153749
2026-07-17 14:50:00,1929.9,1930.2,1922.5,1925.8,74017
2026-07-17 14:55:00,1925.6,1927.8,1924.5,1926.0,78959
2026-07-17 15:00:00,1926.0,1933.9,1925.8,1933.9,94397
2026-07-17 15:05:00,1934.0,1936.8,1933.0,1935.3,147360
2026-07-17 15:10:00,1934.7,1935.2,1932.4,1933.1,120275
2026-07-17 15:15:00,1933.4,1933.6,1930.9,1932.4,123264
2026-07-17 15:20:00,1931.6,1934.2,1927.2,1930.3,193857
2026-07-17 15:25:00,1930.4,1934.0,1923.8,1934.0,90250
2026-07-20 09:15:00,1942.0,1954.2,1935.0,1943.0,41044
2026-07-20 09:20:00,1943.4,1943.6,1939.6,1940.6,14920
2026-07-20 09:25:00,1939.5,1941.5,1935.9,1937.1,12843
2026-07-20 09:30:00,1937.7,1944.6,1937.0,1942.9,17049
2026-07-20 09:35:00,1942.2,1942.7,1939.1,1942.4,7118
2026-07-20 09:40:00,1942.4,1944.0,1940.0,1940.4,7418
2026-07-20 09:45:00,1940.0,1945.9,1939.2,1945.8,12629
2026-07-20 09:50:00,1945.8,1949.9,1945.3,1948.5,11196
2026-07-20 09:55:00,1948.0,1948.9,1944.8,1945.2,9805
2026-07-20 10:00:00,1945.7,1945.7,1943.2,1943.2,7863
2026-07-20 10:05:00,1943.8,1944.3,1943.0,1944.0,8627
2026-07-20 10:10:00,1944.2,1945.0,1942.4,1943.3,7959
2026-07-20 10:15:00,1943.5,1945.0,1940.1,1940.7,9019
2026-07-20 10:20:00,1940.7,1944.1,1940.7,1942.7,5729
2026-07-20 10:25:00,1943.0,1945.2,1942.7,1945.2,7658
2026-07-20 10:30:00,1944.4,1945.7,1943.5,1944.6,7488
2026-07-20 10:35:00,1944.4,1945.2,1943.1,1943.9,5094
2026-07-20 10:40:00,1944.0,1947.4,1943.9,1945.0,23254
2026-07-20 10:45:00,1945.0,1946.0,1942.7,1942.8,13449
2026-07-20 10:50:00,1942.9,1944.6,1941.6,1944.1,20557
2026-07-20 10:55:00,1944.6,1945.0,1942.9,1943.9,7655
2026-07-20 11:00:00,1944.0,1944.0,1941.7,1942.5,7950
2026-07-20 11:05:00,1941.8,1944.5,1941.2,1941.4,11913
2026-07-20 11:10:00,1942.1,1944.3,1941.7,1943.8,6666
2026-07-20 11:15:00,1943.8,1946.1,1942.4,1944.7,15071
2026-07-20 11:20:00,1944.8,1946.7,1944.4,1946.0,8561
2026-07-20 11:25:00,1945.3,1946.1,1942.9,1943.5,8060
2026-07-20 11:30:00,1943.6,1946.4,1943.1,1944.6,11313
2026-07-20 11:35:00,1944.6,1946.6,1943.2,1945.9,13928
2026-07-20 11:40:00,1945.9,1948.2,1943.4,1944.8,27790
2026-07-20 11:45:00,1944.8,1945.2,1942.4,1944.3,10211
2026-07-20 11:50:00,1943.9,1945.0,1942.6,1942.8,8742
2026-07-20 11:55:00,1942.8,1945.0,1942.8,1944.7,10224
2026-07-20 12:00:00,1945.0,1945.7,1942.8,1943.0,9525
2026-07-20 12:05:00,1943.2,1945.8,1943.0,1945.2,7259
2026-07-20 12:10:00,1945.9,1950.9,1944.0,1950.0,23746
2026-07-20 12:15:00,1949.5,1950.9,1947.9,1948.8,13012
2026-07-20 12:20:00,1948.7,1949.5,1947.3,1947.8,10259
2026-07-20 12:25:00,1947.8,1948.4,1946.3,1948.0,11809
2026-07-20 12:30:00,1947.3,1954.0,1946.2,1953.6,19700
2026-07-20 12:35:00,1953.6,1955.0,1950.0,1950.0,19232
2026-07-20 12:40:00,1950.1,1952.7,1950.1,1950.9,37212
2026-07-20 12:45:00,1950.9,1952.0,1949.2,1951.2,16329
2026-07-20 12:50:00,1952.0,1954.0,1950.8,1952.5,18634
2026-07-20 12:55:00,1952.9,1954.6,1952.0,1953.7,13492
2026-07-20 13:00:00,1953.7,1954.4,1952.1,1953.0,11837
2026-07-20 13:05:00,1952.8,1954.9,1952.0,1954.9,18172
2026-07-20 13:10:00,1954.5,1957.0,1954.5,1956.7,22682
2026-07-20 13:15:00,1956.7,1957.0,1954.6,1956.0,16444
2026-07-20 13:20:00,1956.0,1958.8,1955.9,1956.5,19573
2026-07-20 13:25:00,1956.6,1956.6,1954.7,1955.6,19119
2026-07-20 13:30:00,1955.7,1956.0,1954.5,1955.6,21894
2026-07-20 13:35:00,1955.5,1956.0,1952.7,1954.0,26840
2026-07-20 13:40:00,1954.0,1954.4,1951.5,1952.2,22071
2026-07-20 13:45:00,1952.2,1953.7,1951.3,1953.4,22535
2026-07-20 13:50:00,1953.4,1955.9,1953.1,1954.3,23821
2026-07-20 13:55:00,1954.4,1957.8,1954.0,1957.5,24689
2026-07-20 14:00:00,1957.7,1958.0,1955.8,1957.5,28799
2026-07-20 14:05:00,1957.5,1957.9,1955.7,1956.3,21072
2026-07-20 14:10:00,1956.6,1956.9,1954.0,1955.3,21851
2026-07-20 14:15:00,1955.3,1956.3,1955.0,1956.0,25272
2026-07-20 14:20:00,1956.0,1956.2,1953.2,1953.5,23281
2026-07-20 14:25:00,1953.5,1955.7,1951.7,1955.3,28607
2026-07-20 14:30:00,1955.3,1956.0,1954.0,1954.7,22073
2026-07-20 14:35:00,1954.6,1955.0,1953.8,1954.6,29606
2026-07-20 14:40:00,1954.8,1955.7,1954.0,1954.7,24807
2026-07-20 14:45:00,1954.7,1956.1,1953.4,1955.2,24990
2026-07-20 14:50:00,1955.2,1955.3,1953.1,1953.6,40049
2026-07-20 14:55:00,1953.6,1955.3,1953.1,1954.7,29911
2026-07-20 15:00:00,1954.6,1957.7,1954.5,1956.1,85539
2026-07-20 15:05:00,1956.1,1957.1,1954.6,1956.8,75741
2026-07-20 15:10:00,1956.8,1957.0,1955.9,1956.6,83444
2026-07-20 15:15:00,1956.6,1957.5,1954.3,1957.4,96354
2026-07-20 15:20:00,1957.5,1957.9,1956.3,1957.1,90338
2026-07-20 15:25:00,1957.2,1958.0,1954.5,1958.0,71022
2026-07-21 09:15:00,1949.6,1949.6,1941.5,1943.4,29195
2026-07-21 09:20:00,1943.6,1944.9,1938.2,1940.4,23596
2026-07-21 09:25:00,1941.1,1944.3,1940.1,1943.7,12577
2026-07-21 09:30:00,1944.0,1947.0,1944.0,1945.0,8299
2026-07-21 09:35:00,1944.8,1946.3,1944.6,1945.2,5552
2026-07-21 09:40:00,1945.4,1949.6,1945.0,1949.5,8876
2026-07-21 09:45:00,1949.5,1953.8,1949.0,1951.8,15113
2026-07-21 09:50:00,1951.8,1952.9,1950.6,1950.9,10626
2026-07-21 09:55:00,1951.2,1954.6,1950.6,1951.2,6552
2026-07-21 10:00:00,1950.8,1951.7,1950.3,1951.1,5462
2026-07-21 10:05:00,1951.2,1952.5,1950.4,1951.2,6221
2026-07-21 10:10:00,1951.2,1951.3,1950.2,1951.0,6166
2026-07-21 10:15:00,1951.0,1951.7,1950.2,1950.9,7721
2026-07-21 10:20:00,1951.0,1953.1,1950.2,1952.8,10035
2026-07-21 10:25:00,1952.9,1954.7,1949.9,1950.2,30093
2026-07-21 10:30:00,1950.8,1951.5,1947.5,1949.9,39293
2026-07-21 10:35:00,1949.9,1950.7,1946.4,1948.5,10810
2026-07-21 10:40:00,1948.5,1952.5,1948.1,1950.7,16040
2026-07-21 10:45:00,1951.1,1952.0,1950.7,1951.7,5728
2026-07-21 10:50:00,1951.7,1951.7,1950.5,1950.6,5155
2026-07-21 10:55:00,1951.3,1955.9,1950.6,1955.8,7933
2026-07-21 11:00:00,1955.6,1956.0,1951.9,1952.5,7064
2026-07-21 11:05:00,1952.5,1953.0,1950.8,1951.8,14702
2026-07-21 11:10:00,1952.2,1955.0,1952.2,1954.0,18232
2026-07-21 11:15:00,1954.0,1954.5,1951.4,1954.0,12786
2026-07-21 11:20:00,1954.0,1954.9,1951.5,1954.1,21688
2026-07-21 11:25:00,1954.1,1955.4,1953.4,1955.1,9175
2026-07-21 11:30:00,1955.0,1955.8,1953.5,1954.9,10443
2026-07-21 11:35:00,1954.9,1956.4,1954.0,1956.2,18005
2026-07-21 11:40:00,1956.4,1958.3,1955.8,1958.1,13530
2026-07-21 11:45:00,1958.2,1960.0,1957.6,1958.8,17843
2026-07-21 11:50:00,1959.2,1959.9,1955.8,1955.8,16339
2026-07-21 11:55:00,1956.4,1958.8,1955.2,1958.1,12720
2026-07-21 12:00:00,1958.1,1958.1,1955.3,1957.2,11785
2026-07-21 12:05:00,1957.2,1959.6,1956.0,1959.4,29270
2026-07-21 12:10:00,1959.3,1960.7,1958.5,1959.0,16843
2026-07-21 12:15:00,1958.9,1960.7,1958.5,1960.0,17179
2026-07-21 12:20:00,1959.6,1960.5,1957.7,1959.2,16050
2026-07-21 12:25:00,1959.2,1960.3,1959.2,1960.3,10225
2026-07-21 12:30:00,1960.3,1965.7,1960.0,1964.2,47977
2026-07-21 12:35:00,1964.2,1966.5,1962.1,1965.2,38593
2026-07-21 12:40:00,1965.2,1966.0,1963.7,1964.4,17550
2026-07-21 12:45:00,1964.4,1964.5,1962.9,1964.5,16122
2026-07-21 12:50:00,1964.5,1965.0,1963.5,1964.8,7541
2026-07-21 12:55:00,1964.8,1965.1,1962.8,1963.8,8610
2026-07-21 13:00:00,1963.8,1964.9,1960.7,1961.0,29600
2026-07-21 13:05:00,1961.0,1961.7,1959.0,1960.2,12462
2026-07-21 13:10:00,1959.7,1963.0,1958.4,1961.9,19475
2026-07-21 13:15:00,1961.9,1962.1,1960.2,1960.7,8481
2026-07-21 13:20:00,1960.7,1962.4,1960.1,1960.7,6944
2026-07-21 13:25:00,1960.7,1962.4,1960.7,1961.9,7357
2026-07-21 13:30:00,1961.9,1963.4,1961.7,1963.4,7609
2026-07-21 13:35:00,1963.3,1964.0,1961.8,1962.2,9832
2026-07-21 13:40:00,1962.2,1963.1,1960.0,1961.7,22556
2026-07-21 13:45:00,1961.7,1962.3,1961.3,1962.0,10529
2026-07-21 13:50:00,1962.0,1962.4,1960.4,1961.2,12625
2026-07-21 13:55:00,1961.4,1962.1,1959.5,1960.7,24826
2026-07-21 14:00:00,1960.8,1962.3,1959.1,1959.6,25088
2026-07-21 14:05:00,1959.8,1960.9,1957.1,1957.5,27150
2026-07-21 14:10:00,1957.5,1958.6,1957.2,1957.8,16262
2026-07-21 14:15:00,1958.0,1958.0,1957.1,1957.8,22079
2026-07-21 14:20:00,1958.0,1960.0,1957.1,1959.2,25230
2026-07-21 14:25:00,1959.2,1959.7,1957.7,1957.9,20707
2026-07-21 14:30:00,1958.0,1959.2,1957.4,1959.0,30734
2026-07-21 14:35:00,1959.0,1959.6,1957.5,1957.9,27867
2026-07-21 14:40:00,1958.0,1960.0,1957.8,1959.8,15043
2026-07-21 14:45:00,1959.7,1960.0,1958.7,1960.0,15631
2026-07-21 14:50:00,1959.9,1960.1,1958.6,1960.0,26357
2026-07-21 14:55:00,1960.0,1960.7,1958.4,1959.1,33979
2026-07-21 15:00:00,1959.2,1964.0,1959.2,1962.4,63870
2026-07-21 15:05:00,1962.8,1963.8,1962.2,1963.2,45108
2026-07-21 15:10:00,1963.0,1963.3,1961.9,1962.7,37604
2026-07-21 15:15:00,1962.6,1962.8,1961.5,1962.3,39014
2026-07-21 15:20:00,1962.1,1962.3,1960.0,1960.7,42115
2026-07-21 15:25:00,1960.6,1960.9,1952.1,1960.0,43589
2026-07-22 09:15:00,1938.0,1944.6,1925.2,1942.2,71458
2026-07-22 09:20:00,1942.1,1950.3,1938.2,1939.7,87311
2026-07-22 09:25:00,1940.0,1942.4,1938.6,1940.3,34049
2026-07-22 09:30:00,1940.0,1942.8,1936.5,1936.5,39600
2026-07-22 09:35:00,1936.7,1940.0,1934.0,1938.0,59258
2026-07-22 09:40:00,1938.1,1938.9,1935.3,1937.2,33728
2026-07-22 09:45:00,1938.6,1939.0,1935.0,1935.0,36021
2026-07-22 09:50:00,1935.7,1938.0,1934.5,1937.2,36837
2026-07-22 09:55:00,1937.9,1940.1,1935.2,1935.2,28649
2026-07-22 10:00:00,1934.9,1936.0,1931.2,1933.8,53831
2026-07-22 10:05:00,1934.1,1937.9,1932.2,1937.9,20592
2026-07-22 10:10:00,1938.0,1940.0,1937.8,1939.5,17987
2026-07-22 10:15:00,1939.0,1940.1,1936.5,1937.4,23098
2026-07-22 10:20:00,1936.4,1936.8,1933.6,1936.2,29515
2026-07-22 10:25:00,1935.7,1939.5,1932.0,1939.2,34169
2026-07-22 10:30:00,1939.2,1942.6,1938.8,1940.2,23170
2026-07-22 10:35:00,1940.4,1945.2,1939.7,1945.0,27080
2026-07-22 10:40:00,1944.9,1945.5,1943.0,1943.1,17704
2026-07-22 10:45:00,1943.6,1944.4,1943.0,1943.5,19413
2026-07-22 10:50:00,1943.6,1944.0,1941.0,1942.3,22292
2026-07-22 10:55:00,1942.3,1945.2,1940.6,1944.2,21966
2026-07-22 11:00:00,1944.2,1945.5,1943.0,1945.2,25260
2026-07-22 11:05:00,1945.2,1948.7,1945.0,1948.4,21624
2026-07-22 11:10:00,1948.4,1949.8,1946.2,1947.6,18693
2026-07-22 11:15:00,1948.0,1950.8,1947.1,1950.6,16933
2026-07-22 11:20:00,1950.6,1951.8,1947.9,1951.5,38562
2026-07-22 11:25:00,1951.6,1951.7,1948.8,1949.5,22817
2026-07-22 11:30:00,1949.9,1949.9,1944.1,1945.1,18308
2026-07-22 11:35:00,1945.3,1945.6,1941.8,1943.5,12238
2026-07-22 11:40:00,1943.8,1944.3,1941.0,1942.7,11463
2026-07-22 11:45:00,1942.7,1944.3,1941.4,1944.0,11375
2026-07-22 11:50:00,1943.9,1944.0,1940.1,1941.0,12560
2026-07-22 11:55:00,1941.3,1941.6,1937.5,1938.8,24452
2026-07-22 12:00:00,1939.5,1939.7,1937.0,1939.3,9831
2026-07-22 12:05:00,1939.4,1940.7,1937.3,1937.8,7819
2026-07-22 12:10:00,1938.0,1939.0,1936.8,1936.9,8160
2026-07-22 12:15:00,1937.0,1938.0,1935.3,1936.2,10154
2026-07-22 12:20:00,1935.9,1938.4,1935.6,1938.1,8292
2026-07-22 12:25:00,1938.0,1938.8,1937.2,1937.9,10533
2026-07-22 12:30:00,1937.8,1938.0,1935.6,1936.2,9150
2026-07-22 12:35:00,1936.2,1936.2,1933.8,1935.1,9429
2026-07-22 12:40:00,1935.0,1936.8,1933.8,1936.1,7996
2026-07-22 12:45:00,1936.2,1937.5,1934.9,1937.2,11192
2026-07-22 12:50:00,1937.2,1938.8,1937.0,1938.0,8481
2026-07-22 12:55:00,1938.5,1938.9,1937.3,1937.7,8768
2026-07-22 13:00:00,1937.9,1939.4,1937.0,1938.2,8284
2026-07-22 13:05:00,1938.2,1939.6,1938.0,1938.3,7829
2026-07-22 13:10:00,1939.1,1939.3,1936.3,1938.0,10282
2026-07-22 13:15:00,1937.8,1937.8,1936.2,1936.7,7974
2026-07-22 13:20:00,1936.8,1937.3,1934.9,1935.6,8828
2026-07-22 13:25:00,1935.8,1938.9,1934.7,1938.9,15265
2026-07-22 13:30:00,1938.9,1939.6,1938.0,1939.3,12428
2026-07-22 13:35:00,1939.4,1940.8,1938.8,1940.3,13087
2026-07-22 13:40:00,1940.3,1941.0,1938.8,1940.0,12258
2026-07-22 13:45:00,1940.0,1940.2,1938.4,1939.9,9351
2026-07-22 13:50:00,1939.7,1941.0,1938.9,1939.8,9528
2026-07-22 13:55:00,1940.3,1941.8,1938.1,1938.9,8905
2026-07-22 14:00:00,1938.9,1939.1,1938.0,1938.2,11023
2026-07-22 14:05:00,1938.1,1941.0,1937.8,1939.8,40373
2026-07-22 14:10:00,1940.0,1940.3,1938.5,1940.1,6643
2026-07-22 14:15:00,1940.2,1940.3,1938.0,1938.9,10956
2026-07-22 14:20:00,1939.0,1940.3,1939.0,1939.9,6326
2026-07-22 14:25:00,1939.9,1939.9,1938.5,1938.5,9170
2026-07-22 14:30:00,1939.0,1939.4,1938.0,1938.9,9428
2026-07-22 14:35:00,1938.9,1941.6,1938.9,1939.3,16954
2026-07-22 14:40:00,1939.6,1940.2,1938.8,1940.2,13006
2026-07-22 14:45:00,1940.3,1940.3,1939.0,1940.0,17001
2026-07-22 14:50:00,1939.9,1941.3,1939.1,1941.0,13292
2026-07-22 14:55:00,1941.0,1941.0,1940.0,1940.7,13835
2026-07-22 15:00:00,1941.3,1944.8,1939.8,1944.8,50370
2026-07-22 15:05:00,1944.6,1945.3,1943.0,1943.1,54422
2026-07-22 15:10:00,1943.0,1945.1,1943.0,1943.8,61926
2026-07-22 15:15:00,1943.7,1943.9,1938.9,1942.4,59362
2026-07-22 15:20:00,1942.4,1943.9,1942.1,1943.6,57782
2026-07-22 15:25:00,1943.5,1944.9,1942.0,1944.0,48824
2026-07-23 09:15:00,1938.1,1943.0,1931.1,1933.0,47706
2026-07-23 09:20:00,1933.3,1938.0,1928.6,1936.0,39535
2026-07-23 09:25:00,1936.9,1938.6,1934.7,1935.4,18691
2026-07-23 09:30:00,1934.9,1936.6,1930.0,1932.6,29694
2026-07-23 09:35:00,1932.2,1934.1,1930.2,1931.6,14066
2026-07-23 09:40:00,1930.4,1933.7,1930.4,1931.7,12349
2026-07-23 09:45:00,1932.1,1932.4,1927.4,1928.4,21138
2026-07-23 09:50:00,1927.6,1930.7,1926.8,1929.0,13000
2026-07-23 09:55:00,1930.3,1931.4,1927.2,1929.8,16738
2026-07-23 10:00:00,1930.6,1933.1,1929.5,1931.1,13137
2026-07-23 10:05:00,1932.1,1933.5,1930.0,1932.4,13808
2026-07-23 10:10:00,1932.3,1934.8,1931.7,1931.9,11524
2026-07-23 10:15:00,1933.1,1934.0,1931.5,1932.8,11689
2026-07-23 10:20:00,1933.2,1934.2,1931.2,1933.5,9639
2026-07-23 10:25:00,1933.5,1937.4,1932.1,1935.8,25587
2026-07-23 10:30:00,1936.8,1942.5,1936.3,1941.8,61381
2026-07-23 10:35:00,1941.8,1946.0,1940.3,1944.6,29352
2026-07-23 10:40:00,1945.3,1945.6,1942.2,1943.2,17345
2026-07-23 10:45:00,1943.6,1948.5,1943.2,1947.5,24325
2026-07-23 10:50:00,1947.5,1947.5,1939.1,1940.4,68864
2026-07-23 10:55:00,1940.0,1941.8,1939.4,1939.8,16521
2026-07-23 11:00:00,1940.6,1942.1,1939.7,1940.7,17486
2026-07-23 11:05:00,1940.7,1942.0,1940.3,1940.5,17478
2026-07-23 11:10:00,1940.5,1942.0,1940.3,1940.6,17630
2026-07-23 11:15:00,1941.5,1942.2,1940.4,1940.7,18968
2026-07-23 11:20:00,1941.7,1947.7,1940.7,1946.8,41689
2026-07-23 11:25:00,1947.3,1949.6,1944.7,1944.7,48562
2026-07-23 11:30:00,1945.0,1945.0,1935.2,1937.1,12783
2026-07-23 11:35:00,1937.1,1938.0,1932.8,1936.1,30134
2026-07-23 11:40:00,1936.0,1937.5,1934.8,1937.4,19275
2026-07-23 11:45:00,1938.0,1939.0,1934.9,1936.2,27787
2026-07-23 11:50:00,1936.0,1937.0,1933.2,1934.3,15355
2026-07-23 11:55:00,1934.3,1937.2,1933.1,1936.7,15940
2026-07-23 12:00:00,1936.7,1938.5,1934.5,1935.0,19185
2026-07-23 12:05:00,1934.9,1937.1,1934.6,1937.0,18085
2026-07-23 12:10:00,1936.2,1937.5,1932.8,1932.8,13667
2026-07-23 12:15:00,1932.8,1934.9,1931.6,1933.9,11993
2026-07-23 12:20:00,1933.8,1934.3,1931.2,1932.1,4180
2026-07-23 12:25:00,1932.1,1933.2,1931.1,1932.0,4540
2026-07-23 12:30:00,1932.4,1933.6,1931.3,1933.0,6092
2026-07-23 12:35:00,1932.7,1933.8,1931.5,1932.0,7385
2026-07-23 12:40:00,1932.1,1933.8,1931.9,1932.9,7854
2026-07-23 12:45:00,1933.2,1938.1,1932.9,1937.2,9670
2026-07-23 12:50:00,1936.3,1938.2,1936.0,1936.8,8293
2026-07-23 12:55:00,1936.6,1936.8,1933.7,1935.9,16328
2026-07-23 13:00:00,1936.4,1939.3,1936.0,1939.3,14820
2026-07-23 13:05:00,1939.2,1939.5,1934.5,1934.6,10820
2026-07-23 13:10:00,1934.5,1935.2,1932.4,1933.9,7138
2026-07-23 13:15:00,1934.5,1935.4,1932.0,1934.2,7378
2026-07-23 13:20:00,1934.3,1934.6,1931.6,1932.2,22609
2026-07-23 13:25:00,1932.1,1934.7,1931.9,1933.1,11893
2026-07-23 13:30:00,1933.1,1938.3,1933.1,1937.0,19850
2026-07-23 13:35:00,1937.0,1940.0,1936.0,1938.8,21955
2026-07-23 13:40:00,1938.9,1942.4,1938.8,1942.0,27727
2026-07-23 13:45:00,1942.0,1945.7,1942.0,1944.0,24114
2026-07-23 13:50:00,1944.1,1945.4,1943.5,1943.6,5234
2026-07-23 13:55:00,1943.8,1945.2,1942.8,1943.4,6298
2026-07-23 14:00:00,1944.0,1952.1,1944.0,1951.7,61116
2026-07-23 14:05:00,1951.3,1951.7,1948.7,1948.9,6582
2026-07-23 14:10:00,1949.3,1952.1,1948.7,1950.0,25874
2026-07-23 14:15:00,1950.2,1951.0,1949.3,1950.1,35148
2026-07-23 14:20:00,1950.1,1951.9,1949.6,1950.7,7395
2026-07-23 14:25:00,1950.7,1952.0,1950.3,1951.2,9219
2026-07-23 14:30:00,1951.6,1956.0,1950.3,1954.7,67055
2026-07-23 14:35:00,1954.9,1955.9,1953.6,1954.1,32517
2026-07-23 14:40:00,1953.9,1954.0,1950.4,1950.9,17422
2026-07-23 14:45:00,1950.9,1950.9,1948.4,1949.4,27709
2026-07-23 14:50:00,1949.4,1951.8,1948.2,1950.3,85328
2026-07-23 14:55:00,1950.4,1952.0,1949.6,1951.1,11803
2026-07-23 15:00:00,1951.4,1952.0,1949.4,1952.0,40282
2026-07-23 15:05:00,1952.6,1955.5,1950.2,1955.1,186310
2026-07-23 15:10:00,1955.4,1958.5,1954.8,1955.4,144179
2026-07-23 15:15:00,1955.5,1955.9,1952.2,1954.0,65507
2026-07-23 15:20:00,1954.3,1955.5,1953.1,1954.7,67854
2026-07-23 15:25:00,1954.7,1955.5,1950.0,1951.0,52486
2026-07-24 09:15:00,1945.0,1954.9,1945.0,1949.4,37427
2026-07-24 09:20:00,1950.2,1955.8,1949.1,1954.0,21427
2026-07-24 09:25:00,1954.1,1955.5,1951.4,1953.9,14254
2026-07-24 09:30:00,1954.4,1955.0,1953.1,1953.1,14030
2026-07-24 09:35:00,1953.3,1959.0,1953.2,1957.9,14947
2026-07-24 09:40:00,1957.9,1959.8,1956.0,1956.0,22801
2026-07-24 09:45:00,1956.4,1958.8,1955.0,1958.8,20724
2026-07-24 09:50:00,1958.4,1958.7,1954.4,1954.6,23649
2026-07-24 09:55:00,1955.1,1957.0,1953.5,1955.1,56528
2026-07-24 10:00:00,1955.1,1955.6,1950.6,1953.9,49178
2026-07-24 10:05:00,1954.3,1954.5,1950.4,1951.1,81459
2026-07-24 10:10:00,1951.1,1951.9,1950.3,1951.3,15243
2026-07-24 10:15:00,1951.3,1952.0,1948.5,1949.2,27151
2026-07-24 10:20:00,1949.2,1952.0,1949.2,1950.1,16044
2026-07-24 10:25:00,1949.7,1950.8,1949.0,1950.4,9707
2026-07-24 10:30:00,1950.7,1952.1,1949.5,1950.4,11678
2026-07-24 10:35:00,1950.4,1950.5,1949.1,1950.4,13324
2026-07-24 10:40:00,1950.2,1950.4,1948.1,1948.9,10721
2026-07-24 10:45:00,1948.9,1949.6,1948.4,1948.7,5471
2026-07-24 10:50:00,1948.8,1950.3,1948.0,1948.3,6199
2026-07-24 10:55:00,1948.2,1949.2,1946.1,1948.5,14853
2026-07-24 11:00:00,1948.5,1950.1,1947.0,1950.1,10031
2026-07-24 11:05:00,1950.0,1950.2,1949.0,1949.6,5697
2026-07-24 11:10:00,1949.6,1949.6,1943.6,1946.1,14804
2026-07-24 11:15:00,1946.1,1946.6,1945.1,1946.2,8342
2026-07-24 11:20:00,1946.2,1946.2,1945.0,1945.0,9156
2026-07-24 11:25:00,1945.8,1945.8,1945.0,1945.8,20658
2026-07-24 11:30:00,1946.0,1947.3,1945.3,1946.0,11037
2026-07-24 11:35:00,1945.9,1946.0,1944.0,1944.0,5441
2026-07-24 11:40:00,1944.0,1945.5,1942.2,1943.7,10050
2026-07-24 11:45:00,1943.7,1943.7,1940.3,1940.9,7928
2026-07-24 11:50:00,1940.9,1941.3,1939.9,1940.0,6461
2026-07-24 11:55:00,1940.1,1943.0,1940.0,1943.0,7797
2026-07-24 12:00:00,1942.6,1943.7,1941.0,1941.8,7249
2026-07-24 12:05:00,1941.8,1942.8,1940.0,1940.2,10319
2026-07-24 12:10:00,1940.2,1941.2,1939.8,1940.0,7256
2026-07-24 12:15:00,1940.0,1940.8,1939.9,1940.3,6165
2026-07-24 12:20:00,1940.3,1940.9,1939.0,1940.1,11267
2026-07-24 12:25:00,1940.3,1941.5,1940.1,1941.0,41772
2026-07-24 12:30:00,1941.2,1941.7,1939.0,1939.0,33320
2026-07-24 12:35:00,1939.2,1939.3,1935.0,1936.0,9483
2026-07-24 12:40:00,1936.3,1938.0,1934.8,1938.0,8268
2026-07-24 12:45:00,1938.2,1938.4,1936.2,1937.4,8116
2026-07-24 12:50:00,1936.7,1937.5,1935.0,1936.9,8090
2026-07-24 12:55:00,1936.9,1936.9,1935.4,1936.2,5814
2026-07-24 13:00:00,1936.2,1937.1,1935.3,1936.6,7447
2026-07-24 13:05:00,1936.8,1940.8,1936.0,1940.1,12977
2026-07-24 13:10:00,1940.2,1940.2,1937.5,1937.5,17393
2026-07-24 13:15:00,1937.5,1940.6,1937.1,1940.6,12105
2026-07-24 13:20:00,1940.1,1940.4,1937.8,1939.6,8395
2026-07-24 13:25:00,1939.5,1942.1,1938.8,1940.6,17886
2026-07-24 13:30:00,1940.6,1941.8,1940.1,1941.0,14923
2026-07-24 13:35:00,1941.2,1941.3,1940.2,1940.2,8736
2026-07-24 13:40:00,1940.3,1940.3,1939.0,1940.0,16042
2026-07-24 13:45:00,1940.0,1941.6,1939.7,1940.1,16267
2026-07-24 13:50:00,1940.1,1945.6,1939.8,1945.0,33400
2026-07-24 13:55:00,1945.0,1945.5,1943.4,1944.5,17385
2026-07-24 14:00:00,1944.5,1945.7,1943.4,1944.5,16258
2026-07-24 14:05:00,1944.4,1944.6,1941.9,1944.0,23994
2026-07-24 14:10:00,1944.0,1944.0,1940.6,1941.5,17579
2026-07-24 14:15:00,1941.5,1942.2,1940.1,1940.7,12678
2026-07-24 14:20:00,1940.9,1941.8,1939.5,1941.1,20233
2026-07-24 14:25:00,1940.7,1942.6,1940.5,1942.1,31096
2026-07-24 14:30:00,1941.5,1941.9,1940.0,1940.1,19368
2026-07-24 14:35:00,1940.0,1942.4,1940.0,1941.6,21052
2026-07-24 14:40:00,1941.5,1942.0,1940.0,1940.8,18205
2026-07-24 14:45:00,1940.9,1941.5,1940.0,1940.4,28547
2026-07-24 14:50:00,1940.4,1942.0,1940.1,1941.2,15602
2026-07-24 14:55:00,1941.9,1942.4,1940.3,1941.3,18989
2026-07-24 15:00:00,1941.1,1941.7,1939.3,1941.3,46415
2026-07-24 15:05:00,1941.1,1942.0,1940.5,1941.1,59513
2026-07-24 15:10:00,1941.1,1943.1,1939.6,1942.6,92376
2026-07-24 15:15:00,1942.6,1942.8,1941.2,1942.1,54104
2026-07-24 15:20:00,1942.0,1942.2,1942.0,1942.2,47342
2026-07-24 15:25:00,1942.2,1944.2,1936.6,1936.6,84378
2026-07-27 09:15:00,1948.5,1948.5,1933.0,1940.2,28651
2026-07-27 09:20:00,1940.3,1948.6,1940.3,1946.1,27316
2026-07-27 09:25:00,1946.7,1947.8,1944.3,1945.3,19101
2026-07-27 09:30:00,1945.1,1947.8,1943.6,1944.7,16492
2026-07-27 09:35:00,1944.1,1954.0,1944.0,1952.0,42990
2026-07-27 09:40:00,1952.5,1953.0,1949.1,1949.1,14217
2026-07-27 09:45:00,1949.2,1951.5,1947.7,1951.5,16407
2026-07-27 09:50:00,1951.3,1957.3,1950.1,1954.1,31753
2026-07-27 09:55:00,1954.1,1955.0,1951.8,1954.7,10766
2026-07-27 10:00:00,1956.5,1957.7,1953.7,1953.7,17141
2026-07-27 10:05:00,1953.8,1953.8,1950.1,1951.5,12536
2026-07-27 10:10:00,1951.5,1953.4,1950.9,1951.7,13012
2026-07-27 10:15:00,1951.7,1952.8,1950.4,1951.4,14087
2026-07-27 10:20:00,1951.3,1951.4,1949.2,1950.7,76175
2026-07-27 10:25:00,1951.3,1953.0,1949.2,1950.9,71108
2026-07-27 10:30:00,1951.3,1952.0,1950.2,1950.2,13977
2026-07-27 10:35:00,1950.5,1951.4,1947.6,1948.3,55500
2026-07-27 10:40:00,1948.5,1949.3,1947.7,1949.1,18669
2026-07-27 10:45:00,1949.1,1955.0,1948.9,1955.0,216344
2026-07-27 10:50:00,1954.6,1955.1,1951.0,1951.4,18082
2026-07-27 10:55:00,1951.3,1951.4,1948.7,1949.0,40701
2026-07-27 11:00:00,1949.2,1950.5,1947.7,1948.1,10632
2026-07-27 11:05:00,1948.1,1948.2,1944.8,1947.4,11871
2026-07-27 11:10:00,1947.8,1947.9,1945.3,1945.7,6511
2026-07-27 11:15:00,1946.2,1948.3,1945.7,1947.4,10195
2026-07-27 11:20:00,1947.4,1955.3,1946.5,1955.2,2250507
2026-07-27 11:25:00,1955.3,1958.8,1953.1,1957.2,13883
2026-07-27 11:30:00,1958.0,1958.9,1956.4,1957.6,14251
2026-07-27 11:35:00,1958.3,1959.0,1957.2,1958.6,7201
2026-07-27 11:40:00,1958.6,1959.8,1957.2,1959.1,21924
2026-07-27 11:45:00,1959.1,1959.7,1959.0,1959.1,62917
2026-07-27 11:50:00,1959.1,1960.0,1958.8,1959.5,58637
2026-07-27 11:55:00,1959.6,1961.0,1958.9,1960.2,15463
2026-07-27 12:00:00,1960.2,1961.1,1959.0,1959.5,11801
2026-07-27 12:05:00,1959.5,1960.4,1958.5,1960.0,14415
2026-07-27 12:10:00,1959.9,1960.2,1958.5,1959.3,29470
2026-07-27 12:15:00,1959.4,1960.6,1959.3,1960.0,9306
2026-07-27 12:20:00,1960.0,1960.1,1958.9,1959.3,22977
2026-07-27 12:25:00,1959.5,1962.7,1959.0,1960.8,14252
2026-07-27 12:30:00,1960.8,1969.0,1960.5,1966.7,63079
2026-07-27 12:35:00,1966.7,1969.9,1964.4,1969.8,82079
2026-07-27 12:40:00,1969.8,1969.8,1967.7,1968.1,26089
2026-07-27 12:45:00,1968.1,1970.7,1967.8,1970.3,31878
2026-07-27 12:50:00,1970.7,1971.5,1970.0,1970.6,33288
2026-07-27 12:55:00,1970.6,1976.1,1970.6,1975.3,100476
2026-07-27 13:00:00,1975.5,1976.5,1971.0,1971.7,83727
2026-07-27 13:05:00,1971.7,1975.1,1971.6,1972.6,48683
2026-07-27 13:10:00,1972.7,1975.0,1971.3,1974.9,36680
2026-07-27 13:15:00,1975.0,1976.5,1973.9,1975.2,64822
2026-07-27 13:20:00,1975.2,1975.4,1970.0,1973.0,68415
2026-07-27 13:25:00,1973.4,1973.4,1970.9,1971.7,12454
2026-07-27 13:30:00,1971.9,1972.4,1969.9,1970.7,23183
2026-07-27 13:35:00,1970.7,1970.7,1969.1,1969.9,10556
2026-07-27 13:40:00,1970.0,1971.1,1968.3,1971.1,70375
2026-07-27 13:45:00,1971.1,1973.0,1965.8,1967.1,15415
2026-07-27 13:50:00,1967.1,1971.7,1966.4,1971.7,545969
2026-07-27 13:55:00,1971.1,1973.0,1969.4,1973.0,18531
2026-07-27 14:00:00,1973.0,1973.0,1967.7,1967.8,121786
2026-07-27 14:05:00,1967.9,1971.9,1967.0,1970.6,59289
2026-07-27 14:10:00,1970.6,1972.1,1970.4,1971.4,15179
2026-07-27 14:15:00,1971.5,1972.7,1970.0,1971.6,18339
2026-07-27 14:20:00,1970.8,1973.0,1970.0,1970.4,31984
2026-07-27 14:25:00,1970.5,1972.0,1970.0,1970.2,20403
2026-07-27 14:30:00,1970.0,1971.2,1969.7,1971.0,34354
2026-07-27 14:35:00,1971.0,1972.9,1970.2,1972.4,15409
2026-07-27 14:40:00,1972.4,1974.6,1972.0,1973.5,24869
2026-07-27 14:45:00,1973.8,1974.6,1971.7,1971.7,17104
2026-07-27 14:50:00,1971.8,1973.0,1970.9,1971.7,16379
2026-07-27 14:55:00,1971.8,1973.0,1970.6,1971.2,13170
2026-07-27 15:00:00,1971.7,1972.9,1971.2,1971.5,42503
2026-07-27 15:05:00,1972.5,1976.9,1972.3,1974.8,74384
2026-07-27 15:10:00,1974.9,1975.1,1972.5,1972.7,44497
2026-07-27 15:15:00,1972.6,1974.5,1971.9,1974.5,47923
2026-07-27 15:20:00,1975.9,1977.0,1971.8,1972.0,64783
2026-07-27 15:25:00,1972.5,1975.0,1972.2,1973.0,52664
2026-07-28 09:15:00,1978.8,1988.8,1970.9,1972.5,104896
2026-07-28 09:20:00,1974.5,1976.4,1973.1,1974.8,23204
2026-07-28 09:25:00,1974.9,1984.8,1974.1,1983.1,178255
2026-07-28 09:30:00,1984.0,1985.0,1978.1,1980.9,95726
2026-07-28 09:35:00,1980.5,1986.0,1980.1,1982.7,103071
2026-07-28 09:40:00,1982.7,1986.8,1982.4,1986.2,102865
2026-07-28 09:45:00,1986.2,1987.1,1982.4,1984.5,130283
2026-07-28 09:50:00,1984.9,1986.6,1982.6,1984.6,46725
2026-07-28 09:55:00,1984.9,1985.5,1979.7,1981.9,70158
2026-07-28 10:00:00,1982.1,1985.0,1981.8,1984.4,61465
2026-07-28 10:05:00,1984.3,1986.9,1981.8,1986.0,38834
2026-07-28 10:10:00,1986.5,1987.5,1983.0,1984.3,66738
2026-07-28 10:15:00,1984.0,1988.5,1984.0,1987.6,82709
2026-07-28 10:20:00,1987.0,1992.5,1987.0,1991.7,83613
2026-07-28 10:25:00,1991.7,1993.0,1990.0,1990.0,47144
2026-07-28 10:30:00,1990.1,1991.2,1986.0,1987.3,35363
2026-07-28 10:35:00,1987.7,1987.7,1985.0,1986.4,26324
2026-07-28 10:40:00,1986.5,1990.9,1984.5,1985.8,65169
2026-07-28 10:45:00,1986.0,1986.7,1982.9,1984.9,44899
2026-07-28 10:50:00,1984.9,1985.1,1974.2,1983.0,192241
2026-07-28 10:55:00,1984.0,1986.2,1980.8,1981.4,32191
2026-07-28 11:00:00,1981.2,1983.3,1980.1,1982.0,33508
2026-07-28 11:05:00,1981.9,1983.0,1980.1,1983.0,21501
2026-07-28 11:10:00,1982.9,1984.0,1980.8,1982.8,19374
2026-07-28 11:15:00,1982.7,1984.0,1981.2,1982.9,23697
2026-07-28 11:20:00,1983.2,1984.2,1981.2,1983.1,24169
2026-07-28 11:25:00,1983.2,1983.9,1980.6,1982.5,29158
2026-07-28 11:30:00,1982.5,1982.9,1977.8,1979.8,30111
2026-07-28 11:35:00,1979.8,1983.8,1978.0,1983.8,25669
2026-07-28 11:40:00,1983.4,1984.0,1982.3,1983.4,16521
2026-07-28 11:45:00,1983.5,1984.0,1981.5,1983.8,22269
2026-07-28 11:50:00,1983.9,1984.0,1976.0,1976.8,46516
2026-07-28 11:55:00,1976.9,1979.2,1974.7,1979.1,21197
2026-07-28 12:00:00,1979.1,1980.2,1977.5,1979.2,21380
2026-07-28 12:05:00,1979.2,1980.9,1977.4,1980.5,22662
2026-07-28 12:10:00,1980.5,1982.5,1978.5,1981.0,26422
2026-07-28 12:15:00,1981.0,1981.4,1977.9,1981.2,28726
2026-07-28 12:20:00,1981.2,1981.9,1979.0,1981.9,21113
2026-07-28 12:25:00,1981.9,1982.4,1980.2,1981.5,17635
2026-07-28 12:30:00,1981.5,1982.6,1980.0,1980.8,20516
2026-07-28 12:35:00,1980.8,1983.8,1980.0,1983.8,18204
2026-07-28 12:40:00,1982.9,1984.7,1982.0,1984.6,30914
2026-07-28 12:45:00,1984.6,1986.5,1984.6,1985.5,18751
2026-07-28 12:50:00,1985.4,1985.6,1984.0,1984.2,14061
2026-07-28 12:55:00,1984.3,1986.2,1984.0,1985.0,26157
2026-07-28 13:00:00,1984.6,1986.0,1983.6,1984.2,16358
2026-07-28 13:05:00,1984.7,1985.2,1982.0,1982.5,17960
2026-07-28 13:10:00,1983.3,1984.4,1981.8,1982.9,18954
2026-07-28 13:15:00,1982.8,1983.2,1980.7,1981.4,21814
2026-07-28 13:20:00,1981.4,1982.0,1979.7,1980.9,31092
2026-07-28 13:25:00,1980.9,1983.1,1980.0,1982.9,32344
2026-07-28 13:30:00,1983.0,1983.6,1980.5,1982.2,42481
2026-07-28 13:35:00,1982.4,1982.7,1980.0,1980.5,25596
2026-07-28 13:40:00,1980.4,1982.0,1980.0,1981.8,21383
2026-07-28 13:45:00,1981.8,1982.0,1980.0,1980.5,22159
2026-07-28 13:50:00,1980.4,1984.4,1979.4,1984.4,40264
2026-07-28 13:55:00,1984.5,1984.9,1983.9,1984.5,16017
2026-07-28 14:00:00,1984.3,1985.8,1984.0,1985.6,10075
2026-07-28 14:05:00,1986.0,1986.0,1981.3,1982.7,1029867
2026-07-28 14:10:00,1982.7,1985.2,1981.9,1984.0,19878
2026-07-28 14:15:00,1984.0,1985.2,1982.9,1983.8,21118
2026-07-28 14:20:00,1983.9,1984.6,1982.6,1983.8,17787
2026-07-28 14:25:00,1983.9,1984.2,1980.9,1980.9,19234
2026-07-28 14:30:00,1980.9,1982.6,1979.5,1981.9,48278
2026-07-28 14:35:00,1981.9,1984.1,1981.3,1982.9,28481
2026-07-28 14:40:00,1983.0,1984.2,1982.3,1984.0,21318
2026-07-28 14:45:00,1983.4,1984.1,1981.9,1983.4,36911
2026-07-28 14:50:00,1983.3,1984.5,1982.5,1983.9,34505
2026-07-28 14:55:00,1984.0,1984.5,1983.0,1983.6,20727
2026-07-28 15:00:00,1983.6,1983.6,1975.5,1975.7,148520
2026-07-28 15:05:00,1976.1,1977.1,1974.6,1975.8,121208
2026-07-28 15:10:00,1976.1,1976.3,1974.3,1975.4,103857
2026-07-28 15:15:00,1975.4,1977.7,1975.0,1977.7,108697
2026-07-28 15:20:00,1977.7,1978.2,1974.8,1978.1,119659
2026-07-28 15:25:00,1978.1,1981.9,1975.1,1976.1,142977
2026-07-29 09:15:00,1977.0,1986.9,1976.7,1981.5,31298
2026-07-29 09:20:00,1981.5,1988.2,1981.4,1984.9,17387
2026-07-29 09:25:00,1985.0,1986.0,1982.4,1982.4,20971
2026-07-29 09:30:00,1983.3,1988.5,1982.8,1984.6,15925
2026-07-29 09:35:00,1984.9,1986.3,1983.7,1983.8,19267
2026-07-29 09:40:00,1984.2,1985.0,1983.1,1983.9,11012
2026-07-29 09:45:00,1983.9,1989.1,1983.9,1989.0,28800
2026-07-29 09:50:00,1989.0,1989.8,1987.1,1987.1,17849
2026-07-29 09:55:00,1987.5,1987.5,1965.8,1968.7,134107
2026-07-29 10:00:00,1968.7,1969.7,1962.1,1966.0,28144
2026-07-29 10:05:00,1966.4,1966.5,1960.4,1966.3,20486
2026-07-29 10:10:00,1966.0,1977.0,1965.6,1974.6,375886
2026-07-29 10:15:00,1975.7,1976.0,1970.6,1970.6,26782
2026-07-29 10:20:00,1971.3,1972.4,1969.5,1971.1,126190
2026-07-29 10:25:00,1971.1,1973.8,1970.1,1972.0,33032
2026-07-29 10:30:00,1971.9,1972.0,1969.7,1970.4,115732
2026-07-29 10:35:00,1970.4,1972.5,1969.9,1971.9,18678
2026-07-29 10:40:00,1971.9,1972.3,1969.7,1970.0,17658
2026-07-29 10:45:00,1970.0,1972.0,1968.6,1970.0,19955
2026-07-29 10:50:00,1970.5,1972.9,1969.6,1972.9,24168
2026-07-29 10:55:00,1972.9,1974.5,1972.0,1972.4,19204
2026-07-29 11:00:00,1972.6,1974.5,1971.4,1974.0,11632
2026-07-29 11:05:00,1973.7,1976.7,1973.7,1974.7,73935
2026-07-29 11:10:00,1975.5,1976.9,1974.0,1974.7,13111
2026-07-29 11:15:00,1975.0,1976.3,1973.8,1974.6,12674
2026-07-29 11:20:00,1974.8,1978.0,1973.4,1977.5,19371
2026-07-29 11:25:00,1977.7,1979.1,1969.0,1969.2,103669
2026-07-29 11:30:00,1970.0,1974.7,1969.3,1971.4,126096
2026-07-29 11:35:00,1971.5,1974.6,1970.9,1971.8,11867
2026-07-29 11:40:00,1971.8,1974.3,1970.5,1972.8,17583
2026-07-29 11:45:00,1972.9,1973.7,1970.8,1970.8,8618
2026-07-29 11:50:00,1970.9,1973.8,1970.9,1972.1,10337
2026-07-29 11:55:00,1972.6,1973.6,1970.7,1973.1,9242
2026-07-29 12:00:00,1973.1,1973.3,1971.0,1972.2,8548
2026-07-29 12:05:00,1971.9,1973.5,1970.7,1972.4,8040
2026-07-29 12:10:00,1972.4,1972.6,1970.7,1971.1,8418
2026-07-29 12:15:00,1971.1,1973.0,1970.6,1971.8,7808
2026-07-29 12:20:00,1972.0,1972.0,1970.0,1970.1,9673
2026-07-29 12:25:00,1970.8,1973.9,1970.8,1973.4,10492
2026-07-29 12:30:00,1973.7,1979.3,1972.3,1978.3,26826
2026-07-29 12:35:00,1978.3,1979.4,1976.7,1977.5,8912
2026-07-29 12:40:00,1977.9,1977.9,1974.8,1976.1,9417
2026-07-29 12:45:00,1976.6,1976.6,1972.5,1974.6,8526
2026-07-29 12:50:00,1974.6,1981.3,1974.4,1980.6,16597
2026-07-29 12:55:00,1980.0,1981.0,1979.9,1980.0,11278
2026-07-29 13:00:00,1979.9,1982.4,1979.6,1981.5,52824
2026-07-29 13:05:00,1981.9,1984.0,1981.0,1982.6,12141
2026-07-29 13:10:00,1982.9,1983.3,1981.5,1981.7,8041
2026-07-29 13:15:00,1981.5,1984.1,1981.2,1983.9,10116
2026-07-29 13:20:00,1983.9,1983.9,1982.0,1982.9,8494
2026-07-29 13:25:00,1982.9,1984.2,1982.4,1982.4,8014
2026-07-29 13:30:00,1982.8,1984.2,1982.4,1984.1,10561
2026-07-29 13:35:00,1984.2,1986.5,1983.9,1984.2,24669
2026-07-29 13:40:00,1984.6,1986.0,1984.0,1984.8,19545
2026-07-29 13:45:00,1984.7,1985.0,1982.6,1983.2,9331
2026-07-29 13:50:00,1983.4,1983.7,1977.3,1979.2,34424
2026-07-29 13:55:00,1979.2,1979.5,1976.3,1977.3,10892
2026-07-29 14:00:00,1977.2,1979.1,1977.2,1977.5,10525
2026-07-29 14:05:00,1978.1,1979.8,1977.5,1978.2,12234
2026-07-29 14:10:00,1978.5,1979.1,1977.7,1978.1,10244
2026-07-29 14:15:00,1978.5,1979.3,1976.8,1976.9,12254
2026-07-29 14:20:00,1976.9,1978.6,1976.5,1977.8,11629
2026-07-29 14:25:00,1978.0,1979.3,1977.9,1979.1,13301
2026-07-29 14:30:00,1979.1,1979.9,1977.9,1979.6,13554
2026-07-29 14:35:00,1979.6,1980.0,1978.1,1978.4,16495
2026-07-29 14:40:00,1978.5,1979.0,1978.1,1979.0,13720
2026-07-29 14:45:00,1978.7,1980.1,1978.5,1980.0,21198
2026-07-29 14:50:00,1980.0,1980.9,1979.3,1979.7,21567
2026-07-29 14:55:00,1979.7,1983.6,1979.2,1983.3,38335
2026-07-29 15:00:00,1983.4,1992.7,1982.8,1991.5,200302
2026-07-29 15:05:00,1991.7,1992.3,1990.3,1990.9,65270
2026-07-29 15:10:00,1991.0,1991.9,1990.0,1990.6,60711
2026-07-29 15:15:00,1991.1,1991.4,1990.8,1991.1,84774
2026-07-29 15:20:00,1991.1,1991.1,1990.3,1991.0,90304
2026-07-29 15:25:00,1991.1,1991.5,1982.1,1987.5,98695
2026-07-30 09:15:00,1993.1,2010.0,1988.0,2009.3,123001
2026-07-30 09:20:00,2009.5,2009.5,2004.2,2008.1,44897
2026-07-30 09:25:00,2008.1,2009.0,2004.4,2005.0,21239
2026-07-30 09:30:00,2004.3,2009.8,2004.0,2009.5,23062
2026-07-30 09:35:00,2009.3,2011.5,2006.2,2007.5,31103
2026-07-30 09:40:00,2007.9,2007.9,2000.3,2003.6,22353
2026-07-30 09:45:00,2003.6,2007.9,2002.4,2007.1,24021
2026-07-30 09:50:00,2007.1,2008.8,2005.5,2008.5,10703
2026-07-30 09:55:00,2008.1,2008.5,2004.0,2004.5,8415
2026-07-30 10:00:00,2004.5,2007.4,2004.3,2005.0,12889
2026-07-30 10:05:00,2004.9,2005.0,2003.0,2003.5,7939
2026-07-30 10:10:00,2003.5,2005.0,2001.5,2002.8,9801
2026-07-30 10:15:00,2002.8,2007.5,2002.5,2004.0,17575
2026-07-30 10:20:00,2004.0,2004.2,2000.9,2001.7,14698
2026-07-30 10:25:00,2001.8,2003.4,2000.5,2001.5,18161
2026-07-30 10:30:00,2001.4,2007.0,1999.3,2006.3,23034
2026-07-30 10:35:00,2006.4,2007.6,2005.0,2005.0,15953
2026-07-30 10:40:00,2005.1,2005.8,2005.0,2005.7,10951
2026-07-30 10:45:00,2005.8,2005.8,2005.0,2005.0,28844
2026-07-30 10:50:00,2005.1,2005.2,2001.5,2001.5,40330
2026-07-30 10:55:00,2001.7,2002.2,2000.8,2001.0,11345
2026-07-30 11:00:00,2001.0,2001.0,2000.7,2001.0,8143
2026-07-30 11:05:00,2001.0,2007.0,2000.9,2006.4,21168
2026-07-30 11:10:00,2006.3,2006.8,2003.9,2005.3,16646
2026-07-30 11:15:00,2005.4,2008.0,2005.3,2006.9,23034
2026-07-30 11:20:00,2006.9,2007.0,2005.1,2005.9,18244
2026-07-30 11:25:00,2006.0,2006.0,2005.7,2006.0,6781
2026-07-30 11:30:00,2006.0,2008.0,2004.1,2008.0,20266
2026-07-30 11:35:00,2007.6,2011.6,2007.6,2010.8,34783
2026-07-30 11:40:00,2010.5,2011.6,2008.0,2008.7,33782
2026-07-30 11:45:00,2008.7,2010.0,2008.4,2009.4,17840
2026-07-30 11:50:00,2010.0,2010.9,2009.4,2010.5,20227
2026-07-30 11:55:00,2010.5,2012.3,2010.1,2011.5,33480
2026-07-30 12:00:00,2011.7,2012.6,2011.5,2012.2,17221
2026-07-30 12:05:00,2012.1,2014.2,2011.4,2014.0,35975
2026-07-30 12:10:00,2014.2,2016.8,2012.7,2016.7,47069
2026-07-30 12:15:00,2016.7,2016.8,2013.5,2014.6,59917
2026-07-30 12:20:00,2014.5,2014.9,2012.3,2013.5,19784
2026-07-30 12:25:00,2013.5,2016.8,2013.0,2016.5,27343
2026-07-30 12:30:00,2016.1,2016.5,2014.0,2014.7,29193
2026-07-30 12:35:00,2014.0,2014.7,2013.0,2014.1,19300
2026-07-30 12:40:00,2014.2,2014.6,2013.0,2014.0,16628
2026-07-30 12:45:00,2014.1,2014.2,2009.0,2009.0,40688
2026-07-30 12:50:00,2009.4,2012.4,2008.5,2010.8,25634
2026-07-30 12:55:00,2011.2,2012.9,2010.1,2012.9,19950
2026-07-30 13:00:00,2012.9,2013.0,2010.6,2011.8,17843
2026-07-30 13:05:00,2011.8,2012.0,2010.9,2011.7,13902
2026-07-30 13:10:00,2011.9,2012.0,2010.4,2010.8,14417
2026-07-30 13:15:00,2010.8,2014.0,2010.7,2013.0,25455
2026-07-30 13:20:00,2013.0,2014.0,2012.4,2013.1,17073
2026-07-30 13:25:00,2013.3,2016.0,2013.0,2013.4,35257
2026-07-30 13:30:00,2014.1,2014.8,2013.4,2014.7,12481
2026-07-30 13:35:00,2014.8,2014.8,2014.1,2014.3,17440
2026-07-30 13:40:00,2014.4,2016.0,2013.6,2015.9,42764
2026-07-30 13:45:00,2016.0,2017.3,2015.8,2016.4,41010
2026-07-30 13:50:00,2016.4,2017.2,2014.8,2016.0,51809
2026-07-30 13:55:00,2016.1,2016.8,2014.2,2014.9,43867
2026-07-30 14:00:00,2014.9,2014.9,2011.5,2013.9,27886
2026-07-30 14:05:00,2014.3,2015.0,2012.9,2014.0,29014
2026-07-30 14:10:00,2014.0,2014.3,2001.7,2001.8,45263
2026-07-30 14:15:00,2002.2,2003.1,2000.0,2002.6,26554
2026-07-30 14:20:00,2002.5,2003.3,2001.9,2003.1,11446
2026-07-30 14:25:00,2003.0,2003.3,2001.6,2002.4,12521
2026-07-30 14:30:00,2002.4,2003.4,2002.0,2002.0,12053
2026-07-30 14:35:00,2002.0,2004.6,2001.9,2004.5,19550
2026-07-30 14:40:00,2004.1,2004.3,2000.8,2002.3,34866
2026-07-30 14:45:00,2002.2,2003.8,2001.3,2003.1,23744
2026-07-30 14:50:00,2003.0,2004.2,2001.9,2003.4,17668
2026-07-30 14:55:00,2003.7,2004.2,2001.9,2003.6,16506
2026-07-30 15:00:00,2004.0,2004.1,2001.5,2002.7,54571
2026-07-30 15:05:00,2002.7,2003.8,2000.7,2000.7,59308
2026-07-30 15:10:00,2001.4,2002.0,2000.5,2000.9,82554
2026-07-30 15:15:00,2001.7,2001.7,1998.6,1999.5,55280
2026-07-30 15:20:00,1999.4,1999.7,1996.1,1998.4,78271
2026-07-30 15:25:00,1998.4,2007.4,1997.3,2005.0,146764
2026-07-31 09:15:00,2016.4,2021.9,2003.4,2014.9,109815
2026-07-31 09:20:00,2014.9,2015.0,2007.6,2013.9,35424
2026-07-31 09:25:00,2013.9,2017.8,2012.9,2013.2,28264
2026-07-31 09:30:00,2013.5,2017.0,2012.3,2012.8,24371
2026-07-31 09:35:00,2013.0,2015.7,2013.0,2013.7,13422
2026-07-31 09:40:00,2013.6,2014.7,2010.0,2010.3,26124
2026-07-31 09:45:00,2010.3,2014.0,2010.1,2013.9,13565
2026-07-31 09:50:00,2014.0,2015.0,2013.3,2014.4,25100
2026-07-31 09:55:00,2014.4,2015.2,2014.0,2014.8,21011
2026-07-31 10:00:00,2014.8,2015.0,2014.1,2014.5,13707
2026-07-31 10:05:00,2014.5,2016.5,2014.5,2016.5,23831
2026-07-31 10:10:00,2016.3,2016.5,2012.5,2013.8,23764
2026-07-31 10:15:00,2013.9,2014.9,2009.8,2010.5,22796
2026-07-31 10:20:00,2010.4,2012.0,2010.1,2010.3,14366
2026-07-31 10:25:00,2010.4,2010.5,2008.6,2009.0,19024
2026-07-31 10:30:00,2009.0,2010.0,2008.9,2010.0,9144
2026-07-31 10:35:00,2010.0,2010.3,2005.3,2005.4,25644
2026-07-31 10:40:00,2005.7,2010.0,2005.7,2008.8,16705
2026-07-31 10:45:00,2008.9,2010.0,2008.0,2008.1,12534
2026-07-31 10:50:00,2008.1,2012.9,2008.1,2012.9,16487
2026-07-31 10:55:00,2012.9,2013.0,2010.7,2012.0,14571
2026-07-31 11:00:00,2011.7,2012.0,2010.2,2012.0,8872
2026-07-31 11:05:00,2011.8,2013.0,2010.0,2012.0,16639
2026-07-31 11:10:00,2012.1,2014.0,2011.6,2013.5,10541
2026-07-31 11:15:00,2013.8,2014.0,2013.4,2014.0,9582
2026-07-31 11:20:00,2014.0,2014.7,2012.5,2013.0,24117
2026-07-31 11:25:00,2013.0,2013.9,2011.0,2013.1,16871
2026-07-31 11:30:00,2013.3,2014.7,2012.9,2014.0,15770
2026-07-31 11:35:00,2014.0,2017.1,2013.9,2016.0,25620
2026-07-31 11:40:00,2016.3,2023.1,2015.2,2019.8,62843
2026-07-31 11:45:00,2019.8,2021.7,2018.1,2021.6,31286
2026-07-31 11:50:00,2021.6,2024.5,2017.9,2022.8,36031
2026-07-31 11:55:00,2022.8,2024.6,2022.0,2023.7,36464
2026-07-31 12:00:00,2023.8,2024.7,2020.9,2023.0,19576
2026-07-31 12:05:00,2022.8,2024.2,2022.1,2023.9,18514
2026-07-31 12:10:00,2023.9,2024.5,2022.4,2024.4,14923
2026-07-31 12:15:00,2024.3,2024.7,2022.0,2023.1,16607
2026-07-31 12:20:00,2023.7,2024.8,2022.9,2024.7,20350
2026-07-31 12:25:00,2023.8,2029.0,2023.8,2027.2,51906
2026-07-31 12:30:00,2027.0,2027.5,2024.5,2026.8,20896
2026-07-31 12:35:00,2026.3,2029.8,2026.0,2029.2,35916
2026-07-31 12:40:00,2029.2,2033.2,2028.7,2033.2,45566
2026-07-31 12:45:00,2033.2,2035.0,2032.5,2034.0,38466
2026-07-31 12:50:00,2034.0,2035.0,2033.0,2034.8,23539
2026-07-31 12:55:00,2034.8,2035.8,2031.0,2032.1,44216
2026-07-31 13:00:00,2032.0,2034.5,2031.1,2033.8,30766
2026-07-31 13:05:00,2033.8,2035.0,2032.0,2034.0,33599
2026-07-31 13:10:00,2034.0,2040.0,2033.9,2037.5,57616
2026-07-31 13:15:00,2037.6,2040.0,2035.6,2039.3,34085
2026-07-31 13:20:00,2038.6,2041.7,2038.2,2041.7,31706
2026-07-31 13:25:00,2041.7,2046.9,2041.4,2046.0,68329
2026-07-31 13:30:00,2046.0,2046.9,2045.0,2045.4,32729
2026-07-31 13:35:00,2045.6,2046.9,2042.0,2044.1,81323
2026-07-31 13:40:00,2044.1,2044.1,2041.0,2042.0,27559
2026-07-31 13:45:00,2042.1,2043.0,2040.6,2041.0,28796
2026-07-31 13:50:00,2040.9,2043.0,2040.4,2041.0,24805
2026-07-31 13:55:00,2041.1,2044.0,2040.3,2042.2,24815
2026-07-31 14:00:00,2042.2,2042.4,2039.0,2040.0,23879
2026-07-31 14:05:00,2040.0,2041.6,2037.0,2041.1,29343
2026-07-31 14:10:00,2041.1,2042.5,2040.6,2042.3,21562
2026-07-31 14:15:00,2042.3,2043.0,2040.4,2042.0,24320
2026-07-31 14:20:00,2042.0,2042.0,2040.5,2040.5,21904
2026-07-31 14:25:00,2040.5,2042.0,2009.0,2015.5,193915
2026-07-31 14:30:00,2016.7,2028.9,1968.0,1976.8,786342
2026-07-31 14:35:00,1977.9,1988.5,1965.3,1979.0,337832
2026-07-31 14:40:00,1979.0,1987.8,1969.5,1987.0,150212
2026-07-31 14:45:00,1986.8,1997.0,1986.4,1990.6,169907
2026-07-31 14:50:00,1990.2,1993.4,1986.6,1991.9,164018
2026-07-31 14:55:00,1991.9,1996.0,1981.3,1993.1,221604
2026-07-31 15:00:00,1992.7,1993.8,1985.9,1986.3,174599
2026-07-31 15:05:00,1986.2,1992.8,1985.8,1992.6,164800
2026-07-31 15:10:00,1992.6,2000.8,1992.3,1997.2,299632
2026-07-31 15:15:00,1997.6,1999.1,1986.6,1990.8,239115
2026-07-31 15:20:00,1990.3,1993.2,1982.5,1983.6,118541
2026-07-31 15:25:00,1983.8,1987.0,1978.7,1987.0,176887
2026-08-03 09:15:00,1983.2,1988.0,1953.0,1954.3,120309
2026-08-03 09:20:00,1954.0,1958.4,1942.4,1944.7,97134
2026-08-03 09:25:00,1943.5,1950.0,1940.6,1943.6,123932
2026-08-03 09:30:00,1943.6,1945.2,1939.1,1943.2,64409
2026-08-03 09:35:00,1942.0,1948.6,1940.1,1945.6,67110
2026-08-03 09:40:00,1945.9,1951.1,1944.2,1948.6,42080
2026-08-03 09:45:00,1948.6,1950.4,1945.0,1945.0,28283
2026-08-03 09:50:00,1945.8,1947.3,1941.1,1941.7,27219
2026-08-03 09:55:00,1942.0,1947.3,1941.5,1945.0,21101
2026-08-03 10:00:00,1946.0,1946.2,1937.0,1942.6,46542
2026-08-03 10:05:00,1942.8,1954.2,1941.8,1954.2,60151
2026-08-03 10:10:00,1954.2,1959.3,1951.8,1957.0,93296
2026-08-03 10:15:00,1956.3,1960.0,1956.0,1959.1,34528
2026-08-03 10:20:00,1959.5,1967.0,1955.1,1967.0,135070
2026-08-03 10:25:00,1967.0,1968.0,1965.8,1967.3,28537
2026-08-03 10:30:00,1968.0,1968.2,1966.0,1967.2,42745
2026-08-03 10:35:00,1967.4,1972.9,1962.0,1968.9,311488
2026-08-03 10:40:00,1968.9,1968.9,1964.2,1966.0,22421
2026-08-03 10:45:00,1966.0,1966.1,1963.7,1964.8,27422
2026-08-03 10:50:00,1965.4,1966.0,1964.1,1965.7,32481
2026-08-03 10:55:00,1965.9,1966.0,1961.2,1961.3,19556
2026-08-03 11:00:00,1960.3,1963.1,1960.0,1962.2,16916
2026-08-03 11:05:00,1962.2,1962.4,1960.0,1961.4,13282
2026-08-03 11:10:00,1961.5,1963.2,1960.7,1962.6,13171
2026-08-03 11:15:00,1963.0,1965.8,1961.4,1961.8,15389
2026-08-03 11:20:00,1961.8,1964.1,1961.5,1963.9,11915
2026-08-03 11:25:00,1963.9,1963.9,1962.0,1962.2,10773
2026-08-03 11:30:00,1962.3,1963.0,1961.1,1962.9,10290
2026-08-03 11:35:00,1963.0,1963.0,1959.4,1960.8,42700
2026-08-03 11:40:00,1960.9,1961.9,1960.1,1961.0,16628
2026-08-03 11:45:00,1961.0,1964.0,1960.9,1963.3,21367
2026-08-03 11:50:00,1963.3,1966.0,1962.6,1964.9,74692
2026-08-03 11:55:00,1964.9,1970.4,1963.5,1968.9,114132
2026-08-03 12:00:00,1969.0,1969.0,1961.5,1965.5,93071
2026-08-03 12:05:00,1965.0,1967.8,1960.0,1963.4,48007
2026-08-03 12:10:00,1963.4,1967.7,1962.8,1966.6,31895
2026-08-03 12:15:00,1967.4,1967.6,1962.1,1962.1,31197
2026-08-03 12:20:00,1962.1,1964.9,1961.9,1963.5,27881
2026-08-03 12:25:00,1963.9,1964.9,1962.9,1964.4,25131
2026-08-03 12:30:00,1964.1,1964.7,1960.2,1961.9,51703
2026-08-03 12:35:00,1961.3,1964.1,1960.5,1961.4,65427
2026-08-03 12:40:00,1960.8,1961.0,1954.2,1957.9,206649
2026-08-03 12:45:00,1957.9,1960.0,1954.0,1958.6,39756
2026-08-03 12:50:00,1958.6,1962.0,1958.0,1960.7,31305
2026-08-03 12:55:00,1960.3,1961.5,1959.6,1960.7,22539
2026-08-03 13:00:00,1960.2,1961.9,1959.0,1961.2,20429
2026-08-03 13:05:00,1961.1,1961.9,1959.0,1960.0,21918
2026-08-03 13:10:00,1959.8,1960.8,1959.2,1960.0,23165
2026-08-03 13:15:00,1960.0,1961.0,1959.4,1960.9,20209
2026-08-03 13:20:00,1960.9,1961.6,1959.0,1959.9,29516
2026-08-03 13:25:00,1960.0,1960.9,1958.5,1959.3,25408
2026-08-03 13:30:00,1959.2,1960.5,1959.0,1959.8,19102
2026-08-03 13:35:00,1959.6,1960.9,1958.0,1958.3,22255
2026-08-03 13:40:00,1958.0,1960.0,1955.4,1959.6,25174
2026-08-03 13:45:00,1959.0,1960.0,1957.6,1958.9,21794
2026-08-03 13:50:00,1959.0,1959.2,1954.7,1955.6,24722
2026-08-03 13:55:00,1955.2,1956.0,1953.9,1954.7,20587
2026-08-03 14:00:00,1954.7,1955.6,1953.7,1954.2,18824
2026-08-03 14:05:00,1954.2,1955.3,1953.4,1954.3,16019
2026-08-03 14:10:00,1954.3,1955.4,1953.0,1953.1,22120
2026-08-03 14:15:00,1953.1,1953.1,1946.6,1948.5,45745
2026-08-03 14:20:00,1948.5,1950.7,1946.5,1948.6,63831
2026-08-03 14:25:00,1948.6,1950.0,1948.3,1949.6,49113
2026-08-03 14:30:00,1949.6,1950.4,1946.2,1946.2,61408
2026-08-03 14:35:00,1946.6,1948.9,1945.6,1948.2,66298
2026-08-03 14:40:00,1948.2,1949.2,1945.1,1946.1,74425
2026-08-03 14:45:00,1946.1,1947.0,1942.7,1944.0,168871
2026-08-03 14:50:00,1944.0,1944.1,1941.1,1941.6,193796
2026-08-03 14:55:00,1941.6,1942.2,1939.0,1939.6,54861
2026-08-03 15:00:00,1939.5,1944.7,1939.0,1939.4,96185
2026-08-03 15:05:00,1939.4,1939.6,1935.2,1935.9,112006
2026-08-03 15:10:00,1935.8,1946.3,1935.4,1944.3,99774
2026-08-03 15:15:00,1945.0,1945.0,1945.0,1945.0,9
2026-08-03 15:20:00,1945.0,1945.0,1945.0,1945.0,0
2026-08-03 15:25:00,1945.0,1963.5,1945.0,1963.5,63976
2026-08-04 09:15:00,1951.1,1956.8,1947.0,1954.4,35759
2026-08-04 09:20:00,1953.0,1959.5,1951.6,1959.5,15292
2026-08-04 09:25:00,1959.5,1960.7,1956.6,1959.6,12730
2026-08-04 09:30:00,1959.8,1959.8,1951.1,1951.1,12157
2026-08-04 09:35:00,1951.7,1952.9,1951.0,1952.5,8604
2026-08-04 09:40:00,1952.1,1953.0,1950.3,1952.6,8705
2026-08-04 09:45:00,1952.7,1956.0,1952.0,1954.3,11038
2026-08-04 09:50:00,1954.5,1957.4,1953.5,1954.2,13352
2026-08-04 09:55:00,1954.3,1956.5,1954.3,1956.3,7266
2026-08-04 10:00:00,1956.4,1956.8,1956.2,1956.6,4905
2026-08-04 10:05:00,1956.6,1957.8,1955.7,1956.5,7025
2026-08-04 10:10:00,1955.8,1957.9,1955.4,1957.3,4302
2026-08-04 10:15:00,1957.4,1957.4,1955.2,1956.1,3665
2026-08-04 10:20:00,1956.1,1956.8,1955.7,1956.5,4775
2026-08-04 10:25:00,1956.6,1957.2,1956.2,1957.2,2647
2026-08-04 10:30:00,1957.4,1957.4,1952.5,1953.3,17489
2026-08-04 10:35:00,1953.6,1954.0,1952.0,1953.5,6458
2026-08-04 10:40:00,1953.5,1953.9,1952.4,1953.6,4031
2026-08-04 10:45:00,1953.6,1953.9,1951.9,1952.1,3412
2026-08-04 10:50:00,1952.1,1961.4,1951.9,1959.9,23352
2026-08-04 10:55:00,1960.6,1962.4,1957.3,1958.4,12497
2026-08-04 11:00:00,1958.5,1959.9,1958.0,1959.3,5162
2026-08-04 11:05:00,1959.3,1960.4,1958.3,1959.3,6578
2026-08-04 11:10:00,1958.6,1962.0,1958.3,1961.5,6997
2026-08-04 11:15:00,1962.0,1963.6,1960.4,1962.9,10956
2026-08-04 11:20:00,1962.9,1963.9,1958.2,1958.8,13454
2026-08-04 11:25:00,1958.8,1961.3,1958.2,1958.8,125712
2026-08-04 11:30:00,1958.9,1964.7,1958.5,1960.9,21368
2026-08-04 11:35:00,1960.9,1963.5,1960.0,1962.4,8470
2026-08-04 11:40:00,1963.2,1963.4,1961.1,1962.2,18541
2026-08-04 11:45:00,1962.6,1963.0,1961.3,1962.9,8530
2026-08-04 11:50:00,1962.4,1965.0,1961.6,1964.4,11079
2026-08-04 11:55:00,1964.4,1964.7,1963.8,1964.3,5116
2026-08-04 12:00:00,1964.4,1964.4,1960.7,1961.6,6417
2026-08-04 12:05:00,1961.6,1962.5,1960.5,1961.8,5768
2026-08-04 12:10:00,1961.1,1962.5,1960.0,1961.9,5321
2026-08-04 12:15:00,1961.9,1962.3,1961.4,1961.6,3198
2026-08-04 12:20:00,1962.0,1962.1,1960.0,1960.5,6060
2026-08-04 12:25:00,1960.2,1960.7,1960.0,1960.0,19875
2026-08-04 12:30:00,1960.2,1961.6,1960.0,1960.9,9895
2026-08-04 12:35:00,1960.7,1961.0,1960.0,1960.0,10929
2026-08-04 12:40:00,1960.0,1960.2,1960.0,1960.0,12606
2026-08-04 12:45:00,1960.1,1960.8,1960.0,1960.5,8783
2026-08-04 12:50:00,1960.1,1961.8,1960.0,1961.1,13827
2026-08-04 12:55:00,1961.0,1961.7,1960.1,1960.9,8447
2026-08-04 13:00:00,1960.2,1961.7,1960.1,1960.6,7630
2026-08-04 13:05:00,1960.6,1961.3,1960.1,1960.6,5984
2026-08-04 13:10:00,1960.4,1961.2,1960.0,1960.2,6743
2026-08-04 13:15:00,1960.4,1961.2,1960.0,1960.4,56297
2026-08-04 13:20:00,1960.1,1961.3,1960.0,1961.1,10792
2026-08-04 13:25:00,1961.1,1961.1,1955.9,1956.1,54363
2026-08-04 13:30:00,1956.8,1957.5,1955.5,1957.5,11386
2026-08-04 13:35:00,1957.6,1957.9,1956.2,1957.0,5266
2026-08-04 13:40:00,1957.0,1957.1,1955.9,1956.3,5025
2026-08-04 13:45:00,1956.9,1960.0,1956.2,1959.9,5100
2026-08-04 13:50:00,1959.9,1960.1,1957.9,1958.0,20110
2026-08-04 13:55:00,1958.2,1959.3,1957.0,1959.1,36225
2026-08-04 14:00:00,1959.3,1959.8,1958.5,1959.7,7233
2026-08-04 14:05:00,1959.7,1959.7,1956.7,1957.2,7870
2026-08-04 14:10:00,1957.5,1957.7,1956.5,1956.6,7528
2026-08-04 14:15:00,1956.6,1960.7,1955.6,1960.4,31961
2026-08-04 14:20:00,1960.4,1961.8,1957.2,1957.9,23968
2026-08-04 14:25:00,1957.6,1958.3,1956.9,1957.3,15490
2026-08-04 14:30:00,1957.4,1957.4,1955.6,1956.3,13743
2026-08-04 14:35:00,1956.4,1957.3,1955.7,1957.0,13825
2026-08-04 14:40:00,1956.8,1957.0,1955.6,1956.1,10036
2026-08-04 14:45:00,1955.6,1957.4,1954.7,1955.9,23561
2026-08-04 14:50:00,1955.9,1956.1,1954.6,1955.5,63778
2026-08-04 14:55:00,1955.5,1955.5,1950.2,1951.6,102728
2026-08-04 15:00:00,1951.9,1952.0,1949.7,1949.9,79439
2026-08-04 15:05:00,1949.7,1951.2,1949.2,1949.5,56999
2026-08-04 15:10:00,1949.4,1960.0,1947.7,1958.7,88062
2026-08-04 15:15:00,1958.7,1958.7,1958.7,1958.7,0
2026-08-04 15:20:00,1958.7,1958.7,1958.7,1958.7,0
2026-08-04 15:25:00,1958.7,1964.0,1958.7,1964.0,99516
2026-08-05 09:15:00,1967.8,1968.2,1946.2,1948.3,45485
2026-08-05 09:20:00,1948.3,1949.8,1935.6,1939.0,31173
2026-08-05 09:25:00,1937.7,1940.0,1936.2,1939.8,26577
2026-08-05 09:30:00,1939.9,1940.5,1937.8,1939.0,36335
2026-08-05 09:35:00,1939.1,1939.9,1938.1,1939.3,15830
2026-08-05 09:40:00,1939.3,1940.0,1938.5,1939.6,16922
2026-08-05 09:45:00,1939.8,1940.6,1938.0,1938.0,23103
2026-08-05 09:50:00,1938.0,1939.2,1937.0,1939.0,14483
2026-08-05 09:55:00,1938.8,1939.4,1934.0,1935.1,21331
2026-08-05 10:00:00,1935.2,1939.2,1934.7,1938.6,30928
2026-08-05 10:05:00,1938.6,1939.6,1935.2,1938.0,32982
2026-08-05 10:10:00,1939.1,1942.9,1938.0,1940.6,74420
2026-08-05 10:15:00,1940.5,1940.7,1938.7,1940.0,16854
2026-08-05 10:20:00,1940.0,1940.0,1936.4,1938.0,61317
2026-08-05 10:25:00,1938.0,1942.4,1936.6,1941.7,56766
2026-08-05 10:30:00,1941.7,1942.0,1940.0,1940.8,9555
2026-08-05 10:35:00,1941.0,1943.6,1939.7,1943.3,11361
2026-08-05 10:40:00,1943.1,1945.6,1943.0,1944.1,34608
2026-08-05 10:45:00,1944.2,1944.4,1942.3,1943.4,9166
2026-08-05 10:50:00,1943.5,1949.7,1941.0,1947.3,53969
2026-08-05 10:55:00,1948.1,1951.0,1947.2,1949.9,26469
2026-08-05 11:00:00,1949.8,1954.5,1949.1,1951.8,23251
2026-08-05 11:05:00,1952.5,1953.0,1948.4,1949.5,30847
2026-08-05 11:10:00,1950.0,1951.0,1948.2,1948.5,11649
2026-08-05 11:15:00,1948.5,1952.2,1948.5,1949.6,9707
2026-08-05 11:20:00,1950.0,1950.0,1943.7,1944.2,11435
2026-08-05 11:25:00,1944.0,1947.3,1943.9,1946.2,14133
2026-08-05 11:30:00,1946.2,1947.1,1944.1,1944.4,11245
2026-08-05 11:35:00,1945.4,1947.8,1945.1,1946.7,9340
2026-08-05 11:40:00,1946.7,1947.6,1944.5,1945.8,11081
2026-08-05 11:45:00,1946.2,1946.5,1943.1,1944.4,11644
2026-08-05 11:50:00,1944.0,1945.1,1943.0,1943.0,11392
2026-08-05 11:55:00,1943.1,1943.9,1941.8,1942.6,14440
2026-08-05 12:00:00,1941.8,1943.4,1941.7,1942.7,8704
2026-08-05 12:05:00,1942.5,1944.7,1941.9,1942.6,13646
2026-08-05 12:10:00,1942.6,1944.0,1942.3,1943.0,15079
2026-08-05 12:15:00,1943.0,1944.0,1940.0,1940.1,49537
2026-08-05 12:20:00,1940.5,1941.5,1939.7,1939.8,10793
2026-08-05 12:25:00,1940.0,1941.0,1939.5,1940.6,12182
2026-08-05 12:30:00,1940.6,1941.4,1939.2,1939.9,21823
2026-08-05 12:35:00,1939.9,1941.0,1939.3,1939.3,15361
2026-08-05 12:40:00,1939.9,1940.5,1939.0,1939.2,8382
2026-08-05 12:45:00,1939.9,1941.3,1939.3,1939.9,51698
2026-08-05 12:50:00,1940.0,1940.6,1938.6,1939.0,9326
2026-08-05 12:55:00,1939.2,1940.0,1938.6,1938.6,18788
2026-08-05 13:00:00,1939.2,1940.0,1938.6,1938.9,8326
2026-08-05 13:05:00,1938.9,1940.0,1938.6,1939.3,9201
2026-08-05 13:10:00,1939.3,1940.0,1938.9,1939.3,12741
2026-08-05 13:15:00,1939.9,1940.0,1938.6,1938.9,10208
2026-08-05 13:20:00,1939.7,1940.0,1938.0,1938.6,9755
2026-08-05 13:25:00,1938.6,1940.0,1938.2,1938.9,15899
2026-08-05 13:30:00,1939.0,1940.0,1938.4,1939.0,15260
2026-08-05 13:35:00,1939.5,1942.4,1938.0,1941.7,144806
2026-08-05 13:40:00,1941.4,1941.9,1939.1,1940.0,43012
2026-08-05 13:45:00,1939.7,1943.4,1939.0,1941.1,40799
2026-08-05 13:50:00,1941.1,1942.0,1940.0,1940.6,26450
2026-08-05 13:55:00,1941.3,1942.0,1940.3,1941.0,16370
2026-08-05 14:00:00,1941.4,1942.7,1940.0,1941.6,15863
2026-08-05 14:05:00,1942.3,1942.3,1940.3,1940.8,18349
2026-08-05 14:10:00,1941.1,1941.4,1939.1,1940.0,10087
2026-08-05 14:15:00,1939.9,1940.7,1939.3,1940.1,14974
2026-08-05 14:20:00,1940.2,1941.6,1939.4,1940.6,23015
2026-08-05 14:25:00,1940.6,1942.2,1939.9,1941.0,38553
2026-08-05 14:30:00,1941.1,1941.6,1939.6,1940.3,36462
2026-08-05 14:35:00,1940.5,1941.0,1939.6,1940.9,33807
2026-08-05 14:40:00,1940.5,1941.0,1939.7,1940.0,26894
2026-08-05 14:45:00,1940.0,1942.2,1939.7,1940.0,109261
2026-08-05 14:50:00,1940.7,1940.7,1939.4,1939.4,29158
2026-08-05 14:55:00,1939.4,1940.0,1937.1,1938.7,37590
2026-08-05 15:00:00,1939.4,1940.3,1939.0,1939.5,34195
2026-08-05 15:05:00,1939.7,1940.9,1939.7,1940.0,51259
2026-08-05 15:10:00,1939.8,1947.0,1939.4,1941.7,176069
2026-08-05 15:15:00,1944.5,1944.5,1944.5,1944.5,2046
2026-08-05 15:20:00,1944.5,1944.5,1944.5,1944.5,0
2026-08-05 15:25:00,1944.5,1944.5,1940.0,1940.0,81864
2026-08-06 09:15:00,1930.0,1951.9,1930.0,1949.0,40755
2026-08-06 09:20:00,1949.7,1951.7,1946.6,1950.1,26963
2026-08-06 09:25:00,1950.1,1954.5,1947.7,1951.8,23801
2026-08-06 09:30:00,1952.0,1956.1,1948.0,1949.5,25703
2026-08-06 09:35:00,1949.8,1951.1,1947.3,1950.4,11562
2026-08-06 09:40:00,1951.2,1953.6,1948.3,1951.5,21996
2026-08-06 09:45:00,1951.5,1958.8,1951.5,1958.4,25479
2026-08-06 09:50:00,1957.5,1959.8,1957.1,1958.4,17373
2026-08-06 09:55:00,1958.4,1960.0,1955.7,1957.0,14909
2026-08-06 10:00:00,1957.9,1957.9,1955.1,1956.7,12098
2026-08-06 10:05:00,1956.4,1958.0,1955.5,1957.9,9298
2026-08-06 10:10:00,1958.0,1965.3,1957.2,1964.3,39550
2026-08-06 10:15:00,1964.5,1965.9,1960.0,1960.4,13324
2026-08-06 10:20:00,1960.3,1961.0,1958.8,1960.7,11485
2026-08-06 10:25:00,1960.6,1961.0,1955.5,1956.5,19856
2026-08-06 10:30:00,1956.4,1962.5,1955.1,1959.7,101362
2026-08-06 10:35:00,1959.9,1961.7,1958.1,1958.6,27949
2026-08-06 10:40:00,1958.6,1959.3,1956.6,1959.3,15550
2026-08-06 10:45:00,1959.7,1959.7,1957.3,1958.0,33417
2026-08-06 10:50:00,1957.9,1958.1,1955.0,1955.7,27658
2026-08-06 10:55:00,1955.7,1955.9,1952.0,1953.5,16950
2026-08-06 11:00:00,1953.5,1956.0,1953.1,1953.9,19607
2026-08-06 11:05:00,1953.9,1955.9,1953.1,1955.9,14560
2026-08-06 11:10:00,1955.9,1959.5,1954.4,1957.9,26865
2026-08-06 11:15:00,1957.4,1959.2,1957.0,1958.5,9730
2026-08-06 11:20:00,1958.9,1959.7,1958.1,1958.9,18109
2026-08-06 11:25:00,1958.5,1959.8,1957.4,1959.2,15021
2026-08-06 11:30:00,1959.2,1959.6,1957.5,1958.7,13459
2026-08-06 11:35:00,1958.7,1961.0,1958.3,1959.0,14872
2026-08-06 11:40:00,1959.0,1959.5,1956.0,1956.5,17341
2026-08-06 11:45:00,1956.5,1957.0,1952.5,1955.0,15686
2026-08-06 11:50:00,1955.0,1958.1,1954.7,1956.3,16961
2026-08-06 11:55:00,1956.4,1958.3,1956.3,1958.0,11909
2026-08-06 12:00:00,1958.0,1958.5,1955.6,1956.5,11079
2026-08-06 12:05:00,1956.3,1957.4,1955.6,1957.0,13680
2026-08-06 12:10:00,1957.0,1958.1,1955.6,1956.4,15612
2026-08-06 12:15:00,1956.3,1957.9,1955.6,1955.9,11478
2026-08-06 12:20:00,1955.8,1956.3,1953.9,1954.7,14942
2026-08-06 12:25:00,1954.6,1956.0,1953.0,1955.7,12896
2026-08-06 12:30:00,1955.1,1956.2,1954.0,1955.3,15600
2026-08-06 12:35:00,1955.2,1956.0,1954.4,1955.2,9465
2026-08-06 12:40:00,1955.3,1958.9,1954.6,1956.6,28550
2026-08-06 12:45:00,1957.0,1957.3,1954.6,1955.0,12741
2026-08-06 12:50:00,1955.3,1956.6,1954.8,1955.2,19332
2026-08-06 12:55:00,1955.2,1956.0,1954.0,1955.2,21666
2026-08-06 13:00:00,1955.0,1955.3,1952.7,1953.1,11300
2026-08-06 13:05:00,1952.7,1953.7,1951.2,1953.0,20106
2026-08-06 13:10:00,1953.0,1956.9,1952.3,1954.9,19596
2026-08-06 13:15:00,1954.9,1960.0,1954.4,1959.7,54243
2026-08-06 13:20:00,1959.8,1960.0,1955.7,1956.1,25957
2026-08-06 13:25:00,1955.8,1957.4,1955.0,1955.1,14964
2026-08-06 13:30:00,1955.4,1957.9,1954.8,1956.8,15663
2026-08-06 13:35:00,1956.8,1958.9,1954.3,1955.6,29685
2026-08-06 13:40:00,1955.6,1957.0,1954.6,1955.6,14478
2026-08-06 13:45:00,1955.6,1957.5,1954.4,1955.9,41538
2026-08-06 13:50:00,1955.9,1956.8,1954.1,1955.8,39152
2026-08-06 13:55:00,1955.8,1955.8,1953.1,1954.9,29273
2026-08-06 14:00:00,1954.8,1956.1,1953.1,1954.1,16318
2026-08-06 14:05:00,1954.0,1954.6,1953.1,1954.1,11727
2026-08-06 14:10:00,1954.1,1954.2,1950.3,1950.5,108416
2026-08-06 14:15:00,1950.8,1951.0,1950.0,1950.1,34269
2026-08-06 14:20:00,1950.1,1951.0,1949.5,1950.3,21408
2026-08-06 14:25:00,1950.5,1951.0,1950.1,1950.3,13402
2026-08-06 14:30:00,1950.3,1951.0,1949.1,1950.0,62630
2026-08-06 14:35:00,1950.0,1950.7,1948.4,1949.0,26131
2026-08-06 14:40:00,1949.0,1950.7,1948.1,1950.2,39076
2026-08-06 14:45:00,1950.2,1950.9,1949.4,1949.5,17189
2026-08-06 14:50:00,1949.5,1949.9,1948.5,1948.7,23519
2026-08-06 14:55:00,1949.0,1949.4,1947.7,1947.9,30480
2026-08-06 15:00:00,1947.8,1950.3,1947.0,1950.2,55783
2026-08-06 15:05:00,1950.2,1950.9,1947.5,1950.3,54092
2026-08-06 15:10:00,1950.1,1950.6,1947.6,1947.6,41996
2026-08-06 15:15:00,1947.6,1947.6,1947.5,1947.5,104
2026-08-06 15:20:00,1947.5,1947.5,1947.5,1947.5,0
2026-08-06 15:25:00,1947.5,1951.0,1947.5,1951.0,67128
2026-08-07 09:15:00,1955.0,1955.0,1945.4,1950.3,23088
2026-08-07 09:20:00,1950.0,1954.0,1949.3,1953.0,9240
2026-08-07 09:25:00,1953.2,1957.0,1950.6,1953.0,10191
2026-08-07 09:30:00,1953.8,1954.2,1949.5,1950.8,8305
2026-08-07 09:35:00,1950.8,1952.4,1948.1,1948.1,8647
2026-08-07 09:40:00,1948.4,1949.9,1947.0,1948.6,5928
2026-08-07 09:45:00,1949.9,1950.7,1948.0,1949.0,6764
2026-08-07 09:50:00,1949.0,1951.4,1947.3,1947.6,12897
2026-08-07 09:55:00,1948.7,1948.7,1946.4,1948.0,4862
2026-08-07 10:00:00,1948.0,1948.0,1944.6,1945.3,6732
2026-08-07 10:05:00,1946.0,1946.0,1943.1,1944.6,18700
2026-08-07 10:10:00,1943.6,1945.3,1943.0,1944.1,9081
2026-08-07 10:15:00,1944.9,1945.2,1942.7,1943.2,7237
2026-08-07 10:20:00,1944.1,1944.4,1942.7,1943.1,8943
2026-08-07 10:25:00,1943.0,1944.3,1942.6,1942.9,7457
2026-08-07 10:30:00,1943.5,1944.7,1941.1,1941.8,11256
2026-08-07 10:35:00,1942.4,1942.7,1940.0,1940.4,17448
2026-08-07 10:40:00,1940.5,1943.0,1940.5,1941.1,6161
2026-08-07 10:45:00,1941.3,1942.5,1936.9,1937.4,31228
2026-08-07 10:50:00,1937.5,1941.5,1937.5,1940.7,12566
2026-08-07 10:55:00,1941.1,1942.1,1939.0,1940.4,14226
2026-08-07 11:00:00,1940.5,1941.9,1939.3,1940.8,11916
2026-08-07 11:05:00,1941.0,1941.0,1939.0,1940.1,7890
2026-08-07 11:10:00,1940.6,1940.8,1938.0,1938.7,31651
2026-08-07 11:15:00,1939.3,1939.3,1937.3,1937.5,16235
2026-08-07 11:20:00,1938.1,1939.3,1936.4,1937.3,20251
2026-08-07 11:25:00,1937.0,1938.0,1928.4,1929.0,145773
2026-08-07 11:30:00,1929.1,1930.0,1926.9,1927.7,47016
2026-08-07 11:35:00,1927.7,1929.6,1926.5,1927.5,27192
2026-08-07 11:40:00,1927.7,1929.0,1927.1,1928.0,23418
2026-08-07 11:45:00,1928.3,1928.6,1925.1,1926.1,12744
2026-08-07 11:50:00,1926.3,1927.3,1925.2,1926.0,13195
2026-08-07 11:55:00,1926.0,1928.7,1925.3,1927.6,208167
2026-08-07 12:00:00,1928.3,1929.5,1927.4,1927.7,47387
2026-08-07 12:05:00,1928.1,1930.0,1927.7,1930.0,14771
2026-08-07 12:10:00,1930.0,1930.0,1929.1,1929.8,20511
2026-08-07 12:15:00,1929.7,1935.0,1929.2,1934.4,105481
2026-08-07 12:20:00,1934.4,1938.9,1934.0,1935.7,59987
2026-08-07 12:25:00,1936.3,1941.0,1935.5,1939.5,116594
2026-08-07 12:30:00,1940.1,1940.2,1939.5,1940.0,17956
2026-08-07 12:35:00,1940.0,1940.1,1938.1,1938.2,63009
2026-08-07 12:40:00,1939.0,1939.1,1937.0,1937.4,8394
2026-08-07 12:45:00,1938.3,1941.5,1936.7,1941.2,12566
2026-08-07 12:50:00,1941.3,1942.4,1941.0,1941.4,11889
2026-08-07 12:55:00,1941.7,1943.5,1939.7,1941.3,87323
2026-08-07 13:00:00,1941.6,1943.0,1941.0,1941.2,8352
2026-08-07 13:05:00,1941.7,1943.6,1941.2,1941.7,15207
2026-08-07 13:10:00,1941.9,1943.2,1941.1,1941.1,22671
2026-08-07 13:15:00,1941.2,1942.0,1941.0,1941.0,7792
2026-08-07 13:20:00,1941.3,1941.4,1940.8,1940.8,9511
2026-08-07 13:25:00,1941.0,1941.8,1940.0,1940.0,24056
2026-08-07 13:30:00,1940.3,1940.6,1938.0,1939.0,11546
2026-08-07 13:35:00,1939.7,1941.3,1938.6,1939.2,8323
2026-08-07 13:40:00,1939.8,1940.8,1939.0,1939.5,6561
2026-08-07 13:45:00,1939.7,1941.3,1938.8,1940.3,26348
2026-08-07 13:50:00,1940.4,1941.0,1938.8,1939.9,8856
2026-08-07 13:55:00,1940.1,1940.6,1938.7,1939.9,8973
2026-08-07 14:00:00,1939.9,1941.5,1939.2,1940.4,14165
2026-08-07 14:05:00,1940.8,1941.3,1938.8,1940.4,12072
2026-08-07 14:10:00,1940.5,1940.7,1938.2,1938.5,18357
2026-08-07 14:15:00,1939.3,1939.7,1938.2,1938.8,10643
2026-08-07 14:20:00,1938.8,1940.3,1937.8,1940.0,14383
2026-08-07 14:25:00,1939.9,1941.0,1939.0,1939.4,13086
2026-08-07 14:30:00,1939.3,1945.3,1939.0,1942.3,25782
2026-08-07 14:35:00,1942.4,1943.5,1940.8,1943.3,18597
2026-08-07 14:40:00,1942.6,1943.3,1939.0,1940.0,19586
2026-08-07 14:45:00,1940.0,1943.4,1939.1,1941.4,29405
2026-08-07 14:50:00,1941.5,1941.9,1939.9,1941.1,25518
2026-08-07 14:55:00,1941.1,1944.1,1939.9,1943.0,47262
2026-08-07 15:00:00,1943.6,1943.9,1940.6,1940.9,47752
2026-08-07 15:05:00,1941.3,1944.9,1939.3,1944.5,67643
2026-08-07 15:10:00,1944.5,1948.0,1939.9,1948.0,477091
2026-08-07 15:15:00,1946.0,1946.0,1946.0,1946.0,25
2026-08-07 15:20:00,1946.0,1946.0,1946.0,1946.0,0
2026-08-07 15:25:00,1946.0,1946.0,1945.0,1945.0,51781
2026-08-10 09:15:00,1949.9,1961.1,1948.1,1960.0,32745
2026-08-10 09:20:00,1960.0,1965.0,1958.0,1958.3,46669
2026-08-10 09:25:00,1958.4,1958.4,1948.8,1951.0,42149
2026-08-10 09:30:00,1951.6,1953.1,1948.4,1953.1,17049
2026-08-10 09:35:00,1952.5,1955.4,1948.0,1954.6,49667
2026-08-10 09:40:00,1954.4,1954.4,1949.5,1950.7,9913
2026-08-10 09:45:00,1950.5,1951.6,1949.3,1951.3,5503
2026-08-10 09:50:00,1951.3,1951.9,1949.0,1949.8,9576
2026-08-10 09:55:00,1949.8,1950.5,1946.5,1947.7,9469
2026-08-10 10:00:00,1947.7,1948.9,1946.3,1947.6,8018
2026-08-10 10:05:00,1947.5,1948.7,1945.0,1947.4,8234
2026-08-10 10:10:00,1947.5,1947.9,1946.1,1947.0,7852
2026-08-10 10:15:00,1947.0,1949.9,1946.8,1949.9,11554
2026-08-10 10:20:00,1949.9,1951.7,1947.9,1951.7,21867
2026-08-10 10:25:00,1951.5,1953.3,1949.0,1949.5,17824
2026-08-10 10:30:00,1949.7,1951.2,1949.0,1949.5,9919
2026-08-10 10:35:00,1949.5,1950.0,1949.1,1950.0,6689
2026-08-10 10:40:00,1950.0,1951.1,1948.9,1950.3,7702
2026-08-10 10:45:00,1950.6,1951.4,1949.5,1950.5,6934
2026-08-10 10:50:00,1950.5,1950.8,1948.5,1950.2,9555
2026-08-10 10:55:00,1950.2,1950.6,1949.7,1950.3,6220
2026-08-10 11:00:00,1950.3,1950.5,1948.9,1949.5,8337
2026-08-10 11:05:00,1949.5,1950.7,1949.5,1950.7,6129
2026-08-10 11:10:00,1950.7,1951.9,1950.0,1951.0,7554
2026-08-10 11:15:00,1951.0,1954.5,1950.8,1953.0,18139
2026-08-10 11:20:00,1953.0,1953.0,1952.1,1952.7,8602
2026-08-10 11:25:00,1952.7,1955.2,1951.8,1952.5,23144
2026-08-10 11:30:00,1952.6,1953.3,1950.8,1951.0,9974
2026-08-10 11:35:00,1951.0,1951.4,1948.3,1950.1,20300
2026-08-10 11:40:00,1950.2,1950.2,1949.1,1949.9,6634
2026-08-10 11:45:00,1949.9,1951.4,1949.6,1950.0,15089
2026-08-10 11:50:00,1950.0,1951.8,1949.5,1949.9,13095
2026-08-10 11:55:00,1950.0,1950.0,1949.6,1950.0,12708
2026-08-10 12:00:00,1950.0,1950.0,1948.4,1949.0,9297
2026-08-10 12:05:00,1949.0,1950.0,1944.6,1949.6,61562
2026-08-10 12:10:00,1949.5,1949.9,1947.7,1948.6,14650
2026-08-10 12:15:00,1948.6,1949.1,1947.9,1948.5,8300
2026-08-10 12:20:00,1948.5,1949.8,1943.4,1945.5,13990
2026-08-10 12:25:00,1945.7,1946.0,1943.9,1944.9,21909
2026-08-10 12:30:00,1945.0,1945.6,1940.2,1941.2,24579
2026-08-10 12:35:00,1941.4,1943.2,1941.3,1942.4,11134
2026-08-10 12:40:00,1942.5,1944.0,1942.0,1943.9,10897
2026-08-10 12:45:00,1944.0,1944.2,1942.7,1942.9,12124
2026-08-10 12:50:00,1943.3,1944.2,1941.2,1942.0,14270
2026-08-10 12:55:00,1942.2,1942.8,1940.9,1941.0,16796
2026-08-10 13:00:00,1941.3,1942.0,1939.8,1941.2,73966
2026-08-10 13:05:00,1941.5,1943.6,1941.0,1943.2,15818
2026-08-10 13:10:00,1943.2,1945.9,1942.8,1945.2,28818
2026-08-10 13:15:00,1945.2,1949.7,1944.2,1949.4,21165
2026-08-10 13:20:00,1949.4,1950.0,1947.1,1948.3,22107
2026-08-10 13:25:00,1948.2,1949.7,1947.6,1949.0,18640
2026-08-10 13:30:00,1949.0,1949.1,1945.3,1945.9,20956
2026-08-10 13:35:00,1946.0,1946.4,1944.2,1944.9,22036
2026-08-10 13:40:00,1944.9,1945.4,1944.4,1945.0,14288
2026-08-10 13:45:00,1945.0,1945.0,1943.3,1944.0,18043
2026-08-10 13:50:00,1944.0,1946.0,1943.8,1945.8,17646
2026-08-10 13:55:00,1945.8,1948.0,1945.5,1947.5,15464
2026-08-10 14:00:00,1947.3,1949.3,1947.3,1949.0,15360
2026-08-10 14:05:00,1949.0,1955.2,1948.9,1953.5,38735
2026-08-10 14:10:00,1953.5,1955.2,1953.1,1954.4,26090
2026-08-10 14:15:00,1954.5,1955.2,1950.6,1951.2,53228
2026-08-10 14:20:00,1951.9,1952.5,1949.5,1949.9,91113
2026-08-10 14:25:00,1950.0,1951.8,1949.5,1949.6,68522
2026-08-10 14:30:00,1950.0,1952.2,1949.9,1950.9,32791
2026-08-10 14:35:00,1951.0,1951.8,1950.3,1951.0,26875
2026-08-10 14:40:00,1950.7,1952.1,1950.7,1951.9,27246
2026-08-10 14:45:00,1951.9,1952.2,1949.6,1950.0,32994
2026-08-10 14:50:00,1950.0,1952.4,1949.9,1951.9,29313
2026-08-10 14:55:00,1952.0,1953.8,1951.1,1951.5,34749
2026-08-10 15:00:00,1952.5,1954.5,1950.6,1953.9,54440
2026-08-10 15:05:00,1954.2,1954.5,1950.2,1951.1,43066
2026-08-10 15:10:00,1950.4,1950.8,1946.5,1949.3,40650
2026-08-10 15:15:00,1949.3,1949.3,1949.3,1949.3,15
2026-08-10 15:20:00,1949.3,1949.3,1949.3,1949.3,0
2026-08-10 15:25:00,1949.3,1949.3,1944.4,1944.4,106920
2026-08-11 09:15:00,1939.0,1950.0,1938.9,1940.0,50159
2026-08-11 09:20:00,1940.0,1942.5,1939.1,1942.4,16729
2026-08-11 09:25:00,1941.7,1942.4,1938.5,1939.0,15629
2026-08-11 09:30:00,1938.9,1940.6,1936.5,1937.0,27363
2026-08-11 09:35:00,1937.2,1944.1,1936.8,1942.0,25704
2026-08-11 09:40:00,1942.0,1942.6,1940.1,1941.7,12772
2026-08-11 09:45:00,1941.5,1943.5,1941.0,1942.1,26463
2026-08-11 09:50:00,1942.0,1944.5,1941.5,1944.0,12301
2026-08-11 09:55:00,1944.4,1951.1,1944.0,1951.1,44311
2026-08-11 10:00:00,1950.7,1950.7,1947.1,1948.3,14600
2026-08-11 10:05:00,1947.8,1948.3,1945.4,1946.7,9369
2026-08-11 10:10:00,1946.1,1947.2,1945.2,1945.3,20551
2026-08-11 10:15:00,1945.2,1945.3,1944.5,1944.5,7201
2026-08-11 10:20:00,1944.5,1944.7,1942.0,1942.0,25372
2026-08-11 10:25:00,1942.1,1944.0,1942.0,1942.6,21078
2026-08-11 10:30:00,1942.6,1944.1,1942.1,1943.5,12873
2026-08-11 10:35:00,1943.9,1943.9,1942.0,1943.0,13670
2026-08-11 10:40:00,1943.0,1944.4,1942.0,1942.9,44585
2026-08-11 10:45:00,1942.1,1943.6,1942.0,1942.9,13946
2026-08-11 10:50:00,1942.8,1943.0,1941.3,1942.0,7692
2026-08-11 10:55:00,1942.0,1943.1,1941.0,1943.1,18246
2026-08-11 11:00:00,1943.0,1944.8,1942.4,1942.8,10999
2026-08-11 11:05:00,1942.8,1944.5,1942.0,1943.0,20342
2026-08-11 11:10:00,1942.7,1943.0,1939.7,1940.1,16409
2026-08-11 11:15:00,1940.2,1941.0,1939.3,1939.8,51661
2026-08-11 11:20:00,1939.8,1940.2,1939.1,1939.4,56545
2026-08-11 11:25:00,1939.9,1939.9,1938.3,1939.0,34411
2026-08-11 11:30:00,1939.0,1940.7,1938.1,1939.3,89010
2026-08-11 11:35:00,1939.3,1940.2,1938.6,1940.0,104756
2026-08-11 11:40:00,1940.0,1941.0,1938.6,1938.6,18033
2026-08-11 11:45:00,1938.9,1938.9,1937.1,1937.7,13292
2026-08-11 11:50:00,1937.8,1940.0,1935.8,1936.0,84524
2026-08-11 11:55:00,1936.0,1936.1,1933.2,1933.2,20711
2026-08-11 12:00:00,1933.4,1935.0,1932.9,1934.5,12320
2026-08-11 12:05:00,1934.6,1934.7,1930.5,1931.4,16263
2026-08-11 12:10:00,1931.5,1933.2,1930.9,1932.3,19107
2026-08-11 12:15:00,1932.4,1933.1,1931.0,1931.4,16682
2026-08-11 12:20:00,1931.4,1932.0,1929.5,1929.5,19399
2026-08-11 12:25:00,1929.5,1931.2,1928.6,1930.3,20107
2026-08-11 12:30:00,1930.3,1931.9,1930.0,1931.6,8462
2026-08-11 12:35:00,1931.6,1932.5,1931.1,1931.8,7950
2026-08-11 12:40:00,1931.8,1931.8,1930.0,1930.1,10820
2026-08-11 12:45:00,1930.0,1931.9,1929.0,1931.0,19141
2026-08-11 12:50:00,1931.1,1932.5,1930.2,1932.1,8268
2026-08-11 12:55:00,1932.1,1934.5,1932.1,1933.7,27111
2026-08-11 13:00:00,1934.3,1935.9,1934.1,1934.4,31381
2026-08-11 13:05:00,1934.8,1935.0,1934.2,1934.5,9519
2026-08-11 13:10:00,1934.5,1935.0,1933.3,1934.7,12548
2026-08-11 13:15:00,1934.2,1934.6,1930.0,1933.0,31020
2026-08-11 13:20:00,1933.0,1933.5,1931.8,1933.0,19607
2026-08-11 13:25:00,1933.2,1933.2,1930.7,1932.1,23190
2026-08-11 13:30:00,1931.9,1935.0,1931.8,1933.8,21465
2026-08-11 13:35:00,1933.8,1934.1,1932.6,1932.7,8470
2026-08-11 13:40:00,1932.9,1934.9,1932.1,1934.2,16646
2026-08-11 13:45:00,1934.8,1935.0,1933.9,1934.5,8325
2026-08-11 13:50:00,1933.9,1938.0,1933.9,1936.0,63127
2026-08-11 13:55:00,1936.0,1938.2,1935.6,1938.2,19370
2026-08-11 14:00:00,1938.2,1938.8,1935.8,1936.0,15842
2026-08-11 14:05:00,1936.0,1936.8,1934.7,1936.0,30482
2026-08-11 14:10:00,1936.0,1940.8,1934.7,1938.6,82414
2026-08-11 14:15:00,1939.2,1942.7,1938.7,1941.3,14738
2026-08-11 14:20:00,1941.0,1941.8,1938.2,1940.0,24217
2026-08-11 14:25:00,1940.0,1943.0,1938.2,1941.0,36826
2026-08-11 14:30:00,1941.0,1942.8,1940.4,1941.3,22226
2026-08-11 14:35:00,1941.7,1942.6,1940.7,1942.1,16930
2026-08-11 14:40:00,1942.1,1944.9,1941.0,1944.3,50152
2026-08-11 14:45:00,1944.9,1948.0,1944.7,1946.2,25263
2026-08-11 14:50:00,1946.1,1947.4,1945.6,1945.9,16826
2026-08-11 14:55:00,1946.0,1949.8,1946.0,1949.2,29977
2026-08-11 15:00:00,1948.5,1949.1,1945.7,1947.1,91564
2026-08-11 15:05:00,1947.0,1948.5,1944.8,1945.7,53104
2026-08-11 15:10:00,1945.6,1947.9,1942.0,1942.0,115965
2026-08-11 15:15:00,1942.0,1942.0,1942.0,1942.0,522
2026-08-11 15:20:00,1942.0,1942.0,1942.0,1942.0,0
2026-08-11 15:25:00,1942.0,1942.0,1942.0,1942.0,0
2026-08-12 09:15:00,1942.0,1945.7,1938.5,1940.4,23904
2026-08-12 09:20:00,1940.4,1941.0,1932.9,1933.7,13345
2026-08-12 09:25:00,1933.2,1936.6,1932.0,1936.1,10805
2026-08-12 09:30:00,1935.9,1937.8,1933.8,1936.9,22360
2026-08-12 09:35:00,1936.9,1936.9,1934.9,1936.5,10215
2026-08-12 09:40:00,1936.5,1936.8,1935.0,1935.9,9189
2026-08-12 09:45:00,1936.0,1936.0,1935.0,1935.9,7559
2026-08-12 09:50:00,1936.0,1936.0,1934.5,1935.8,8808
2026-08-12 09:55:00,1935.8,1935.8,1934.2,1935.1,5892
2026-08-12 10:00:00,1935.2,1936.0,1934.4,1934.7,11088
2026-08-12 10:05:00,1934.8,1937.8,1931.2,1937.8,40963
2026-08-12 10:10:00,1937.7,1938.8,1936.1,1937.7,10478
2026-08-12 10:15:00,1937.7,1941.1,1935.8,1936.6,14624
2026-08-12 10:20:00,1935.7,1938.4,1935.6,1937.2,8607
2026-08-12 10:25:00,1937.2,1938.5,1936.6,1937.2,5579
2026-08-12 10:30:00,1937.1,1937.9,1936.1,1937.2,7278
2026-08-12 10:35:00,1937.2,1938.8,1936.3,1938.5,9104
2026-08-12 10:40:00,1938.5,1939.7,1937.2,1937.9,8683
2026-08-12 10:45:00,1937.9,1939.0,1937.0,1938.8,9935
2026-08-12 10:50:00,1938.8,1941.0,1938.6,1939.3,6264
2026-08-12 10:55:00,1939.1,1940.3,1936.6,1938.3,14344
2026-08-12 11:00:00,1938.6,1939.7,1937.9,1939.0,7891
2026-08-12 11:05:00,1939.0,1940.0,1938.4,1939.7,10878
2026-08-12 11:10:00,1939.7,1940.0,1936.9,1937.9,11010
2026-08-12 11:15:00,1937.9,1937.9,1935.5,1936.7,5934
2026-08-12 11:20:00,1936.6,1938.6,1936.6,1937.0,10135
2026-08-12 11:25:00,1936.8,1937.7,1935.2,1936.3,15713
2026-08-12 11:30:00,1935.9,1936.6,1934.9,1936.2,10362
2026-08-12 11:35:00,1936.2,1936.2,1932.8,1933.5,25666
2026-08-12 11:40:00,1933.5,1935.4,1932.6,1933.1,22018
2026-08-12 11:45:00,1933.0,1933.6,1932.9,1933.2,8127
2026-08-12 11:50:00,1933.1,1934.6,1932.9,1933.3,13913
2026-08-12 11:55:00,1933.3,1933.4,1932.7,1933.2,8068
2026-08-12 12:00:00,1933.2,1933.2,1932.1,1932.1,16190
2026-08-12 12:05:00,1932.2,1933.9,1931.6,1933.8,35806
2026-08-12 12:10:00,1933.8,1934.4,1932.6,1933.0,8568
2026-08-12 12:15:00,1932.9,1934.0,1932.0,1932.7,10353
2026-08-12 12:20:00,1932.7,1933.5,1932.2,1932.7,9124
2026-08-12 12:25:00,1932.8,1934.3,1932.2,1932.9,8988
2026-08-12 12:30:00,1932.9,1935.7,1932.8,1934.6,10018
2026-08-12 12:35:00,1934.1,1935.1,1932.7,1932.7,12929
2026-08-12 12:40:00,1932.5,1933.7,1931.7,1932.5,20025
2026-08-12 12:45:00,1932.5,1933.7,1931.2,1932.5,37462
2026-08-12 12:50:00,1932.5,1934.0,1932.1,1933.0,82058
2026-08-12 12:55:00,1933.0,1933.2,1932.2,1933.0,59173
2026-08-12 13:00:00,1933.2,1933.3,1927.8,1928.3,45198
2026-08-12 13:05:00,1928.4,1928.4,1927.1,1927.9,8711
2026-08-12 13:10:00,1928.0,1929.4,1928.0,1928.2,7886
2026-08-12 13:15:00,1928.2,1930.2,1926.8,1930.0,9089
2026-08-12 13:20:00,1930.0,1930.1,1928.6,1929.1,6560
2026-08-12 13:25:00,1929.0,1931.1,1928.1,1929.1,23115
2026-08-12 13:30:00,1930.1,1930.8,1929.0,1930.1,16464
2026-08-12 13:35:00,1930.0,1931.7,1929.2,1929.8,15225
2026-08-12 13:40:00,1929.8,1930.6,1928.1,1928.9,10473
2026-08-12 13:45:00,1929.2,1930.8,1929.0,1930.3,14799
2026-08-12 13:50:00,1930.2,1930.4,1928.8,1929.4,7430
2026-08-12 13:55:00,1929.5,1929.9,1928.2,1929.3,9636
2026-08-12 14:00:00,1928.8,1929.8,1928.8,1929.5,6499
2026-08-12 14:05:00,1929.6,1930.1,1928.9,1929.1,5803
2026-08-12 14:10:00,1929.2,1929.4,1928.5,1929.2,11817
2026-08-12 14:15:00,1929.2,1930.6,1929.1,1930.1,10071
2026-08-12 14:20:00,1930.4,1930.6,1929.7,1929.8,5618
2026-08-12 14:25:00,1929.8,1931.2,1929.8,1930.6,12778
2026-08-12 14:30:00,1930.6,1931.5,1929.6,1929.8,22380
2026-08-12 14:35:00,1929.9,1930.9,1929.0,1930.6,11942
2026-08-12 14:40:00,1930.5,1935.3,1930.4,1934.8,80980
2026-08-12 14:45:00,1934.9,1936.5,1934.2,1935.0,46492
2026-08-12 14:50:00,1935.0,1938.0,1934.9,1937.4,108839
2026-08-12 14:55:00,1937.4,1939.8,1934.1,1934.4,71840
2026-08-12 15:00:00,1934.8,1935.0,1931.9,1933.4,66345
2026-08-12 15:05:00,1933.3,1935.7,1932.6,1933.9,54685
2026-08-12 15:10:00,1933.8,1939.0,1930.2,1936.0,71820
2026-08-12 15:15:00,1936.0,1936.0,1936.0,1936.0,0
2026-08-12 15:20:00,1936.0,1936.0,1936.0,1936.0,0
2026-08-12 15:25:00,1936.0,1944.0,1936.0,1944.0,52841
2026-08-13 09:15:00,1943.0,1943.0,1936.0,1937.8,14236
2026-08-13 09:20:00,1937.2,1946.3,1937.0,1945.2,12197
2026-08-13 09:25:00,1944.7,1945.8,1942.3,1944.6,5578
2026-08-13 09:30:00,1944.6,1944.6,1940.8,1942.1,7768
2026-08-13 09:35:00,1942.1,1942.9,1940.7,1942.3,5762
2026-08-13 09:40:00,1942.6,1942.6,1939.9,1941.0,6793
2026-08-13 09:45:00,1941.2,1942.1,1940.8,1941.4,3823
2026-08-13 09:50:00,1941.4,1941.7,1938.0,1940.0,6044
2026-08-13 09:55:00,1940.0,1940.0,1938.3,1940.0,5056
2026-08-13 10:00:00,1939.8,1940.0,1937.4,1937.6,7351
2026-08-13 10:05:00,1937.5,1938.8,1936.9,1938.3,4388
2026-08-13 10:10:00,1938.2,1939.9,1938.1,1939.0,5939
2026-08-13 10:15:00,1938.9,1940.9,1938.0,1940.9,4215
2026-08-13 10:20:00,1940.9,1942.5,1940.7,1942.0,5492
2026-08-13 10:25:00,1942.1,1942.1,1940.4,1940.7,5046
2026-08-13 10:30:00,1940.8,1941.3,1939.6,1941.3,3188
2026-08-13 10:35:00,1941.4,1943.0,1941.3,1941.4,6659
2026-08-13 10:40:00,1941.2,1943.9,1941.2,1943.9,7895
2026-08-13 10:45:00,1944.0,1944.9,1940.0,1942.9,15714
2026-08-13 10:50:00,1942.6,1943.4,1940.6,1940.6,13052
2026-08-13 10:55:00,1941.0,1941.6,1940.0,1940.7,4171
2026-08-13 11:00:00,1940.4,1940.6,1939.5,1940.5,3758
2026-08-13 11:05:00,1940.6,1941.0,1939.8,1941.0,3162
2026-08-13 11:10:00,1940.9,1941.3,1940.0,1940.5,2834
2026-08-13 11:15:00,1940.3,1940.3,1938.0,1939.6,6717
2026-08-13 11:20:00,1940.0,1941.0,1939.3,1940.4,3141
2026-08-13 11:25:00,1940.2,1941.2,1939.0,1939.2,4347
2026-08-13 11:30:00,1939.2,1940.0,1936.5,1938.7,8161
2026-08-13 11:35:00,1938.1,1939.8,1938.1,1939.5,3866
2026-08-13 11:40:00,1939.5,1940.0,1939.0,1939.0,2950
2026-08-13 11:45:00,1938.9,1939.9,1938.6,1939.6,1840
2026-08-13 11:50:00,1939.4,1939.9,1934.3,1936.5,18166
2026-08-13 11:55:00,1936.8,1938.0,1936.2,1937.2,4897
2026-08-13 12:00:00,1937.7,1938.9,1937.2,1938.8,8326
2026-08-13 12:05:00,1938.8,1941.4,1938.0,1940.0,7883
2026-08-13 12:10:00,1940.4,1941.5,1939.2,1939.2,11749
2026-08-13 12:15:00,1939.2,1939.5,1938.3,1938.5,33434
2026-08-13 12:20:00,1938.5,1941.0,1938.2,1940.6,24697
2026-08-13 12:25:00,1940.6,1941.0,1939.8,1940.8,5139
2026-08-13 12:30:00,1940.8,1941.4,1939.4,1940.4,6588
2026-08-13 12:35:00,1940.0,1941.0,1939.8,1940.6,10216
2026-08-13 12:40:00,1940.6,1942.8,1939.6,1941.1,12547
2026-08-13 12:45:00,1941.7,1943.8,1939.2,1940.6,63188
2026-08-13 12:50:00,1940.1,1940.7,1938.6,1939.4,15144
2026-08-13 12:55:00,1939.7,1939.7,1938.5,1938.6,8030
2026-08-13 13:00:00,1938.7,1939.3,1935.3,1937.1,11038
2026-08-13 13:05:00,1937.2,1938.0,1935.0,1935.7,12501
2026-08-13 13:10:00,1935.0,1937.1,1935.0,1937.0,11314
2026-08-13 13:15:00,1937.1,1937.2,1934.7,1935.8,25319
2026-08-13 13:20:00,1935.8,1937.0,1934.0,1935.9,16698
2026-08-13 13:25:00,1935.9,1936.5,1935.0,1935.5,8559
2026-08-13 13:30:00,1935.4,1935.9,1933.1,1934.1,14478
2026-08-13 13:35:00,1934.1,1936.8,1933.9,1936.7,15728
2026-08-13 13:40:00,1936.7,1937.0,1936.0,1936.8,11335
2026-08-13 13:45:00,1936.8,1937.6,1935.2,1936.4,20885
2026-08-13 13:50:00,1936.6,1938.7,1936.4,1938.6,11937
2026-08-13 13:55:00,1938.7,1940.5,1937.3,1940.5,17495
2026-08-13 14:00:00,1940.5,1942.4,1940.3,1942.2,14469
2026-08-13 14:05:00,1942.4,1942.8,1940.0,1940.5,12627
2026-08-13 14:10:00,1940.5,1942.2,1940.0,1941.4,40631
2026-08-13 14:15:00,1941.4,1941.8,1939.9,1940.2,13183
2026-08-13 14:20:00,1940.3,1941.8,1940.1,1940.9,11273
2026-08-13 14:25:00,1941.6,1941.9,1940.0,1941.6,17804
2026-08-13 14:30:00,1940.9,1944.5,1939.6,1944.0,40340
2026-08-13 14:35:00,1944.0,1944.6,1941.7,1943.3,12958
2026-08-13 14:40:00,1943.3,1944.5,1942.8,1944.0,13729
2026-08-13 14:45:00,1943.7,1944.1,1940.0,1942.6,32285
2026-08-13 14:50:00,1942.9,1943.3,1941.3,1942.0,20009
2026-08-13 14:55:00,1942.0,1942.0,1940.1,1940.9,45113
2026-08-13 15:00:00,1940.9,1941.3,1939.9,1940.4,75318
2026-08-13 15:05:00,1940.2,1940.5,1935.1,1936.9,54666
2026-08-13 15:10:00,1936.9,1936.9,1931.1,1931.1,141896
2026-08-13 15:15:00,1931.1,1931.1,1931.1,1931.1,0
2026-08-13 15:20:00,1931.1,1931.1,1931.1,1931.1,0
2026-08-13 15:25:00,1931.1,1932.0,1931.1,1932.0,69774
2026-08-14 09:15:00,1932.0,1937.0,1922.0,1929.1,38651
2026-08-14 09:20:00,1929.1,1933.0,1928.8,1930.8,9436
2026-08-14 09:25:00,1931.4,1931.5,1929.5,1930.0,3039
2026-08-14 09:30:00,1930.3,1931.4,1929.8,1930.5,5068
2026-08-14 09:35:00,1930.5,1931.4,1929.1,1930.5,3096
2026-08-14 09:40:00,1930.6,1930.6,1926.1,1927.0,6141
2026-08-14 09:45:00,1927.4,1927.4,1920.1,1920.2,20195
2026-08-14 09:50:00,1920.7,1922.3,1919.0,1920.5,16708
2026-08-14 09:55:00,1920.3,1922.4,1920.0,1921.0,10607
2026-08-14 10:00:00,1921.9,1925.5,1921.7,1924.2,10757
2026-08-14 10:05:00,1924.3,1924.3,1921.8,1922.9,8688
2026-08-14 10:10:00,1922.9,1922.9,1917.6,1918.0,15784
2026-08-14 10:15:00,1918.0,1920.4,1918.0,1920.3,9785
2026-08-14 10:20:00,1920.3,1921.4,1919.0,1919.4,12631
2026-08-14 10:25:00,1919.2,1921.2,1918.7,1919.4,13634
2026-08-14 10:30:00,1919.0,1919.7,1918.0,1919.4,13310
2026-08-14 10:35:00,1919.4,1921.6,1918.0,1921.6,12852
2026-08-14 10:40:00,1921.4,1922.5,1920.1,1921.9,13634
2026-08-14 10:45:00,1921.9,1922.6,1920.5,1921.5,14874
2026-08-14 10:50:00,1921.7,1922.1,1920.6,1921.1,12648
2026-08-14 10:55:00,1920.8,1921.8,1918.9,1919.6,15471
2026-08-14 11:00:00,1919.6,1922.5,1918.4,1921.6,14955
2026-08-14 11:05:00,1921.6,1921.6,1918.8,1919.4,15727
2026-08-14 11:10:00,1919.4,1924.1,1918.9,1922.0,26456
2026-08-14 11:15:00,1921.3,1922.5,1920.0,1921.5,6193
2026-08-14 11:20:00,1921.5,1922.0,1920.0,1920.4,10055
2026-08-14 11:25:00,1920.9,1921.3,1919.7,1920.8,16378
2026-08-14 11:30:00,1920.8,1922.0,1919.7,1920.6,12971
2026-08-14 11:35:00,1920.6,1922.0,1919.6,1922.0,11663
2026-08-14 11:40:00,1921.5,1922.0,1920.0,1920.7,7997
2026-08-14 11:45:00,1920.7,1920.8,1919.6,1920.2,7270
2026-08-14 11:50:00,1920.2,1921.2,1919.4,1920.3,15119
2026-08-14 11:55:00,1921.0,1921.3,1919.4,1920.5,8838
2026-08-14 12:00:00,1920.9,1922.1,1920.7,1921.8,13436
2026-08-14 12:05:00,1921.8,1922.4,1920.8,1922.2,5108
2026-08-14 12:10:00,1922.0,1923.1,1921.9,1923.0,5072
2026-08-14 12:15:00,1923.0,1924.8,1921.5,1924.7,12605
2026-08-14 12:20:00,1924.7,1925.0,1923.1,1924.9,8119
2026-08-14 12:25:00,1924.9,1925.0,1923.1,1923.2,4609
2026-08-14 12:30:00,1923.2,1923.5,1920.7,1921.1,5555
2026-08-14 12:35:00,1921.1,1922.5,1921.1,1922.3,5415
2026-08-14 12:40:00,1922.3,1922.5,1920.0,1921.2,13859
2026-08-14 12:45:00,1921.2,1921.2,1919.1,1919.4,5322
2026-08-14 12:50:00,1919.4,1920.8,1919.3,1920.5,9590
2026-08-14 12:55:00,1920.5,1920.9,1920.2,1920.5,2967
2026-08-14 13:00:00,1920.5,1920.8,1920.0,1920.7,3435
2026-08-14 13:05:00,1920.7,1920.7,1920.6,1920.6,3613
2026-08-14 13:10:00,1920.7,1921.0,1920.0,1920.2,3797
2026-08-14 13:15:00,1920.5,1920.6,1918.4,1919.7,10517
2026-08-14 13:20:00,1919.7,1920.1,1918.8,1919.2,6447
2026-08-14 13:25:00,1919.0,1919.8,1918.6,1918.9,3786
2026-08-14 13:30:00,1919.2,1921.0,1919.1,1920.1,5382
2026-08-14 13:35:00,1919.9,1921.0,1919.4,1921.0,5549
2026-08-14 13:40:00,1921.0,1922.0,1920.5,1922.0,6497
2026-08-14 13:45:00,1922.0,1924.9,1921.7,1924.0,10152
2026-08-14 13:50:00,1923.9,1924.9,1923.2,1923.8,9178
2026-08-14 13:55:00,1923.7,1924.0,1922.6,1923.8,9764
2026-08-14 14:00:00,1923.6,1923.8,1922.5,1923.4,11112
2026-08-14 14:05:00,1923.0,1923.6,1921.4,1922.6,8979
2026-08-14 14:10:00,1922.6,1923.0,1920.3,1921.3,8071
2026-08-14 14:15:00,1921.3,1921.4,1918.8,1920.3,11565
2026-08-14 14:20:00,1919.8,1921.0,1919.4,1920.9,11564
2026-08-14 14:25:00,1920.9,1923.0,1919.9,1921.4,13853
2026-08-14 14:30:00,1921.3,1923.7,1921.3,1922.6,8879
2026-08-14 14:35:00,1922.6,1923.1,1921.8,1922.5,6502
2026-08-14 14:40:00,1922.5,1923.3,1921.5,1922.0,7899
2026-08-14 14:45:00,1921.6,1922.5,1921.1,1921.5,10367
2026-08-14 14:50:00,1921.9,1923.0,1921.3,1922.6,12386
2026-08-14 14:55:00,1922.3,1923.0,1920.7,1921.4,16572
2026-08-14 15:00:00,1920.7,1921.5,1918.3,1919.7,38624
2026-08-14 15:05:00,1919.9,1921.9,1918.5,1921.5,24367
2026-08-14 15:10:00,1921.5,1921.9,1914.7,1918.0,51162
2026-08-14 15:15:00,1917.0,1917.0,1917.0,1917.0,958
2026-08-14 15:20:00,1917.0,1917.0,1917.0,1917.0,0
2026-08-14 15:25:00,1917.0,1930.0,1917.0,1930.0,46364
2026-08-17 09:15:00,1945.0,1949.8,1919.3,1921.4,58209
2026-08-17 09:20:00,1921.4,1921.8,1917.0,1921.2,19955
2026-08-17 09:25:00,1921.2,1922.7,1917.8,1919.0,8469
2026-08-17 09:30:00,1919.4,1921.1,1917.0,1917.0,7388
2026-08-17 09:35:00,1917.0,1920.8,1914.8,1919.6,22819
2026-08-17 09:40:00,1919.2,1920.6,1915.3,1915.5,25304
2026-08-17 09:45:00,1915.8,1916.6,1911.9,1913.0,16872
2026-08-17 09:50:00,1913.8,1914.5,1912.9,1914.4,9993
2026-08-17 09:55:00,1914.0,1916.0,1913.1,1915.2,15490
2026-08-17 10:00:00,1915.0,1916.6,1913.7,1914.4,12260
2026-08-17 10:05:00,1914.1,1916.2,1913.9,1915.5,6317
2026-08-17 10:10:00,1915.7,1916.2,1914.0,1914.4,8218
2026-08-17 10:15:00,1914.8,1915.2,1914.0,1914.2,8444
2026-08-17 10:20:00,1914.3,1915.1,1913.1,1913.7,8541
2026-08-17 10:25:00,1913.9,1914.2,1913.0,1913.5,7586
2026-08-17 10:30:00,1913.5,1914.7,1913.0,1914.3,11530
2026-08-17 10:35:00,1914.4,1915.0,1913.1,1913.2,7550
2026-08-17 10:40:00,1913.8,1914.0,1913.0,1913.2,6211
2026-08-17 10:45:00,1913.4,1914.0,1909.0,1910.0,21334
2026-08-17 10:50:00,1910.0,1912.7,1909.6,1910.9,5401
2026-08-17 10:55:00,1911.2,1912.5,1910.2,1910.2,7753
2026-08-17 11:00:00,1910.4,1910.4,1901.2,1902.2,43112
2026-08-17 11:05:00,1902.2,1904.6,1901.4,1903.1,15540
2026-08-17 11:10:00,1902.4,1903.5,1900.5,1903.0,19164
2026-08-17 11:15:00,1902.6,1911.1,1901.2,1910.0,43537
2026-08-17 11:20:00,1910.0,1911.7,1906.1,1907.2,20125
2026-08-17 11:25:00,1907.1,1908.8,1905.5,1905.9,13615
2026-08-17 11:30:00,1905.8,1906.9,1904.5,1905.0,8192
2026-08-17 11:35:00,1904.6,1908.8,1903.9,1904.0,19244
2026-08-17 11:40:00,1905.2,1907.9,1904.6,1905.6,13916
2026-08-17 11:45:00,1905.8,1906.8,1904.1,1904.7,8770
2026-08-17 11:50:00,1904.6,1907.1,1904.0,1905.6,10974
2026-08-17 11:55:00,1905.5,1907.6,1904.9,1904.9,14237
2026-08-17 12:00:00,1904.8,1905.9,1902.5,1902.7,13743
2026-08-17 12:05:00,1902.7,1903.9,1901.3,1901.7,27503
2026-08-17 12:10:00,1901.3,1908.7,1901.3,1907.7,29279
2026-08-17 12:15:00,1907.6,1908.9,1905.8,1907.0,16261
2026-08-17 12:20:00,1907.0,1908.3,1905.6,1906.3,22114
2026-08-17 12:25:00,1906.2,1907.0,1905.7,1906.3,7505
2026-08-17 12:30:00,1906.3,1908.0,1905.0,1905.0,26742
2026-08-17 12:35:00,1905.0,1905.9,1901.5,1902.6,30128
2026-08-17 12:40:00,1901.8,1904.9,1901.8,1904.4,10731
2026-08-17 12:45:00,1904.4,1904.9,1903.0,1903.2,7720
2026-08-17 12:50:00,1904.0,1905.2,1903.0,1903.1,8293
2026-08-17 12:55:00,1903.1,1904.7,1903.1,1904.2,7013
2026-08-17 13:00:00,1904.0,1905.1,1903.8,1904.3,9202
2026-08-17 13:05:00,1904.8,1905.7,1900.9,1901.0,16308
2026-08-17 13:10:00,1901.1,1902.1,1897.3,1899.8,32692
2026-08-17 13:15:00,1899.8,1900.9,1895.5,1896.0,130783
2026-08-17 13:20:00,1896.8,1899.0,1894.0,1896.6,42214
2026-08-17 13:25:00,1896.6,1899.1,1895.7,1898.6,14666
2026-08-17 13:30:00,1898.6,1898.9,1895.1,1897.0,36063
2026-08-17 13:35:00,1897.0,1900.9,1896.3,1898.0,13326
2026-08-17 13:40:00,1898.7,1900.0,1897.7,1898.6,12837
2026-08-17 13:45:00,1899.4,1899.6,1897.4,1898.2,8453
2026-08-17 13:50:00,1898.1,1900.4,1897.8,1898.8,17372
2026-08-17 13:55:00,1899.0,1899.8,1897.6,1898.8,14213
2026-08-17 14:00:00,1898.7,1901.1,1897.9,1900.5,17826
2026-08-17 14:05:00,1900.5,1901.1,1899.6,1900.7,10488
2026-08-17 14:10:00,1900.7,1900.9,1898.3,1900.0,10329
2026-08-17 14:15:00,1900.0,1900.8,1898.5,1899.3,11491
2026-08-17 14:20:00,1899.2,1899.2,1896.4,1897.4,29603
2026-08-17 14:25:00,1897.4,1898.1,1896.2,1897.2,19781
2026-08-17 14:30:00,1897.1,1897.7,1895.2,1896.3,25098
2026-08-17 14:35:00,1895.7,1896.3,1892.4,1894.1,31789
2026-08-17 14:40:00,1893.4,1895.5,1892.5,1893.5,21437
2026-08-17 14:45:00,1893.4,1895.9,1892.7,1894.5,26028
2026-08-17 14:50:00,1894.1,1895.4,1892.9,1893.0,37044
2026-08-17 14:55:00,1892.9,1893.0,1888.7,1889.6,102063
2026-08-17 15:00:00,1889.8,1893.8,1886.6,1892.1,112582
2026-08-17 15:05:00,1891.4,1893.0,1888.3,1889.5,50267
2026-08-17 15:10:00,1889.4,1890.2,1880.4,1880.4,246709
2026-08-17 15:15:00,1881.0,1881.0,1880.4,1881.0,32
2026-08-17 15:20:00,1881.0,1881.0,1881.0,1881.0,0
2026-08-17 15:25:00,1881.0,1882.0,1881.0,1882.0,46684
2026-08-18 09:15:00,1890.0,1894.0,1882.8,1889.7,48036
2026-08-18 09:20:00,1889.3,1895.2,1887.9,1894.9,18714
2026-08-18 09:25:00,1895.7,1895.9,1890.3,1890.9,24874
2026-08-18 09:30:00,1891.1,1892.5,1889.5,1890.6,19765
2026-08-18 09:35:00,1890.7,1893.0,1890.2,1892.9,7430
2026-08-18 09:40:00,1892.9,1895.0,1892.9,1894.7,12838
2026-08-18 09:45:00,1894.7,1894.7,1892.5,1893.3,8331
2026-08-18 09:50:00,1893.0,1898.0,1892.6,1897.1,20166
2026-08-18 09:55:00,1897.0,1898.0,1895.0,1897.7,13474
2026-08-18 10:00:00,1897.5,1899.0,1888.0,1891.7,140222
2026-08-18 10:05:00,1891.7,1892.7,1886.1,1887.9,54303
2026-08-18 10:10:00,1887.9,1889.0,1887.0,1889.0,4568
2026-08-18 10:15:00,1889.4,1889.7,1887.6,1888.0,4229
2026-08-18 10:20:00,1888.1,1890.6,1887.6,1890.4,7496
2026-08-18 10:25:00,1890.5,1891.1,1888.7,1890.6,6110
2026-08-18 10:30:00,1890.6,1890.7,1888.0,1888.6,3671
2026-08-18 10:35:00,1888.6,1890.2,1888.3,1889.9,5054
2026-08-18 10:40:00,1890.0,1891.2,1887.2,1889.8,13056
2026-08-18 10:45:00,1889.5,1890.7,1887.3,1890.7,10755
2026-08-18 10:50:00,1890.7,1891.6,1889.0,1889.8,8305
2026-08-18 10:55:00,1889.9,1889.9,1887.0,1888.5,40836
2026-08-18 11:00:00,1888.5,1889.0,1885.5,1886.8,12518
2026-08-18 11:05:00,1886.9,1887.7,1885.6,1886.1,13751
2026-08-18 11:10:00,1885.5,1885.6,1883.0,1883.5,17760
2026-08-18 11:15:00,1883.5,1884.7,1881.0,1882.5,13857
2026-08-18 11:20:00,1882.5,1882.8,1881.0,1881.9,9727
2026-08-18 11:25:00,1881.9,1883.0,1879.5,1880.2,11138
2026-08-18 11:30:00,1880.4,1882.7,1880.4,1882.2,16815
2026-08-18 11:35:00,1882.3,1883.9,1880.7,1883.2,12097
2026-08-18 11:40:00,1883.3,1884.1,1882.0,1882.8,11650
2026-08-18 11:45:00,1882.9,1883.5,1882.0,1882.1,10470
2026-08-18 11:50:00,1882.1,1882.5,1880.0,1881.8,21915
2026-08-18 11:55:00,1881.8,1882.5,1880.8,1881.5,13068
2026-08-18 12:00:00,1880.9,1882.1,1872.6,1873.3,63191
2026-08-18 12:05:00,1873.2,1876.5,1871.1,1874.8,45057
2026-08-18 12:10:00,1875.0,1876.0,1868.3,1870.0,239229
2026-08-18 12:15:00,1869.3,1872.7,1868.6,1872.6,19951
2026-08-18 12:20:00,1872.7,1874.0,1872.3,1873.6,8547
2026-08-18 12:25:00,1874.6,1875.0,1871.6,1872.2,10752
2026-08-18 12:30:00,1872.2,1873.4,1871.7,1872.6,9199
2026-08-18 12:35:00,1873.0,1873.0,1870.0,1871.7,22911
2026-08-18 12:40:00,1871.7,1874.0,1871.7,1873.0,16488
2026-08-18 12:45:00,1873.0,1874.8,1873.0,1873.5,15665
2026-08-18 12:50:00,1874.3,1875.0,1873.0,1873.2,19803
2026-08-18 12:55:00,1873.6,1873.8,1872.4,1873.2,11359
2026-08-18 13:00:00,1873.2,1874.6,1872.5,1873.6,13393
2026-08-18 13:05:00,1874.2,1875.4,1873.6,1874.6,18338
2026-08-18 13:10:00,1874.5,1878.6,1873.9,1877.1,24107
2026-08-18 13:15:00,1877.9,1878.7,1875.9,1876.5,35448
2026-08-18 13:20:00,1876.3,1878.6,1875.0,1878.6,19351
2026-08-18 13:25:00,1878.4,1879.9,1878.2,1879.9,13178
2026-08-18 13:30:00,1879.7,1880.0,1878.1,1879.0,9865
2026-08-18 13:35:00,1879.0,1879.1,1877.0,1878.0,12593
2026-08-18 13:40:00,1877.9,1879.0,1877.9,1879.0,11385
2026-08-18 13:45:00,1879.0,1880.0,1878.2,1879.9,13457
2026-08-18 13:50:00,1880.0,1881.0,1879.7,1880.1,11268
2026-08-18 13:55:00,1880.6,1881.2,1878.9,1879.3,23210
2026-08-18 14:00:00,1879.5,1879.6,1875.9,1876.7,16455
2026-08-18 14:05:00,1876.7,1877.4,1875.1,1875.7,10346
2026-08-18 14:10:00,1875.9,1877.5,1875.5,1876.6,8577
2026-08-18 14:15:00,1876.9,1877.5,1875.6,1876.5,9538
2026-08-18 14:20:00,1876.5,1877.0,1876.0,1876.9,8165
2026-08-18 14:25:00,1876.8,1877.1,1875.6,1875.9,10756
2026-08-18 14:30:00,1876.0,1877.0,1875.1,1875.5,11730
2026-08-18 14:35:00,1875.5,1876.9,1875.1,1876.5,9462
2026-08-18 14:40:00,1876.5,1877.8,1876.0,1877.2,11453
2026-08-18 14:45:00,1876.7,1877.5,1875.6,1876.2,13804
2026-08-18 14:50:00,1876.2,1877.2,1875.7,1876.5,16042
2026-08-18 14:55:00,1876.5,1878.4,1876.3,1877.9,21809
2026-08-18 15:00:00,1877.4,1877.6,1875.6,1876.6,65152
2026-08-18 15:05:00,1876.9,1879.0,1875.7,1879.0,61853
2026-08-18 15:10:00,1878.5,1884.5,1877.3,1884.5,95932
2026-08-18 15:15:00,1881.0,1881.0,1881.0,1881.0,29
2026-08-18 15:20:00,1881.0,1881.0,1881.0,1881.0,0
2026-08-18 15:25:00,1881.0,1881.0,1875.1,1875.1,118181
2026-08-19 09:15:00,1871.0,1891.8,1871.0,1891.8,46279
2026-08-19 09:20:00,1891.0,1895.0,1890.5,1893.1,19027
2026-08-19 09:25:00,1892.8,1892.8,1888.2,1888.2,14826
2026-08-19 09:30:00,1888.0,1890.9,1887.4,1889.0,10765
2026-08-19 09:35:00,1889.0,1889.9,1886.9,1888.0,7824
2026-08-19 09:40:00,1887.0,1890.8,1886.5,1890.8,10994
2026-08-19 09:45:00,1890.8,1892.2,1887.3,1890.5,17000
2026-08-19 09:50:00,1890.3,1891.9,1889.0,1891.1,7191
2026-08-19 09:55:00,1891.7,1892.0,1889.7,1889.7,4895
2026-08-19 10:00:00,1889.9,1889.9,1883.0,1883.9,34809
2026-08-19 10:05:00,1884.6,1887.9,1883.2,1886.4,11644
2026-08-19 10:10:00,1886.3,1890.7,1886.1,1890.0,9867
2026-08-19 10:15:00,1890.1,1897.0,1889.6,1895.2,21617
2026-08-19 10:20:00,1895.5,1898.4,1894.2,1895.0,18118
2026-08-19 10:25:00,1895.1,1895.1,1892.4,1894.1,9015
2026-08-19 10:30:00,1894.3,1894.6,1891.0,1891.9,13263
2026-08-19 10:35:00,1891.9,1891.9,1890.8,1891.3,8274
2026-08-19 10:40:00,1891.2,1892.0,1888.3,1891.5,19992
2026-08-19 10:45:00,1891.5,1891.7,1888.9,1889.4,17586
2026-08-19 10:50:00,1889.4,1890.2,1888.2,1889.7,6664
2026-08-19 10:55:00,1889.6,1889.8,1888.1,1888.9,15281
2026-08-19 11:00:00,1888.8,1892.0,1888.6,1891.1,9987
2026-08-19 11:05:00,1891.7,1892.7,1889.8,1891.4,13505
2026-08-19 11:10:00,1891.7,1893.8,1889.8,1892.8,18537
2026-08-19 11:15:00,1892.8,1895.5,1892.4,1893.8,21087
2026-08-19 11:20:00,1894.1,1894.9,1889.7,1890.7,21180
2026-08-19 11:25:00,1891.5,1892.5,1890.5,1890.6,8742
2026-08-19 11:30:00,1891.3,1891.5,1889.2,1890.3,12659
2026-08-19 11:35:00,1890.8,1894.2,1890.2,1893.6,16686
2026-08-19 11:40:00,1893.6,1894.3,1891.7,1893.0,11928
2026-08-19 11:45:00,1892.8,1893.1,1891.4,1891.7,11311
2026-08-19 11:50:00,1891.7,1894.8,1891.5,1893.7,38380
2026-08-19 11:55:00,1893.9,1893.9,1891.9,1892.2,10862
2026-08-19 12:00:00,1892.4,1896.1,1891.6,1895.7,31820
2026-08-19 12:05:00,1895.6,1895.8,1894.1,1895.0,37080
2026-08-19 12:10:00,1895.2,1895.5,1893.5,1894.9,14793
2026-08-19 12:15:00,1894.9,1894.9,1891.8,1892.8,16752
2026-08-19 12:20:00,1892.8,1893.4,1891.5,1891.9,14599
2026-08-19 12:25:00,1891.9,1893.4,1891.2,1893.2,10144
2026-08-19 12:30:00,1892.0,1893.5,1890.6,1891.6,8695
2026-08-19 12:35:00,1891.6,1892.5,1887.6,1888.9,22183
2026-08-19 12:40:00,1889.0,1889.6,1888.1,1889.0,6897
2026-08-19 12:45:00,1889.0,1889.0,1885.9,1888.4,60507
2026-08-19 12:50:00,1888.4,1889.6,1887.7,1888.7,7339
2026-08-19 12:55:00,1888.8,1889.1,1887.4,1888.3,11023
2026-08-19 13:00:00,1888.3,1889.0,1887.7,1888.5,6933
2026-08-19 13:05:00,1888.5,1891.3,1886.3,1890.3,63721
2026-08-19 13:10:00,1890.8,1892.6,1885.5,1887.5,116675
2026-08-19 13:15:00,1888.2,1888.8,1886.5,1888.6,13483
2026-08-19 13:20:00,1888.6,1889.3,1887.6,1888.9,7454
2026-08-19 13:25:00,1888.9,1890.1,1888.3,1889.5,9077
2026-08-19 13:30:00,1890.1,1891.2,1889.4,1890.7,40916
2026-08-19 13:35:00,1890.9,1892.0,1890.0,1891.3,4977
2026-08-19 13:40:00,1891.6,1894.0,1891.1,1893.9,8757
2026-08-19 13:45:00,1894.0,1896.0,1892.6,1895.8,26967
2026-08-19 13:50:00,1895.6,1896.0,1894.2,1895.1,19423
2026-08-19 13:55:00,1895.1,1895.9,1893.5,1894.3,18177
2026-08-19 14:00:00,1894.7,1894.9,1893.6,1894.4,11638
2026-08-19 14:05:00,1894.4,1894.5,1892.0,1892.1,33557
2026-08-19 14:10:00,1892.8,1893.4,1891.6,1892.9,13041
2026-08-19 14:15:00,1892.9,1893.3,1892.1,1892.8,8069
2026-08-19 14:20:00,1892.4,1893.3,1891.6,1892.2,11324
2026-08-19 14:25:00,1891.8,1892.4,1891.4,1892.4,11182
2026-08-19 14:30:00,1892.2,1893.0,1891.6,1891.8,9044
2026-08-19 14:35:00,1892.5,1893.7,1891.8,1892.5,16170
2026-08-19 14:40:00,1892.0,1893.0,1891.9,1892.3,15501
2026-08-19 14:45:00,1892.8,1893.3,1891.9,1892.4,18120
2026-08-19 14:50:00,1892.4,1895.9,1892.4,1895.8,30529
2026-08-19 14:55:00,1895.8,1897.8,1895.6,1896.5,45272
2026-08-19 15:00:00,1896.7,1897.4,1895.6,1896.5,33103
2026-08-19 15:05:00,1896.5,1897.3,1895.0,1896.7,45453
2026-08-19 15:10:00,1896.7,1899.3,1895.0,1898.9,82158
2026-08-19 15:15:00,1898.9,1898.9,1898.9,1898.9,0
2026-08-19 15:20:00,1898.9,1898.9,1898.9,1898.9,0
2026-08-19 15:25:00,1898.9,1900.0,1898.9,1900.0,81595
2026-08-20 09:15:00,1905.0,1911.6,1901.0,1905.9,103950
2026-08-20 09:20:00,1905.9,1905.9,1898.7,1899.7,29187
2026-08-20 09:25:00,1900.0,1902.9,1900.0,1901.6,11870
2026-08-20 09:30:00,1901.7,1901.7,1897.0,1900.6,17550
2026-08-20 09:35:00,1900.4,1901.3,1897.7,1898.5,13044
2026-08-20 09:40:00,1898.5,1899.5,1896.8,1896.8,29772
2026-08-20 09:45:00,1897.8,1900.3,1896.4,1900.1,13340
2026-08-20 09:50:00,1899.4,1900.3,1896.0,1896.6,17823
2026-08-20 09:55:00,1896.7,1897.4,1894.0,1895.3,17490
2026-08-20 10:00:00,1895.8,1896.5,1894.5,1895.3,8965
2026-08-20 10:05:00,1895.4,1896.9,1894.8,1896.8,12123
2026-08-20 10:10:00,1896.6,1896.6,1893.6,1894.4,6650
2026-08-20 10:15:00,1893.9,1896.3,1893.6,1895.1,10452
2026-08-20 10:20:00,1894.5,1895.5,1892.0,1892.7,13298
2026-08-20 10:25:00,1892.7,1892.8,1890.6,1891.3,14268
2026-08-20 10:30:00,1891.0,1892.2,1890.3,1890.7,12873
2026-08-20 10:35:00,1890.7,1895.0,1890.3,1894.6,10956
2026-08-20 10:40:00,1894.6,1894.9,1893.0,1893.1,6093
2026-08-20 10:45:00,1893.1,1893.3,1891.1,1892.5,14373
2026-08-20 10:50:00,1892.2,1894.4,1891.6,1893.2,12839
2026-08-20 10:55:00,1893.2,1894.0,1892.4,1893.9,5030
2026-08-20 11:00:00,1894.0,1895.0,1892.7,1894.6,13911
2026-08-20 11:05:00,1894.5,1894.7,1893.4,1894.4,5572
2026-08-20 11:10:00,1894.3,1895.0,1892.5,1894.5,9317
2026-08-20 11:15:00,1894.5,1894.8,1893.1,1893.5,3881
2026-08-20 11:20:00,1893.5,1894.2,1892.1,1894.2,8533
2026-08-20 11:25:00,1894.2,1894.2,1893.1,1893.2,4242
2026-08-20 11:30:00,1893.2,1896.4,1892.5,1895.4,15761
2026-08-20 11:35:00,1896.1,1897.9,1895.9,1897.7,9027
2026-08-20 11:40:00,1896.9,1897.7,1896.0,1896.6,4113
2026-08-20 11:45:00,1896.7,1896.7,1895.3,1896.1,1944
2026-08-20 11:50:00,1896.2,1897.7,1895.7,1897.2,3251
2026-08-20 11:55:00,1897.5,1897.6,1896.5,1897.3,4768
2026-08-20 12:00:00,1897.6,1898.5,1897.0,1897.4,5804
2026-08-20 12:05:00,1897.8,1898.0,1895.6,1897.0,5268
2026-08-20 12:10:00,1896.9,1897.5,1895.4,1897.0,5962
2026-08-20 12:15:00,1897.0,1897.6,1896.6,1896.8,3579
2026-08-20 12:20:00,1896.9,1898.3,1896.8,1898.1,6096
2026-08-20 12:25:00,1898.1,1898.2,1897.0,1897.9,2410
2026-08-20 12:30:00,1897.9,1898.4,1897.2,1897.9,2589
2026-08-20 12:35:00,1897.4,1898.2,1897.2,1898.1,5833
2026-08-20 12:40:00,1898.2,1898.2,1897.3,1898.0,4000
2026-08-20 12:45:00,1898.0,1901.8,1898.0,1901.0,11401
2026-08-20 12:50:00,1900.7,1902.8,1900.5,1901.1,14851
2026-08-20 12:55:00,1901.1,1901.4,1899.6,1900.7,5157
2026-08-20 13:00:00,1900.8,1901.8,1900.1,1901.2,2955
2026-08-20 13:05:00,1901.2,1901.7,1900.6,1901.3,4058
2026-08-20 13:10:00,1901.4,1902.6,1900.3,1902.6,3804
2026-08-20 13:15:00,1902.7,1903.5,1902.4,1903.0,8642
2026-08-20 13:20:00,1903.0,1903.9,1901.9,1902.7,5409
2026-08-20 13:25:00,1902.7,1902.7,1901.3,1902.0,2427
2026-08-20 13:30:00,1902.1,1903.0,1901.5,1902.3,2412
2026-08-20 13:35:00,1902.8,1903.0,1901.4,1902.2,2801
2026-08-20 13:40:00,1901.8,1902.5,1901.2,1901.9,3086
2026-08-20 13:45:00,1902.0,1902.0,1901.6,1901.8,3151
2026-08-20 13:50:00,1901.9,1901.9,1901.3,1901.9,2900
2026-08-20 13:55:00,1901.9,1902.0,1900.4,1900.4,5388
2026-08-20 14:00:00,1900.8,1900.9,1899.5,1900.5,5902
2026-08-20 14:05:00,1900.6,1901.8,1900.0,1900.0,14760
2026-08-20 14:10:00,1900.3,1900.4,1898.9,1900.0,5458
2026-08-20 14:15:00,1899.8,1902.9,1898.9,1902.0,19689
2026-08-20 14:20:00,1902.0,1902.5,1900.2,1902.1,10914
2026-08-20 14:25:00,1901.7,1903.0,1901.7,1902.7,10473
2026-08-20 14:30:00,1902.8,1902.8,1900.2,1900.9,12152
2026-08-20 14:35:00,1901.0,1901.5,1899.9,1900.7,13776
2026-08-20 14:40:00,1900.7,1900.7,1898.5,1899.9,16476
2026-08-20 14:45:00,1899.9,1900.8,1899.0,1899.8,14514
2026-08-20 14:50:00,1899.9,1900.9,1899.8,1900.7,13492
2026-08-20 14:55:00,1900.7,1900.7,1899.3,1900.3,15991
2026-08-20 15:00:00,1900.1,1900.9,1899.5,1900.9,19341
2026-08-20 15:05:00,1900.9,1902.2,1900.0,1901.6,40433
2026-08-20 15:10:00,1901.3,1902.4,1900.9,1902.4,40856
2026-08-20 15:15:00,1902.4,1902.4,1902.4,1902.4,28
2026-08-20 15:20:00,1902.4,1902.4,1902.4,1902.4,0
2026-08-20 15:25:00,1902.4,1902.4,1902.4,1902.4,0
2026-08-21 09:15:00,1916.0,1917.4,1907.5,1911.0,73472
2026-08-21 09:20:00,1910.0,1910.3,1902.0,1906.1,32969
2026-08-21 09:25:00,1906.1,1907.3,1900.4,1902.5,22568
2026-08-21 09:30:00,1902.5,1903.7,1900.0,1900.8,18171
2026-08-21 09:35:00,1900.5,1900.9,1897.5,1898.8,16956
2026-08-21 09:40:00,1898.3,1899.4,1896.2,1898.8,15325
2026-08-21 09:45:00,1898.8,1899.2,1897.6,1899.1,8381
2026-08-21 09:50:00,1899.0,1899.9,1897.9,1899.2,15481
2026-08-21 09:55:00,1899.2,1899.3,1898.0,1899.1,11069
2026-08-21 10:00:00,1899.1,1900.3,1894.6,1896.7,21371
2026-08-21 10:05:00,1896.7,1896.7,1893.6,1894.9,9716
2026-08-21 10:10:00,1894.9,1895.8,1894.3,1895.2,9200
2026-08-21 10:15:00,1895.2,1896.8,1894.2,1895.2,9149
2026-08-21 10:20:00,1895.2,1895.8,1894.4,1895.8,7915
2026-08-21 10:25:00,1895.8,1896.2,1894.3,1895.4,9389
2026-08-21 10:30:00,1895.4,1896.0,1894.5,1895.1,8542
2026-08-21 10:35:00,1895.2,1895.7,1894.3,1895.4,6269
2026-08-21 10:40:00,1895.4,1896.1,1894.2,1894.8,7951
2026-08-21 10:45:00,1894.8,1896.0,1893.9,1895.5,7536
2026-08-21 10:50:00,1895.8,1895.8,1893.0,1894.4,10671
2026-08-21 10:55:00,1894.3,1895.0,1891.6,1893.4,11897
2026-08-21 11:00:00,1893.5,1895.4,1892.7,1894.6,12266
2026-08-21 11:05:00,1894.7,1894.9,1893.0,1893.5,9682
2026-08-21 11:10:00,1893.5,1893.8,1891.8,1892.9,9535
2026-08-21 11:15:00,1892.9,1893.4,1891.2,1892.6,10401
2026-08-21 11:20:00,1892.8,1893.3,1891.4,1893.3,9547
2026-08-21 11:25:00,1893.0,1893.2,1890.4,1891.7,15375
2026-08-21 11:30:00,1891.9,1891.9,1889.3,1891.0,18060
2026-08-21 11:35:00,1891.0,1894.0,1890.5,1893.8,13691
2026-08-21 11:40:00,1894.0,1894.2,1892.2,1893.2,11445
2026-08-21 11:45:00,1893.2,1893.4,1892.1,1892.8,9674
2026-08-21 11:50:00,1892.8,1892.8,1891.1,1892.0,15919
2026-08-21 11:55:00,1892.0,1892.0,1888.1,1889.5,15691
2026-08-21 12:00:00,1889.6,1890.0,1886.3,1886.3,20284
2026-08-21 12:05:00,1886.5,1886.5,1882.8,1885.3,19720
2026-08-21 12:10:00,1886.0,1886.3,1884.2,1885.5,14661
2026-08-21 12:15:00,1885.8,1885.8,1884.3,1885.5,12240
2026-08-21 12:20:00,1885.5,1885.8,1884.3,1884.9,14587
2026-08-21 12:25:00,1884.9,1886.0,1884.9,1885.5,15538
2026-08-21 12:30:00,1885.5,1887.4,1885.0,1886.8,15036
2026-08-21 12:35:00,1887.4,1887.9,1885.4,1886.1,14221
2026-08-21 12:40:00,1886.1,1886.2,1884.5,1885.8,11440
2026-08-21 12:45:00,1885.9,1886.6,1884.7,1886.1,20515
2026-08-21 12:50:00,1886.1,1887.0,1884.0,1884.6,14837
2026-08-21 12:55:00,1884.9,1886.1,1884.5,1885.8,16182
2026-08-21 13:00:00,1885.8,1889.9,1885.0,1888.0,40436
2026-08-21 13:05:00,1888.0,1889.2,1887.5,1889.1,13165
2026-08-21 13:10:00,1889.2,1889.6,1887.5,1888.4,12346
2026-08-21 13:15:00,1888.2,1891.6,1887.6,1890.6,33699
2026-08-21 13:20:00,1890.6,1892.6,1890.0,1892.6,22632
2026-08-21 13:25:00,1892.6,1892.8,1890.9,1891.6,26837
2026-08-21 13:30:00,1891.6,1892.1,1890.1,1891.2,17992
2026-08-21 13:35:00,1891.3,1891.3,1890.0,1890.2,19070
2026-08-21 13:40:00,1890.5,1891.0,1890.0,1890.3,19165
2026-08-21 13:45:00,1890.3,1890.4,1888.3,1889.1,20087
2026-08-21 13:50:00,1889.1,1890.2,1888.3,1890.2,14638
2026-08-21 13:55:00,1889.2,1893.0,1888.5,1892.2,33619
2026-08-21 14:00:00,1891.2,1892.6,1891.0,1892.2,9460
2026-08-21 14:05:00,1892.5,1892.7,1891.8,1892.5,9181
2026-08-21 14:10:00,1892.5,1893.0,1891.8,1893.0,11300
2026-08-21 14:15:00,1892.9,1893.6,1892.2,1892.9,9575
2026-08-21 14:20:00,1892.9,1897.6,1892.4,1897.6,22871
2026-08-21 14:25:00,1897.3,1898.0,1895.9,1897.9,15140
2026-08-21 14:30:00,1897.7,1898.0,1895.8,1897.0,23432
2026-08-21 14:35:00,1897.0,1897.5,1895.8,1897.0,14011
2026-08-21 14:40:00,1897.0,1898.5,1896.7,1896.7,17469
2026-08-21 14:45:00,1896.6,1897.4,1895.7,1896.0,18820
2026-08-21 14:50:00,1896.1,1897.7,1895.9,1896.5,36254
2026-08-21 14:55:00,1896.5,1899.0,1895.8,1898.4,39819
2026-08-21 15:00:00,1897.6,1901.3,1897.4,1899.5,64293
2026-08-21 15:05:00,1899.4,1900.0,1897.7,1899.3,41983
2026-08-21 15:10:00,1899.1,1910.0,1895.0,1895.0,139343
2026-08-21 15:15:00,1895.0,1895.0,1895.0,1895.0,0
2026-08-21 15:20:00,1895.0,1895.0,1895.0,1895.0,0
2026-08-21 15:25:00,1895.0,1902.4,1895.0,1902.4,64948
2026-08-24 09:15:00,1902.4,1903.8,1892.6,1896.3,41117
2026-08-24 09:20:00,1896.2,1899.6,1895.8,1898.9,20760
2026-08-24 09:25:00,1899.5,1904.4,1897.9,1903.4,39368
2026-08-24 09:30:00,1903.4,1904.1,1901.9,1903.3,22717
2026-08-24 09:35:00,1903.3,1906.8,1903.2,1905.0,20992
2026-08-24 09:40:00,1905.0,1905.0,1902.0,1904.1,25890
2026-08-24 09:45:00,1903.9,1905.0,1902.4,1905.0,9819
2026-08-24 09:50:00,1904.5,1909.5,1904.5,1907.9,22008
2026-08-24 09:55:00,1907.8,1909.1,1905.0,1905.7,16519
2026-08-24 10:00:00,1905.7,1906.5,1903.9,1906.1,15562
2026-08-24 10:05:00,1906.4,1906.9,1905.4,1906.7,9938
2026-08-24 10:10:00,1906.7,1907.5,1905.6,1906.2,12625
2026-08-24 10:15:00,1906.7,1911.1,1905.6,1910.5,27666
2026-08-24 10:20:00,1910.5,1911.9,1910.4,1911.1,14038
2026-08-24 10:25:00,1911.1,1911.2,1909.0,1909.0,14761
2026-08-24 10:30:00,1909.0,1909.0,1908.0,1908.8,6784
2026-08-24 10:35:00,1908.8,1909.7,1908.4,1908.5,12864
2026-08-24 10:40:00,1909.1,1909.1,1907.0,1908.3,11288
2026-08-24 10:45:00,1908.6,1910.6,1907.6,1910.6,15970
2026-08-24 10:50:00,1910.6,1916.6,1908.9,1916.1,84582
2026-08-24 10:55:00,1916.2,1921.1,1914.7,1917.1,156602
2026-08-24 11:00:00,1917.8,1919.1,1916.7,1917.2,21048
2026-08-24 11:05:00,1917.1,1919.0,1916.5,1918.0,61546
2026-08-24 11:10:00,1918.0,1922.0,1917.2,1920.7,24643
2026-08-24 11:15:00,1920.5,1921.9,1919.8,1920.6,19612
2026-08-24 11:20:00,1920.6,1921.1,1918.8,1920.8,16633
2026-08-24 11:25:00,1921.0,1923.0,1920.5,1922.7,20508
2026-08-24 11:30:00,1922.5,1922.9,1915.4,1916.9,37440
2026-08-24 11:35:00,1916.9,1920.1,1915.2,1918.1,27737
2026-08-24 11:40:00,1918.1,1918.6,1916.2,1917.3,12108
2026-08-24 11:45:00,1917.0,1918.6,1916.7,1917.7,27079
2026-08-24 11:50:00,1917.8,1921.5,1917.8,1921.2,16712
2026-08-24 11:55:00,1921.2,1921.8,1916.1,1916.6,17241
2026-08-24 12:00:00,1916.6,1917.8,1915.0,1916.8,36483
2026-08-24 12:05:00,1916.8,1919.4,1916.0,1918.9,8720
2026-08-24 12:10:00,1919.4,1919.5,1917.7,1918.3,10844
2026-08-24 12:15:00,1918.3,1918.8,1916.7,1917.3,10982
2026-08-24 12:20:00,1917.6,1918.0,1915.9,1917.4,20754
2026-08-24 12:25:00,1917.3,1917.5,1916.2,1916.6,9259
2026-08-24 12:30:00,1916.6,1918.8,1916.2,1916.5,15342
2026-08-24 12:35:00,1916.4,1918.9,1916.1,1916.8,11915
2026-08-24 12:40:00,1916.2,1917.7,1916.0,1916.6,13821
2026-08-24 12:45:00,1916.6,1918.1,1915.8,1917.9,14230
2026-08-24 12:50:00,1917.9,1919.3,1917.1,1917.7,21274
2026-08-24 12:55:00,1917.6,1920.7,1916.3,1919.0,29817
2026-08-24 13:00:00,1919.0,1919.9,1916.3,1919.7,33355
2026-08-24 13:05:00,1919.7,1919.8,1916.8,1918.0,12542
2026-08-24 13:10:00,1918.0,1918.4,1917.1,1918.3,14915
2026-08-24 13:15:00,1918.1,1918.9,1916.3,1917.4,25472
2026-08-24 13:20:00,1917.1,1920.0,1916.1,1919.9,20842
2026-08-24 13:25:00,1919.3,1922.6,1918.4,1921.0,26627
2026-08-24 13:30:00,1920.8,1922.3,1919.5,1921.0,22567
2026-08-24 13:35:00,1921.0,1921.1,1917.7,1918.3,22281
2026-08-24 13:40:00,1917.9,1918.9,1913.1,1913.8,127231
2026-08-24 13:45:00,1913.8,1914.5,1911.9,1913.2,19993
2026-08-24 13:50:00,1912.9,1913.0,1911.1,1912.3,19205
2026-08-24 13:55:00,1912.3,1913.1,1911.3,1912.0,14320
2026-08-24 14:00:00,1911.9,1913.7,1911.8,1912.9,9721
2026-08-24 14:05:00,1912.6,1914.2,1911.9,1913.4,18180
2026-08-24 14:10:00,1913.4,1913.8,1910.7,1910.7,17614
2026-08-24 14:15:00,1911.5,1912.1,1907.6,1909.1,341349
2026-08-24 14:20:00,1909.0,1909.6,1908.2,1908.9,18694
2026-08-24 14:25:00,1909.4,1910.9,1908.0,1909.0,25616
2026-08-24 14:30:00,1909.0,1909.5,1907.2,1909.1,33069
2026-08-24 14:35:00,1909.1,1909.1,1906.1,1906.7,31912
2026-08-24 14:40:00,1906.5,1907.7,1906.0,1907.0,26705
2026-08-24 14:45:00,1907.5,1907.9,1905.8,1906.0,25771
2026-08-24 14:50:00,1907.2,1908.8,1905.8,1907.5,30565
2026-08-24 14:55:00,1908.2,1909.0,1906.9,1908.9,34243
2026-08-24 15:00:00,1908.8,1910.0,1908.3,1909.7,36776
2026-08-24 15:05:00,1909.2,1911.9,1908.8,1910.4,65985
2026-08-24 15:10:00,1911.1,1914.2,1909.0,1910.0,66033
2026-08-24 15:15:00,1913.1,1913.1,1913.1,1913.1,273
2026-08-24 15:20:00,1913.1,1913.1,1913.1,1913.1,0
2026-08-24 15:25:00,1913.1,1913.1,1910.0,1910.0,66501
2026-08-25 09:15:00,1906.5,1908.0,1896.2,1901.2,17043
2026-08-25 09:20:00,1901.1,1902.7,1900.1,1901.1,8296
2026-08-25 09:25:00,1901.9,1909.0,1901.7,1907.7,21300
2026-08-25 09:30:00,1907.5,1910.0,1906.8,1909.2,17017
2026-08-25 09:35:00,1909.7,1916.4,1909.0,1915.3,23196
2026-08-25 09:40:00,1915.2,1917.3,1910.6,1911.0,23035
2026-08-25 09:45:00,1911.0,1912.2,1910.6,1910.8,7130
2026-08-25 09:50:00,1910.9,1914.8,1910.5,1913.0,27848
2026-08-25 09:55:00,1913.0,1913.0,1910.2,1910.5,12531
2026-08-25 10:00:00,1910.5,1910.5,1907.2,1909.6,9996
2026-08-25 10:05:00,1909.5,1910.0,1908.5,1908.5,9500
2026-08-25 10:10:00,1908.8,1910.1,1906.6,1906.6,22001
2026-08-25 10:15:00,1906.6,1907.0,1904.0,1905.6,16726
2026-08-25 10:20:00,1905.8,1905.8,1903.3,1904.8,13664
2026-08-25 10:25:00,1904.8,1907.3,1904.8,1907.0,16203
2026-08-25 10:30:00,1906.9,1907.8,1906.5,1906.7,9963
2026-08-25 10:35:00,1906.8,1908.6,1905.6,1908.2,11454
2026-08-25 10:40:00,1908.2,1909.6,1908.0,1908.7,20643
2026-08-25 10:45:00,1908.4,1911.2,1907.4,1911.0,19758
2026-08-25 10:50:00,1910.9,1912.1,1910.9,1912.0,15707
2026-08-25 10:55:00,1912.0,1912.7,1910.2,1910.8,11138
2026-08-25 11:00:00,1910.8,1911.1,1909.1,1909.9,11093
2026-08-25 11:05:00,1910.6,1914.7,1909.6,1913.9,17212
2026-08-25 11:10:00,1913.9,1918.7,1912.5,1917.7,20104
2026-08-25 11:15:00,1918.2,1921.3,1918.0,1919.2,19992
2026-08-25 11:20:00,1919.5,1919.8,1918.0,1918.4,5826
2026-08-25 11:25:00,1918.9,1920.6,1918.5,1920.1,6831
2026-08-25 11:30:00,1920.6,1921.4,1915.7,1916.0,12009
2026-08-25 11:35:00,1916.6,1917.6,1915.8,1916.1,4720
2026-08-25 11:40:00,1916.4,1916.5,1915.0,1915.5,3721
2026-08-25 11:45:00,1915.6,1918.2,1915.0,1917.8,21423
2026-08-25 11:50:00,1917.8,1918.9,1915.8,1918.0,13166
2026-08-25 11:55:00,1918.1,1919.6,1916.4,1919.2,9032
2026-08-25 12:00:00,1919.1,1919.1,1917.1,1918.6,7151
2026-08-25 12:05:00,1918.6,1918.7,1916.0,1918.1,11064
2026-08-25 12:10:00,1918.2,1918.9,1918.0,1918.5,4724
2026-08-25 12:15:00,1918.7,1918.8,1915.3,1916.2,4259
2026-08-25 12:20:00,1916.9,1917.3,1915.2,1916.0,10374
2026-08-25 12:25:00,1916.1,1916.3,1914.3,1915.7,6038
2026-08-25 12:30:00,1915.3,1916.0,1913.1,1914.9,9102
2026-08-25 12:35:00,1914.7,1914.9,1912.1,1913.4,6081
2026-08-25 12:40:00,1913.4,1914.6,1911.3,1911.4,5333
2026-08-25 12:45:00,1912.3,1913.3,1911.5,1912.8,7546
2026-08-25 12:50:00,1913.0,1913.0,1911.0,1911.9,10911
2026-08-25 12:55:00,1912.0,1912.1,1910.6,1912.0,5800
2026-08-25 13:00:00,1912.0,1913.0,1909.9,1910.8,21305
2026-08-25 13:05:00,1911.6,1912.4,1910.5,1911.4,3511
2026-08-25 13:10:00,1911.6,1911.6,1908.4,1909.2,9888
2026-08-25 13:15:00,1908.7,1909.4,1907.7,1908.4,4789
2026-08-25 13:20:00,1908.5,1908.9,1907.0,1908.5,5208
2026-08-25 13:25:00,1908.5,1908.5,1904.5,1904.5,12666
2026-08-25 13:30:00,1904.8,1905.5,1903.1,1904.7,11527
2026-08-25 13:35:00,1904.8,1905.9,1903.7,1904.6,5708
2026-08-25 13:40:00,1904.6,1905.7,1902.0,1903.5,27383
2026-08-25 13:45:00,1903.5,1905.2,1902.5,1905.1,31159
2026-08-25 13:50:00,1905.0,1907.5,1903.8,1907.5,15048
2026-08-25 13:55:00,1907.8,1907.9,1905.3,1906.2,8012
2026-08-25 14:00:00,1906.2,1907.9,1905.1,1907.3,13832
2026-08-25 14:05:00,1907.2,1907.6,1905.8,1907.0,5934
2026-08-25 14:10:00,1907.2,1908.3,1906.9,1908.2,5888
2026-08-25 14:15:00,1908.3,1909.9,1907.6,1909.1,7552
2026-08-25 14:20:00,1908.9,1911.0,1907.4,1908.7,16713
2026-08-25 14:25:00,1908.8,1914.4,1908.7,1913.3,69131
2026-08-25 14:30:00,1913.5,1916.1,1912.0,1915.6,25617
2026-08-25 14:35:00,1916.2,1916.5,1911.4,1911.9,18787
2026-08-25 14:40:00,1911.8,1914.9,1911.7,1913.7,17595
2026-08-25 14:45:00,1913.5,1914.3,1912.1,1913.7,19844
2026-08-25 14:50:00,1913.9,1915.2,1912.2,1914.5,24768
2026-08-25 14:55:00,1914.1,1918.4,1914.1,1918.4,38680
2026-08-25 15:00:00,1917.8,1919.6,1915.0,1918.6,64147
2026-08-25 15:05:00,1918.5,1919.0,1914.5,1916.0,45115
2026-08-25 15:10:00,1915.4,1919.0,1912.0,1919.0,44288
2026-08-25 15:15:00,1919.0,1919.0,1919.0,1919.0,0
2026-08-25 15:20:00,1919.0,1919.0,1919.0,1919.0,0
2026-08-25 15:25:00,1919.0,1922.0,1919.0,1922.0,76947
2026-08-26 09:15:00,1926.9,1926.9,1905.0,1912.8,22228
2026-08-26 09:20:00,1912.8,1920.8,1912.0,1920.4,18969
2026-08-26 09:25:00,1920.6,1922.0,1917.8,1921.6,11311
2026-08-26 09:30:00,1920.6,1921.9,1915.8,1920.6,14742
2026-08-26 09:35:00,1920.6,1923.0,1917.7,1918.7,7899
2026-08-26 09:40:00,1918.7,1919.4,1918.1,1918.5,3121
2026-08-26 09:45:00,1918.5,1921.5,1918.5,1920.8,5792
2026-08-26 09:50:00,1920.8,1921.0,1918.3,1918.7,2557
2026-08-26 09:55:00,1918.3,1919.9,1917.6,1919.7,3185
2026-08-26 10:00:00,1919.3,1919.5,1916.9,1917.9,2981
2026-08-26 10:05:00,1917.9,1919.0,1916.9,1917.7,2690
2026-08-26 10:10:00,1917.7,1918.3,1916.1,1918.2,5099
2026-08-26 10:15:00,1918.9,1919.0,1915.6,1915.6,4808
2026-08-26 10:20:00,1915.6,1917.6,1915.6,1917.5,5534
2026-08-26 10:25:00,1916.8,1917.5,1913.0,1915.2,8006
2026-08-26 10:30:00,1915.1,1916.3,1913.7,1916.0,6795
2026-08-26 10:35:00,1916.0,1917.5,1915.1,1917.2,3334
2026-08-26 10:40:00,1917.4,1918.1,1915.6,1916.8,5575
2026-08-26 10:45:00,1916.8,1916.9,1914.3,1914.6,3594
2026-08-26 10:50:00,1915.1,1916.0,1914.1,1916.0,3167
2026-08-26 10:55:00,1916.0,1916.4,1915.0,1915.6,3028
2026-08-26 11:00:00,1915.6,1915.6,1913.6,1914.2,3608
2026-08-26 11:05:00,1914.0,1915.4,1913.2,1915.2,2758
2026-08-26 11:10:00,1915.3,1916.2,1914.0,1916.2,3164
2026-08-26 11:15:00,1916.2,1916.2,1914.4,1915.5,1917
2026-08-26 11:20:00,1915.5,1916.9,1915.0,1916.5,5996
2026-08-26 11:25:00,1916.5,1916.5,1915.5,1915.5,3065
2026-08-26 11:30:00,1915.7,1916.2,1913.7,1915.5,5764
2026-08-26 11:35:00,1915.0,1915.8,1913.0,1913.7,3126
2026-08-26 11:40:00,1913.7,1915.0,1913.0,1914.0,4103
2026-08-26 11:45:00,1914.2,1914.8,1913.3,1914.0,5675
2026-08-26 11:50:00,1913.4,1914.1,1912.6,1913.8,3278
2026-08-26 11:55:00,1913.6,1913.9,1911.3,1912.9,5261
2026-08-26 12:00:00,1912.9,1913.3,1909.2,1910.0,8464
2026-08-26 12:05:00,1910.0,1913.3,1908.6,1912.3,28902
2026-08-26 12:10:00,1911.7,1918.0,1911.6,1917.7,21405
2026-08-26 12:15:00,1917.0,1917.7,1914.0,1916.0,4605
2026-08-26 12:20:00,1916.0,1916.8,1914.2,1915.8,2635
2026-08-26 12:25:00,1915.9,1916.3,1915.0,1915.7,2316
2026-08-26 12:30:00,1916.1,1916.1,1914.5,1914.5,3643
2026-08-26 12:35:00,1915.0,1917.2,1914.7,1916.1,3433
2026-08-26 12:40:00,1916.4,1916.8,1915.2,1916.6,3885
2026-08-26 12:45:00,1917.6,1917.6,1915.4,1916.2,2837
2026-08-26 12:50:00,1916.2,1918.0,1915.5,1917.6,4026
2026-08-26 12:55:00,1917.9,1918.0,1917.1,1917.3,2858
2026-08-26 13:00:00,1917.4,1917.8,1917.1,1917.8,2312
2026-08-26 13:05:00,1917.8,1920.0,1917.4,1918.9,6494
2026-08-26 13:10:00,1919.5,1920.0,1918.5,1918.9,3425
2026-08-26 13:15:00,1919.3,1920.0,1918.5,1919.8,3109
2026-08-26 13:20:00,1919.8,1920.9,1918.3,1919.0,7003
2026-08-26 13:25:00,1918.9,1919.3,1917.4,1918.8,6483
2026-08-26 13:30:00,1918.8,1919.0,1916.9,1918.8,3909
2026-08-26 13:35:00,1918.5,1918.5,1915.2,1915.4,10761
2026-08-26 13:40:00,1915.2,1916.0,1915.2,1915.8,3219
2026-08-26 13:45:00,1915.7,1917.2,1915.2,1917.1,6130
2026-08-26 13:50:00,1917.1,1917.1,1914.1,1914.5,4919
2026-08-26 13:55:00,1914.6,1916.3,1914.0,1916.0,3284
2026-08-26 14:00:00,1916.2,1916.2,1912.4,1912.9,5828
2026-08-26 14:05:00,1913.1,1913.8,1912.5,1912.8,3216
2026-08-26 14:10:00,1912.9,1915.0,1912.9,1914.2,19846
2026-08-26 14:15:00,1914.2,1914.6,1913.4,1914.0,2980
2026-08-26 14:20:00,1913.9,1914.6,1913.1,1913.8,5263
2026-08-26 14:25:00,1913.9,1913.9,1912.6,1913.6,4960
2026-08-26 14:30:00,1913.6,1913.9,1912.1,1912.8,4034
2026-08-26 14:35:00,1913.2,1914.3,1912.6,1914.0,5885
2026-08-26 14:40:00,1913.9,1914.1,1912.0,1912.1,6910
2026-08-26 14:45:00,1912.1,1913.3,1911.4,1912.0,9249
2026-08-26 14:50:00,1912.0,1912.9,1911.2,1911.3,10287
2026-08-26 14:55:00,1911.4,1913.5,1911.2,1912.7,15154
2026-08-26 15:00:00,1912.6,1912.7,1910.3,1911.8,36353
2026-08-26 15:05:00,1911.5,1911.8,1908.6,1910.7,22583
2026-08-26 15:10:00,1910.7,1910.9,1908.9,1910.0,26479
2026-08-26 15:15:00,1910.0,1910.0,1910.0,1910.0,86
2026-08-26 15:20:00,1910.0,1910.0,1910.0,1910.0,0
2026-08-26 15:25:00,1910.0,1910.0,1899.5,1899.5,125012
2026-08-27 09:15:00,1907.1,1925.0,1905.2,1910.4,104395
2026-08-27 09:20:00,1910.4,1911.5,1904.9,1907.1,16516
2026-08-27 09:25:00,1907.1,1908.1,1904.2,1907.1,12347
2026-08-27 09:30:00,1907.5,1910.7,1907.4,1908.5,15481
2026-08-27 09:35:00,1908.5,1909.2,1905.9,1905.9,6356
2026-08-27 09:40:00,1906.5,1911.3,1905.5,1910.0,9819
2026-08-27 09:45:00,1910.0,1911.3,1910.0,1910.2,13281
2026-08-27 09:50:00,1910.2,1910.5,1906.7,1907.9,23887
2026-08-27 09:55:00,1907.8,1909.3,1905.2,1907.1,9906
2026-08-27 10:00:00,1907.1,1908.4,1902.8,1903.3,13309
2026-08-27 10:05:00,1903.1,1903.7,1900.5,1901.0,12109
2026-08-27 10:10:00,1901.1,1903.7,1898.0,1903.5,45222
2026-08-27 10:15:00,1903.6,1907.1,1902.5,1907.0,8297
2026-08-27 10:20:00,1907.0,1909.1,1906.1,1908.4,4021
2026-08-27 10:25:00,1907.6,1909.7,1907.5,1909.5,5588
2026-08-27 10:30:00,1909.4,1914.1,1908.9,1913.4,9227
2026-08-27 10:35:00,1913.4,1914.0,1912.5,1912.9,5096
2026-08-27 10:40:00,1912.5,1913.1,1911.6,1912.0,5138
2026-08-27 10:45:00,1912.1,1914.4,1912.0,1913.8,6795
2026-08-27 10:50:00,1913.8,1914.3,1910.1,1911.4,8617
2026-08-27 10:55:00,1911.4,1912.4,1910.3,1912.3,5444
2026-08-27 11:00:00,1912.3,1912.4,1910.2,1910.5,3052
2026-08-27 11:05:00,1910.5,1911.3,1909.5,1910.5,5954
2026-08-27 11:10:00,1910.5,1910.7,1909.5,1910.7,2081
2026-08-27 11:15:00,1910.7,1913.6,1910.7,1911.7,2881
2026-08-27 11:20:00,1912.1,1912.1,1909.5,1911.4,3560
2026-08-27 11:25:00,1911.4,1912.4,1910.8,1912.3,3074
2026-08-27 11:30:00,1912.3,1914.0,1911.3,1912.2,3143
2026-08-27 11:35:00,1912.2,1913.1,1910.0,1910.6,4216
2026-08-27 11:40:00,1910.6,1913.0,1910.1,1912.7,5108
2026-08-27 11:45:00,1912.4,1914.3,1912.0,1913.7,4569
2026-08-27 11:50:00,1913.1,1914.9,1912.9,1912.9,5772
2026-08-27 11:55:00,1913.2,1913.2,1910.9,1912.1,4987
2026-08-27 12:00:00,1912.1,1913.6,1910.9,1912.6,14667
2026-08-27 12:05:00,1912.6,1913.0,1908.3,1909.0,13140
2026-08-27 12:10:00,1909.0,1911.8,1908.7,1910.0,10254
2026-08-27 12:15:00,1910.7,1912.2,1909.2,1909.6,12829
2026-08-27 12:20:00,1909.5,1913.7,1909.1,1913.6,158952
2026-08-27 12:25:00,1913.7,1914.6,1912.2,1912.8,4214
2026-08-27 12:30:00,1912.8,1914.1,1912.2,1913.9,4761
2026-08-27 12:35:00,1913.9,1913.9,1907.2,1909.6,7997
2026-08-27 12:40:00,1909.5,1911.4,1908.8,1911.2,3715
2026-08-27 12:45:00,1911.2,1913.2,1910.7,1912.8,6832
2026-08-27 12:50:00,1912.8,1913.3,1911.4,1912.0,13035
2026-08-27 12:55:00,1911.6,1912.0,1908.7,1909.8,8335
2026-08-27 13:00:00,1908.7,1910.7,1908.7,1909.0,7064
2026-08-27 13:05:00,1909.6,1910.0,1907.3,1909.0,9066
2026-08-27 13:10:00,1909.0,1911.0,1908.8,1910.7,5212
2026-08-27 13:15:00,1910.9,1911.1,1908.3,1910.4,6243
2026-08-27 13:20:00,1910.9,1911.0,1910.0,1910.5,3394
2026-08-27 13:25:00,1910.5,1912.8,1910.4,1912.0,11331
2026-08-27 13:30:00,1911.8,1912.0,1910.1,1911.0,5116
2026-08-27 13:35:00,1910.7,1912.0,1910.6,1911.1,4492
2026-08-27 13:40:00,1911.4,1913.0,1910.7,1912.8,4347
2026-08-27 13:45:00,1912.8,1913.0,1911.1,1911.2,3422
2026-08-27 13:50:00,1911.3,1913.0,1911.2,1912.0,6133
2026-08-27 13:55:00,1912.0,1912.0,1911.2,1912.0,2873
2026-08-27 14:00:00,1912.0,1913.0,1911.5,1912.0,4759
2026-08-27 14:05:00,1911.3,1912.8,1910.1,1912.1,3818
2026-08-27 14:10:00,1912.2,1912.4,1911.4,1911.5,3591
2026-08-27 14:15:00,1911.5,1912.0,1909.7,1911.8,18870
2026-08-27 14:20:00,1911.8,1912.0,1910.4,1911.8,6667
2026-08-27 14:25:00,1911.8,1912.9,1911.1,1912.5,10224
2026-08-27 14:30:00,1912.7,1912.7,1908.7,1909.9,31770
2026-08-27 14:35:00,1909.8,1910.5,1909.3,1910.1,16977
2026-08-27 14:40:00,1910.0,1910.6,1908.2,1910.0,16225
2026-08-27 14:45:00,1909.9,1914.7,1909.3,1914.4,33192
2026-08-27 14:50:00,1914.4,1916.5,1913.6,1915.4,32985
2026-08-27 14:55:00,1915.1,1916.5,1915.0,1916.2,12592
2026-08-27 15:00:00,1916.1,1917.4,1914.7,1915.0,33664
2026-08-27 15:05:00,1914.9,1914.9,1910.9,1914.4,74953
2026-08-27 15:10:00,1914.2,1916.0,1910.5,1910.5,49678
2026-08-27 15:15:00,1910.1,1910.1,1910.1,1910.1,114
2026-08-27 15:20:00,1910.1,1910.1,1910.1,1910.1,0
2026-08-27 15:25:00,1910.1,1913.3,1910.1,1913.3,36394
2026-08-28 09:15:00,1925.0,1925.0,1903.8,1909.3,22892
2026-08-28 09:20:00,1909.2,1918.2,1909.2,1911.4,14848
2026-08-28 09:25:00,1911.4,1915.0,1910.7,1913.7,16495
2026-08-28 09:30:00,1914.4,1914.8,1908.0,1909.2,20824
2026-08-28 09:35:00,1909.6,1910.6,1907.8,1909.1,9710
2026-08-28 09:40:00,1909.0,1912.8,1907.6,1911.0,7170
2026-08-28 09:45:00,1911.4,1912.3,1910.7,1911.3,1504
2026-08-28 09:50:00,1911.3,1914.8,1910.7,1914.4,4584
2026-08-28 09:55:00,1914.4,1915.5,1913.0,1915.1,2993
2026-08-28 10:00:00,1915.4,1915.4,1913.1,1913.1,2071
2026-08-28 10:05:00,1913.5,1913.9,1911.0,1911.4,3025
2026-08-28 10:10:00,1911.4,1914.0,1911.4,1913.3,2586
2026-08-28 10:15:00,1913.3,1915.9,1913.2,1913.9,7545
2026-08-28 10:20:00,1913.7,1913.7,1911.3,1911.9,3257
2026-08-28 10:25:00,1912.3,1912.4,1910.5,1911.3,2002
2026-08-28 10:30:00,1911.0,1915.0,1911.0,1915.0,56692
2026-08-28 10:35:00,1915.0,1916.5,1913.4,1914.4,8019
2026-08-28 10:40:00,1914.1,1914.3,1913.0,1913.4,2262
2026-08-28 10:45:00,1913.1,1913.7,1912.4,1913.6,3294
2026-08-28 10:50:00,1913.6,1915.0,1912.9,1913.6,2037
2026-08-28 10:55:00,1914.0,1914.6,1913.3,1914.4,1425
2026-08-28 11:00:00,1914.2,1915.0,1911.9,1913.6,3499
2026-08-28 11:05:00,1913.6,1913.6,1908.2,1909.0,5683
2026-08-28 11:10:00,1909.2,1911.8,1908.7,1911.1,6035
2026-08-28 11:15:00,1911.0,1912.9,1910.5,1912.8,7932
2026-08-28 11:20:00,1912.8,1912.9,1909.2,1909.8,17448
2026-08-28 11:25:00,1909.8,1910.9,1906.4,1906.8,10306
2026-08-28 11:30:00,1906.3,1909.5,1906.0,1907.7,7541
2026-08-28 11:35:00,1907.7,1909.0,1907.1,1907.8,4141
2026-08-28 11:40:00,1907.7,1907.8,1906.1,1907.6,4361
2026-08-28 11:45:00,1907.6,1910.8,1906.9,1909.9,8303
2026-08-28 11:50:00,1909.9,1910.6,1908.0,1908.8,11220
2026-08-28 11:55:00,1909.0,1909.0,1906.9,1908.1,9329
2026-08-28 12:00:00,1908.1,1908.8,1906.9,1907.7,3378
2026-08-28 12:05:00,1907.7,1911.7,1907.0,1911.5,38616
2026-08-28 12:10:00,1911.4,1913.7,1910.4,1913.0,15675
2026-08-28 12:15:00,1913.0,1915.2,1911.8,1913.5,49188
2026-08-28 12:20:00,1913.5,1917.2,1912.2,1916.0,23588
2026-08-28 12:25:00,1916.3,1918.2,1915.4,1918.1,8052
2026-08-28 12:30:00,1918.1,1919.0,1917.0,1917.3,9010
2026-08-28 12:35:00,1917.3,1919.9,1917.0,1917.4,8805
2026-08-28 12:40:00,1917.3,1918.3,1916.2,1916.9,5138
2026-08-28 12:45:00,1916.7,1919.0,1916.4,1917.5,7092
2026-08-28 12:50:00,1917.2,1918.9,1916.9,1918.1,7821
2026-08-28 12:55:00,1918.1,1920.7,1917.5,1919.8,10577
2026-08-28 13:00:00,1919.8,1921.7,1919.4,1920.5,15482
2026-08-28 13:05:00,1920.2,1921.0,1919.3,1921.0,9038
2026-08-28 13:10:00,1920.8,1921.1,1920.0,1920.5,7122
2026-08-28 13:15:00,1920.9,1924.0,1920.2,1921.8,24491
2026-08-28 13:20:00,1921.2,1926.1,1920.8,1926.1,45935
2026-08-28 13:25:00,1926.1,1929.0,1924.2,1924.5,57761
2026-08-28 13:30:00,1924.5,1924.9,1924.1,1924.1,8416
2026-08-28 13:35:00,1924.1,1925.1,1921.5,1921.8,11194
2026-08-28 13:40:00,1921.7,1922.7,1920.1,1921.5,15479
2026-08-28 13:45:00,1921.5,1922.5,1920.2,1921.0,8361
2026-08-28 13:50:00,1921.0,1921.6,1920.0,1920.9,7996
2026-08-28 13:55:00,1920.8,1921.9,1920.6,1921.3,6810
2026-08-28 14:00:00,1921.2,1923.0,1920.5,1921.6,21162
2026-08-28 14:05:00,1921.5,1921.5,1920.0,1921.1,39508
2026-08-28 14:10:00,1921.1,1921.2,1918.8,1920.5,9396
2026-08-28 14:15:00,1920.6,1921.6,1920.0,1920.9,7825
2026-08-28 14:20:00,1920.9,1922.4,1920.2,1922.0,7583
2026-08-28 14:25:00,1921.8,1922.7,1921.1,1921.8,7055
2026-08-28 14:30:00,1922.4,1922.6,1920.4,1922.6,8192
2026-08-28 14:35:00,1922.7,1922.7,1920.7,1922.0,14767
2026-08-28 14:40:00,1922.0,1923.5,1920.3,1921.7,17461
2026-08-28 14:45:00,1922.0,1922.3,1919.7,1920.5,22993
2026-08-28 14:50:00,1920.8,1925.0,1920.2,1924.1,78478
2026-08-28 14:55:00,1924.2,1924.9,1921.2,1922.8,26307
2026-08-28 15:00:00,1922.6,1923.4,1920.7,1921.7,38001
2026-08-28 15:05:00,1921.2,1925.7,1920.8,1925.1,41149
2026-08-28 15:10:00,1925.5,1931.0,1920.1,1920.1,74720
2026-08-28 15:15:00,1920.1,1920.1,1920.1,1920.1,0
2026-08-28 15:20:00,1920.1,1920.1,1920.1,1920.1,0
2026-08-28 15:25:00,1920.1,1920.1,1920.0,1920.0,27319
2026-08-31 09:15:00,1917.0,1924.5,1911.6,1914.3,24561
2026-08-31 09:20:00,1914.3,1915.2,1908.6,1908.9,15670
2026-08-31 09:25:00,1908.9,1910.2,1907.4,1910.0,16004
2026-08-31 09:30:00,1910.1,1912.2,1908.7,1910.8,10850
2026-08-31 09:35:00,1910.8,1912.8,1909.5,1912.7,8061
2026-08-31 09:40:00,1912.7,1913.8,1909.2,1909.2,9702
2026-08-31 09:45:00,1909.2,1912.9,1909.0,1912.0,9320
2026-08-31 09:50:00,1912.7,1912.7,1911.6,1912.0,2875
2026-08-31 09:55:00,1912.1,1914.3,1911.4,1912.1,7347
2026-08-31 10:00:00,1912.1,1913.1,1912.1,1912.2,3450
2026-08-31 10:05:00,1912.2,1913.0,1910.3,1911.0,8926
2026-08-31 10:10:00,1910.7,1912.0,1910.7,1911.7,6882
2026-08-31 10:15:00,1911.9,1912.5,1909.6,1909.6,22133
2026-08-31 10:20:00,1910.0,1910.2,1908.2,1910.2,2464
2026-08-31 10:25:00,1910.2,1911.5,1909.9,1911.0,7886
2026-08-31 10:30:00,1911.2,1913.8,1911.0,1912.5,32909
2026-08-31 10:35:00,1913.3,1915.2,1911.9,1912.5,18445
2026-08-31 10:40:00,1913.0,1913.3,1911.1,1912.3,7863
2026-08-31 10:45:00,1912.0,1912.7,1910.0,1910.1,8451
2026-08-31 10:50:00,1910.8,1911.0,1906.7,1907.8,14193
2026-08-31 10:55:00,1907.5,1911.2,1905.0,1910.9,25988
2026-08-31 11:00:00,1911.6,1913.2,1910.5,1912.6,13666
2026-08-31 11:05:00,1912.6,1912.6,1910.2,1910.3,3814
2026-08-31 11:10:00,1910.7,1910.9,1909.2,1909.9,3716
2026-08-31 11:15:00,1910.2,1911.2,1908.7,1908.8,10047
2026-08-31 11:20:00,1909.4,1909.4,1908.6,1909.1,4678
2026-08-31 11:25:00,1908.6,1909.1,1906.2,1906.6,5631
2026-08-31 11:30:00,1906.7,1907.4,1905.3,1907.0,25852
2026-08-31 11:35:00,1907.1,1908.3,1907.0,1907.5,3236
2026-08-31 11:40:00,1907.5,1911.9,1907.3,1911.2,19061
2026-08-31 11:45:00,1911.2,1916.9,1911.2,1915.9,15623
2026-08-31 11:50:00,1915.8,1921.7,1915.8,1921.7,8551
2026-08-31 11:55:00,1921.5,1924.0,1920.8,1923.5,11334
2026-08-31 12:00:00,1923.6,1924.0,1920.8,1921.2,7791
2026-08-31 12:05:00,1921.5,1921.6,1920.1,1920.8,6848
2026-08-31 12:10:00,1921.2,1922.5,1920.8,1922.0,7312
2026-08-31 12:15:00,1922.0,1923.0,1921.7,1922.7,4855
2026-08-31 12:20:00,1922.8,1923.1,1921.8,1922.3,5102
2026-08-31 12:25:00,1922.3,1923.6,1921.3,1923.2,9866
2026-08-31 12:30:00,1923.4,1924.0,1923.0,1923.6,7313
2026-08-31 12:35:00,1923.7,1923.9,1923.4,1923.4,3954
2026-08-31 12:40:00,1923.5,1926.9,1922.4,1926.9,42758
2026-08-31 12:45:00,1926.9,1928.3,1926.4,1927.3,25983
2026-08-31 12:50:00,1927.4,1927.8,1924.9,1927.1,14584
2026-08-31 12:55:00,1926.9,1927.8,1926.9,1927.8,5719
2026-08-31 13:00:00,1927.4,1930.4,1927.1,1928.8,40581
2026-08-31 13:05:00,1928.8,1931.2,1928.7,1930.4,27065
2026-08-31 13:10:00,1930.1,1931.7,1929.7,1930.2,22726
2026-08-31 13:15:00,1930.3,1930.3,1926.9,1927.3,27292
2026-08-31 13:20:00,1927.3,1928.0,1926.9,1927.2,8853
2026-08-31 13:25:00,1927.2,1927.8,1926.7,1926.9,5017
2026-08-31 13:30:00,1926.9,1927.0,1922.3,1922.3,14589
2026-08-31 13:35:00,1922.3,1925.0,1918.8,1919.9,44803
2026-08-31 13:40:00,1919.9,1920.0,1919.5,1919.9,25426
2026-08-31 13:45:00,1920.0,1920.0,1918.7,1919.7,139765
2026-08-31 13:50:00,1919.7,1920.0,1918.4,1919.5,16738
2026-08-31 13:55:00,1919.5,1919.8,1918.8,1919.7,7937
2026-08-31 14:00:00,1919.7,1925.4,1919.1,1925.4,101041
2026-08-31 14:05:00,1925.7,1926.9,1925.3,1925.6,10899
2026-08-31 14:10:00,1925.7,1927.0,1925.4,1926.2,4969
2026-08-31 14:15:00,1926.2,1931.9,1926.0,1930.0,26171
2026-08-31 14:20:00,1930.5,1931.2,1929.6,1930.6,28519
2026-08-31 14:25:00,1930.5,1930.9,1926.8,1927.7,31131
2026-08-31 14:30:00,1927.7,1927.7,1924.3,1924.4,9692
2026-08-31 14:35:00,1924.9,1927.5,1924.4,1926.6,17652
2026-08-31 14:40:00,1926.6,1927.6,1923.7,1925.4,26073
2026-08-31 14:45:00,1926.0,1930.4,1925.4,1929.7,22011
2026-08-31 14:50:00,1929.6,1930.6,1929.1,1929.5,19698
2026-08-31 14:55:00,1930.0,1930.2,1928.4,1929.6,30001
2026-08-31 15:00:00,1928.3,1929.0,1926.0,1926.3,31048
2026-08-31 15:05:00,1926.2,1928.2,1925.5,1928.1,64860
2026-08-31 15:10:00,1928.2,1930.2,1923.5,1925.0,76498
2026-08-31 15:15:00,1925.0,1925.0,1925.0,1925.0,9
2026-08-31 15:20:00,1925.0,1925.0,1925.0,1925.0,0
2026-08-31 15:25:00,1925.0,1984.8,1925.0,1984.8,961066
2026-09-01 09:15:00,1963.1,1963.1,1934.6,1939.4,240585
2026-09-01 09:20:00,1938.6,1945.9,1935.2,1944.9,110719
2026-09-01 09:25:00,1944.0,1944.7,1933.4,1936.9,67630
2026-09-01 09:30:00,1937.0,1945.7,1936.0,1945.1,60163
2026-09-01 09:35:00,1945.4,1947.8,1944.3,1944.3,31353
2026-09-01 09:40:00,1944.3,1944.3,1938.8,1941.4,19314
2026-09-01 09:45:00,1941.0,1944.4,1940.0,1940.5,19231
2026-09-01 09:50:00,1940.7,1944.0,1940.1,1943.6,18525
2026-09-01 09:55:00,1943.8,1946.7,1943.0,1943.8,22166
2026-09-01 10:00:00,1943.8,1945.7,1943.0,1944.8,11210
2026-09-01 10:05:00,1945.0,1945.6,1939.2,1939.9,37052
2026-09-01 10:10:00,1939.9,1940.3,1936.1,1936.1,59269
2026-09-01 10:15:00,1936.3,1936.7,1934.2,1934.4,17249
2026-09-01 10:20:00,1934.8,1934.8,1931.1,1931.7,18168
2026-09-01 10:25:00,1931.7,1933.1,1930.0,1932.8,15450
2026-09-01 10:30:00,1932.8,1933.0,1930.5,1931.4,7308
2026-09-01 10:35:00,1931.3,1938.6,1931.0,1938.4,24459
2026-09-01 10:40:00,1938.1,1938.5,1936.1,1937.0,8684
2026-09-01 10:45:00,1937.0,1939.5,1936.2,1939.0,23526
2026-09-01 10:50:00,1938.8,1940.0,1937.1,1937.7,18337
2026-09-01 10:55:00,1937.7,1938.4,1935.1,1937.6,17739
2026-09-01 11:00:00,1937.6,1939.0,1935.8,1936.2,14217
2026-09-01 11:05:00,1936.2,1936.7,1935.0,1936.0,25078
2026-09-01 11:10:00,1936.4,1936.9,1934.1,1934.1,17535
2026-09-01 11:15:00,1934.0,1935.1,1933.4,1934.3,6728
2026-09-01 11:20:00,1934.3,1935.9,1933.6,1935.9,7980
2026-09-01 11:25:00,1935.9,1939.6,1934.2,1938.7,19292
2026-09-01 11:30:00,1939.1,1942.0,1938.6,1941.0,59898
2026-09-01 11:35:00,1941.3,1943.4,1940.0,1940.4,29898
2026-09-01 11:40:00,1940.4,1940.9,1940.0,1940.0,76123
2026-09-01 11:45:00,1940.7,1940.8,1936.4,1938.7,87893
2026-09-01 11:50:00,1938.7,1939.7,1937.9,1938.1,8278
2026-09-01 11:55:00,1938.3,1939.9,1937.2,1939.0,52286
2026-09-01 12:00:00,1939.8,1939.8,1938.9,1939.1,5228
2026-09-01 12:05:00,1939.2,1939.6,1938.0,1938.9,56822
2026-09-01 12:10:00,1938.9,1939.5,1936.0,1936.1,123054
2026-09-01 12:15:00,1936.1,1937.3,1932.6,1935.9,14236
2026-09-01 12:20:00,1935.9,1936.5,1933.8,1935.2,14879
2026-09-01 12:25:00,1935.3,1935.7,1934.7,1935.0,14377
2026-09-01 12:30:00,1935.0,1935.0,1933.2,1933.5,5771
2026-09-01 12:35:00,1933.5,1936.1,1933.4,1935.0,32552
2026-09-01 12:40:00,1935.8,1937.0,1935.0,1936.5,6088
2026-09-01 12:45:00,1936.5,1936.9,1935.4,1936.0,7875
2026-09-01 12:50:00,1936.3,1936.6,1935.5,1935.5,6428
2026-09-01 12:55:00,1935.5,1939.8,1935.0,1936.3,57828
2026-09-01 13:00:00,1937.0,1937.6,1934.6,1935.3,38933
2026-09-01 13:05:00,1935.9,1936.1,1934.4,1935.1,24039
2026-09-01 13:10:00,1935.5,1935.7,1928.1,1929.4,58958
2026-09-01 13:15:00,1929.5,1930.1,1926.0,1927.0,25522
2026-09-01 13:20:00,1927.0,1927.9,1925.6,1927.1,18268
2026-09-01 13:25:00,1927.3,1932.8,1927.1,1932.0,23258
2026-09-01 13:30:00,1932.3,1932.3,1930.5,1932.3,6874
2026-09-01 13:35:00,1932.1,1932.3,1925.9,1926.2,48824
2026-09-01 13:40:00,1926.7,1927.6,1924.6,1926.4,13140
2026-09-01 13:45:00,1926.7,1927.3,1925.0,1925.1,13040
2026-09-01 13:50:00,1925.1,1926.1,1921.3,1923.6,33226
2026-09-01 13:55:00,1924.0,1925.6,1923.5,1924.7,10203
2026-09-01 14:00:00,1924.8,1927.2,1924.7,1926.0,18015
2026-09-01 14:05:00,1925.6,1927.1,1925.1,1925.1,20458
2026-09-01 14:10:00,1925.2,1926.5,1925.1,1925.1,19878
2026-09-01 14:15:00,1925.6,1927.8,1925.1,1927.0,30103
2026-09-01 14:20:00,1926.4,1927.0,1925.5,1926.3,13467
2026-09-01 14:25:00,1926.3,1927.2,1925.6,1927.2,17339
2026-09-01 14:30:00,1927.0,1928.6,1925.9,1927.2,97910
2026-09-01 14:35:00,1927.2,1928.8,1923.3,1925.0,106430
2026-09-01 14:40:00,1924.7,1927.4,1924.7,1926.3,57984
2026-09-01 14:45:00,1926.4,1926.4,1925.0,1925.8,138566
2026-09-01 14:50:00,1925.9,1926.7,1925.0,1926.0,123446
2026-09-01 14:55:00,1926.0,1927.5,1925.2,1927.3,96093
2026-09-01 15:00:00,1927.3,1928.9,1926.7,1928.6,258310
2026-09-01 15:05:00,1928.9,1931.2,1924.9,1925.3,327567
2026-09-01 15:10:00,1925.3,1931.5,1921.1,1927.2,236273
2026-09-01 15:15:00,1927.2,1927.2,1927.2,1927.2,111
2026-09-01 15:20:00,1927.2,1927.2,1927.2,1927.2,0
2026-09-01 15:25:00,1927.2,1929.0,1927.2,1929.0,86768
2026-09-02 09:15:00,1910.0,1936.4,1910.0,1935.0,86319
2026-09-02 09:20:00,1935.0,1940.0,1934.0,1937.6,39045
2026-09-02 09:25:00,1938.4,1948.0,1937.5,1945.8,59011
2026-09-02 09:30:00,1946.0,1948.5,1936.8,1939.1,61894
2026-09-02 09:35:00,1939.2,1939.6,1934.3,1936.2,36635
2026-09-02 09:40:00,1936.2,1938.6,1935.5,1937.0,15843
2026-09-02 09:45:00,1936.7,1939.0,1935.2,1936.6,18314
2026-09-02 09:50:00,1936.6,1937.8,1935.0,1935.0,16071
2026-09-02 09:55:00,1935.0,1936.8,1934.0,1935.9,17678
2026-09-02 10:00:00,1935.2,1935.9,1932.3,1933.9,12608
2026-09-02 10:05:00,1933.9,1933.9,1931.8,1932.9,11265
2026-09-02 10:10:00,1932.8,1933.7,1931.6,1933.0,14616
2026-09-02 10:15:00,1933.4,1934.2,1932.6,1932.6,7915
2026-09-02 10:20:00,1932.3,1934.2,1932.0,1933.0,6897
2026-09-02 10:25:00,1933.0,1933.9,1932.0,1933.3,4755
2026-09-02 10:30:00,1933.3,1933.3,1931.2,1931.7,8674
2026-09-02 10:35:00,1932.0,1932.8,1930.8,1930.9,6806
2026-09-02 10:40:00,1931.0,1931.6,1929.0,1929.6,19742
2026-09-02 10:45:00,1929.8,1932.4,1929.8,1931.4,8646
2026-09-02 10:50:00,1931.0,1931.7,1927.0,1927.8,10090
2026-09-02 10:55:00,1927.8,1929.6,1927.8,1928.5,5795
2026-09-02 11:00:00,1928.3,1929.7,1928.0,1928.5,4746
2026-09-02 11:05:00,1928.9,1930.6,1926.9,1930.5,7022
2026-09-02 11:10:00,1930.4,1930.6,1929.0,1929.2,5769
2026-09-02 11:15:00,1929.3,1930.1,1927.1,1929.6,9970
2026-09-02 11:20:00,1929.8,1932.0,1929.0,1931.5,12903
2026-09-02 11:25:00,1931.4,1932.8,1931.0,1931.3,6065
2026-09-02 11:30:00,1932.0,1934.1,1931.5,1933.0,8930
2026-09-02 11:35:00,1933.1,1935.4,1931.8,1932.2,25000
2026-09-02 11:40:00,1932.4,1932.4,1929.8,1931.4,5703
2026-09-02 11:45:00,1931.3,1932.4,1931.0,1931.1,4452
2026-09-02 11:50:00,1931.2,1932.0,1930.0,1930.9,4136
2026-09-02 11:55:00,1931.1,1931.3,1930.2,1930.8,4075
2026-09-02 12:00:00,1931.2,1931.3,1928.5,1928.6,3762
2026-09-02 12:05:00,1928.6,1929.2,1928.0,1928.8,3481
2026-09-02 12:10:00,1928.9,1929.4,1928.0,1928.3,3704
2026-09-02 12:15:00,1928.3,1929.1,1927.5,1928.8,6301
2026-09-02 12:20:00,1928.6,1928.9,1925.1,1927.0,8354
2026-09-02 12:25:00,1927.0,1928.4,1926.0,1926.6,3779
2026-09-02 12:30:00,1926.0,1929.5,1926.0,1927.9,9400
2026-09-02 12:35:00,1927.2,1930.0,1927.1,1930.0,2970
2026-09-02 12:40:00,1929.9,1930.3,1926.0,1926.1,4388
2026-09-02 12:45:00,1926.2,1926.9,1925.8,1926.9,3192
2026-09-02 12:50:00,1926.9,1927.5,1925.1,1926.0,5800
2026-09-02 12:55:00,1925.9,1927.5,1925.2,1927.4,3133
2026-09-02 13:00:00,1927.4,1927.4,1925.5,1926.0,2962
2026-09-02 13:05:00,1925.8,1926.6,1925.0,1925.7,4228
2026-09-02 13:10:00,1925.5,1925.9,1922.1,1923.4,14333
2026-09-02 13:15:00,1923.4,1926.2,1922.9,1925.2,7281
2026-09-02 13:20:00,1925.2,1926.2,1924.2,1925.4,7130
2026-09-02 13:25:00,1925.4,1927.0,1924.4,1925.2,6719
2026-09-02 13:30:00,1925.2,1927.8,1924.1,1927.4,9426
2026-09-02 13:35:00,1927.3,1930.1,1925.3,1929.4,17266
2026-09-02 13:40:00,1929.5,1930.7,1928.5,1930.0,12149
2026-09-02 13:45:00,1929.3,1930.4,1929.1,1929.8,14414
2026-09-02 13:50:00,1929.7,1930.4,1929.0,1929.6,6534
2026-09-02 13:55:00,1929.4,1930.5,1929.0,1929.1,10297
2026-09-02 14:00:00,1929.3,1929.4,1925.5,1926.0,19592
2026-09-02 14:05:00,1926.6,1927.3,1925.8,1926.7,5921
2026-09-02 14:10:00,1926.6,1929.1,1924.1,1928.3,29180
2026-09-02 14:15:00,1928.0,1928.3,1925.8,1927.1,6011
2026-09-02 14:20:00,1927.0,1929.9,1927.0,1929.6,9543
2026-09-02 14:25:00,1929.9,1930.6,1929.1,1929.8,10380
2026-09-02 14:30:00,1930.0,1932.8,1929.9,1931.6,47387
2026-09-02 14:35:00,1931.3,1933.8,1931.3,1932.6,13242
2026-09-02 14:40:00,1932.8,1932.8,1931.3,1932.1,23638
2026-09-02 14:45:00,1931.4,1932.3,1929.7,1930.1,14378
2026-09-02 14:50:00,1930.4,1930.8,1923.6,1925.9,42979
2026-09-02 14:55:00,1925.9,1926.3,1923.0,1924.2,38084
2026-09-02 15:00:00,1924.4,1925.4,1921.1,1921.8,39200
2026-09-02 15:05:00,1921.8,1926.0,1921.2,1923.5,37223
2026-09-02 15:10:00,1923.7,1929.0,1923.6,1926.5,87990
2026-09-02 15:15:00,1928.0,1928.0,1928.0,1928.0,73
2026-09-02 15:20:00,1928.0,1928.0,1928.0,1928.0,0
2026-09-02 15:25:00,1928.0,1931.7,1928.0,1931.7,77566
2026-09-03 09:15:00,1932.0,1936.8,1923.1,1926.8,58318
2026-09-03 09:20:00,1926.8,1928.3,1919.9,1923.8,32418
2026-09-03 09:25:00,1923.3,1924.5,1919.8,1923.0,20894
2026-09-03 09:30:00,1923.0,1923.7,1922.0,1922.2,8066
2026-09-03 09:35:00,1922.5,1924.9,1921.6,1924.0,6590
2026-09-03 09:40:00,1924.0,1924.8,1922.5,1924.4,7642
2026-09-03 09:45:00,1924.4,1925.5,1922.8,1924.7,7276
2026-09-03 09:50:00,1924.7,1926.8,1923.5,1926.1,8108
2026-09-03 09:55:00,1926.1,1929.1,1925.8,1928.4,6938
2026-09-03 10:00:00,1928.6,1929.0,1926.2,1928.4,6365
2026-09-03 10:05:00,1928.4,1928.8,1926.1,1926.8,3723
2026-09-03 10:10:00,1926.4,1927.2,1919.1,1920.0,83527
2026-09-03 10:15:00,1920.4,1923.4,1917.7,1920.1,13817
2026-09-03 10:20:00,1920.2,1920.7,1916.0,1917.3,12888
2026-09-03 10:25:00,1917.6,1920.5,1917.1,1920.3,5209
2026-09-03 10:30:00,1920.3,1921.2,1919.1,1920.3,27141
2026-09-03 10:35:00,1920.1,1925.5,1920.1,1925.2,8785
2026-09-03 10:40:00,1925.2,1925.5,1922.7,1925.5,12667
2026-09-03 10:45:00,1926.4,1926.7,1925.0,1926.0,8989
2026-09-03 10:50:00,1926.0,1927.0,1925.1,1926.0,11520
2026-09-03 10:55:00,1926.4,1927.3,1925.4,1926.1,10867
2026-09-03 11:00:00,1926.1,1926.7,1925.0,1925.2,9942
2026-09-03 11:05:00,1925.1,1926.1,1924.2,1924.6,11544
2026-09-03 11:10:00,1925.2,1925.9,1920.0,1921.2,45867
2026-09-03 11:15:00,1921.2,1921.2,1918.2,1920.8,8771
2026-09-03 11:20:00,1920.8,1921.5,1919.3,1920.2,8083
2026-09-03 11:25:00,1920.1,1920.5,1918.8,1920.1,4926
2026-09-03 11:30:00,1920.6,1921.8,1919.5,1920.5,5550
2026-09-03 11:35:00,1920.6,1921.3,1919.5,1920.0,5061
2026-09-03 11:40:00,1920.0,1920.0,1916.6,1917.1,8105
2026-09-03 11:45:00,1917.2,1919.5,1917.2,1918.5,6281
2026-09-03 11:50:00,1918.6,1919.0,1918.2,1918.6,3990
2026-09-03 11:55:00,1918.7,1918.8,1917.2,1918.3,8507
2026-09-03 12:00:00,1918.3,1919.4,1916.7,1919.4,9813
2026-09-03 12:05:00,1919.5,1919.8,1917.5,1918.3,6585
2026-09-03 12:10:00,1918.1,1919.1,1917.5,1919.1,6819
2026-09-03 12:15:00,1918.4,1921.6,1917.0,1921.3,15972
2026-09-03 12:20:00,1921.3,1921.9,1918.7,1919.2,7121
2026-09-03 12:25:00,1919.2,1919.6,1916.5,1917.0,6960
2026-09-03 12:30:00,1916.7,1919.4,1916.1,1919.0,7178
2026-09-03 12:35:00,1919.0,1920.3,1918.1,1919.3,6939
2026-09-03 12:40:00,1919.1,1919.4,1917.7,1918.3,4363
2026-09-03 12:45:00,1918.2,1920.2,1917.3,1920.0,7284
2026-09-03 12:50:00,1920.1,1921.7,1920.1,1921.6,4728
2026-09-03 12:55:00,1921.6,1921.6,1919.2,1919.5,9174
2026-09-03 13:00:00,1919.5,1921.9,1918.6,1921.1,8859
2026-09-03 13:05:00,1920.9,1923.1,1918.0,1919.8,26495
2026-09-03 13:10:00,1919.5,1920.4,1918.0,1918.0,5394
2026-09-03 13:15:00,1918.8,1921.0,1917.9,1920.8,8566
2026-09-03 13:20:00,1921.0,1921.0,1920.0,1920.3,3219
2026-09-03 13:25:00,1920.1,1921.3,1916.4,1916.4,24483
2026-09-03 13:30:00,1916.6,1920.2,1916.3,1918.8,39471
2026-09-03 13:35:00,1918.1,1920.0,1917.3,1918.1,10179
2026-09-03 13:40:00,1918.1,1918.6,1916.2,1917.0,8879
2026-09-03 13:45:00,1917.0,1918.1,1916.3,1917.8,8117
2026-09-03 13:50:00,1918.1,1918.5,1917.0,1917.5,6371
2026-09-03 13:55:00,1917.8,1918.1,1917.1,1918.0,5012
2026-09-03 14:00:00,1917.6,1918.3,1916.2,1917.0,17223
2026-09-03 14:05:00,1917.3,1918.0,1916.4,1917.4,9251
2026-09-03 14:10:00,1917.4,1917.5,1915.0,1915.9,7224
2026-09-03 14:15:00,1916.0,1916.6,1915.0,1915.5,10999
2026-09-03 14:20:00,1915.5,1917.1,1915.4,1916.5,17347
2026-09-03 14:25:00,1916.5,1917.2,1915.5,1915.9,9347
2026-09-03 14:30:00,1915.9,1916.1,1913.0,1915.3,12398
2026-09-03 14:35:00,1915.5,1916.0,1914.5,1915.0,8186
2026-09-03 14:40:00,1915.3,1915.4,1914.1,1915.1,7890
2026-09-03 14:45:00,1914.8,1917.6,1914.8,1915.9,15791
2026-09-03 14:50:00,1915.9,1920.0,1915.6,1917.3,63420
2026-09-03 14:55:00,1917.3,1917.4,1915.6,1916.2,24604
2026-09-03 15:00:00,1916.1,1917.4,1914.3,1914.8,27645
2026-09-03 15:05:00,1915.0,1915.0,1914.0,1914.9,53259
2026-09-03 15:10:00,1914.9,1920.9,1913.9,1920.9,109800
2026-09-03 15:15:00,1920.9,1920.9,1920.9,1920.9,0
2026-09-03 15:20:00,1920.9,1920.9,1920.9,1920.9,0
2026-09-03 15:25:00,1920.9,1920.9,1916.0,1916.0,72202
2026-09-04 09:15:00,1912.0,1917.3,1909.1,1911.4,14253
2026-09-04 09:20:00,1911.4,1912.7,1908.1,1909.4,10526
2026-09-04 09:25:00,1909.4,1911.1,1906.0,1906.1,11116
2026-09-04 09:30:00,1906.1,1908.8,1906.1,1906.4,11357
2026-09-04 09:35:00,1906.8,1908.9,1905.6,1906.0,7768
2026-09-04 09:40:00,1906.1,1907.1,1905.3,1906.5,5157
2026-09-04 09:45:00,1906.9,1909.7,1906.7,1907.8,6666
2026-09-04 09:50:00,1907.8,1909.5,1906.6,1907.3,4091
2026-09-04 09:55:00,1908.4,1910.8,1907.4,1909.1,12558
2026-09-04 10:00:00,1909.1,1910.0,1908.0,1908.3,7220
2026-09-04 10:05:00,1908.8,1910.1,1907.0,1909.4,10291
2026-09-04 10:10:00,1909.4,1909.5,1906.0,1906.9,10026
2026-09-04 10:15:00,1906.9,1907.9,1906.0,1906.3,6064
2026-09-04 10:20:00,1907.1,1907.4,1905.0,1906.0,10794
2026-09-04 10:25:00,1906.3,1908.6,1905.0,1908.2,5213
2026-09-04 10:30:00,1908.4,1908.8,1906.3,1907.5,9594
2026-09-04 10:35:00,1907.9,1908.4,1906.6,1907.8,6075
2026-09-04 10:40:00,1907.9,1908.4,1906.6,1908.2,1365
2026-09-04 10:45:00,1908.3,1908.6,1907.0,1908.0,3813
2026-09-04 10:50:00,1908.0,1908.4,1906.0,1906.6,5715
2026-09-04 10:55:00,1906.5,1906.5,1903.1,1903.9,10146
2026-09-04 11:00:00,1904.3,1905.0,1903.3,1904.2,7909
2026-09-04 11:05:00,1904.4,1905.1,1903.0,1904.3,5429
2026-09-04 11:10:00,1904.0,1904.6,1903.2,1903.9,3676
2026-09-04 11:15:00,1903.9,1903.9,1902.0,1903.8,12635
2026-09-04 11:20:00,1903.9,1904.1,1902.6,1903.7,3443
2026-09-04 11:25:00,1903.7,1904.8,1903.1,1904.7,8347
2026-09-04 11:30:00,1904.7,1905.4,1902.2,1902.6,9666
2026-09-04 11:35:00,1902.5,1905.9,1902.1,1905.1,10588
2026-09-04 11:40:00,1905.2,1906.0,1905.0,1906.0,4888
2026-09-04 11:45:00,1906.0,1906.1,1905.0,1905.0,3098
2026-09-04 11:50:00,1905.1,1905.1,1903.1,1904.1,3351
2026-09-04 11:55:00,1904.3,1904.8,1904.1,1904.4,3056
2026-09-04 12:00:00,1904.2,1904.4,1900.1,1903.9,20482
2026-09-04 12:05:00,1903.9,1904.5,1901.9,1902.0,2657
2026-09-04 12:10:00,1901.9,1902.4,1901.4,1901.8,4198
2026-09-04 12:15:00,1902.0,1903.1,1901.0,1901.7,6782
2026-09-04 12:20:00,1901.7,1903.1,1900.5,1901.3,5621
2026-09-04 12:25:00,1901.2,1902.2,1900.7,1902.2,4228
2026-09-04 12:30:00,1902.3,1903.1,1901.0,1901.2,5926
2026-09-04 12:35:00,1901.5,1901.5,1900.6,1900.7,3923
2026-09-04 12:40:00,1901.1,1902.4,1900.6,1901.4,3543
2026-09-04 12:45:00,1901.8,1902.7,1901.0,1902.7,3961
2026-09-04 12:50:00,1902.8,1904.0,1901.9,1903.3,4558
2026-09-04 12:55:00,1903.4,1903.6,1902.6,1903.6,1887
2026-09-04 13:00:00,1903.6,1903.7,1902.3,1903.5,2753
2026-09-04 13:05:00,1903.6,1903.7,1903.0,1903.3,1281
2026-09-04 13:10:00,1903.4,1903.4,1903.2,1903.3,2187
2026-09-04 13:15:00,1903.2,1904.4,1902.1,1904.0,5901
2026-09-04 13:20:00,1904.3,1904.7,1902.5,1904.7,9814
2026-09-04 13:25:00,1904.7,1905.6,1902.0,1903.0,21754
2026-09-04 13:30:00,1903.4,1903.4,1896.8,1897.2,42767
2026-09-04 13:35:00,1897.6,1899.7,1897.2,1899.1,10039
2026-09-04 13:40:00,1899.1,1900.0,1899.0,1899.0,4491
2026-09-04 13:45:00,1899.4,1900.0,1899.0,1899.4,3388
2026-09-04 13:50:00,1899.4,1900.0,1899.1,1899.5,5923
2026-09-04 13:55:00,1899.5,1900.0,1899.4,1899.4,2477
2026-09-04 14:00:00,1899.8,1900.0,1899.0,1900.0,4603
2026-09-04 14:05:00,1900.0,1900.0,1899.0,1899.2,2782
2026-09-04 14:10:00,1899.2,1899.8,1899.0,1899.4,2761
2026-09-04 14:15:00,1899.7,1899.7,1899.4,1899.4,2081
2026-09-04 14:20:00,1899.5,1899.6,1899.1,1899.6,5099
2026-09-04 14:25:00,1899.5,1902.1,1899.4,1901.7,26090
2026-09-04 14:30:00,1901.6,1902.0,1900.4,1901.4,4660
2026-09-04 14:35:00,1901.1,1901.1,1899.6,1900.0,3932
2026-09-04 14:40:00,1900.1,1905.0,1899.4,1903.9,54847
2026-09-04 14:45:00,1903.1,1906.1,1901.3,1901.7,14610
2026-09-04 14:50:00,1901.7,1903.6,1901.1,1902.1,11147
2026-09-04 14:55:00,1901.8,1902.0,1900.0,1900.4,20262
2026-09-04 15:00:00,1900.3,1901.6,1900.0,1901.5,33931
2026-09-04 15:05:00,1901.5,1902.0,1895.0,1896.1,37145
2026-09-04 15:10:00,1896.2,1900.0,1896.0,1898.9,53210
2026-09-04 15:15:00,1898.9,1898.9,1898.9,1898.9,55
2026-09-04 15:20:00,1898.9,1898.9,1898.9,1898.9,0
2026-09-04 15:25:00,1898.9,1899.0,1898.9,1899.0,55217
2026-09-07 09:15:00,1899.0,1901.6,1895.2,1900.0,24028
2026-09-07 09:20:00,1900.9,1901.0,1895.6,1895.6,11824
2026-09-07 09:25:00,1896.0,1898.5,1893.5,1897.5,13949
2026-09-07 09:30:00,1898.0,1901.2,1898.0,1898.9,7768
2026-09-07 09:35:00,1899.5,1899.5,1896.1,1898.0,6855
2026-09-07 09:40:00,1898.5,1900.9,1898.0,1900.0,15032
2026-09-07 09:45:00,1900.1,1900.1,1898.5,1899.3,2036
2026-09-07 09:50:00,1899.5,1899.5,1898.2,1898.2,2958
2026-09-07 09:55:00,1898.7,1900.1,1896.2,1897.3,13908
2026-09-07 10:00:00,1898.0,1898.5,1896.6,1897.5,6069
2026-09-07 10:05:00,1897.6,1897.6,1895.2,1896.0,5325
2026-09-07 10:10:00,1896.0,1897.3,1895.6,1896.7,1506
2026-09-07 10:15:00,1897.0,1898.7,1896.2,1898.3,3912
2026-09-07 10:20:00,1898.7,1899.4,1896.6,1897.2,2679
2026-09-07 10:25:00,1897.6,1900.0,1896.9,1899.4,3796
2026-09-07 10:30:00,1899.8,1900.0,1898.7,1899.6,3294
2026-09-07 10:35:00,1899.6,1902.5,1898.3,1901.1,6630
2026-09-07 10:40:00,1901.7,1904.5,1901.0,1904.5,6172
2026-09-07 10:45:00,1904.5,1907.8,1902.4,1903.2,38850
2026-09-07 10:50:00,1903.2,1903.2,1900.7,1902.2,8661
2026-09-07 10:55:00,1903.0,1904.5,1901.0,1902.0,5214
2026-09-07 11:00:00,1901.2,1902.6,1897.0,1897.6,13974
2026-09-07 11:05:00,1897.6,1900.5,1897.0,1899.8,19255
2026-09-07 11:10:00,1899.8,1900.3,1894.4,1895.2,99166
2026-09-07 11:15:00,1895.2,1895.3,1891.0,1892.3,11924
2026-09-07 11:20:00,1893.0,1895.0,1892.6,1894.4,4262
2026-09-07 11:25:00,1895.0,1895.4,1893.2,1893.9,12867
2026-09-07 11:30:00,1894.0,1894.9,1889.4,1890.5,62691
2026-09-07 11:35:00,1890.4,1894.0,1890.4,1892.0,31444
2026-09-07 11:40:00,1892.6,1892.8,1889.1,1892.0,26255
2026-09-07 11:45:00,1892.8,1892.9,1888.6,1889.4,57271
2026-09-07 11:50:00,1889.7,1892.3,1889.2,1891.3,18484
2026-09-07 11:55:00,1892.0,1892.6,1889.8,1891.0,15708
2026-09-07 12:00:00,1890.5,1892.4,1889.5,1890.0,87823
2026-09-07 12:05:00,1889.9,1897.5,1889.5,1896.8,118214
2026-09-07 12:10:00,1896.7,1898.3,1895.1,1896.7,14648
2026-09-07 12:15:00,1897.0,1897.7,1892.3,1892.3,9480
2026-09-07 12:20:00,1893.2,1893.6,1891.0,1891.5,19043
2026-09-07 12:25:00,1891.3,1892.4,1890.1,1891.2,15811
2026-09-07 12:30:00,1891.2,1891.8,1890.0,1890.2,9442
2026-09-07 12:35:00,1890.4,1892.4,1889.2,1889.4,19920
2026-09-07 12:40:00,1890.0,1891.1,1888.8,1889.6,45208
2026-09-07 12:45:00,1889.6,1890.0,1888.1,1889.0,8554
2026-09-07 12:50:00,1889.0,1889.0,1885.5,1886.0,19630
2026-09-07 12:55:00,1886.9,1887.4,1883.7,1884.8,54635
2026-09-07 13:00:00,1885.6,1886.0,1883.1,1884.6,54212
2026-09-07 13:05:00,1884.6,1889.2,1883.9,1887.9,36874
2026-09-07 13:10:00,1887.9,1889.8,1887.3,1888.3,7357
2026-09-07 13:15:00,1889.2,1889.6,1886.1,1886.7,10278
2026-09-07 13:20:00,1886.7,1889.0,1886.1,1888.2,17728
2026-09-07 13:25:00,1888.9,1889.2,1887.4,1889.1,5999
2026-09-07 13:30:00,1889.1,1889.5,1888.1,1888.6,4564
2026-09-07 13:35:00,1889.2,1889.9,1888.1,1889.5,7836
2026-09-07 13:40:00,1889.5,1889.7,1888.1,1889.7,5507
2026-09-07 13:45:00,1889.7,1889.9,1887.5,1887.5,6983
2026-09-07 13:50:00,1888.2,1890.0,1887.3,1889.9,15509
2026-09-07 13:55:00,1889.9,1890.0,1889.0,1889.0,15528
2026-09-07 14:00:00,1889.7,1889.7,1887.5,1887.5,7819
2026-09-07 14:05:00,1887.8,1888.0,1886.7,1887.9,6453
2026-09-07 14:10:00,1888.0,1888.0,1886.9,1887.4,5142
2026-09-07 14:15:00,1887.9,1888.0,1885.2,1885.3,38980
2026-09-07 14:20:00,1886.0,1887.5,1885.3,1886.0,15885
2026-09-07 14:25:00,1886.0,1886.9,1884.5,1884.6,27827
2026-09-07 14:30:00,1885.0,1887.5,1884.6,1887.2,16893
2026-09-07 14:35:00,1887.0,1887.2,1885.6,1886.5,3286
2026-09-07 14:40:00,1886.7,1886.7,1884.8,1885.4,8322
2026-09-07 14:45:00,1885.4,1886.0,1884.9,1885.4,4400
2026-09-07 14:50:00,1885.2,1886.9,1883.8,1884.6,38114
2026-09-07 14:55:00,1884.7,1887.9,1884.6,1887.7,42381
2026-09-07 15:00:00,1886.6,1890.2,1885.5,1889.6,51291
2026-09-07 15:05:00,1889.9,1891.8,1886.4,1888.2,43747
2026-09-07 15:10:00,1888.3,1890.0,1886.2,1890.0,57695
2026-09-07 15:15:00,1890.0,1890.0,1889.9,1889.9,13
2026-09-07 15:20:00,1889.9,1889.9,1889.9,1889.9,0
2026-09-07 15:25:00,1889.9,1895.0,1889.9,1895.0,33796
2026-09-08 09:15:00,1892.0,1894.7,1880.3,1884.5,29271
2026-09-08 09:20:00,1885.4,1888.0,1881.9,1883.0,14376
2026-09-08 09:25:00,1883.0,1883.0,1878.3,1879.0,12587
2026-09-08 09:30:00,1879.7,1880.6,1878.1,1878.3,10673
2026-09-08 09:35:00,1879.0,1884.5,1876.8,1884.0,17599
2026-09-08 09:40:00,1883.7,1885.6,1881.9,1885.2,14287
2026-09-08 09:45:00,1884.6,1887.8,1884.5,1887.4,13562
2026-09-08 09:50:00,1887.4,1888.2,1886.7,1887.1,13446
2026-09-08 09:55:00,1887.4,1888.2,1886.0,1887.9,7892
2026-09-08 10:00:00,1887.8,1888.4,1887.0,1887.2,15093
2026-09-08 10:05:00,1887.1,1890.2,1887.0,1888.6,11317
2026-09-08 10:10:00,1888.6,1889.5,1888.1,1889.5,6002
2026-09-08 10:15:00,1889.2,1890.3,1888.0,1888.9,8262
2026-09-08 10:20:00,1888.7,1889.4,1886.9,1887.2,7849
2026-09-08 10:25:00,1887.0,1888.2,1885.6,1888.0,4826
2026-09-08 10:30:00,1887.9,1888.7,1886.7,1888.0,7871
2026-09-08 10:35:00,1888.0,1888.0,1886.4,1888.0,3683
2026-09-08 10:40:00,1887.8,1889.3,1887.6,1889.3,5627
2026-09-08 10:45:00,1888.7,1889.5,1888.0,1888.7,8664
2026-09-08 10:50:00,1888.7,1890.3,1888.5,1890.3,5254
2026-09-08 10:55:00,1890.1,1890.8,1886.1,1886.8,22070
2026-09-08 11:00:00,1886.3,1888.3,1885.7,1887.7,13136
2026-09-08 11:05:00,1888.2,1888.6,1886.2,1887.0,7285
2026-09-08 11:10:00,1887.2,1888.9,1886.9,1888.2,7265
2026-09-08 11:15:00,1888.2,1889.9,1887.1,1888.2,13086
2026-09-08 11:20:00,1888.2,1889.1,1887.8,1888.7,8356
2026-09-08 11:25:00,1889.1,1889.9,1886.0,1887.0,8349
2026-09-08 11:30:00,1887.0,1890.0,1887.0,1887.6,38253
2026-09-08 11:35:00,1888.0,1892.0,1887.6,1891.2,25886
2026-09-08 11:40:00,1892.0,1893.2,1889.0,1889.5,38918
2026-09-08 11:45:00,1890.0,1891.4,1889.4,1890.1,29844
2026-09-08 11:50:00,1890.8,1890.9,1888.6,1889.6,15647
2026-09-08 11:55:00,1889.9,1894.0,1889.5,1891.9,39302
2026-09-08 12:00:00,1892.2,1895.6,1891.3,1894.0,15634
2026-09-08 12:05:00,1894.0,1895.1,1892.6,1893.7,6784
2026-09-08 12:10:00,1894.5,1894.5,1890.8,1890.9,6977
2026-09-08 12:15:00,1890.9,1891.9,1889.2,1889.5,16364
2026-09-08 12:20:00,1889.5,1890.8,1889.4,1889.9,11222
2026-09-08 12:25:00,1890.0,1891.0,1889.4,1890.0,23014
2026-09-08 12:30:00,1889.7,1892.2,1889.4,1892.2,21633
2026-09-08 12:35:00,1891.8,1894.7,1891.6,1893.5,24098
2026-09-08 12:40:00,1893.5,1894.3,1890.9,1891.7,4697
2026-09-08 12:45:00,1891.0,1891.9,1891.0,1891.1,4811
2026-09-08 12:50:00,1891.1,1891.8,1890.7,1891.5,5804
2026-09-08 12:55:00,1891.8,1892.0,1889.9,1891.7,22366
2026-09-08 13:00:00,1891.6,1892.0,1890.9,1892.0,4410
2026-09-08 13:05:00,1891.9,1892.0,1889.4,1889.4,17344
2026-09-08 13:10:00,1889.4,1889.9,1887.5,1888.1,5774
2026-09-08 13:15:00,1888.2,1888.2,1887.2,1888.0,3375
2026-09-08 13:20:00,1888.0,1889.0,1887.9,1888.8,40027
2026-09-08 13:25:00,1888.8,1888.9,1888.1,1888.3,19430
2026-09-08 13:30:00,1888.1,1888.1,1885.0,1885.2,7816
2026-09-08 13:35:00,1885.1,1886.6,1883.7,1884.5,13305
2026-09-08 13:40:00,1884.3,1886.2,1884.0,1885.0,7443
2026-09-08 13:45:00,1885.3,1885.6,1882.7,1883.0,4889
2026-09-08 13:50:00,1883.6,1884.5,1882.8,1883.3,2120
2026-09-08 13:55:00,1883.4,1883.7,1881.6,1882.0,11427
2026-09-08 14:00:00,1881.8,1882.5,1881.6,1882.2,11977
2026-09-08 14:05:00,1883.1,1884.8,1882.5,1884.1,44178
2026-09-08 14:10:00,1884.3,1884.8,1882.9,1883.7,21388
2026-09-08 14:15:00,1883.7,1884.9,1883.6,1884.4,25191
2026-09-08 14:20:00,1884.5,1884.6,1883.0,1883.8,6570
2026-09-08 14:25:00,1883.5,1884.0,1882.8,1883.5,4437
2026-09-08 14:30:00,1883.5,1883.5,1882.3,1883.0,5175
2026-09-08 14:35:00,1883.0,1883.7,1882.7,1883.0,4507
2026-09-08 14:40:00,1882.9,1883.8,1882.3,1882.9,8216
2026-09-08 14:45:00,1882.9,1884.0,1882.9,1883.7,7141
2026-09-08 14:50:00,1883.8,1884.0,1880.3,1882.4,36396
2026-09-08 14:55:00,1882.4,1883.9,1881.5,1881.9,56460
2026-09-08 15:00:00,1881.9,1883.6,1881.0,1883.0,73245
2026-09-08 15:05:00,1883.5,1887.0,1882.4,1886.7,95347
2026-09-08 15:10:00,1886.5,1889.9,1885.4,1886.2,108724
2026-09-08 15:15:00,1886.2,1886.2,1886.2,1886.2,0
2026-09-08 15:20:00,1886.2,1886.2,1886.2,1886.2,0
2026-09-08 15:25:00,1886.2,1886.2,1885.9,1885.9,126596
2026-09-09 09:05:00,1892.6,1892.6,1885.9,1892.6,1602
2026-09-09 09:10:00,1892.6,1892.6,1892.6,1892.6,0
2026-09-09 09:15:00,1892.6,1898.6,1890.0,1896.4,34889
2026-09-09 09:20:00,1896.2,1897.9,1893.9,1896.6,12352
2026-09-09 09:25:00,1896.1,1898.5,1895.6,1897.4,9382
2026-09-09 09:30:00,1897.9,1898.3,1892.0,1893.4,18420
2026-09-09 09:35:00,1893.4,1894.3,1890.8,1891.3,6596
2026-09-09 09:40:00,1891.3,1891.7,1888.3,1889.0,9433
2026-09-09 09:45:00,1889.0,1889.5,1887.5,1888.0,6476
2026-09-09 09:50:00,1888.0,1888.9,1887.4,1887.9,6675
2026-09-09 09:55:00,1888.4,1888.4,1885.1,1885.6,6461
2026-09-09 10:00:00,1886.3,1886.3,1881.1,1882.5,9015
2026-09-09 10:05:00,1882.3,1882.3,1876.0,1877.5,13717
2026-09-09 10:10:00,1877.5,1878.3,1876.2,1877.8,3457
2026-09-09 10:15:00,1877.6,1879.0,1875.5,1878.4,11411
2026-09-09 10:20:00,1878.3,1878.8,1873.0,1874.5,14064
2026-09-09 10:25:00,1874.2,1876.5,1874.2,1876.0,2126
2026-09-09 10:30:00,1876.0,1883.4,1875.9,1879.6,46731
2026-09-09 10:35:00,1879.6,1879.8,1878.2,1878.2,19489
2026-09-09 10:40:00,1878.5,1878.5,1871.3,1874.2,13080
2026-09-09 10:45:00,1874.2,1875.9,1873.2,1875.5,6208
2026-09-09 10:50:00,1875.7,1877.1,1875.6,1877.1,3097
2026-09-09 10:55:00,1877.0,1877.1,1875.1,1877.1,15436
2026-09-09 11:00:00,1877.0,1877.0,1873.9,1875.4,3820
2026-09-09 11:05:00,1874.9,1874.9,1868.8,1869.0,8733
2026-09-09 11:10:00,1869.3,1874.2,1866.2,1871.7,8970
2026-09-09 11:15:00,1872.7,1874.1,1871.7,1872.9,4913
2026-09-09 11:20:00,1872.4,1873.5,1870.1,1871.0,6062
2026-09-09 11:25:00,1870.8,1871.5,1870.2,1870.6,4941
2026-09-09 11:30:00,1870.6,1871.6,1870.3,1870.5,5270
2026-09-09 11:35:00,1871.0,1876.4,1870.5,1875.3,51057
2026-09-09 11:40:00,1876.0,1877.0,1875.1,1876.3,5321
2026-09-09 11:45:00,1876.3,1878.1,1873.5,1874.0,6884
2026-09-09 11:50:00,1873.5,1874.9,1873.2,1874.4,4042
2026-09-09 11:55:00,1874.1,1875.0,1872.9,1873.7,4704
2026-09-09 12:00:00,1873.6,1874.0,1870.1,1872.0,30337
2026-09-09 12:05:00,1872.0,1872.0,1870.4,1870.9,6349
2026-09-09 12:10:00,1870.9,1872.0,1870.4,1872.0,6035
2026-09-09 12:15:00,1872.0,1872.0,1870.7,1871.7,6135
2026-09-09 12:20:00,1870.7,1871.8,1870.4,1871.4,5755
2026-09-09 12:25:00,1871.5,1874.8,1871.1,1872.8,32139
2026-09-09 12:30:00,1872.8,1877.7,1872.8,1874.9,15497
2026-09-09 12:35:00,1875.5,1875.6,1872.4,1873.0,25736
2026-09-09 12:40:00,1873.0,1873.3,1872.2,1872.9,6410
2026-09-09 12:45:00,1873.0,1873.0,1870.4,1871.0,11399
2026-09-09 12:50:00,1871.0,1871.6,1868.4,1869.5,26065
2026-09-09 12:55:00,1869.9,1874.8,1868.0,1874.0,54324
2026-09-09 13:00:00,1874.2,1876.7,1874.2,1875.7,6791
2026-09-09 13:05:00,1876.0,1877.7,1873.3,1874.0,12446
2026-09-09 13:10:00,1874.0,1874.0,1872.8,1874.0,9417
2026-09-09 13:15:00,1874.0,1874.8,1871.7,1873.3,40573
2026-09-09 13:20:00,1873.4,1874.4,1870.6,1871.0,18848
2026-09-09 13:25:00,1871.0,1873.3,1870.5,1873.0,41802
2026-09-09 13:30:00,1873.8,1876.5,1872.9,1873.0,29252
2026-09-09 13:35:00,1873.0,1877.3,1872.9,1876.1,38492
2026-09-09 13:40:00,1876.0,1876.4,1872.7,1875.5,22905
2026-09-09 13:45:00,1875.8,1875.9,1872.9,1874.8,7111
2026-09-09 13:50:00,1874.6,1874.6,1872.0,1872.2,8887
2026-09-09 13:55:00,1872.0,1872.0,1871.0,1871.6,9230
2026-09-09 14:00:00,1871.8,1874.8,1871.3,1873.5,29404
2026-09-09 14:05:00,1873.0,1875.4,1873.0,1874.8,13317
2026-09-09 14:10:00,1874.8,1876.4,1874.0,1874.6,7823
2026-09-09 14:15:00,1875.2,1875.8,1873.9,1874.5,7703
2026-09-09 14:20:00,1874.6,1876.8,1874.2,1875.7,6978
2026-09-09 14:25:00,1876.0,1876.4,1871.6,1872.5,17272
2026-09-09 14:30:00,1872.5,1872.5,1871.0,1871.6,10878
2026-09-09 14:35:00,1871.6,1872.0,1869.0,1869.0,12254
2026-09-09 14:40:00,1869.7,1870.1,1865.3,1866.8,22935
2026-09-09 14:45:00,1867.4,1868.5,1865.7,1867.8,16402
2026-09-09 14:50:00,1868.2,1869.6,1865.0,1869.2,36611
2026-09-09 14:55:00,1869.4,1869.9,1868.1,1869.2,21903
2026-09-09 15:00:00,1869.2,1871.5,1867.8,1870.5,46221
2026-09-09 15:05:00,1870.4,1871.0,1868.8,1870.2,41228
2026-09-09 15:10:00,1870.1,1873.3,1867.9,1873.3,69091
2026-09-09 15:15:00,1867.0,1867.0,1867.0,1867.0,72
2026-09-09 15:20:00,1867.0,1867.0,1867.0,1867.0,0
2026-09-09 15:25:00,1867.0,1867.0,1864.9,1864.9,180002
2026-09-10 09:15:00,1865.9,1875.3,1864.0,1865.5,24172
2026-09-10 09:20:00,1866.3,1866.3,1856.2,1857.2,11804
2026-09-10 09:25:00,1857.5,1860.0,1857.0,1858.8,18183
2026-09-10 09:30:00,1859.1,1859.5,1857.0,1859.5,4385
2026-09-10 09:35:00,1859.5,1859.6,1856.7,1856.7,5707
2026-09-10 09:40:00,1856.7,1858.3,1856.1,1857.1,12915
2026-09-10 09:45:00,1856.7,1857.9,1853.7,1857.1,19802
2026-09-10 09:50:00,1857.6,1861.8,1857.1,1859.1,29002
2026-09-10 09:55:00,1859.1,1859.1,1856.5,1857.4,6359
2026-09-10 10:00:00,1858.0,1858.2,1854.0,1855.4,9599
2026-09-10 10:05:00,1855.4,1855.4,1853.4,1854.3,5166
2026-09-10 10:10:00,1854.6,1855.5,1852.1,1855.5,25199
2026-09-10 10:15:00,1855.8,1858.2,1854.5,1858.0,6191
2026-09-10 10:20:00,1858.0,1858.0,1856.3,1857.9,1882
2026-09-10 10:25:00,1857.9,1857.9,1856.7,1857.7,2289
2026-09-10 10:30:00,1857.6,1859.8,1856.6,1859.7,5020
2026-09-10 10:35:00,1859.8,1861.2,1858.0,1860.3,12690
2026-09-10 10:40:00,1861.0,1861.3,1860.1,1861.3,3317
2026-09-10 10:45:00,1861.7,1862.0,1859.9,1860.9,12287
2026-09-10 10:50:00,1860.9,1860.9,1855.3,1856.0,44974
2026-09-10 10:55:00,1855.7,1856.7,1854.4,1855.0,14909
2026-09-10 11:00:00,1855.0,1857.6,1854.0,1854.3,31492
2026-09-10 11:05:00,1854.4,1854.9,1852.5,1852.9,8954
2026-09-10 11:10:00,1853.0,1854.9,1851.3,1854.3,40397
2026-09-10 11:15:00,1854.9,1855.0,1853.0,1853.4,11392
2026-09-10 11:20:00,1853.3,1853.3,1851.6,1853.0,14559
2026-09-10 11:25:00,1853.0,1853.5,1852.5,1853.0,41313
2026-09-10 11:30:00,1852.9,1856.3,1851.7,1852.2,23788
2026-09-10 11:35:00,1852.2,1853.2,1851.2,1851.7,11825
2026-09-10 11:40:00,1851.7,1852.0,1851.1,1851.6,6947
2026-09-10 11:45:00,1851.6,1851.8,1850.2,1851.0,9777
2026-09-10 11:50:00,1851.4,1851.4,1850.0,1850.5,13845
2026-09-10 11:55:00,1850.5,1850.5,1849.2,1849.2,8649
2026-09-10 12:00:00,1849.5,1850.4,1849.2,1850.0,7804
2026-09-10 12:05:00,1850.0,1852.9,1849.9,1851.4,10414
2026-09-10 12:10:00,1851.5,1853.2,1849.9,1852.3,56387
2026-09-10 12:15:00,1852.8,1853.6,1851.5,1851.9,5925
2026-09-10 12:20:00,1851.5,1852.2,1850.0,1850.2,7018
2026-09-10 12:25:00,1850.2,1850.8,1849.7,1850.0,4392
2026-09-10 12:30:00,1850.3,1852.1,1849.7,1852.0,9385
2026-09-10 12:35:00,1851.9,1852.4,1849.7,1850.1,6056
2026-09-10 12:40:00,1849.7,1851.8,1849.7,1850.6,13517
2026-09-10 12:45:00,1850.7,1850.7,1849.5,1850.6,10270
2026-09-10 12:50:00,1850.6,1850.8,1849.7,1850.5,7545
2026-09-10 12:55:00,1850.6,1850.8,1850.0,1850.0,7967
2026-09-10 13:00:00,1850.2,1850.8,1849.7,1850.8,1820
2026-09-10 13:05:00,1850.8,1850.8,1850.6,1850.6,3352
2026-09-10 13:10:00,1850.7,1852.6,1850.4,1852.0,12270
2026-09-10 13:15:00,1852.5,1852.5,1850.1,1850.8,10307
2026-09-10 13:20:00,1850.9,1851.0,1849.7,1851.0,9201
2026-09-10 13:25:00,1850.9,1851.1,1849.2,1849.5,11769
2026-09-10 13:30:00,1849.3,1849.7,1848.3,1848.7,7359
2026-09-10 13:35:00,1848.5,1849.1,1847.5,1849.1,6954
2026-09-10 13:40:00,1848.6,1851.0,1848.4,1850.7,13458
2026-09-10 13:45:00,1850.7,1851.0,1850.0,1850.8,4701
2026-09-10 13:50:00,1851.0,1855.0,1850.2,1850.8,36042
2026-09-10 13:55:00,1850.8,1851.0,1848.8,1850.8,41875
2026-09-10 14:00:00,1850.9,1851.0,1849.8,1850.1,4066
2026-09-10 14:05:00,1850.0,1851.0,1849.9,1850.7,37081
2026-09-10 14:10:00,1850.7,1850.7,1845.9,1846.0,10112
2026-09-10 14:15:00,1846.6,1846.9,1846.0,1846.5,3350
2026-09-10 14:20:00,1846.6,1848.0,1845.9,1847.5,6599
2026-09-10 14:25:00,1847.5,1848.0,1846.1,1846.3,10688
2026-09-10 14:30:00,1846.4,1847.0,1846.0,1846.0,5363
2026-09-10 14:35:00,1846.1,1846.7,1845.4,1846.6,6620
2026-09-10 14:40:00,1846.6,1847.1,1846.0,1846.7,8500
2026-09-10 14:45:00,1846.7,1846.7,1845.0,1845.6,17322
2026-09-10 14:50:00,1845.3,1846.0,1845.1,1845.6,9765
2026-09-10 14:55:00,1845.6,1845.8,1843.8,1844.3,18857
2026-09-10 15:00:00,1844.2,1844.2,1840.5,1843.1,42803
2026-09-10 15:05:00,1843.0,1848.0,1843.0,1847.1,43227
2026-09-10 15:10:00,1847.3,1851.1,1846.2,1850.0,85413
2026-09-10 15:15:00,1850.0,1850.0,1850.0,1850.0,0
2026-09-10 15:20:00,1850.0,1850.0,1850.0,1850.0,0
2026-09-10 15:25:00,1850.0,1861.0,1850.0,1861.0,60731
2026-09-11 09:15:00,1845.0,1854.5,1844.5,1847.9,22799
2026-09-11 09:20:00,1848.9,1849.0,1841.9,1842.7,9838
2026-09-11 09:25:00,1842.3,1843.4,1841.2,1841.9,6114
2026-09-11 09:30:00,1841.9,1843.4,1839.9,1841.3,7389
2026-09-11 09:35:00,1841.8,1844.7,1840.8,1844.6,4729
2026-09-11 09:40:00,1844.5,1844.6,1841.2,1842.9,3533
2026-09-11 09:45:00,1842.8,1844.9,1842.2,1842.2,2875
2026-09-11 09:50:00,1840.5,1844.0,1839.0,1842.7,7375
2026-09-11 09:55:00,1842.5,1843.8,1840.6,1840.6,3934
2026-09-11 10:00:00,1841.1,1846.0,1841.1,1845.5,16536
2026-09-11 10:05:00,1845.5,1847.4,1842.2,1843.9,9295
2026-09-11 10:10:00,1844.4,1845.7,1844.0,1844.8,19363
2026-09-11 10:15:00,1845.9,1845.9,1845.0,1845.9,8219
2026-09-11 10:20:00,1845.9,1848.3,1845.9,1847.9,7897
2026-09-11 10:25:00,1848.1,1854.0,1848.1,1851.2,12954
2026-09-11 10:30:00,1851.2,1852.0,1846.8,1847.7,41529
2026-09-11 10:35:00,1847.7,1849.7,1846.8,1848.6,7210
2026-09-11 10:40:00,1848.5,1850.9,1847.4,1850.0,10036
2026-09-11 10:45:00,1850.0,1852.3,1849.3,1851.8,28026
2026-09-11 10:50:00,1851.8,1852.2,1851.1,1851.6,5845
2026-09-11 10:55:00,1851.6,1851.6,1848.5,1849.4,6330
2026-09-11 11:00:00,1849.5,1853.7,1849.1,1850.6,32776
2026-09-11 11:05:00,1850.6,1850.9,1848.7,1850.0,15328
2026-09-11 11:10:00,1850.0,1850.0,1848.7,1849.5,16723
2026-09-11 11:15:00,1848.7,1849.8,1848.0,1848.0,27050
2026-09-11 11:20:00,1848.9,1849.8,1847.2,1847.8,18915
2026-09-11 11:25:00,1847.9,1847.9,1843.9,1844.1,45004
2026-09-11 11:30:00,1844.0,1847.7,1843.9,1847.1,33606
2026-09-11 11:35:00,1847.1,1847.1,1845.0,1846.0,27745
2026-09-11 11:40:00,1845.9,1846.7,1844.0,1846.6,20219
2026-09-11 11:45:00,1846.6,1847.5,1845.4,1846.1,18452
2026-09-11 11:50:00,1846.1,1849.0,1845.5,1848.4,13127
2026-09-11 11:55:00,1848.3,1850.0,1847.5,1849.9,13502
2026-09-11 12:00:00,1849.9,1849.9,1847.7,1848.8,12965
2026-09-11 12:05:00,1848.8,1852.1,1848.2,1851.8,48782
2026-09-11 12:10:00,1851.7,1851.7,1847.7,1848.3,36103
2026-09-11 12:15:00,1848.3,1850.2,1848.0,1849.1,21152
2026-09-11 12:20:00,1849.2,1850.1,1847.5,1849.9,23056
2026-09-11 12:25:00,1849.9,1849.9,1844.2,1847.1,47309
2026-09-11 12:30:00,1847.1,1850.2,1846.9,1850.1,8615
2026-09-11 12:35:00,1849.4,1849.4,1847.7,1847.8,8865
2026-09-11 12:40:00,1847.9,1848.3,1843.8,1843.9,7862
2026-09-11 12:45:00,1843.8,1844.4,1842.2,1843.5,13837
2026-09-11 12:50:00,1843.6,1844.1,1842.1,1843.1,20420
2026-09-11 12:55:00,1843.1,1844.2,1842.8,1843.1,15311
2026-09-11 13:00:00,1843.3,1844.5,1842.7,1842.8,22838
2026-09-11 13:05:00,1842.6,1844.5,1842.0,1843.5,9694
2026-09-11 13:10:00,1843.5,1846.6,1843.0,1845.8,36752
2026-09-11 13:15:00,1846.0,1846.9,1844.0,1846.2,28754
2026-09-11 13:20:00,1846.2,1847.9,1845.7,1846.5,10606
2026-09-11 13:25:00,1846.2,1846.6,1844.0,1846.4,11109
2026-09-11 13:30:00,1846.4,1846.6,1842.1,1842.7,17823
2026-09-11 13:35:00,1842.7,1844.2,1841.0,1843.6,26966
2026-09-11 13:40:00,1843.7,1844.2,1841.3,1842.4,12008
2026-09-11 13:45:00,1842.4,1843.1,1841.6,1842.6,11906
2026-09-11 13:50:00,1842.6,1844.1,1841.7,1843.0,10220
2026-09-11 13:55:00,1843.2,1843.8,1842.5,1843.5,8099
2026-09-11 14:00:00,1843.6,1844.8,1842.9,1843.9,18737
2026-09-11 14:05:00,1843.9,1844.4,1842.5,1842.6,9471
2026-09-11 14:10:00,1842.7,1843.7,1841.0,1841.4,26214
2026-09-11 14:15:00,1842.4,1843.6,1841.0,1842.1,26190
2026-09-11 14:20:00,1842.6,1843.9,1842.0,1842.5,14273
2026-09-11 14:25:00,1842.5,1842.7,1840.7,1840.8,10158
2026-09-11 14:30:00,1841.3,1842.3,1840.7,1840.9,12950
2026-09-11 14:35:00,1840.7,1841.8,1839.0,1839.9,19999
2026-09-11 14:40:00,1840.3,1840.4,1837.3,1837.5,16064
2026-09-11 14:45:00,1837.8,1839.5,1836.0,1837.5,27134
2026-09-11 14:50:00,1837.7,1838.0,1836.6,1837.4,14225
2026-09-11 14:55:00,1837.1,1837.1,1835.2,1836.3,15118
2026-09-11 15:00:00,1836.2,1836.6,1834.0,1834.0,22327
2026-09-11 15:05:00,1834.5,1837.7,1834.2,1837.7,48221
2026-09-11 15:10:00,1837.5,1840.9,1836.4,1840.5,47024
2026-09-11 15:15:00,1840.5,1840.5,1840.5,1840.5,18
2026-09-11 15:20:00,1840.5,1840.5,1840.5,1840.5,0
2026-09-11 15:25:00,1840.5,1840.5,1840.0,1840.0,118607
2026-09-15 09:15:00,1854.6,1856.8,1834.6,1837.6,78128
2026-09-15 09:20:00,1837.6,1844.4,1836.7,1843.4,21912
2026-09-15 09:25:00,1843.4,1844.3,1838.8,1843.0,15845
2026-09-15 09:30:00,1843.0,1844.3,1839.4,1839.4,14019
2026-09-15 09:35:00,1840.0,1840.0,1836.0,1836.0,10731
2026-09-15 09:40:00,1836.3,1838.4,1835.6,1836.7,6976
2026-09-15 09:45:00,1836.7,1837.1,1834.0,1834.4,7000
2026-09-15 09:50:00,1834.4,1835.6,1832.2,1832.7,7552
2026-09-15 09:55:00,1833.5,1833.5,1829.5,1830.0,11365
2026-09-15 10:00:00,1830.2,1833.1,1828.0,1831.0,7015
2026-09-15 10:05:00,1831.0,1831.8,1829.0,1830.7,3996
2026-09-15 10:10:00,1829.9,1833.5,1829.9,1832.0,3865
2026-09-15 10:15:00,1832.0,1833.9,1831.7,1833.9,4908
2026-09-15 10:20:00,1833.3,1836.0,1833.3,1835.9,7195
2026-09-15 10:25:00,1835.5,1835.7,1833.8,1834.0,6166
2026-09-15 10:30:00,1834.7,1835.9,1833.1,1834.6,5813
2026-09-15 10:35:00,1834.6,1835.4,1833.5,1834.0,3761
2026-09-15 10:40:00,1834.3,1834.5,1831.8,1832.5,4175
2026-09-15 10:45:00,1831.9,1832.7,1830.6,1831.7,3085
2026-09-15 10:50:00,1831.8,1831.8,1829.3,1829.6,3445
2026-09-15 10:55:00,1829.3,1830.7,1829.0,1829.3,3555
2026-09-15 11:00:00,1829.3,1833.7,1828.2,1833.7,10926
2026-09-15 11:05:00,1833.7,1833.7,1830.9,1831.7,7411
2026-09-15 11:10:00,1831.7,1833.6,1830.9,1831.7,4513
2026-09-15 11:15:00,1831.6,1832.5,1830.0,1831.1,6416
2026-09-15 11:20:00,1831.7,1833.0,1831.1,1832.1,5075
2026-09-15 11:25:00,1832.1,1834.4,1831.6,1833.9,4816
2026-09-15 11:30:00,1833.9,1834.1,1832.8,1834.1,4295
2026-09-15 11:35:00,1834.2,1834.9,1832.6,1833.1,4867
2026-09-15 11:40:00,1833.6,1834.9,1833.1,1833.7,5050
2026-09-15 11:45:00,1833.7,1834.4,1833.0,1833.1,3011
2026-09-15 11:50:00,1833.1,1834.2,1832.6,1833.5,3856
2026-09-15 11:55:00,1833.4,1834.7,1832.8,1833.8,7733
2026-09-15 12:00:00,1833.6,1843.9,1833.6,1842.9,21044
2026-09-15 12:05:00,1842.9,1843.2,1840.7,1840.7,19779
2026-09-15 12:10:00,1840.8,1842.8,1838.6,1839.8,15835
2026-09-15 12:15:00,1839.9,1842.0,1839.2,1841.3,10355
2026-09-15 12:20:00,1840.8,1843.6,1839.8,1843.2,9825
2026-09-15 12:25:00,1843.2,1846.5,1842.1,1845.8,8325
2026-09-15 12:30:00,1845.8,1847.4,1845.0,1847.0,53877
2026-09-15 12:35:00,1847.0,1847.4,1845.0,1845.2,13595
2026-09-15 12:40:00,1845.1,1845.1,1842.4,1843.2,7613
2026-09-15 12:45:00,1843.0,1844.7,1842.7,1844.7,7909
2026-09-15 12:50:00,1844.9,1845.6,1843.0,1843.7,4569
2026-09-15 12:55:00,1843.7,1843.7,1842.1,1842.8,6199
2026-09-15 13:00:00,1842.8,1843.3,1842.0,1842.6,13334
2026-09-15 13:05:00,1842.6,1843.8,1842.0,1842.5,7644
2026-09-15 13:10:00,1842.5,1843.8,1842.0,1842.3,8400
2026-09-15 13:15:00,1842.0,1842.9,1842.0,1842.6,62108
2026-09-15 13:20:00,1842.0,1842.9,1841.9,1842.3,11096
2026-09-15 13:25:00,1842.3,1844.0,1842.2,1843.7,5365
2026-09-15 13:30:00,1843.7,1845.5,1841.4,1845.0,16442
2026-09-15 13:35:00,1844.3,1845.4,1842.8,1843.1,10396
2026-09-15 13:40:00,1843.1,1844.0,1842.3,1843.6,8628
2026-09-15 13:45:00,1843.6,1844.4,1842.9,1843.9,8140
2026-09-15 13:50:00,1843.6,1845.8,1843.4,1844.4,16387
2026-09-15 13:55:00,1844.4,1845.6,1844.0,1844.7,9574
2026-09-15 14:00:00,1844.7,1846.5,1844.1,1844.9,10519
2026-09-15 14:05:00,1844.9,1846.1,1842.0,1843.0,14135
2026-09-15 14:10:00,1842.9,1843.2,1839.1,1839.1,16970
2026-09-15 14:15:00,1839.1,1841.6,1838.0,1840.4,31520
2026-09-15 14:20:00,1841.0,1842.0,1840.4,1841.4,8620
2026-09-15 14:25:00,1841.4,1842.7,1840.4,1841.1,16996
2026-09-15 14:30:00,1841.1,1841.3,1840.0,1840.3,16001
2026-09-15 14:35:00,1840.3,1842.4,1839.5,1842.4,95014
2026-09-15 14:40:00,1842.4,1846.0,1841.1,1845.0,48107
2026-09-15 14:45:00,1845.4,1846.4,1840.3,1841.0,133016
2026-09-15 14:50:00,1840.9,1843.9,1840.8,1842.2,24057
2026-09-15 14:55:00,1842.2,1843.9,1841.9,1843.6,25374
2026-09-15 15:00:00,1843.8,1843.8,1840.5,1842.4,29017
2026-09-15 15:05:00,1842.4,1842.4,1840.0,1841.3,68028
2026-09-15 15:10:00,1841.7,1842.4,1838.0,1839.7,110400
2026-09-15 15:15:00,1838.0,1838.0,1838.0,1838.0,148
2026-09-15 15:20:00,1838.0,1838.0,1838.0,1838.0,0
2026-09-15 15:25:00,1838.0,1838.0,1835.0,1835.0,124048
2026-09-16 09:15:00,1843.6,1851.9,1843.3,1848.0,43694
2026-09-16 09:20:00,1848.5,1848.5,1841.5,1846.3,18341
2026-09-16 09:25:00,1846.3,1846.6,1842.7,1844.0,17794
2026-09-16 09:30:00,1843.9,1843.9,1838.3,1840.1,14136
2026-09-16 09:35:00,1840.1,1841.0,1838.9,1840.2,6093
2026-09-16 09:40:00,1840.7,1840.7,1837.0,1838.0,5124
2026-09-16 09:45:00,1838.0,1844.9,1837.1,1844.9,13921
2026-09-16 09:50:00,1844.8,1848.8,1844.6,1847.3,10450
2026-09-16 09:55:00,1847.3,1848.0,1845.9,1847.0,4051
2026-09-16 10:00:00,1847.1,1851.5,1847.1,1848.0,10925
2026-09-16 10:05:00,1847.7,1850.0,1845.0,1849.5,7022
2026-09-16 10:10:00,1849.8,1851.9,1849.3,1849.8,9195
2026-09-16 10:15:00,1849.5,1851.8,1848.2,1851.1,9367
2026-09-16 10:20:00,1851.1,1852.9,1850.8,1852.8,11654
2026-09-16 10:25:00,1852.8,1853.4,1850.1,1852.2,7638
2026-09-16 10:30:00,1852.3,1855.0,1851.3,1852.8,9547
2026-09-16 10:35:00,1852.2,1852.6,1850.4,1852.2,4847
2026-09-16 10:40:00,1852.7,1853.1,1851.5,1852.2,6817
2026-09-16 10:45:00,1852.2,1854.7,1851.7,1852.9,6293
2026-09-16 10:50:00,1852.9,1853.2,1850.8,1850.8,5375
2026-09-16 10:55:00,1851.0,1851.8,1850.1,1850.6,6355
2026-09-16 11:00:00,1850.5,1853.7,1850.2,1853.7,5162
2026-09-16 11:05:00,1853.7,1856.3,1851.9,1855.7,21342
2026-09-16 11:10:00,1855.7,1856.4,1854.4,1854.9,5570
2026-09-16 11:15:00,1855.4,1856.9,1854.0,1854.0,9190
2026-09-16 11:20:00,1854.0,1854.4,1852.6,1853.6,5792
2026-09-16 11:25:00,1853.7,1854.0,1852.2,1853.5,10599
2026-09-16 11:30:00,1853.5,1853.9,1851.0,1851.1,6891
2026-09-16 11:35:00,1851.1,1852.9,1850.4,1852.1,11977
2026-09-16 11:40:00,1851.6,1853.0,1851.3,1851.4,9655
2026-09-16 11:45:00,1851.4,1852.3,1848.0,1849.4,35483
2026-09-16 11:50:00,1849.4,1851.2,1848.0,1850.5,33405
2026-09-16 11:55:00,1850.2,1851.1,1848.4,1849.2,19105
2026-09-16 12:00:00,1849.8,1850.2,1848.1,1849.1,24990
2026-09-16 12:05:00,1849.4,1850.1,1848.7,1849.6,22901
2026-09-16 12:10:00,1849.6,1850.0,1846.4,1847.1,34204
2026-09-16 12:15:00,1847.1,1849.0,1847.0,1847.9,11292
2026-09-16 12:20:00,1847.9,1850.0,1847.9,1848.7,14250
2026-09-16 12:25:00,1848.7,1849.4,1844.4,1844.4,18487
2026-09-16 12:30:00,1845.2,1847.1,1844.0,1847.0,6921
2026-09-16 12:35:00,1847.1,1848.0,1845.8,1846.1,11242
2026-09-16 12:40:00,1846.1,1846.8,1845.0,1845.2,6741
2026-09-16 12:45:00,1845.2,1847.5,1844.5,1846.8,8995
2026-09-16 12:50:00,1846.8,1848.2,1846.8,1848.0,8855
2026-09-16 12:55:00,1848.3,1849.0,1846.9,1847.2,17200
2026-09-16 13:00:00,1847.2,1848.0,1846.1,1846.5,5455
2026-09-16 13:05:00,1846.7,1848.2,1846.4,1847.9,10919
2026-09-16 13:10:00,1847.3,1848.0,1847.1,1847.2,5590
2026-09-16 13:15:00,1847.5,1848.0,1845.6,1847.4,14817
2026-09-16 13:20:00,1847.9,1849.3,1847.7,1848.2,14560
2026-09-16 13:25:00,1848.8,1848.8,1847.6,1848.0,7685
2026-09-16 13:30:00,1847.9,1848.8,1846.0,1846.6,10965
2026-09-16 13:35:00,1846.6,1847.2,1842.9,1846.3,22599
2026-09-16 13:40:00,1846.7,1847.8,1845.7,1847.1,13278
2026-09-16 13:45:00,1847.1,1847.8,1846.0,1847.4,7801
2026-09-16 13:50:00,1847.4,1849.0,1847.0,1848.8,46523
2026-09-16 13:55:00,1848.3,1850.5,1848.0,1849.4,41848
2026-09-16 14:00:00,1849.4,1849.7,1848.0,1848.5,30104
2026-09-16 14:05:00,1848.5,1848.5,1847.0,1847.5,10209
2026-09-16 14:10:00,1847.5,1848.0,1847.1,1848.0,7435
2026-09-16 14:15:00,1847.8,1851.5,1847.8,1851.4,58715
2026-09-16 14:20:00,1851.0,1855.2,1851.0,1854.1,76884
2026-09-16 14:25:00,1854.0,1855.9,1852.0,1852.4,34980
2026-09-16 14:30:00,1852.4,1853.0,1851.5,1851.5,11145
2026-09-16 14:35:00,1851.8,1853.1,1850.4,1853.1,25550
2026-09-16 14:40:00,1853.4,1854.3,1852.5,1853.5,10270
2026-09-16 14:45:00,1853.5,1853.6,1852.0,1852.9,30577
2026-09-16 14:50:00,1852.9,1855.5,1852.6,1853.7,32083
2026-09-16 14:55:00,1854.2,1855.7,1853.2,1853.9,25839
2026-09-16 15:00:00,1852.7,1853.1,1851.9,1852.4,39830
2026-09-16 15:05:00,1852.3,1853.6,1852.3,1853.4,33595
2026-09-16 15:10:00,1853.2,1857.4,1850.2,1857.4,60336
2026-09-16 15:15:00,1857.4,1857.4,1857.4,1857.4,104
2026-09-16 15:20:00,1857.4,1857.4,1857.4,1857.4,0
2026-09-16 15:25:00,1857.4,1857.4,1853.5,1853.5,88672
2026-09-17 09:15:00,1853.5,1858.8,1848.5,1855.8,30971
2026-09-17 09:20:00,1855.8,1855.8,1850.6,1850.7,10808
2026-09-17 09:25:00,1850.7,1853.8,1850.4,1852.3,14815
2026-09-17 09:30:00,1852.3,1852.3,1847.4,1849.1,13291
2026-09-17 09:35:00,1849.1,1855.8,1849.1,1854.5,8196
2026-09-17 09:40:00,1854.1,1856.4,1853.1,1856.4,4556
2026-09-17 09:45:00,1856.4,1857.8,1855.7,1857.0,5866
2026-09-17 09:50:00,1856.5,1858.9,1856.4,1858.2,6133
2026-09-17 09:55:00,1857.7,1861.9,1856.5,1861.9,9499
2026-09-17 10:00:00,1862.4,1864.1,1860.0,1860.9,8963
2026-09-17 10:05:00,1860.9,1864.2,1859.4,1862.7,7496
2026-09-17 10:10:00,1862.1,1863.7,1860.1,1860.2,9259
2026-09-17 10:15:00,1860.9,1861.9,1859.7,1861.9,5175
2026-09-17 10:20:00,1861.4,1863.0,1860.4,1862.8,6481
2026-09-17 10:25:00,1862.7,1862.9,1860.3,1861.0,4077
2026-09-17 10:30:00,1860.5,1861.5,1859.4,1860.5,5337
2026-09-17 10:35:00,1860.0,1860.5,1858.1,1858.6,8310
2026-09-17 10:40:00,1858.6,1858.6,1857.0,1858.3,4892
2026-09-17 10:45:00,1857.8,1858.1,1855.8,1856.2,9923
2026-09-17 10:50:00,1856.3,1857.5,1856.0,1856.3,4235
2026-09-17 10:55:00,1856.5,1858.6,1856.4,1857.8,6523
2026-09-17 11:00:00,1857.9,1857.9,1856.0,1857.1,5474
2026-09-17 11:05:00,1857.2,1859.4,1857.0,1859.0,12759
2026-09-17 11:10:00,1859.1,1862.9,1858.6,1861.8,52243
2026-09-17 11:15:00,1861.1,1863.4,1861.0,1862.0,7520
2026-09-17 11:20:00,1862.4,1863.4,1861.7,1862.1,3757
2026-09-17 11:25:00,1862.1,1862.6,1860.8,1862.0,4959
2026-09-17 11:30:00,1862.1,1863.6,1860.2,1862.5,32047
2026-09-17 11:35:00,1862.5,1862.6,1856.3,1858.1,88820
2026-09-17 11:40:00,1858.1,1860.0,1857.3,1860.0,14709
2026-09-17 11:45:00,1860.0,1861.4,1858.1,1858.8,16499
2026-09-17 11:50:00,1858.3,1859.0,1856.4,1857.0,9363
2026-09-17 11:55:00,1857.8,1860.2,1856.7,1860.1,38938
2026-09-17 12:00:00,1860.1,1860.6,1858.4,1859.7,3253
2026-09-17 12:05:00,1858.7,1860.0,1858.4,1859.0,8071
2026-09-17 12:10:00,1859.0,1859.0,1856.9,1858.9,47917
2026-09-17 12:15:00,1859.2,1859.9,1856.4,1857.3,4783
2026-09-17 12:20:00,1857.2,1857.6,1856.0,1857.0,2772
2026-09-17 12:25:00,1857.5,1857.5,1855.4,1855.8,8693
2026-09-17 12:30:00,1856.4,1859.9,1855.5,1858.5,8617
2026-09-17 12:35:00,1857.7,1858.7,1857.0,1857.0,3098
2026-09-17 12:40:00,1857.8,1860.0,1856.0,1859.3,9807
2026-09-17 12:45:00,1859.0,1859.7,1856.3,1857.1,22778
2026-09-17 12:50:00,1856.6,1857.6,1856.4,1856.9,3983
2026-09-17 12:55:00,1857.5,1857.5,1856.9,1857.2,2452
2026-09-17 13:00:00,1857.3,1857.6,1857.1,1857.2,4200
2026-09-17 13:05:00,1857.4,1857.6,1857.4,1857.5,6745
2026-09-17 13:10:00,1857.4,1857.8,1856.4,1857.3,14226
2026-09-17 13:15:00,1857.2,1857.3,1855.1,1855.3,3771
2026-09-17 13:20:00,1855.2,1856.0,1855.1,1855.5,3392
2026-09-17 13:25:00,1855.6,1856.0,1855.0,1855.0,32671
2026-09-17 13:30:00,1855.9,1855.9,1853.5,1854.0,52197
2026-09-17 13:35:00,1853.5,1858.3,1853.1,1858.0,35511
2026-09-17 13:40:00,1857.5,1858.8,1855.0,1857.2,29945
2026-09-17 13:45:00,1857.2,1859.2,1856.9,1857.0,13437
2026-09-17 13:50:00,1857.0,1858.0,1857.0,1857.1,3759
2026-09-17 13:55:00,1857.6,1858.2,1855.1,1855.5,53220
2026-09-17 14:00:00,1856.0,1857.4,1855.3,1856.5,21087
2026-09-17 14:05:00,1856.5,1858.6,1855.3,1858.5,10180
2026-09-17 14:10:00,1858.4,1860.0,1856.2,1857.6,13505
2026-09-17 14:15:00,1857.1,1858.6,1856.5,1858.2,2750
2026-09-17 14:20:00,1857.7,1863.4,1857.2,1860.0,63692
2026-09-17 14:25:00,1859.5,1861.5,1857.0,1858.4,35414
2026-09-17 14:30:00,1858.4,1860.3,1857.1,1859.2,7904
2026-09-17 14:35:00,1860.0,1861.6,1857.9,1861.3,54308
2026-09-17 14:40:00,1860.7,1861.3,1859.0,1860.4,14128
2026-09-17 14:45:00,1860.4,1861.1,1858.8,1859.1,24415
2026-09-17 14:50:00,1858.8,1860.9,1858.8,1860.2,21907
2026-09-17 14:55:00,1860.1,1861.1,1858.0,1859.0,28251
2026-09-17 15:00:00,1858.5,1862.6,1858.3,1861.9,58096
2026-09-17 15:05:00,1861.6,1864.3,1860.9,1861.0,58772
2026-09-17 15:10:00,1861.0,1865.0,1860.0,1861.6,50639
2026-09-17 15:15:00,1860.9,1860.9,1860.9,1860.9,120
2026-09-17 15:20:00,1860.9,1860.9,1860.9,1860.9,0
2026-09-17 15:25:00,1860.9,1867.3,1860.9,1867.3,58702
2026-09-18 09:15:00,1866.1,1877.2,1858.8,1873.0,72403
2026-09-18 09:20:00,1872.3,1875.0,1870.5,1871.6,21862
2026-09-18 09:25:00,1871.1,1874.0,1870.2,1873.3,17263
2026-09-18 09:30:00,1873.3,1874.3,1868.6,1869.3,16868
2026-09-18 09:35:00,1870.0,1871.9,1867.7,1868.3,32921
2026-09-18 09:40:00,1867.8,1870.7,1867.1,1867.7,46147
2026-09-18 09:45:00,1867.7,1871.4,1867.2,1869.7,24670
2026-09-18 09:50:00,1868.7,1870.0,1866.7,1867.1,26632
2026-09-18 09:55:00,1866.5,1867.6,1862.9,1863.6,10512
2026-09-18 10:00:00,1863.1,1864.3,1860.9,1861.5,9889
2026-09-18 10:05:00,1861.5,1861.6,1858.4,1859.6,16663
2026-09-18 10:10:00,1859.2,1859.9,1858.3,1859.9,8602
2026-09-18 10:15:00,1858.9,1860.0,1855.2,1856.0,25354
2026-09-18 10:20:00,1855.5,1856.3,1852.9,1854.1,33973
2026-09-18 10:25:00,1853.6,1854.3,1851.2,1852.4,50384
2026-09-18 10:30:00,1852.0,1852.9,1851.1,1852.4,7773
2026-09-18 10:35:00,1852.0,1854.8,1851.8,1853.9,8853
2026-09-18 10:40:00,1853.4,1854.0,1852.1,1852.8,6814
2026-09-18 10:45:00,1852.9,1852.9,1851.1,1851.9,5344
2026-09-18 10:50:00,1852.0,1852.1,1851.0,1851.5,10730
2026-09-18 10:55:00,1851.3,1852.2,1850.3,1851.1,6441
2026-09-18 11:00:00,1850.5,1851.5,1849.0,1851.5,15422
2026-09-18 11:05:00,1851.0,1852.0,1847.0,1847.2,7945
2026-09-18 11:10:00,1847.0,1848.0,1845.8,1847.1,17766
2026-09-18 11:15:00,1846.6,1848.1,1845.3,1847.5,26005
2026-09-18 11:20:00,1847.3,1851.9,1847.0,1850.7,49588
2026-09-18 11:25:00,1851.3,1853.9,1849.9,1851.7,29116
2026-09-18 11:30:00,1851.2,1856.8,1850.9,1856.0,90890
2026-09-18 11:35:00,1856.0,1856.1,1852.7,1853.7,17214
2026-09-18 11:40:00,1853.2,1854.8,1850.9,1853.3,114731
2026-09-18 11:45:00,1853.4,1856.1,1852.7,1854.8,14948
2026-09-18 11:50:00,1854.7,1854.8,1851.2,1854.3,29094
2026-09-18 11:55:00,1853.8,1854.2,1849.3,1849.7,30714
2026-09-18 12:00:00,1849.2,1850.8,1849.1,1849.5,3720
2026-09-18 12:05:00,1850.5,1851.2,1848.9,1851.1,60127
2026-09-18 12:10:00,1850.6,1851.7,1850.0,1850.9,35228
2026-09-18 12:15:00,1850.9,1850.9,1847.4,1849.2,29232
2026-09-18 12:20:00,1848.7,1849.4,1847.8,1848.5,23799
2026-09-18 12:25:00,1848.0,1849.9,1847.5,1849.5,26885
2026-09-18 12:30:00,1849.5,1849.9,1845.2,1846.0,43927
2026-09-18 12:35:00,1846.4,1846.6,1845.0,1846.3,22889
2026-09-18 12:40:00,1846.4,1847.0,1845.3,1846.6,7134
2026-09-18 12:45:00,1846.6,1846.6,1845.1,1846.0,8683
2026-09-18 12:50:00,1845.5,1846.9,1845.2,1846.7,3643
2026-09-18 12:55:00,1846.2,1846.9,1846.1,1846.9,2636
2026-09-18 13:00:00,1846.5,1847.8,1846.5,1847.1,6571
2026-09-18 13:05:00,1847.0,1847.4,1846.6,1847.4,4186
2026-09-18 13:10:00,1847.0,1850.0,1847.0,1850.0,45272
2026-09-18 13:15:00,1850.0,1851.8,1849.3,1851.7,34463
2026-09-18 13:20:00,1851.8,1852.1,1849.2,1852.0,59149
2026-09-18 13:25:00,1851.5,1853.2,1851.0,1852.9,39498
2026-09-18 13:30:00,1852.1,1853.1,1851.6,1852.9,8643
2026-09-18 13:35:00,1852.9,1852.9,1851.4,1851.7,5618
2026-09-18 13:40:00,1851.4,1853.9,1851.0,1853.1,18572
2026-09-18 13:45:00,1852.6,1853.8,1852.0,1852.3,8212
2026-09-18 13:50:00,1852.3,1853.3,1852.3,1852.8,7144
2026-09-18 13:55:00,1852.9,1853.8,1852.2,1853.5,9160
2026-09-18 14:00:00,1853.6,1853.8,1852.0,1852.4,6356
2026-09-18 14:05:00,1852.2,1854.3,1852.0,1853.6,12941
2026-09-18 14:10:00,1853.1,1854.1,1851.8,1853.5,15087
2026-09-18 14:15:00,1853.0,1854.5,1853.0,1854.2,10057
2026-09-18 14:20:00,1854.0,1854.8,1854.0,1854.2,8066
2026-09-18 14:25:00,1854.5,1855.5,1854.2,1855.2,7975
2026-09-18 14:30:00,1855.2,1855.3,1853.5,1854.3,13808
2026-09-18 14:35:00,1853.6,1854.3,1851.0,1852.9,45471
2026-09-18 14:40:00,1852.4,1854.6,1852.1,1853.2,26633
2026-09-18 14:45:00,1853.2,1854.0,1853.0,1853.7,16395
2026-09-18 14:50:00,1853.4,1855.2,1853.0,1854.5,53126
2026-09-18 14:55:00,1854.0,1854.9,1853.0,1854.3,47727
2026-09-18 15:00:00,1854.4,1854.4,1852.1,1853.5,110198
2026-09-18 15:05:00,1853.9,1854.9,1851.4,1853.0,170248
2026-09-18 15:10:00,1852.5,1852.6,1847.7,1852.0,220823
2026-09-18 15:15:00,1852.0,1852.0,1852.0,1852.0,0
2026-09-18 15:20:00,1852.0,1852.0,1852.0,1852.0,0
2026-09-18 15:25:00,1852.0,1852.0,1837.3,1837.3,712012
2026-09-21 09:15:00,1832.2,1864.3,1832.2,1862.5,57781
2026-09-21 09:20:00,1862.5,1870.0,1858.0,1868.5,33492
2026-09-21 09:25:00,1868.5,1872.0,1865.7,1869.5,26535
2026-09-21 09:30:00,1869.8,1873.8,1869.8,1873.8,26153
2026-09-21 09:35:00,1874.7,1874.9,1872.1,1873.7,20629
2026-09-21 09:40:00,1874.3,1883.0,1873.7,1880.4,50523
2026-09-21 09:45:00,1881.0,1882.9,1878.7,1882.7,33993
2026-09-21 09:50:00,1881.9,1882.7,1877.0,1878.0,49968
2026-09-21 09:55:00,1878.5,1879.4,1875.1,1875.6,42399
2026-09-21 10:00:00,1875.6,1878.0,1873.6,1877.6,66772
2026-09-21 10:05:00,1877.4,1880.5,1875.6,1879.7,69059
2026-09-21 10:10:00,1880.2,1881.2,1877.0,1880.5,53771
2026-09-21 10:15:00,1880.3,1891.5,1880.0,1888.9,151751
2026-09-21 10:20:00,1888.4,1888.9,1878.0,1879.0,49988
2026-09-21 10:25:00,1878.8,1885.0,1878.0,1883.6,24046
2026-09-21 10:30:00,1883.3,1885.8,1883.1,1884.2,20148
2026-09-21 10:35:00,1884.2,1885.0,1883.6,1885.0,11468
2026-09-21 10:40:00,1885.0,1887.8,1883.6,1887.7,18931
2026-09-21 10:45:00,1887.2,1888.0,1886.4,1887.6,33357
2026-09-21 10:50:00,1887.7,1888.3,1880.7,1880.7,32901
2026-09-21 10:55:00,1880.7,1881.4,1878.5,1880.0,39711
2026-09-21 11:00:00,1880.5,1881.3,1878.9,1880.0,32954
2026-09-21 11:05:00,1880.0,1880.8,1876.4,1879.0,31612
2026-09-21 11:10:00,1879.0,1879.7,1877.1,1878.1,17059
2026-09-21 11:15:00,1878.1,1880.7,1878.1,1879.2,18188
2026-09-21 11:20:00,1879.4,1880.4,1876.3,1877.2,52141
2026-09-21 11:25:00,1877.0,1878.6,1876.3,1877.6,17635
2026-09-21 11:30:00,1877.4,1880.0,1875.8,1875.9,21385
2026-09-21 11:35:00,1876.0,1876.5,1875.0,1876.2,14202
2026-09-21 11:40:00,1876.1,1876.4,1874.0,1875.0,22667
2026-09-21 11:45:00,1875.0,1875.0,1872.4,1874.0,21756
2026-09-21 11:50:00,1874.0,1876.5,1873.3,1875.0,67932
2026-09-21 11:55:00,1875.0,1880.0,1875.0,1879.2,32914
2026-09-21 12:00:00,1878.7,1879.5,1876.1,1877.0,23986
2026-09-21 12:05:00,1876.3,1878.9,1876.3,1878.2,16976
2026-09-21 12:10:00,1878.2,1878.2,1876.2,1876.7,4754
2026-09-21 12:15:00,1876.7,1877.0,1875.8,1876.2,4146
2026-09-21 12:20:00,1875.9,1879.0,1875.9,1878.2,42472
2026-09-21 12:25:00,1877.6,1880.7,1877.5,1879.5,8182
2026-09-21 12:30:00,1879.5,1881.4,1879.3,1881.3,14089
2026-09-21 12:35:00,1881.2,1881.6,1876.6,1876.8,28838
2026-09-21 12:40:00,1877.1,1878.0,1876.4,1878.0,7519
2026-09-21 12:45:00,1877.9,1878.0,1874.4,1875.4,18188
2026-09-21 12:50:00,1875.4,1876.0,1873.4,1874.0,13211
2026-09-21 12:55:00,1873.6,1873.9,1871.9,1873.0,14311
2026-09-21 13:00:00,1872.5,1874.0,1872.5,1873.0,6204
2026-09-21 13:05:00,1873.1,1874.2,1872.6,1873.5,6572
2026-09-21 13:10:00,1873.0,1878.0,1872.7,1875.0,94228
2026-09-21 13:15:00,1875.0,1875.0,1870.0,1870.5,43588
2026-09-21 13:20:00,1870.5,1870.5,1868.0,1868.9,26345
2026-09-21 13:25:00,1868.4,1869.0,1867.4,1868.8,19737
2026-09-21 13:30:00,1869.0,1871.5,1868.8,1870.4,67677
2026-09-21 13:35:00,1870.4,1870.7,1868.9,1869.5,31566
2026-09-21 13:40:00,1869.5,1870.2,1869.0,1869.6,20250
2026-09-21 13:45:00,1869.1,1872.7,1868.1,1871.2,67690
2026-09-21 13:50:00,1870.8,1871.8,1868.4,1869.2,26626
2026-09-21 13:55:00,1868.7,1870.0,1868.6,1869.8,14103
2026-09-21 14:00:00,1869.8,1870.0,1869.0,1869.1,22577
2026-09-21 14:05:00,1869.0,1869.9,1868.6,1868.7,12106
2026-09-21 14:10:00,1868.8,1869.9,1868.5,1869.8,12658
2026-09-21 14:15:00,1869.8,1870.0,1867.6,1868.4,14742
2026-09-21 14:20:00,1868.4,1869.4,1867.7,1868.5,24887
2026-09-21 14:25:00,1868.5,1869.4,1867.7,1868.3,10688
2026-09-21 14:30:00,1868.3,1869.8,1868.1,1869.2,15537
2026-09-21 14:35:00,1869.0,1870.0,1867.7,1868.9,64645
2026-09-21 14:40:00,1869.1,1872.0,1867.6,1870.6,74062
2026-09-21 14:45:00,1870.4,1871.6,1870.0,1870.0,16520
2026-09-21 14:50:00,1870.5,1871.7,1870.0,1870.9,17821
2026-09-21 14:55:00,1870.9,1871.7,1868.8,1870.3,76692
2026-09-21 15:00:00,1870.1,1874.2,1869.5,1872.6,56381
2026-09-21 15:05:00,1872.6,1873.5,1871.0,1873.5,72712
2026-09-21 15:10:00,1872.8,1875.0,1866.2,1866.2,88095
2026-09-21 15:15:00,1875.0,1875.0,1875.0,1875.0,283
2026-09-21 15:20:00,1875.0,1875.0,1875.0,1875.0,0
2026-09-21 15:25:00,1875.0,1875.0,1868.9,1868.9,65327
2026-09-22 09:15:00,1869.0,1876.4,1863.0,1864.7,25011
2026-09-22 09:20:00,1864.7,1865.4,1861.4,1862.0,17998
2026-09-22 09:25:00,1861.6,1864.1,1861.1,1863.0,5880
2026-09-22 09:30:00,1863.2,1863.2,1858.1,1861.7,19588
2026-09-22 09:35:00,1861.8,1861.8,1858.1,1858.5,11518
2026-09-22 09:40:00,1859.0,1861.5,1857.8,1860.7,13253
2026-09-22 09:45:00,1860.7,1862.2,1858.1,1859.4,9777
2026-09-22 09:50:00,1859.4,1864.7,1858.1,1862.0,18546
2026-09-22 09:55:00,1862.0,1863.0,1861.3,1862.6,3470
2026-09-22 10:00:00,1862.7,1866.1,1862.7,1863.9,9381
2026-09-22 10:05:00,1863.4,1863.9,1861.6,1863.2,13116
2026-09-22 10:10:00,1863.6,1866.0,1862.9,1864.7,11834
2026-09-22 10:15:00,1864.1,1864.7,1862.9,1863.0,5913
2026-09-22 10:20:00,1862.9,1863.2,1860.7,1861.9,6654
2026-09-22 10:25:00,1861.5,1863.4,1861.2,1861.5,6907
2026-09-22 10:30:00,1861.5,1862.3,1860.0,1860.5,4239
2026-09-22 10:35:00,1860.9,1862.2,1858.4,1858.4,10104
2026-09-22 10:40:00,1858.9,1860.6,1856.6,1857.5,7374
2026-09-22 10:45:00,1857.5,1859.7,1856.9,1858.9,7586
2026-09-22 10:50:00,1858.3,1859.0,1856.8,1858.6,4277
2026-09-22 10:55:00,1858.7,1860.5,1857.9,1860.0,4571
2026-09-22 11:00:00,1860.0,1860.7,1857.8,1858.8,7768
2026-09-22 11:05:00,1858.2,1858.7,1856.1,1856.8,6910
2026-09-22 11:10:00,1857.6,1857.9,1853.6,1854.3,5811
2026-09-22 11:15:00,1854.3,1854.9,1851.2,1851.5,53038
2026-09-22 11:20:00,1851.7,1852.5,1850.8,1851.4,8177
2026-09-22 11:25:00,1851.5,1852.0,1850.1,1850.5,9184
2026-09-22 11:30:00,1850.5,1852.1,1850.1,1851.4,25797
2026-09-22 11:35:00,1851.4,1852.9,1850.7,1851.9,16332
2026-09-22 11:40:00,1852.0,1853.3,1851.6,1853.3,13248
2026-09-22 11:45:00,1852.9,1853.3,1847.0,1848.0,24227
2026-09-22 11:50:00,1848.2,1848.7,1846.0,1847.3,10401
2026-09-22 11:55:00,1847.4,1850.0,1845.7,1848.6,32808
2026-09-22 12:00:00,1849.0,1849.0,1846.8,1847.3,3716
2026-09-22 12:05:00,1847.3,1847.8,1846.0,1847.0,4622
2026-09-22 12:10:00,1847.0,1847.5,1846.5,1847.5,2515
2026-09-22 12:15:00,1847.2,1847.9,1846.6,1847.9,3887
2026-09-22 12:20:00,1847.9,1848.3,1847.2,1847.5,3310
2026-09-22 12:25:00,1847.4,1848.0,1846.8,1847.1,6399
2026-09-22 12:30:00,1847.2,1848.4,1846.1,1847.0,7618
2026-09-22 12:35:00,1847.0,1847.7,1846.4,1847.1,2244
2026-09-22 12:40:00,1847.1,1848.5,1846.8,1848.0,5802
2026-09-22 12:45:00,1848.0,1850.0,1847.6,1848.7,8675
2026-09-22 12:50:00,1848.8,1849.2,1847.0,1848.7,5589
2026-09-22 12:55:00,1848.9,1848.9,1847.7,1848.6,4700
2026-09-22 13:00:00,1848.5,1849.3,1847.5,1848.6,4044
2026-09-22 13:05:00,1848.6,1850.0,1848.1,1850.0,3921
2026-09-22 13:10:00,1849.6,1850.0,1848.6,1848.8,3592
2026-09-22 13:15:00,1849.2,1849.2,1847.4,1847.9,3433
2026-09-22 13:20:00,1848.2,1848.2,1847.2,1847.5,3756
2026-09-22 13:25:00,1847.5,1848.6,1846.6,1848.5,5414
2026-09-22 13:30:00,1848.6,1849.2,1847.4,1848.1,6012
2026-09-22 13:35:00,1848.1,1848.4,1846.4,1847.5,5830
2026-09-22 13:40:00,1847.5,1848.1,1846.0,1846.8,5132
2026-09-22 13:45:00,1846.7,1847.7,1846.1,1846.9,8145
2026-09-22 13:50:00,1846.9,1847.6,1844.3,1846.3,12787
2026-09-22 13:55:00,1846.3,1846.8,1845.0,1845.5,9147
2026-09-22 14:00:00,1845.3,1848.8,1844.7,1848.8,17233
2026-09-22 14:05:00,1848.6,1848.9,1847.1,1848.9,6192
2026-09-22 14:10:00,1848.5,1853.8,1847.6,1853.1,47159
2026-09-22 14:15:00,1853.7,1855.0,1849.5,1850.0,39002
2026-09-22 14:20:00,1849.5,1852.0,1849.5,1850.5,26727
2026-09-22 14:25:00,1850.3,1851.3,1848.2,1849.3,28305
2026-09-22 14:30:00,1849.3,1850.2,1848.5,1848.6,7895
2026-09-22 14:35:00,1848.8,1850.9,1848.5,1850.0,10157
2026-09-22 14:40:00,1849.8,1850.8,1848.6,1850.8,16170
2026-09-22 14:45:00,1850.7,1852.0,1849.2,1850.0,24179
2026-09-22 14:50:00,1849.9,1850.0,1848.3,1849.0,36991
2026-09-22 14:55:00,1848.8,1849.6,1845.4,1846.4,45759
2026-09-22 15:00:00,1846.1,1847.5,1846.0,1846.3,34631
2026-09-22 15:05:00,1846.6,1846.7,1845.3,1845.5,30960
2026-09-22 15:10:00,1845.6,1848.0,1842.3,1844.2,93695
2026-09-22 15:15:00,1850.0,1850.0,1850.0,1850.0,301
2026-09-22 15:20:00,1850.0,1850.0,1850.0,1850.0,0
2026-09-22 15:25:00,1850.0,1850.0,1846.4,1846.4,34421
2026-09-23 09:15:00,1846.4,1854.8,1844.0,1852.6,39505
2026-09-23 09:20:00,1852.9,1857.0,1848.4,1851.3,17930
2026-09-23 09:25:00,1852.2,1852.2,1847.5,1848.6,8705
2026-09-23 09:30:00,1848.9,1849.7,1845.0,1847.2,8921
2026-09-23 09:35:00,1847.4,1848.6,1845.3,1845.7,8649
2026-09-23 09:40:00,1846.2,1847.8,1845.7,1847.5,3778
2026-09-23 09:45:00,1847.6,1847.6,1845.5,1846.2,5394
2026-09-23 09:50:00,1846.7,1847.0,1845.0,1846.6,4793
2026-09-23 09:55:00,1846.7,1849.6,1846.6,1849.4,8956
2026-09-23 10:00:00,1849.4,1851.4,1848.1,1850.4,4956
2026-09-23 10:05:00,1850.6,1851.7,1850.6,1850.6,3662
2026-09-23 10:10:00,1850.4,1851.0,1849.2,1851.0,7002
2026-09-23 10:15:00,1850.9,1854.5,1850.2,1854.1,6695
2026-09-23 10:20:00,1854.1,1854.9,1852.8,1852.8,4698
2026-09-23 10:25:00,1853.1,1854.3,1851.3,1852.2,5645
2026-09-23 10:30:00,1852.4,1853.2,1850.1,1850.5,3409
2026-09-23 10:35:00,1850.5,1850.6,1849.4,1849.4,3062
2026-09-23 10:40:00,1849.5,1849.5,1847.6,1848.9,6829
2026-09-23 10:45:00,1849.0,1850.4,1848.7,1849.2,5133
2026-09-23 10:50:00,1849.2,1850.1,1849.1,1849.1,2387
2026-09-23 10:55:00,1849.0,1849.4,1848.4,1849.2,2987
2026-09-23 11:00:00,1849.3,1850.9,1848.2,1850.0,8177
2026-09-23 11:05:00,1850.1,1850.7,1849.5,1850.0,5709
2026-09-23 11:10:00,1850.1,1852.5,1850.0,1850.1,7744
2026-09-23 11:15:00,1850.1,1850.4,1849.7,1850.0,7991
2026-09-23 11:20:00,1850.1,1850.8,1848.9,1850.0,23937
2026-09-23 11:25:00,1849.9,1850.6,1849.0,1850.0,18906
2026-09-23 11:30:00,1850.1,1850.9,1850.0,1850.3,2582
2026-09-23 11:35:00,1850.4,1850.4,1849.3,1850.0,11655
2026-09-23 11:40:00,1850.3,1851.0,1849.2,1850.1,5444
2026-09-23 11:45:00,1850.2,1851.0,1850.0,1850.2,8058
2026-09-23 11:50:00,1850.3,1851.4,1850.0,1850.4,5037
2026-09-23 11:55:00,1850.4,1851.8,1850.0,1850.2,11660
2026-09-23 12:00:00,1850.3,1850.5,1850.1,1850.4,4504
2026-09-23 12:05:00,1850.7,1852.7,1850.1,1852.3,12018
2026-09-23 12:10:00,1852.4,1854.3,1852.4,1853.4,11247
2026-09-23 12:15:00,1853.5,1854.0,1851.9,1853.1,8163
2026-09-23 12:20:00,1853.5,1853.8,1851.6,1852.9,10584
2026-09-23 12:25:00,1853.0,1853.0,1852.0,1852.1,4890
2026-09-23 12:30:00,1852.0,1852.8,1851.9,1852.7,5904
2026-09-23 12:35:00,1852.8,1853.3,1852.6,1852.9,3896
2026-09-23 12:40:00,1853.0,1853.7,1852.8,1853.4,3878
2026-09-23 12:45:00,1853.4,1854.5,1852.8,1854.1,9272
2026-09-23 12:50:00,1854.2,1855.2,1853.9,1855.2,8502
2026-09-23 12:55:00,1855.1,1861.2,1854.9,1860.4,29952
2026-09-23 13:00:00,1860.5,1861.4,1859.8,1860.7,13011
2026-09-23 13:05:00,1860.7,1861.0,1859.5,1860.8,7727
2026-09-23 13:10:00,1860.7,1861.9,1860.1,1860.9,12535
2026-09-23 13:15:00,1861.0,1863.0,1860.9,1861.3,13087
2026-09-23 13:20:00,1861.7,1861.8,1860.2,1860.6,8507
2026-09-23 13:25:00,1860.6,1861.4,1860.5,1860.8,7836
2026-09-23 13:30:00,1860.9,1861.0,1860.1,1860.9,8152
2026-09-23 13:35:00,1860.7,1862.0,1859.1,1861.8,18396
2026-09-23 13:40:00,1862.0,1863.3,1861.7,1862.6,7681
2026-09-23 13:45:00,1863.0,1863.5,1861.5,1862.7,8352
2026-09-23 13:50:00,1862.8,1863.8,1861.9,1863.3,11886
2026-09-23 13:55:00,1863.4,1864.7,1862.6,1863.2,9094
2026-09-23 14:00:00,1863.2,1864.5,1862.9,1864.0,8011
2026-09-23 14:05:00,1864.2,1865.0,1863.8,1864.2,7560
2026-09-23 14:10:00,1864.3,1865.5,1863.4,1865.4,9618
2026-09-23 14:15:00,1865.6,1867.1,1864.5,1865.1,12582
2026-09-23 14:20:00,1865.1,1865.7,1864.6,1865.2,7756
2026-09-23 14:25:00,1865.1,1865.6,1864.6,1865.4,9273
2026-09-23 14:30:00,1865.5,1868.0,1865.5,1867.1,19469
2026-09-23 14:35:00,1867.1,1867.3,1866.4,1867.0,8477
2026-09-23 14:40:00,1867.3,1867.3,1865.7,1866.4,9009
2026-09-23 14:45:00,1866.4,1869.6,1865.2,1869.0,21800
2026-09-23 14:50:00,1868.9,1869.4,1866.7,1868.0,28645
2026-09-23 14:55:00,1868.2,1868.5,1864.4,1865.6,30131
2026-09-23 15:00:00,1865.0,1865.3,1863.6,1864.5,26500
2026-09-23 15:05:00,1864.5,1866.6,1862.5,1865.1,47870
2026-09-23 15:10:00,1865.1,1866.0,1860.0,1866.0,65165
2026-09-23 15:15:00,1860.0,1860.0,1860.0,1860.0,91
2026-09-23 15:20:00,1860.0,1860.0,1860.0,1860.0,0
2026-09-23 15:25:00,1860.0,1865.0,1860.0,1865.0,69434
2026-09-24 09:15:00,1859.0,1871.8,1859.0,1863.7,39321
2026-09-24 09:20:00,1863.7,1874.9,1863.7,1871.5,27032
2026-09-24 09:25:00,1871.9,1880.0,1871.9,1872.8,35280
2026-09-24 09:30:00,1872.5,1876.0,1871.3,1872.0,17265
2026-09-24 09:35:00,1871.5,1875.5,1870.0,1870.5,17176
2026-09-24 09:40:00,1870.7,1870.7,1865.0,1868.9,18782
2026-09-24 09:45:00,1868.9,1871.3,1867.1,1867.9,13361
2026-09-24 09:50:00,1867.7,1867.9,1863.4,1865.8,16105
2026-09-24 09:55:00,1865.6,1866.3,1863.9,1866.0,8432
2026-09-24 10:00:00,1866.0,1866.8,1864.4,1866.5,6922
2026-09-24 10:05:00,1866.4,1867.4,1864.3,1866.6,10603
2026-09-24 10:10:00,1866.6,1868.2,1865.7,1866.4,10472
2026-09-24 10:15:00,1866.4,1867.4,1864.0,1867.1,11553
2026-09-24 10:20:00,1867.0,1868.3,1865.2,1868.3,14031
2026-09-24 10:25:00,1868.3,1871.6,1865.3,1865.3,10496
2026-09-24 10:30:00,1866.1,1867.6,1865.2,1866.8,6196
2026-09-24 10:35:00,1866.5,1868.1,1865.4,1866.0,9404
2026-09-24 10:40:00,1865.9,1866.5,1864.1,1866.2,8203
2026-09-24 10:45:00,1865.6,1866.7,1864.7,1866.1,5253
2026-09-24 10:50:00,1866.0,1867.5,1865.1,1865.6,5078
2026-09-24 10:55:00,1865.1,1866.9,1865.1,1865.8,5218
2026-09-24 11:00:00,1866.0,1868.5,1864.2,1866.7,8222
2026-09-24 11:05:00,1866.2,1866.2,1864.5,1865.8,5720
2026-09-24 11:10:00,1865.8,1866.5,1863.9,1864.4,10122
2026-09-24 11:15:00,1864.3,1867.5,1864.2,1867.5,9088
2026-09-24 11:20:00,1867.6,1870.5,1866.0,1870.1,50296
2026-09-24 11:25:00,1869.7,1870.2,1868.4,1869.1,55441
2026-09-24 11:30:00,1868.8,1870.0,1862.1,1862.7,52173
2026-09-24 11:35:00,1862.5,1863.9,1860.7,1861.0,12980
2026-09-24 11:40:00,1860.9,1864.3,1860.4,1861.8,12922
2026-09-24 11:45:00,1861.3,1862.1,1860.5,1860.5,5451
2026-09-24 11:50:00,1860.5,1861.0,1860.0,1861.0,11762
2026-09-24 11:55:00,1861.0,1865.2,1858.4,1863.5,36411
2026-09-24 12:00:00,1863.5,1867.0,1863.5,1867.0,9084
2026-09-24 12:05:00,1866.9,1867.0,1864.2,1865.5,6929
2026-09-24 12:10:00,1865.2,1865.2,1862.8,1863.7,7426
2026-09-24 12:15:00,1863.8,1864.7,1862.1,1863.3,4225
2026-09-24 12:20:00,1863.3,1864.9,1862.2,1863.7,28651
2026-09-24 12:25:00,1863.6,1863.6,1860.6,1861.1,21457
2026-09-24 12:30:00,1861.2,1864.2,1861.0,1863.8,8745
2026-09-24 12:35:00,1863.8,1863.9,1860.6,1861.6,9482
2026-09-24 12:40:00,1861.5,1862.4,1860.9,1861.4,6243
2026-09-24 12:45:00,1861.3,1861.5,1860.1,1860.9,7819
2026-09-24 12:50:00,1860.9,1862.9,1860.6,1860.9,8865
2026-09-24 12:55:00,1860.9,1862.0,1860.0,1861.0,25689
2026-09-24 13:00:00,1861.4,1861.7,1859.3,1860.9,39612
2026-09-24 13:05:00,1860.9,1861.0,1858.4,1858.6,8026
2026-09-24 13:10:00,1858.5,1859.4,1857.2,1859.2,10029
2026-09-24 13:15:00,1859.2,1859.4,1856.2,1856.6,23969
2026-09-24 13:20:00,1856.6,1858.1,1855.8,1857.7,44145
2026-09-24 13:25:00,1857.7,1858.0,1853.5,1854.2,19007
2026-09-24 13:30:00,1854.3,1857.5,1853.6,1857.1,35991
2026-09-24 13:35:00,1857.0,1857.7,1856.1,1857.1,66803
2026-09-24 13:40:00,1857.1,1857.3,1854.5,1855.8,28823
2026-09-24 13:45:00,1855.5,1857.3,1854.9,1854.9,36526
2026-09-24 13:50:00,1855.4,1856.7,1852.4,1852.6,42366
2026-09-24 13:55:00,1852.6,1852.7,1850.8,1851.2,15164
2026-09-24 14:00:00,1851.1,1852.4,1850.1,1851.3,14666
2026-09-24 14:05:00,1851.3,1852.7,1849.9,1852.6,34006
2026-09-24 14:10:00,1852.2,1852.9,1851.0,1851.3,24247
2026-09-24 14:15:00,1851.7,1852.6,1851.1,1851.8,11502
2026-09-24 14:20:00,1851.8,1853.0,1851.0,1852.8,35875
2026-09-24 14:25:00,1852.8,1852.8,1850.6,1851.6,31209
2026-09-24 14:30:00,1851.6,1853.1,1850.7,1851.5,36391
2026-09-24 14:35:00,1851.5,1854.0,1851.5,1853.6,41473
2026-09-24 14:40:00,1853.5,1853.8,1851.1,1852.7,43885
2026-09-24 14:45:00,1852.9,1853.1,1851.1,1851.3,26659
2026-09-24 14:50:00,1851.0,1852.4,1850.1,1851.2,36856
2026-09-24 14:55:00,1851.2,1852.1,1849.5,1849.7,58497
2026-09-24 15:00:00,1850.1,1851.4,1849.7,1850.1,45907
2026-09-24 15:05:00,1850.1,1850.1,1848.4,1850.1,96454
2026-09-24 15:10:00,1850.1,1851.0,1849.1,1851.0,76181
2026-09-24 15:15:00,1851.0,1851.0,1851.0,1851.0,2
2026-09-24 15:20:00,1851.0,1851.0,1851.0,1851.0,0
2026-09-24 15:25:00,1851.0,1851.0,1849.9,1849.9,45926
2026-09-25 09:15:00,1858.7,1858.7,1841.6,1844.7,19699
2026-09-25 09:20:00,1844.7,1849.6,1843.7,1849.0,9259
2026-09-25 09:25:00,1849.0,1853.2,1849.0,1853.0,13101
2026-09-25 09:30:00,1854.0,1855.8,1851.1,1852.1,6688
2026-09-25 09:35:00,1851.1,1855.0,1850.5,1854.9,7313
2026-09-25 09:40:00,1854.4,1854.4,1850.3,1850.3,3097
2026-09-25 09:45:00,1850.3,1852.4,1849.3,1851.5,5189
2026-09-25 09:50:00,1851.4,1851.6,1848.1,1849.4,2429
2026-09-25 09:55:00,1848.6,1849.7,1846.2,1849.0,8824
2026-09-25 10:00:00,1848.5,1849.0,1845.2,1846.0,4362
2026-09-25 10:05:00,1845.5,1848.6,1845.5,1848.1,4296
2026-09-25 10:10:00,1848.0,1849.5,1846.9,1847.7,5126
2026-09-25 10:15:00,1847.7,1848.6,1847.1,1848.6,1455
2026-09-25 10:20:00,1848.6,1849.9,1847.1,1847.7,2435
2026-09-25 10:25:00,1847.5,1848.2,1844.8,1844.8,50288
2026-09-25 10:30:00,1844.8,1846.2,1842.5,1843.5,9275
2026-09-25 10:35:00,1843.0,1845.0,1843.0,1844.0,3384
2026-09-25 10:40:00,1844.7,1845.9,1844.1,1845.9,2106
2026-09-25 10:45:00,1845.4,1848.5,1845.1,1848.4,1781
2026-09-25 10:50:00,1847.9,1852.0,1847.3,1851.0,5078
2026-09-25 10:55:00,1851.2,1853.0,1851.1,1852.7,4844
2026-09-25 11:00:00,1852.2,1853.0,1850.3,1851.8,4477
2026-09-25 11:05:00,1851.8,1854.0,1851.8,1854.0,4218
2026-09-25 11:10:00,1853.5,1854.9,1852.9,1853.7,2538
2026-09-25 11:15:00,1853.9,1854.0,1852.4,1853.0,2767
2026-09-25 11:20:00,1853.0,1853.3,1850.8,1851.0,3777
2026-09-25 11:25:00,1851.0,1851.2,1848.9,1849.2,2121
2026-09-25 11:30:00,1849.2,1850.0,1848.3,1849.0,8374
2026-09-25 11:35:00,1848.5,1849.0,1847.1,1847.4,1969
2026-09-25 11:40:00,1848.0,1848.0,1846.4,1847.5,2397
2026-09-25 11:45:00,1847.0,1851.2,1847.0,1848.6,61907
2026-09-25 11:50:00,1848.1,1851.9,1848.0,1850.3,49571
2026-09-25 11:55:00,1850.4,1850.4,1849.0,1849.6,1978
2026-09-25 12:00:00,1850.2,1850.6,1849.0,1849.2,5299
2026-09-25 12:05:00,1849.2,1849.9,1849.0,1849.2,9378
2026-09-25 12:10:00,1848.7,1850.0,1848.7,1850.0,3222
2026-09-25 12:15:00,1850.0,1850.0,1849.1,1849.3,1156
2026-09-25 12:20:00,1850.0,1850.0,1849.0,1850.0,3455
2026-09-25 12:25:00,1850.0,1850.5,1849.4,1849.8,9595
2026-09-25 12:30:00,1849.8,1850.0,1849.3,1850.0,1674
2026-09-25 12:35:00,1850.0,1850.0,1849.0,1849.9,2747
2026-09-25 12:40:00,1849.4,1850.0,1849.1,1850.0,2525
2026-09-25 12:45:00,1850.0,1850.3,1849.0,1849.4,1920
2026-09-25 12:50:00,1849.4,1850.0,1849.0,1849.6,3078
2026-09-25 12:55:00,1849.6,1850.0,1848.9,1849.8,7305
2026-09-25 13:00:00,1849.3,1850.0,1849.2,1849.7,1961
2026-09-25 13:05:00,1850.0,1850.9,1848.1,1849.4,49458
2026-09-25 13:10:00,1849.7,1849.7,1846.9,1847.1,29984
2026-09-25 13:15:00,1847.7,1847.7,1845.4,1846.6,2749
2026-09-25 13:20:00,1846.6,1847.0,1844.4,1844.8,4782
2026-09-25 13:25:00,1844.8,1846.1,1844.7,1846.0,3903
2026-09-25 13:30:00,1846.0,1846.5,1844.8,1845.5,2783
2026-09-25 13:35:00,1846.1,1846.7,1844.3,1846.7,4215
2026-09-25 13:40:00,1846.2,1847.3,1845.7,1846.3,4137
2026-09-25 13:45:00,1846.3,1848.0,1845.8,1847.2,2529
2026-09-25 13:50:00,1847.5,1848.0,1846.8,1847.2,3073
2026-09-25 13:55:00,1847.4,1848.0,1845.5,1848.0,3847
2026-09-25 14:00:00,1848.0,1854.5,1848.0,1853.3,36408
2026-09-25 14:05:00,1853.5,1853.5,1848.2,1848.9,24652
2026-09-25 14:10:00,1849.2,1849.5,1848.0,1848.8,2346
2026-09-25 14:15:00,1848.8,1849.6,1848.2,1849.0,2794
2026-09-25 14:20:00,1849.4,1849.7,1848.3,1849.2,2264
2026-09-25 14:25:00,1849.4,1850.9,1849.1,1849.2,2813
2026-09-25 14:30:00,1849.0,1851.6,1848.8,1850.7,4319
2026-09-25 14:35:00,1850.1,1851.0,1850.0,1850.7,3589
2026-09-25 14:40:00,1850.7,1850.8,1849.2,1850.3,2820
2026-09-25 14:45:00,1850.3,1851.5,1849.7,1850.9,3250
2026-09-25 14:50:00,1850.2,1854.9,1850.0,1854.3,13645
2026-09-25 14:55:00,1854.9,1856.1,1852.5,1853.3,24675
2026-09-25 15:00:00,1853.5,1854.2,1851.4,1852.7,16485
2026-09-25 15:05:00,1852.7,1854.1,1850.2,1851.7,21129
2026-09-25 15:10:00,1852.3,1855.2,1850.1,1851.8,22299
2026-09-25 15:15:00,1855.9,1855.9,1855.9,1855.9,35
2026-09-25 15:20:00,1855.9,1855.9,1855.9,1855.9,0
2026-09-25 15:25:00,1855.9,1855.9,1852.2,1852.2,16632
2026-09-28 09:15:00,1844.0,1855.0,1842.9,1844.4,31310
2026-09-28 09:20:00,1845.2,1849.3,1844.6,1847.7,7336
2026-09-28 09:25:00,1849.0,1849.5,1847.0,1847.4,6901
2026-09-28 09:30:00,1848.2,1848.7,1845.8,1846.1,5696
2026-09-28 09:35:00,1846.1,1847.4,1842.7,1843.2,11815
2026-09-28 09:40:00,1844.1,1847.0,1842.3,1845.0,5694
2026-09-28 09:45:00,1845.7,1847.5,1844.4,1847.5,9330
2026-09-28 09:50:00,1847.6,1848.4,1845.2,1847.2,4696
2026-09-28 09:55:00,1847.1,1848.3,1845.5,1846.5,7372
2026-09-28 10:00:00,1846.0,1846.9,1844.7,1845.5,3841
2026-09-28 10:05:00,1845.5,1846.1,1842.5,1843.4,6293
2026-09-28 10:10:00,1843.4,1844.4,1842.5,1843.6,5971
2026-09-28 10:15:00,1843.5,1843.7,1840.0,1840.2,9536
2026-09-28 10:20:00,1840.5,1843.0,1839.1,1842.4,8143
2026-09-28 10:25:00,1842.4,1844.5,1841.0,1844.4,5696
2026-09-28 10:30:00,1843.8,1846.5,1841.2,1842.5,7899
2026-09-28 10:35:00,1842.0,1843.6,1841.5,1843.2,3174
2026-09-28 10:40:00,1843.2,1845.4,1843.0,1845.0,3429
2026-09-28 10:45:00,1844.9,1844.9,1843.0,1843.7,3389
2026-09-28 10:50:00,1843.7,1844.4,1843.0,1843.7,3117
2026-09-28 10:55:00,1844.3,1846.6,1843.7,1844.8,8770
2026-09-28 11:00:00,1844.1,1844.8,1842.9,1843.2,5014
2026-09-28 11:05:00,1843.1,1845.1,1842.4,1844.3,7625
2026-09-28 11:10:00,1844.6,1844.6,1843.0,1844.0,4359
2026-09-28 11:15:00,1843.6,1844.4,1842.7,1844.0,7936
2026-09-28 11:20:00,1844.1,1844.5,1842.8,1844.0,4266
2026-09-28 11:25:00,1844.0,1844.8,1842.1,1844.7,5682
2026-09-28 11:30:00,1844.7,1846.2,1843.6,1845.0,4599
2026-09-28 11:35:00,1845.1,1845.1,1842.7,1843.1,10013
2026-09-28 11:40:00,1843.3,1845.0,1842.3,1843.2,2771
2026-09-28 11:45:00,1843.2,1843.8,1841.8,1843.1,5244
2026-09-28 11:50:00,1843.2,1843.2,1842.0,1842.7,1430
2026-09-28 11:55:00,1842.0,1843.7,1842.0,1843.2,2385
2026-09-28 12:00:00,1843.0,1844.0,1842.2,1842.2,3060
2026-09-28 12:05:00,1842.6,1843.3,1842.0,1842.1,2009
2026-09-28 12:10:00,1842.8,1843.0,1841.5,1841.9,3192
2026-09-28 12:15:00,1841.9,1842.8,1841.0,1842.8,2664
2026-09-28 12:20:00,1842.8,1843.2,1841.6,1842.8,3776
2026-09-28 12:25:00,1842.6,1843.1,1840.6,1840.6,4513
2026-09-28 12:30:00,1841.4,1843.0,1840.2,1842.2,3730
2026-09-28 12:35:00,1842.2,1843.3,1841.4,1842.0,3559
2026-09-28 12:40:00,1842.0,1842.7,1841.4,1842.0,3312
2026-09-28 12:45:00,1842.0,1842.9,1841.4,1841.7,2707
2026-09-28 12:50:00,1841.6,1842.4,1840.9,1842.3,6076
2026-09-28 12:55:00,1842.4,1843.3,1841.0,1841.8,5845
2026-09-28 13:00:00,1841.8,1842.9,1841.3,1841.6,2848
2026-09-28 13:05:00,1841.6,1845.8,1840.8,1845.7,22877
2026-09-28 13:10:00,1845.8,1846.7,1844.2,1845.3,7727
2026-09-28 13:15:00,1845.3,1845.9,1844.9,1845.8,3696
2026-09-28 13:20:00,1845.9,1847.2,1845.0,1846.3,11543
2026-09-28 13:25:00,1846.8,1846.8,1845.1,1845.6,1178
2026-09-28 13:30:00,1845.8,1846.9,1844.1,1844.6,6456
2026-09-28 13:35:00,1844.5,1845.8,1844.0,1845.0,3661
2026-09-28 13:40:00,1845.3,1846.3,1844.6,1846.0,3069
2026-09-28 13:45:00,1846.2,1848.0,1846.2,1847.7,4494
2026-09-28 13:50:00,1847.7,1849.0,1847.1,1848.2,5841
2026-09-28 13:55:00,1848.3,1848.3,1847.2,1847.6,5268
2026-09-28 14:00:00,1847.4,1847.6,1846.5,1846.7,3073
2026-09-28 14:05:00,1846.9,1856.6,1846.7,1856.4,114081
2026-09-28 14:10:00,1856.3,1856.3,1851.8,1852.5,181621
2026-09-28 14:15:00,1852.5,1852.8,1847.7,1847.7,23923
2026-09-28 14:20:00,1847.7,1850.7,1847.7,1849.2,13783
2026-09-28 14:25:00,1848.5,1848.9,1847.1,1848.2,10737
2026-09-28 14:30:00,1848.4,1849.0,1846.6,1847.4,6063
2026-09-28 14:35:00,1847.4,1848.0,1845.5,1846.0,8606
2026-09-28 14:40:00,1846.0,1846.7,1845.1,1846.5,8499
2026-09-28 14:45:00,1846.5,1847.8,1846.0,1847.7,17023
2026-09-28 14:50:00,1847.7,1848.7,1846.8,1848.1,35110
2026-09-28 14:55:00,1848.1,1848.1,1845.9,1847.4,26508
2026-09-28 15:00:00,1847.3,1849.0,1846.1,1847.0,47787
2026-09-28 15:05:00,1846.7,1847.0,1845.6,1846.8,21901
2026-09-28 15:10:00,1846.8,1847.4,1840.0,1840.0,47422
2026-09-28 15:15:00,1840.0,1840.0,1840.0,1840.0,0
2026-09-28 15:20:00,1840.0,1840.0,1840.0,1840.0,0
2026-09-28 15:25:00,1840.0,1840.0,1838.0,1838.0,34714
2026-09-29 09:15:00,1853.9,1862.3,1841.1,1851.8,130237
2026-09-29 09:20:00,1851.8,1855.3,1843.1,1846.4,62796
2026-09-29 09:25:00,1845.9,1856.5,1845.0,1847.2,47732
2026-09-29 09:30:00,1847.2,1850.5,1845.0,1847.2,39397
2026-09-29 09:35:00,1847.0,1847.7,1843.2,1846.1,29798
2026-09-29 09:40:00,1846.5,1848.6,1844.1,1848.0,20967
2026-09-29 09:45:00,1847.8,1848.0,1840.6,1842.4,31598
2026-09-29 09:50:00,1842.1,1847.6,1842.0,1847.0,22957
2026-09-29 09:55:00,1846.2,1847.0,1842.4,1843.8,15167
2026-09-29 10:00:00,1843.3,1844.8,1841.7,1843.0,17517
2026-09-29 10:05:00,1842.5,1846.0,1842.0,1845.0,14235
2026-09-29 10:10:00,1844.9,1848.7,1844.0,1845.7,22219
2026-09-29 10:15:00,1845.7,1849.7,1845.0,1848.6,17122
2026-09-29 10:20:00,1849.0,1849.7,1847.7,1849.2,16019
2026-09-29 10:25:00,1849.5,1850.6,1848.8,1850.0,15853
2026-09-29 10:30:00,1849.2,1854.1,1849.2,1853.0,31489
2026-09-29 10:35:00,1853.0,1853.6,1848.0,1848.0,17899
2026-09-29 10:40:00,1848.8,1848.8,1846.0,1846.7,14420
2026-09-29 10:45:00,1846.2,1848.3,1846.1,1847.9,10297
2026-09-29 10:50:00,1847.5,1847.9,1846.2,1847.4,11684
2026-09-29 10:55:00,1847.0,1847.5,1846.1,1846.2,11711
2026-09-29 11:00:00,1846.8,1847.0,1845.1,1845.6,21374
2026-09-29 11:05:00,1845.1,1845.9,1843.0,1844.8,28241
2026-09-29 11:10:00,1844.1,1852.9,1843.6,1851.9,63404
2026-09-29 11:15:00,1852.2,1853.4,1848.0,1849.5,79737
2026-09-29 11:20:00,1849.0,1852.0,1846.6,1850.0,24937
2026-09-29 11:25:00,1850.3,1851.4,1847.5,1848.0,62582
2026-09-29 11:30:00,1847.6,1854.0,1846.1,1847.1,66335
2026-09-29 11:35:00,1847.0,1847.2,1838.5,1839.7,68667
2026-09-29 11:40:00,1839.6,1840.9,1836.6,1839.5,51096
2026-09-29 11:45:00,1839.5,1844.9,1838.9,1844.2,25727
2026-09-29 11:50:00,1844.3,1845.9,1843.1,1844.0,20444
2026-09-29 11:55:00,1844.0,1845.4,1843.2,1844.9,21695
2026-09-29 12:00:00,1844.8,1847.2,1844.7,1847.0,27010
2026-09-29 12:05:00,1846.2,1847.6,1841.9,1842.4,22020
2026-09-29 12:10:00,1842.7,1844.8,1841.1,1842.0,24120
2026-09-29 12:15:00,1842.2,1842.4,1839.2,1840.8,20340
2026-09-29 12:20:00,1841.3,1843.3,1840.2,1841.7,22603
2026-09-29 12:25:00,1842.0,1843.3,1840.4,1840.5,22710
2026-09-29 12:30:00,1840.4,1841.8,1838.5,1839.7,38976
2026-09-29 12:35:00,1839.2,1840.8,1838.9,1840.2,26009
2026-09-29 12:40:00,1840.2,1841.7,1839.7,1839.9,15204
2026-09-29 12:45:00,1839.8,1840.2,1838.0,1838.8,17273
2026-09-29 12:50:00,1838.8,1839.0,1837.4,1837.8,24853
2026-09-29 12:55:00,1837.8,1840.6,1837.5,1838.5,21652
2026-09-29 13:00:00,1838.7,1839.8,1837.7,1837.8,18619
2026-09-29 13:05:00,1838.4,1840.0,1837.5,1839.4,25061
2026-09-29 13:10:00,1839.5,1839.7,1838.0,1839.1,28651
2026-09-29 13:15:00,1838.9,1841.7,1838.8,1840.5,22492
2026-09-29 13:20:00,1840.5,1842.9,1840.0,1841.5,44841
2026-09-29 13:25:00,1841.5,1843.4,1841.0,1842.9,17896
2026-09-29 13:30:00,1842.6,1843.2,1841.8,1842.1,15656
2026-09-29 13:35:00,1842.1,1842.9,1840.5,1840.9,17530
2026-09-29 13:40:00,1841.1,1842.2,1839.3,1841.4,26186
2026-09-29 13:45:00,1841.4,1844.0,1840.5,1843.0,25695
2026-09-29 13:50:00,1843.3,1844.8,1843.0,1843.3,18403
2026-09-29 13:55:00,1843.3,1844.0,1842.4,1842.6,21873
2026-09-29 14:00:00,1842.9,1844.4,1842.0,1842.8,21134
2026-09-29 14:05:00,1843.0,1844.2,1842.4,1843.5,14449
2026-09-29 14:10:00,1843.2,1851.0,1843.0,1849.8,66035
2026-09-29 14:15:00,1849.7,1851.8,1848.7,1850.8,19955
2026-09-29 14:20:00,1850.9,1851.9,1845.4,1848.9,132915
2026-09-29 14:25:00,1848.9,1851.6,1848.9,1851.0,25123
2026-09-29 14:30:00,1850.6,1853.7,1850.1,1853.5,27840
2026-09-29 14:35:00,1853.7,1854.7,1852.5,1853.4,19930
2026-09-29 14:40:00,1853.4,1854.7,1852.6,1853.0,20962
2026-09-29 14:45:00,1853.0,1853.0,1851.4,1851.6,50524
2026-09-29 14:50:00,1851.7,1853.9,1850.8,1853.2,28930
2026-09-29 14:55:00,1853.1,1853.6,1850.8,1852.7,33976
2026-09-29 15:00:00,1852.7,1853.1,1849.5,1850.6,56477
2026-09-29 15:05:00,1850.5,1852.6,1849.1,1852.0,68518
2026-09-29 15:10:00,1852.0,1853.4,1850.0,1853.1,66445
2026-09-29 15:15:00,1850.0,1850.0,1850.0,1850.0,3
2026-09-29 15:20:00,1850.0,1850.0,1850.0,1850.0,0
2026-09-29 15:25:00,1850.0,1865.0,1850.0,1865.0,710732
2026-09-30 09:15:00,1861.3,1863.6,1846.0,1846.5,90936
2026-09-30 09:20:00,1846.5,1847.9,1831.0,1831.7,37546
2026-09-30 09:25:00,1831.3,1843.4,1831.3,1842.5,34704
2026-09-30 09:30:00,1842.5,1842.5,1836.9,1840.8,13676
2026-09-30 09:35:00,1840.7,1840.9,1836.0,1838.4,17913
2026-09-30 09:40:00,1838.7,1839.0,1834.5,1836.0,14941
2026-09-30 09:45:00,1836.3,1838.0,1835.6,1835.9,14578
2026-09-30 09:50:00,1835.8,1837.2,1831.1,1833.1,35601
2026-09-30 09:55:00,1833.1,1834.0,1832.5,1833.0,16566
2026-09-30 10:00:00,1832.8,1835.6,1832.4,1834.7,47947
2026-09-30 10:05:00,1834.7,1835.4,1833.3,1833.8,13127
2026-09-30 10:10:00,1833.7,1835.1,1833.0,1834.1,18180
2026-09-30 10:15:00,1834.2,1835.6,1833.6,1834.8,30997
2026-09-30 10:20:00,1834.8,1841.6,1834.8,1839.2,15800
2026-09-30 10:25:00,1839.0,1840.7,1838.1,1838.9,7162
2026-09-30 10:30:00,1838.9,1838.9,1833.0,1834.7,11408
2026-09-30 10:35:00,1833.8,1834.5,1824.6,1824.8,39083
2026-09-30 10:40:00,1824.8,1825.0,1816.2,1819.3,38772
2026-09-30 10:45:00,1819.1,1820.5,1814.2,1819.6,61482
2026-09-30 10:50:00,1819.1,1823.2,1819.0,1823.2,9670
2026-09-30 10:55:00,1823.1,1823.4,1820.1,1821.0,11844
2026-09-30 11:00:00,1820.7,1825.0,1820.7,1824.3,7712
2026-09-30 11:05:00,1824.1,1826.5,1824.1,1825.4,9905
2026-09-30 11:10:00,1825.4,1825.4,1821.9,1821.9,13506
2026-09-30 11:15:00,1821.4,1821.8,1819.8,1820.8,14035
2026-09-30 11:20:00,1820.8,1823.1,1820.8,1821.3,6081
2026-09-30 11:25:00,1821.0,1822.2,1820.1,1820.9,6791
2026-09-30 11:30:00,1820.5,1821.5,1819.0,1819.8,11258
2026-09-30 11:35:00,1819.1,1821.6,1819.0,1819.7,5695
2026-09-30 11:40:00,1819.7,1821.6,1817.3,1820.6,8006
2026-09-30 11:45:00,1820.7,1822.2,1820.0,1821.0,8537
2026-09-30 11:50:00,1820.6,1822.4,1820.6,1821.2,5204
2026-09-30 11:55:00,1821.1,1831.1,1821.1,1829.2,79425
2026-09-30 12:00:00,1829.2,1830.6,1828.2,1828.7,11311
2026-09-30 12:05:00,1828.6,1835.4,1828.5,1835.0,25562
2026-09-30 12:10:00,1834.4,1835.8,1832.7,1834.4,18605
2026-09-30 12:15:00,1834.1,1834.3,1832.0,1833.1,13155
2026-09-30 12:20:00,1833.5,1835.4,1833.4,1834.2,10677
2026-09-30 12:25:00,1833.6,1834.6,1832.4,1833.5,9235
2026-09-30 12:30:00,1833.5,1835.2,1832.3,1834.6,7416
2026-09-30 12:35:00,1834.6,1836.6,1833.9,1834.9,10961
2026-09-30 12:40:00,1834.3,1837.0,1834.2,1836.1,9169
2026-09-30 12:45:00,1836.0,1839.5,1835.8,1837.7,18245
2026-09-30 12:50:00,1838.1,1841.0,1838.1,1841.0,17575
2026-09-30 12:55:00,1841.0,1841.0,1838.9,1840.3,12660
2026-09-30 13:00:00,1841.0,1842.2,1840.0,1840.0,34757
2026-09-30 13:05:00,1840.0,1840.7,1838.1,1840.0,89966
2026-09-30 13:10:00,1840.0,1841.4,1840.0,1841.2,10995
2026-09-30 13:15:00,1840.9,1841.3,1838.8,1841.1,95972
2026-09-30 13:20:00,1841.0,1842.8,1840.9,1841.3,18543
2026-09-30 13:25:00,1841.7,1842.3,1840.4,1842.1,20374
2026-09-30 13:30:00,1842.1,1842.3,1840.4,1841.5,9626
2026-09-30 13:35:00,1841.0,1842.0,1840.0,1841.6,18250
2026-09-30 13:40:00,1841.6,1842.0,1840.0,1840.0,33986
2026-09-30 13:45:00,1840.0,1840.6,1840.0,1840.1,78940
2026-09-30 13:50:00,1840.3,1840.8,1838.6,1840.0,87223
2026-09-30 13:55:00,1840.0,1842.5,1839.1,1842.4,32400
2026-09-30 14:00:00,1841.8,1845.0,1840.7,1844.0,42557
2026-09-30 14:05:00,1844.1,1845.1,1842.7,1843.1,48292
2026-09-30 14:10:00,1843.1,1843.8,1840.0,1842.5,45078
2026-09-30 14:15:00,1842.2,1842.5,1837.9,1838.7,37431
2026-09-30 14:20:00,1838.7,1839.0,1835.0,1835.5,55568
2026-09-30 14:25:00,1835.3,1836.0,1834.0,1834.3,18586
2026-09-30 14:30:00,1834.0,1834.3,1831.6,1832.5,19509
2026-09-30 14:35:00,1832.5,1834.9,1832.3,1834.4,24371
2026-09-30 14:40:00,1834.4,1834.8,1830.5,1830.5,20501
2026-09-30 14:45:00,1830.8,1833.1,1830.8,1832.4,23603
2026-09-30 14:50:00,1832.4,1834.0,1828.3,1829.2,44267
2026-09-30 14:55:00,1829.2,1829.2,1826.3,1827.5,34348
2026-09-30 15:00:00,1827.5,1828.1,1825.9,1826.6,75184
2026-09-30 15:05:00,1826.6,1826.6,1823.5,1824.3,61587
2026-09-30 15:10:00,1824.3,1845.0,1821.9,1845.0,90401
2026-09-30 15:15:00,1847.9,1847.9,1847.9,1847.9,246
2026-09-30 15:20:00,1847.9,1847.9,1847.9,1847.9,0
2026-09-30 15:25:00,1847.9,1847.9,1816.6,1816.6,294919
2026-10-01 09:15:00,1815.0,1827.2,1806.5,1808.5,59220
2026-10-01 09:20:00,1807.8,1811.7,1807.0,1811.4,15723
2026-10-01 09:25:00,1811.2,1811.5,1807.4,1811.5,15681
2026-10-01 09:30:00,1810.9,1813.9,1810.5,1813.9,22025
2026-10-01 09:35:00,1813.9,1816.5,1812.9,1816.0,15870
2026-10-01 09:40:00,1816.2,1818.7,1815.5,1816.8,16055
2026-10-01 09:45:00,1817.1,1817.1,1813.1,1815.9,13469
2026-10-01 09:50:00,1815.9,1817.0,1814.0,1816.6,26029
2026-10-01 09:55:00,1816.3,1818.0,1816.0,1817.4,12162
2026-10-01 10:00:00,1817.4,1820.2,1817.0,1819.9,20457
2026-10-01 10:05:00,1819.4,1828.7,1819.1,1827.0,55572
2026-10-01 10:10:00,1826.5,1828.2,1823.0,1825.3,17630
2026-10-01 10:15:00,1825.3,1826.2,1824.2,1824.8,14689
2026-10-01 10:20:00,1824.7,1825.6,1824.4,1825.1,18514
2026-10-01 10:25:00,1825.1,1827.2,1824.4,1827.2,11847
2026-10-01 10:30:00,1826.8,1826.8,1825.0,1825.8,6464
2026-10-01 10:35:00,1825.7,1825.9,1824.8,1825.0,5967
2026-10-01 10:40:00,1825.4,1826.0,1823.8,1825.1,27122
2026-10-01 10:45:00,1825.1,1825.1,1815.6,1815.7,36068
2026-10-01 10:50:00,1815.7,1821.2,1815.4,1820.9,32394
2026-10-01 10:55:00,1820.9,1824.1,1819.2,1819.8,56648
2026-10-01 11:00:00,1819.8,1821.1,1818.0,1818.9,8604
2026-10-01 11:05:00,1818.8,1818.8,1816.3,1817.1,16066
2026-10-01 11:10:00,1817.7,1818.9,1817.4,1818.4,11636
2026-10-01 11:15:00,1818.2,1823.1,1818.2,1823.1,13088
2026-10-01 11:20:00,1823.1,1823.1,1816.0,1816.5,20481
2026-10-01 11:25:00,1816.0,1816.5,1812.4,1812.8,21244
2026-10-01 11:30:00,1812.8,1812.8,1808.3,1809.0,18683
2026-10-01 11:35:00,1808.8,1810.5,1808.5,1810.1,12236
2026-10-01 11:40:00,1809.6,1811.8,1809.4,1810.9,11235
2026-10-01 11:45:00,1810.5,1811.8,1808.0,1808.4,21048
2026-10-01 11:50:00,1808.0,1809.3,1808.0,1809.3,18428
2026-10-01 11:55:00,1809.2,1809.8,1808.0,1809.8,16185
2026-10-01 12:00:00,1809.9,1811.7,1805.6,1807.4,164310
2026-10-01 12:05:00,1807.4,1808.5,1805.4,1806.0,27791
2026-10-01 12:10:00,1806.0,1808.0,1804.5,1805.4,31345
2026-10-01 12:15:00,1805.4,1805.4,1800.1,1801.5,40313
2026-10-01 12:20:00,1801.5,1804.7,1801.5,1802.3,20927
2026-10-01 12:25:00,1801.9,1803.1,1801.0,1801.7,19398
2026-10-01 12:30:00,1802.3,1804.5,1800.3,1804.3,14385
2026-10-01 12:35:00,1804.6,1804.8,1802.4,1802.6,10433
2026-10-01 12:40:00,1802.5,1803.9,1801.3,1801.4,11172
2026-10-01 12:45:00,1801.3,1801.5,1799.3,1800.4,20830
2026-10-01 12:50:00,1800.1,1800.4,1798.4,1798.9,12388
2026-10-01 12:55:00,1799.1,1799.3,1795.5,1797.3,16281
2026-10-01 13:00:00,1797.3,1799.8,1796.4,1799.0,22699
2026-10-01 13:05:00,1799.6,1801.0,1798.4,1800.5,24846
2026-10-01 13:10:00,1800.1,1800.6,1799.0,1799.9,17854
2026-10-01 13:15:00,1799.8,1799.8,1796.1,1796.2,34114
2026-10-01 13:20:00,1796.3,1798.2,1796.1,1797.0,16805
2026-10-01 13:25:00,1796.6,1798.6,1796.5,1797.7,21561
2026-10-01 13:30:00,1797.7,1800.2,1797.2,1799.5,20745
2026-10-01 13:35:00,1799.3,1799.8,1797.2,1797.5,14628
2026-10-01 13:40:00,1797.4,1798.2,1795.4,1796.1,29721
2026-10-01 13:45:00,1796.3,1798.7,1795.5,1797.4,18621
2026-10-01 13:50:00,1797.4,1798.3,1796.4,1797.0,15422
2026-10-01 13:55:00,1796.9,1797.1,1795.4,1796.0,14384
2026-10-01 14:00:00,1795.5,1795.9,1792.6,1793.5,23597
2026-10-01 14:05:00,1793.1,1797.1,1793.1,1796.6,20908
2026-10-01 14:10:00,1796.2,1798.6,1796.0,1798.0,19819
2026-10-01 14:15:00,1797.9,1797.9,1795.5,1797.0,16542
2026-10-01 14:20:00,1796.5,1797.2,1794.4,1795.4,32990
2026-10-01 14:25:00,1795.4,1797.8,1794.7,1797.7,18107
2026-10-01 14:30:00,1797.5,1803.0,1797.2,1802.4,27725
2026-10-01 14:35:00,1802.2,1804.0,1801.6,1803.9,28331
2026-10-01 14:40:00,1803.9,1805.4,1802.2,1804.3,26934
2026-10-01 14:45:00,1804.7,1806.2,1803.8,1804.4,25567
2026-10-01 14:50:00,1803.8,1805.7,1801.7,1803.0,93265
2026-10-01 14:55:00,1803.0,1805.0,1802.3,1803.0,89515
2026-10-01 15:00:00,1802.8,1804.0,1801.8,1803.7,46369
2026-10-01 15:05:00,1803.7,1806.9,1803.7,1805.0,114005
2026-10-01 15:10:00,1805.0,1808.8,1804.5,1805.0,250791
2026-10-01 15:15:00,1805.0,1805.0,1805.0,1805.0,81
2026-10-01 15:20:00,1805.0,1805.0,1805.0,1805.0,0
2026-10-01 15:25:00,1805.0,1805.0,1801.0,1801.0,137931
2026-10-05 09:15:00,1785.0,1802.9,1783.4,1793.2,39849
2026-10-05 09:20:00,1793.3,1794.6,1785.0,1794.1,14873
2026-10-05 09:25:00,1793.6,1794.9,1791.1,1793.4,15742
2026-10-05 09:30:00,1793.2,1795.2,1790.0,1792.1,12468
2026-10-05 09:35:00,1791.7,1793.8,1790.4,1791.7,8718
2026-10-05 09:40:00,1791.0,1795.9,1790.4,1794.2,16927
2026-10-05 09:45:00,1794.1,1797.0,1792.4,1794.6,18070
2026-10-05 09:50:00,1794.1,1796.5,1791.2,1792.8,18872
2026-10-05 09:55:00,1793.0,1793.3,1786.4,1789.2,34029
2026-10-05 10:00:00,1789.2,1791.0,1788.8,1790.0,3363
2026-10-05 10:05:00,1790.0,1791.4,1788.8,1790.3,4693
2026-10-05 10:10:00,1790.3,1790.3,1788.0,1788.6,3765
2026-10-05 10:15:00,1788.3,1788.7,1786.5,1787.8,8448
2026-10-05 10:20:00,1787.8,1787.8,1785.4,1785.7,12746
2026-10-05 10:25:00,1785.7,1788.5,1781.4,1785.2,55429
2026-10-05 10:30:00,1785.4,1790.6,1785.4,1789.8,5036
2026-10-05 10:35:00,1789.8,1789.8,1788.0,1788.6,3210
2026-10-05 10:40:00,1788.5,1791.3,1788.3,1790.2,4723
2026-10-05 10:45:00,1789.5,1791.4,1788.7,1791.0,3577
2026-10-05 10:50:00,1791.0,1792.4,1790.2,1791.6,7625
2026-10-05 10:55:00,1791.1,1793.0,1790.2,1793.0,4793
2026-10-05 11:00:00,1792.9,1794.4,1792.1,1793.8,6553
2026-10-05 11:05:00,1794.5,1795.7,1794.0,1794.8,9922
2026-10-05 11:10:00,1795.3,1795.8,1794.0,1795.0,3115
2026-10-05 11:15:00,1795.5,1795.7,1794.0,1794.2,3456
2026-10-05 11:20:00,1794.6,1795.1,1793.0,1794.0,3653
2026-10-05 11:25:00,1794.5,1795.2,1793.6,1794.6,6117
2026-10-05 11:30:00,1794.9,1797.7,1794.8,1796.2,16369
2026-10-05 11:35:00,1796.4,1796.4,1789.2,1789.5,18342
2026-10-05 11:40:00,1789.6,1793.4,1789.4,1791.8,11950
2026-10-05 11:45:00,1791.9,1792.4,1790.6,1790.6,8012
2026-10-05 11:50:00,1790.5,1791.0,1786.2,1788.3,25907
2026-10-05 11:55:00,1788.3,1789.4,1785.5,1785.9,16838
2026-10-05 12:00:00,1786.0,1787.0,1781.8,1786.3,57325
2026-10-05 12:05:00,1786.7,1788.6,1785.7,1787.3,12016
2026-10-05 12:10:00,1787.5,1789.4,1786.1,1787.7,10754
2026-10-05 12:15:00,1787.2,1789.5,1786.9,1788.8,8756
2026-10-05 12:20:00,1789.2,1792.2,1788.8,1791.3,11347
2026-10-05 12:25:00,1791.4,1792.1,1788.0,1788.1,9013
2026-10-05 12:30:00,1788.3,1788.3,1782.3,1783.0,36643
2026-10-05 12:35:00,1783.0,1783.8,1778.7,1779.0,50529
2026-10-05 12:40:00,1779.3,1783.2,1777.6,1781.3,54523
2026-10-05 12:45:00,1781.9,1782.3,1780.2,1780.9,4880
2026-10-05 12:50:00,1781.0,1783.3,1779.0,1781.0,65802
2026-10-05 12:55:00,1781.3,1786.8,1781.2,1786.1,11189
2026-10-05 13:00:00,1786.1,1787.6,1784.6,1785.8,21928
2026-10-05 13:05:00,1785.9,1788.0,1784.4,1787.4,13154
2026-10-05 13:10:00,1787.1,1788.4,1785.5,1787.3,13091
2026-10-05 13:15:00,1787.4,1789.0,1784.4,1785.7,31348
2026-10-05 13:20:00,1785.8,1786.4,1784.1,1785.2,13316
2026-10-05 13:25:00,1785.3,1785.5,1783.1,1784.2,5656
2026-10-05 13:30:00,1784.1,1785.2,1784.0,1784.3,7078
2026-10-05 13:35:00,1783.6,1784.4,1780.6,1784.3,16228
2026-10-05 13:40:00,1784.3,1786.5,1784.1,1784.7,21619
2026-10-05 13:45:00,1784.7,1785.7,1783.0,1783.5,6941
2026-10-05 13:50:00,1783.2,1785.2,1783.0,1784.8,6651
2026-10-05 13:55:00,1784.8,1784.8,1783.2,1783.7,8098
2026-10-05 14:00:00,1783.2,1785.9,1783.0,1783.3,50444
2026-10-05 14:05:00,1783.8,1784.5,1780.6,1782.2,17999
2026-10-05 14:10:00,1782.5,1784.4,1781.9,1783.2,9523
2026-10-05 14:15:00,1783.6,1783.8,1780.2,1782.4,15868
2026-10-05 14:20:00,1782.4,1782.4,1780.1,1780.4,8033
2026-10-05 14:25:00,1781.0,1781.3,1780.0,1780.6,9552
2026-10-05 14:30:00,1781.0,1782.4,1780.1,1781.4,12504
2026-10-05 14:35:00,1781.4,1783.3,1781.1,1782.1,6178
2026-10-05 14:40:00,1782.6,1783.9,1782.0,1783.7,5783
2026-10-05 14:45:00,1783.9,1784.6,1780.7,1780.7,24326
2026-10-05 14:50:00,1780.7,1781.2,1779.0,1780.0,16278
2026-10-05 14:55:00,1779.9,1780.7,1778.9,1780.7,29075
2026-10-05 15:00:00,1780.6,1780.7,1777.0,1778.0,30251
2026-10-05 15:05:00,1777.8,1778.6,1776.7,1777.5,16688
2026-10-05 15:10:00,1777.5,1780.5,1777.3,1777.6,41893
2026-10-05 15:15:00,1777.6,1777.6,1777.6,1777.6,0
2026-10-05 15:20:00,1777.6,1777.6,1777.6,1777.6,0
2026-10-05 15:25:00,1777.6,1779.7,1777.6,1779.7,55259
