datetime,open,high,low,close,volume
2026-06-08 09:15:00,203.44,204.6,202.21,202.8,1393430
2026-06-08 09:20:00,202.87,203.15,201.86,203.06,1814156
2026-06-08 09:25:00,203.06,203.35,202.95,203.3,698360
2026-06-08 09:30:00,203.3,204.14,203.26,204.0,763062
2026-06-08 09:35:00,204.0,204.35,203.95,204.25,519112
2026-06-08 09:40:00,204.31,204.83,204.18,204.22,728556
2026-06-08 09:45:00,204.22,204.39,203.91,203.96,1066796
2026-06-08 09:50:00,203.97,204.6,203.95,204.48,668791
2026-06-08 09:55:00,204.56,204.7,204.34,204.67,207828
2026-06-08 10:00:00,204.7,204.7,204.12,204.41,248363
2026-06-08 10:05:00,204.33,205.09,204.33,204.88,790166
2026-06-08 10:10:00,204.88,204.95,204.63,204.65,266051
2026-06-08 10:15:00,204.74,204.8,204.6,204.66,104271
2026-06-08 10:20:00,204.65,204.96,204.5,204.56,420119
2026-06-08 10:25:00,204.59,205.0,204.53,204.75,321220
2026-06-08 10:30:00,204.78,204.96,204.64,204.67,251662
2026-06-08 10:35:00,204.67,204.9,204.63,204.75,346782
2026-06-08 10:40:00,204.71,204.85,204.51,204.56,310180
2026-06-08 10:45:00,204.57,205.13,204.45,204.95,394601
2026-06-08 10:50:00,204.95,205.0,204.75,204.78,99590
2026-06-08 10:55:00,204.87,204.99,204.7,204.89,176692
2026-06-08 11:00:00,204.86,205.21,204.8,205.18,250450
2026-06-08 11:05:00,205.18,205.2,204.79,204.89,241630
2026-06-08 11:10:00,204.87,204.95,204.6,204.61,140895
2026-06-08 11:15:00,204.69,204.7,204.5,204.51,263238
2026-06-08 11:20:00,204.59,204.7,204.45,204.45,124190
2026-06-08 11:25:00,204.5,204.67,204.45,204.59,90484
2026-06-08 11:30:00,204.57,204.68,204.25,204.31,1582349
2026-06-08 11:35:00,204.34,204.39,204.15,204.25,634765
2026-06-08 11:40:00,204.23,204.4,204.2,204.31,191711
2026-06-08 11:45:00,204.31,204.48,203.91,203.91,484125
2026-06-08 11:50:00,203.87,203.9,203.06,203.2,572662
2026-06-08 11:55:00,203.2,203.27,202.37,202.54,755870
2026-06-08 12:00:00,202.52,202.75,202.25,202.28,689009
2026-06-08 12:05:00,202.28,203.0,202.27,202.95,783094
2026-06-08 12:10:00,202.95,203.29,202.92,203.24,166682
2026-06-08 12:15:00,203.24,203.4,203.2,203.36,163029
2026-06-08 12:20:00,203.4,203.93,203.33,203.78,329491
2026-06-08 12:25:00,203.8,203.9,203.5,203.7,459367
2026-06-08 12:30:00,203.68,203.75,203.43,203.6,448885
2026-06-08 12:35:00,203.57,203.63,203.21,203.36,361430
2026-06-08 12:40:00,203.35,203.99,203.35,203.92,374910
2026-06-08 12:45:00,203.92,204.0,203.69,203.83,294647
2026-06-08 12:50:00,203.83,204.22,203.82,204.0,464877
2026-06-08 12:55:00,204.0,204.18,203.93,204.09,192227
2026-06-08 13:00:00,204.09,204.25,203.9,203.9,236378
2026-06-08 13:05:00,203.9,204.03,203.84,204.03,171646
2026-06-08 13:10:00,204.03,204.03,203.85,203.88,102450
2026-06-08 13:15:00,203.88,203.99,203.82,203.92,82150
2026-06-08 13:20:00,203.97,204.0,203.65,203.68,119511
2026-06-08 13:25:00,203.68,203.81,203.35,203.44,228506
2026-06-08 13:30:00,203.44,203.6,203.11,203.16,201843
2026-06-08 13:35:00,203.16,203.35,203.08,203.1,147644
2026-06-08 13:40:00,203.11,203.2,203.01,203.06,136286
2026-06-08 13:45:00,203.05,203.06,202.7,202.95,247408
2026-06-08 13:50:00,202.92,203.05,202.81,202.85,89369
2026-06-08 13:55:00,202.85,203.07,202.81,202.97,148695
2026-06-08 14:00:00,202.95,203.39,202.95,203.12,144673
2026-06-08 14:05:00,203.12,203.5,203.05,203.38,400401
2026-06-08 14:10:00,203.38,203.73,203.37,203.62,222070
2026-06-08 14:15:00,203.65,203.86,203.17,203.74,396245
2026-06-08 14:20:00,203.74,203.74,203.61,203.65,195808
2026-06-08 14:25:00,203.64,203.79,203.64,203.7,170974
2026-06-08 14:30:00,203.69,203.93,203.69,203.77,174374
2026-06-08 14:35:00,203.78,204.0,203.77,203.9,578271
2026-06-08 14:40:00,203.93,203.93,203.64,203.88,184971
2026-06-08 14:45:00,203.88,203.99,203.75,203.86,197753
2026-06-08 14:50:00,203.92,203.95,203.67,203.71,187534
2026-06-08 14:55:00,203.71,203.93,203.68,203.72,212754
2026-06-08 15:00:00,203.72,203.72,202.96,203.02,890318
2026-06-08 15:05:00,203.04,203.04,202.61,202.81,493135
2026-06-08 15:10:00,202.81,202.99,202.67,202.86,562370
2026-06-08 15:15:00,202.85,203.05,202.74,202.98,702973
2026-06-08 15:20:00,202.89,203.0,202.2,202.3,808888
2026-06-08 15:25:00,202.31,202.31,201.6,202.0,805522
2026-06-09 09:15:00,203.0,204.0,201.76,202.11,2392263
2026-06-09 09:20:00,202.07,202.15,200.62,200.68,1615881
2026-06-09 09:25:00,200.73,201.0,200.34,200.43,1090911
2026-06-09 09:30:00,200.45,200.89,200.4,200.74,835707
2026-06-09 09:35:00,200.81,201.25,200.8,201.12,765344
2026-06-09 09:40:00,201.17,201.9,201.0,201.75,544133
2026-06-09 09:45:00,201.81,202.0,200.9,200.94,1515831
2026-06-09 09:50:00,200.96,202.0,200.88,201.9,1150615
2026-06-09 09:55:00,201.89,201.98,201.42,201.73,574382
2026-06-09 10:00:00,201.71,201.9,201.32,201.32,980520
2026-06-09 10:05:00,201.28,201.9,201.25,201.86,549788
2026-06-09 10:10:00,201.87,201.87,201.11,201.27,1457599
2026-06-09 10:15:00,201.23,201.4,200.9,200.94,2527683
2026-06-09 10:20:00,200.94,201.6,200.91,201.2,724331
2026-06-09 10:25:00,201.18,201.25,201.0,201.12,1106321
2026-06-09 10:30:00,201.15,201.3,201.05,201.08,510282
2026-06-09 10:35:00,201.07,201.13,200.8,201.06,1238215
2026-06-09 10:40:00,201.04,201.47,201.0,201.25,269814
2026-06-09 10:45:00,201.28,201.85,201.18,201.48,317488
2026-06-09 10:50:00,201.52,202.0,201.44,201.96,439918
2026-06-09 10:55:00,201.88,202.1,201.7,201.85,354700
2026-06-09 11:00:00,201.9,202.7,201.85,202.56,554992
2026-06-09 11:05:00,202.56,203.0,202.5,202.85,475900
2026-06-09 11:10:00,202.86,203.04,202.67,202.85,584125
2026-06-09 11:15:00,202.85,203.05,202.7,202.78,2611141
2026-06-09 11:20:00,202.79,202.83,202.2,202.26,328622
2026-06-09 11:25:00,202.26,202.54,202.1,202.1,186179
2026-06-09 11:30:00,202.14,202.4,202.01,202.4,131141
2026-06-09 11:35:00,202.35,202.77,202.35,202.45,160255
2026-06-09 11:40:00,202.45,202.6,202.32,202.47,101788
2026-06-09 11:45:00,202.47,202.94,202.46,202.73,260416
2026-06-09 11:50:00,202.73,202.9,202.7,202.77,260961
2026-06-09 11:55:00,202.78,202.9,202.71,202.71,207032
2026-06-09 12:00:00,202.74,202.74,202.35,202.36,158514
2026-06-09 12:05:00,202.36,202.36,201.87,201.9,179294
2026-06-09 12:10:00,201.91,202.03,201.91,201.95,82143
2026-06-09 12:15:00,201.95,202.11,201.91,201.97,180428
2026-06-09 12:20:00,201.95,202.1,201.9,201.99,528237
2026-06-09 12:25:00,201.99,201.99,201.4,201.51,233119
2026-06-09 12:30:00,201.5,201.78,201.47,201.75,123971
2026-06-09 12:35:00,201.76,201.87,201.62,201.72,135841
2026-06-09 12:40:00,201.72,202.0,201.65,201.9,202431
2026-06-09 12:45:00,201.9,202.0,201.83,201.87,104460
2026-06-09 12:50:00,201.89,201.9,201.7,201.84,113321
2026-06-09 12:55:00,201.84,201.84,201.19,201.35,260023
2026-06-09 13:00:00,201.29,201.68,201.29,201.67,120663
2026-06-09 13:05:00,201.6,201.65,201.27,201.34,108313
2026-06-09 13:10:00,201.34,201.65,201.24,201.6,128649
2026-06-09 13:15:00,201.61,201.74,201.45,201.65,181539
2026-06-09 13:20:00,201.65,201.68,201.39,201.45,94090
2026-06-09 13:25:00,201.45,201.5,201.3,201.48,91628
2026-06-09 13:30:00,201.48,201.6,201.3,201.42,146489
2026-06-09 13:35:00,201.41,202.61,201.41,202.59,1162840
2026-06-09 13:40:00,202.54,202.69,202.5,202.63,232886
2026-06-09 13:45:00,202.63,202.9,202.4,202.4,419869
2026-06-09 13:50:00,202.44,202.57,202.17,202.48,614393
2026-06-09 13:55:00,202.49,202.5,201.91,202.13,459755
2026-06-09 14:00:00,202.13,202.15,201.89,202.0,257549
2026-06-09 14:05:00,202.0,202.64,202.0,202.63,236711
2026-06-09 14:10:00,202.63,202.96,202.63,202.79,438064
2026-06-09 14:15:00,202.83,203.08,202.79,203.0,996630
2026-06-09 14:20:00,202.96,202.99,202.45,202.95,337154
2026-06-09 14:25:00,202.92,203.01,202.85,202.99,191218
2026-06-09 14:30:00,203.0,203.04,202.89,203.0,235885
2026-06-09 14:35:00,202.99,203.2,202.73,203.2,422601
2026-06-09 14:40:00,203.19,203.44,203.17,203.27,282783
2026-06-09 14:45:00,203.3,203.36,202.86,202.96,308090
2026-06-09 14:50:00,202.96,203.55,202.95,203.44,549619
2026-06-09 14:55:00,203.44,203.45,203.17,203.3,498623
2026-06-09 15:00:00,203.29,203.3,202.76,202.89,850958
2026-06-09 15:05:00,202.9,203.26,202.89,203.0,738849
2026-06-09 15:10:00,203.01,203.33,202.85,203.3,762208
2026-06-09 15:15:00,203.33,203.38,203.18,203.35,637817
2026-06-09 15:20:00,203.35,203.5,203.33,203.46,568309
2026-06-09 15:25:00,203.46,203.5,203.12,203.49,832281
2026-06-10 09:15:00,203.0,203.4,201.32,201.42,1690712
2026-06-10 09:20:00,201.5,202.17,201.02,202.06,863019
2026-06-10 09:25:00,202.06,202.07,201.56,201.8,320426
2026-06-10 09:30:00,201.8,202.31,201.64,202.3,316985
2026-06-10 09:35:00,202.3,202.68,202.17,202.47,331797
2026-06-10 09:40:00,202.47,202.5,202.24,202.46,232764
2026-06-10 09:45:00,202.46,202.8,202.38,202.69,257822
2026-06-10 09:50:00,202.69,202.8,202.4,202.57,184905
2026-06-10 09:55:00,202.6,202.68,202.2,202.22,204021
2026-06-10 10:00:00,202.23,202.3,201.87,202.19,361767
2026-06-10 10:05:00,202.2,202.4,202.02,202.23,201197
2026-06-10 10:10:00,202.22,202.25,201.65,201.69,293142
2026-06-10 10:15:00,201.7,202.2,201.6,202.0,291407
2026-06-10 10:20:00,202.0,202.13,201.8,201.99,258472
2026-06-10 10:25:00,201.99,202.0,201.8,202.0,234438
2026-06-10 10:30:00,202.0,202.05,201.83,202.0,185539
2026-06-10 10:35:00,201.95,201.95,201.4,201.46,663172
2026-06-10 10:40:00,201.48,201.8,201.41,201.67,243128
2026-06-10 10:45:00,201.69,201.7,201.41,201.49,179531
2026-06-10 10:50:00,201.49,201.8,201.31,201.7,224539
2026-06-10 10:55:00,201.7,201.85,201.46,201.85,279730
2026-06-10 11:00:00,201.85,201.99,201.63,201.79,269469
2026-06-10 11:05:00,201.8,201.8,201.42,201.54,207734
2026-06-10 11:10:00,201.54,201.7,201.45,201.57,273636
2026-06-10 11:15:00,201.58,201.6,201.0,201.18,355564
2026-06-10 11:20:00,201.15,201.49,201.0,201.35,317007
2026-06-10 11:25:00,201.37,202.2,201.3,202.12,392404
2026-06-10 11:30:00,202.03,202.15,201.76,201.76,402343
2026-06-10 11:35:00,201.76,202.2,201.65,202.0,423528
2026-06-10 11:40:00,202.02,202.2,201.95,202.13,154315
2026-06-10 11:45:00,202.15,202.23,201.83,202.15,326494
2026-06-10 11:50:00,202.15,202.4,202.09,202.25,249438
2026-06-10 11:55:00,202.23,202.4,201.7,201.7,1290317
2026-06-10 12:00:00,201.72,201.89,201.51,201.61,177064
2026-06-10 12:05:00,201.58,201.68,201.4,201.48,184803
2026-06-10 12:10:00,201.5,201.61,201.41,201.5,94607
2026-06-10 12:15:00,201.52,201.63,201.46,201.46,111763
2026-06-10 12:20:00,201.47,201.52,201.3,201.37,185924
2026-06-10 12:25:00,201.35,201.39,201.15,201.2,243261
2026-06-10 12:30:00,201.2,201.4,201.15,201.28,179298
2026-06-10 12:35:00,201.29,201.41,200.54,200.81,918186
2026-06-10 12:40:00,200.81,201.0,200.6,200.65,241144
2026-06-10 12:45:00,200.64,200.65,200.22,200.3,390133
2026-06-10 12:50:00,200.3,200.46,200.1,200.31,322523
2026-06-10 12:55:00,200.32,200.37,200.12,200.32,181773
2026-06-10 13:00:00,200.28,200.43,200.13,200.26,257279
2026-06-10 13:05:00,200.28,200.46,200.15,200.18,253007
2026-06-10 13:10:00,200.18,200.29,200.1,200.17,147478
2026-06-10 13:15:00,200.15,200.3,200.13,200.22,146488
2026-06-10 13:20:00,200.22,200.3,200.14,200.21,190237
2026-06-10 13:25:00,200.2,200.41,200.2,200.25,237728
2026-06-10 13:30:00,200.25,200.3,199.3,199.5,820705
2026-06-10 13:35:00,199.51,199.96,199.2,199.29,492475
2026-06-10 13:40:00,199.22,199.42,199.1,199.2,308987
2026-06-10 13:45:00,199.21,199.35,199.11,199.27,276226
2026-06-10 13:50:00,199.28,199.5,199.02,199.21,312258
2026-06-10 13:55:00,199.21,199.7,198.94,199.64,1054888
2026-06-10 14:00:00,199.64,200.05,199.63,199.91,330183
2026-06-10 14:05:00,199.95,200.0,199.66,199.71,365841
2026-06-10 14:10:00,199.7,199.85,199.63,199.64,206682
2026-06-10 14:15:00,199.64,199.96,199.62,199.91,246776
2026-06-10 14:20:00,199.91,200.0,199.8,199.9,159044
2026-06-10 14:25:00,199.95,199.97,199.72,199.88,342794
2026-06-10 14:30:00,199.88,199.93,199.29,199.36,1185353
2026-06-10 14:35:00,199.36,199.93,199.11,199.23,801440
2026-06-10 14:40:00,199.24,199.47,198.79,198.88,450760
2026-06-10 14:45:00,198.91,199.06,198.6,198.77,350964
2026-06-10 14:50:00,198.76,198.94,198.6,198.71,234760
2026-06-10 14:55:00,198.71,199.51,198.7,199.35,1004759
2026-06-10 15:00:00,199.35,200.1,199.31,199.86,1525361
2026-06-10 15:05:00,199.87,200.08,199.31,199.67,2233957
2026-06-10 15:10:00,199.71,199.73,199.3,199.31,814143
2026-06-10 15:15:00,199.31,199.31,198.85,199.15,1128636
2026-06-10 15:20:00,199.16,199.37,198.28,198.32,1226200
2026-06-10 15:25:00,198.33,198.9,198.0,198.75,1037754
2026-06-11 09:15:00,197.44,198.07,196.05,197.43,2185909
2026-06-11 09:20:00,197.48,198.72,197.42,197.97,845349
2026-06-11 09:25:00,197.93,198.25,197.59,198.02,522231
2026-06-11 09:30:00,198.05,198.8,198.02,198.62,585636
2026-06-11 09:35:00,198.59,198.76,198.18,198.51,393802
2026-06-11 09:40:00,198.6,198.64,198.05,198.29,289806
2026-06-11 09:45:00,198.3,198.3,197.79,198.17,333958
2026-06-11 09:50:00,198.17,198.5,198.05,198.23,330909
2026-06-11 09:55:00,198.23,198.23,197.25,197.38,449374
2026-06-11 10:00:00,197.39,197.69,197.3,197.52,632539
2026-06-11 10:05:00,197.52,198.08,197.4,198.03,276404
2026-06-11 10:10:00,198.02,198.43,197.81,198.03,584799
2026-06-11 10:15:00,198.04,198.21,197.91,198.1,216981
2026-06-11 10:20:00,198.1,199.35,198.0,199.05,1254591
2026-06-11 10:25:00,199.05,199.25,198.8,199.06,596533
2026-06-11 10:30:00,199.09,199.09,198.59,198.72,332050
2026-06-11 10:35:00,198.72,198.86,198.46,198.8,268592
2026-06-11 10:40:00,198.85,199.0,198.79,198.95,256734
2026-06-11 10:45:00,198.95,199.19,198.79,198.85,317379
2026-06-11 10:50:00,198.84,198.9,198.59,198.63,235472
2026-06-11 10:55:00,198.63,198.7,198.37,198.4,232034
2026-06-11 11:00:00,198.4,198.5,197.92,197.95,518228
2026-06-11 11:05:00,197.95,198.25,197.92,198.01,704977
2026-06-11 11:10:00,198.02,198.02,197.75,197.8,508607
2026-06-11 11:15:00,197.82,198.05,197.62,197.93,491178
2026-06-11 11:20:00,197.93,198.0,197.75,197.85,522204
2026-06-11 11:25:00,197.88,198.2,197.84,198.0,792105
2026-06-11 11:30:00,198.04,198.51,197.95,198.1,985418
2026-06-11 11:35:00,198.13,198.29,197.9,198.0,399678
2026-06-11 11:40:00,198.0,198.92,197.87,198.82,714215
2026-06-11 11:45:00,198.81,198.92,198.37,198.61,581610
2026-06-11 11:50:00,198.61,198.66,198.25,198.64,287861
2026-06-11 11:55:00,198.64,198.83,198.07,198.23,434198
2026-06-11 12:00:00,198.23,199.27,198.13,198.76,841341
2026-06-11 12:05:00,198.76,198.78,198.04,198.04,360883
2026-06-11 12:10:00,198.03,198.04,197.55,197.65,549714
2026-06-11 12:15:00,197.69,198.11,197.5,197.52,497684
2026-06-11 12:20:00,197.49,197.7,197.24,197.64,532001
2026-06-11 12:25:00,197.68,197.71,197.3,197.48,414327
2026-06-11 12:30:00,197.49,197.83,197.48,197.63,306504
2026-06-11 12:35:00,197.64,197.85,197.48,197.69,327661
2026-06-11 12:40:00,197.69,197.83,197.35,197.36,330400
2026-06-11 12:45:00,197.39,197.5,197.28,197.29,422051
2026-06-11 12:50:00,197.3,197.75,197.26,197.58,371650
2026-06-11 12:55:00,197.6,198.11,197.42,198.01,347103
2026-06-11 13:00:00,198.09,198.76,198.06,198.62,562629
2026-06-11 13:05:00,198.61,198.7,198.03,198.04,775231
2026-06-11 13:10:00,198.05,198.05,197.63,197.75,351148
2026-06-11 13:15:00,197.75,198.09,197.68,197.84,352039
2026-06-11 13:20:00,197.84,198.13,197.67,197.89,273257
2026-06-11 13:25:00,197.9,198.22,197.77,198.15,307682
2026-06-11 13:30:00,198.15,198.65,198.12,198.5,401388
2026-06-11 13:35:00,198.5,198.53,198.22,198.26,287406
2026-06-11 13:40:00,198.3,198.3,198.05,198.22,282186
2026-06-11 13:45:00,198.21,198.37,198.12,198.29,270324
2026-06-11 13:50:00,198.29,198.3,197.99,198.05,313253
2026-06-11 13:55:00,198.09,198.32,198.03,198.27,272246
2026-06-11 14:00:00,198.29,198.4,198.18,198.29,298414
2026-06-11 14:05:00,198.26,198.35,197.61,197.71,404402
2026-06-11 14:10:00,197.73,198.0,197.69,197.95,292347
2026-06-11 14:15:00,197.95,198.04,197.66,197.76,354513
2026-06-11 14:20:00,197.83,197.99,197.76,197.84,266577
2026-06-11 14:25:00,197.84,198.48,197.82,198.33,374790
2026-06-11 14:30:00,198.32,198.44,198.1,198.13,286517
2026-06-11 14:35:00,198.13,198.13,197.75,197.85,504704
2026-06-11 14:40:00,197.87,198.01,197.75,197.77,370606
2026-06-11 14:45:00,197.77,197.9,197.41,197.74,461785
2026-06-11 14:50:00,197.79,197.9,197.57,197.78,293123
2026-06-11 14:55:00,197.79,197.82,197.55,197.74,394101
2026-06-11 15:00:00,197.74,198.17,197.74,197.89,1274425
2026-06-11 15:05:00,197.89,197.9,197.65,197.78,768197
2026-06-11 15:10:00,197.77,198.11,197.77,197.89,899902
2026-06-11 15:15:00,197.89,198.08,197.86,198.02,1162335
2026-06-11 15:20:00,197.99,198.05,197.5,197.95,901712
2026-06-11 15:25:00,197.95,198.81,197.94,198.35,992300
2026-06-12 09:15:00,200.0,200.82,196.7,197.37,1892040
2026-06-12 09:20:00,197.33,197.4,196.5,196.5,1186001
2026-06-12 09:25:00,196.51,196.69,196.0,196.35,810883
2026-06-12 09:30:00,196.41,196.86,195.8,196.8,1236407
2026-06-12 09:35:00,196.84,197.25,196.7,197.05,474857
2026-06-12 09:40:00,197.04,197.6,197.0,197.32,470514
2026-06-12 09:45:00,197.34,197.48,197.05,197.35,205688
2026-06-12 09:50:00,197.35,197.44,197.1,197.15,196263
2026-06-12 09:55:00,197.1,197.55,197.09,197.53,351833
2026-06-12 10:00:00,197.53,197.88,197.5,197.87,446087
2026-06-12 10:05:00,197.88,198.08,197.6,197.61,408164
2026-06-12 10:10:00,197.6,197.66,196.5,196.8,680771
2026-06-12 10:15:00,196.8,196.95,196.3,196.4,368634
2026-06-12 10:20:00,196.4,197.2,196.31,197.16,973221
2026-06-12 10:25:00,197.15,197.38,196.92,196.99,188294
2026-06-12 10:30:00,196.99,197.1,196.7,196.83,259853
2026-06-12 10:35:00,196.84,196.86,196.53,196.8,214001
2026-06-12 10:40:00,196.8,196.9,196.55,196.64,156123
2026-06-12 10:45:00,196.65,197.15,196.65,197.0,673575
2026-06-12 10:50:00,197.0,197.05,196.94,196.98,139204
2026-06-12 10:55:00,196.99,197.04,196.72,196.79,197231
2026-06-12 11:00:00,196.8,196.94,196.55,196.69,167042
2026-06-12 11:05:00,196.69,196.72,196.4,196.56,304549
2026-06-12 11:10:00,196.48,196.95,196.45,196.88,247070
2026-06-12 11:15:00,196.88,196.99,196.66,196.9,320322
2026-06-12 11:20:00,196.9,197.05,196.76,197.05,638118
2026-06-12 11:25:00,197.05,197.25,197.0,197.08,141785
2026-06-12 11:30:00,197.08,197.12,196.8,197.0,194942
2026-06-12 11:35:00,197.08,197.2,196.99,197.17,94908
2026-06-12 11:40:00,197.2,197.2,197.1,197.19,42554
2026-06-12 11:45:00,197.19,197.21,196.91,197.0,247678
2026-06-12 11:50:00,197.0,197.07,196.71,196.86,192498
2026-06-12 11:55:00,196.86,196.91,196.71,196.82,87119
2026-06-12 12:00:00,196.82,197.05,196.6,196.99,159486
2026-06-12 12:05:00,197.03,197.05,196.64,196.66,278463
2026-06-12 12:10:00,196.73,196.75,196.3,196.39,509658
2026-06-12 12:15:00,196.39,196.5,196.3,196.4,328313
2026-06-12 12:20:00,196.47,197.04,196.41,197.0,357308
2026-06-12 12:25:00,197.01,197.05,196.85,197.0,193145
2026-06-12 12:30:00,197.02,197.02,196.79,196.87,240175
2026-06-12 12:35:00,196.81,196.88,196.24,196.51,253215
2026-06-12 12:40:00,196.49,196.6,195.82,195.93,616571
2026-06-12 12:45:00,195.93,196.15,195.81,196.01,213833
2026-06-12 12:50:00,195.95,196.28,195.91,196.25,105495
2026-06-12 12:55:00,196.25,196.26,196.02,196.18,81882
2026-06-12 13:00:00,196.18,196.3,196.1,196.25,52930
2026-06-12 13:05:00,196.25,196.41,196.2,196.27,78557
2026-06-12 13:10:00,196.31,196.4,196.2,196.35,108136
2026-06-12 13:15:00,196.4,196.71,196.31,196.55,100529
2026-06-12 13:20:00,196.57,196.65,196.52,196.6,68648
2026-06-12 13:25:00,196.56,197.18,196.32,197.05,339471
2026-06-12 13:30:00,197.05,197.18,196.92,197.0,506710
2026-06-12 13:35:00,197.05,197.28,196.51,197.0,714899
2026-06-12 13:40:00,197.03,197.3,196.93,197.3,260278
2026-06-12 13:45:00,197.25,197.48,197.2,197.35,163295
2026-06-12 13:50:00,197.37,197.6,197.25,197.5,396415
2026-06-12 13:55:00,197.58,197.61,197.2,197.37,439603
2026-06-12 14:00:00,197.39,197.47,197.2,197.33,131184
2026-06-12 14:05:00,197.37,197.42,197.2,197.4,273367
2026-06-12 14:10:00,197.4,197.45,197.3,197.38,89466
2026-06-12 14:15:00,197.38,197.6,197.26,197.39,256958
2026-06-12 14:20:00,197.37,197.8,197.37,197.66,372105
2026-06-12 14:25:00,197.64,197.72,197.38,197.62,188079
2026-06-12 14:30:00,197.61,197.74,197.43,197.59,181185
2026-06-12 14:35:00,197.57,197.57,197.2,197.49,443669
2026-06-12 14:40:00,197.49,197.7,197.38,197.6,387930
2026-06-12 14:45:00,197.62,197.78,197.45,197.46,467047
2026-06-12 14:50:00,197.47,197.7,197.46,197.53,262171
2026-06-12 14:55:00,197.54,197.7,197.5,197.54,168981
2026-06-12 15:00:00,197.54,198.39,197.25,198.27,829528
2026-06-12 15:05:00,198.27,198.5,198.0,198.02,479247
2026-06-12 15:10:00,198.04,198.04,197.72,197.75,334488
2026-06-12 15:15:00,197.73,198.0,197.56,197.85,888758
2026-06-12 15:20:00,197.85,197.95,197.69,197.81,391859
2026-06-12 15:25:00,197.81,197.9,197.7,197.83,438509
2026-06-15 09:15:00,199.96,200.95,199.51,199.79,1969862
2026-06-15 09:20:00,199.84,200.3,199.77,199.92,807893
2026-06-15 09:25:00,199.88,200.27,199.41,200.25,753673
2026-06-15 09:30:00,200.24,200.95,199.99,200.12,672238
2026-06-15 09:35:00,200.11,200.5,200.0,200.47,366578
2026-06-15 09:40:00,200.47,200.49,199.74,199.91,679168
2026-06-15 09:45:00,199.83,199.95,199.4,199.72,626630
2026-06-15 09:50:00,199.74,199.85,199.56,199.75,231375
2026-06-15 09:55:00,199.73,199.75,199.01,199.12,598301
2026-06-15 10:00:00,199.14,199.6,199.01,199.19,492427
2026-06-15 10:05:00,199.15,199.27,198.75,198.87,615821
2026-06-15 10:10:00,198.86,199.2,198.6,198.99,441938
2026-06-15 10:15:00,198.99,199.02,198.75,198.99,298146
2026-06-15 10:20:00,198.99,199.3,198.95,199.11,294685
2026-06-15 10:25:00,199.15,199.25,198.91,199.15,382712
2026-06-15 10:30:00,199.15,199.37,199.06,199.1,256220
2026-06-15 10:35:00,199.08,199.1,198.86,199.05,282252
2026-06-15 10:40:00,199.02,199.3,199.02,199.3,197528
2026-06-15 10:45:00,199.3,199.75,199.27,199.7,347198
2026-06-15 10:50:00,199.67,200.08,199.54,199.68,687090
2026-06-15 10:55:00,199.64,199.75,199.47,199.47,272402
2026-06-15 11:00:00,199.44,199.67,199.26,199.35,275907
2026-06-15 11:05:00,199.35,199.6,199.32,199.6,239784
2026-06-15 11:10:00,199.6,199.6,199.05,199.1,263828
2026-06-15 11:15:00,199.04,199.35,199.03,199.24,215111
2026-06-15 11:20:00,199.25,199.4,199.12,199.3,167799
2026-06-15 11:25:00,199.3,199.5,199.22,199.33,108450
2026-06-15 11:30:00,199.32,199.38,199.0,199.02,179014
2026-06-15 11:35:00,199.01,199.15,199.0,199.1,151081
2026-06-15 11:40:00,199.05,199.08,198.76,198.85,346507
2026-06-15 11:45:00,198.83,198.85,198.58,198.74,344699
2026-06-15 11:50:00,198.81,199.02,198.73,198.92,180691
2026-06-15 11:55:00,198.92,199.0,198.8,198.94,139560
2026-06-15 12:00:00,198.94,198.95,198.77,198.88,127776
2026-06-15 12:05:00,198.84,198.95,198.71,198.94,106734
2026-06-15 12:10:00,198.94,198.95,198.4,198.64,356773
2026-06-15 12:15:00,198.6,198.75,198.01,198.21,455903
2026-06-15 12:20:00,198.21,198.49,198.08,198.48,214964
2026-06-15 12:25:00,198.45,198.5,198.25,198.45,196126
2026-06-15 12:30:00,198.46,198.5,198.25,198.37,181926
2026-06-15 12:35:00,198.43,198.48,198.29,198.36,153634
2026-06-15 12:40:00,198.29,198.46,198.28,198.46,124136
2026-06-15 12:45:00,198.38,198.45,198.35,198.45,140886
2026-06-15 12:50:00,198.38,198.46,198.3,198.38,106670
2026-06-15 12:55:00,198.37,198.5,198.36,198.49,95173
2026-06-15 13:00:00,198.49,198.49,198.3,198.49,165882
2026-06-15 13:05:00,198.46,198.65,198.4,198.61,114027
2026-06-15 13:10:00,198.66,198.9,198.64,198.66,157229
2026-06-15 13:15:00,198.66,198.66,198.47,198.5,170937
2026-06-15 13:20:00,198.47,198.7,198.47,198.59,105247
2026-06-15 13:25:00,198.66,198.73,198.5,198.56,126942
2026-06-15 13:30:00,198.59,198.68,198.54,198.67,93605
2026-06-15 13:35:00,198.6,198.69,198.02,198.12,387783
2026-06-15 13:40:00,198.12,198.25,198.05,198.21,200527
2026-06-15 13:45:00,198.14,198.45,198.14,198.45,165912
2026-06-15 13:50:00,198.45,198.49,198.25,198.45,113956
2026-06-15 13:55:00,198.43,198.49,198.2,198.41,183106
2026-06-15 14:00:00,198.4,198.5,198.34,198.43,201018
2026-06-15 14:05:00,198.43,198.47,198.35,198.35,258114
2026-06-15 14:10:00,198.4,198.44,198.35,198.44,170875
2026-06-15 14:15:00,198.43,198.45,198.38,198.39,123870
2026-06-15 14:20:00,198.38,198.45,198.29,198.41,285375
2026-06-15 14:25:00,198.45,198.49,198.3,198.37,142799
2026-06-15 14:30:00,198.34,198.65,198.34,198.57,189311
2026-06-15 14:35:00,198.56,198.84,198.54,198.6,321511
2026-06-15 14:40:00,198.61,198.61,198.3,198.52,408535
2026-06-15 14:45:00,198.3,198.54,198.2,198.5,467561
2026-06-15 14:50:00,198.49,198.58,198.24,198.26,399019
2026-06-15 14:55:00,198.3,198.3,198.01,198.06,422309
2026-06-15 15:00:00,198.03,198.06,197.2,197.28,1274239
2026-06-15 15:05:00,197.26,197.28,197.01,197.07,780661
2026-06-15 15:10:00,197.05,197.38,196.82,197.3,878240
2026-06-15 15:15:00,197.34,197.5,197.16,197.36,881428
2026-06-15 15:20:00,197.39,197.5,197.05,197.1,795705
2026-06-15 15:25:00,197.14,197.5,196.9,197.5,815300
2026-06-16 09:15:00,197.51,197.6,195.35,195.9,1448042
2026-06-16 09:20:00,195.9,196.49,195.8,196.09,426357
2026-06-16 09:25:00,196.09,196.35,196.0,196.1,239201
2026-06-16 09:30:00,196.09,196.46,196.02,196.39,277258
2026-06-16 09:35:00,196.34,196.62,196.31,196.34,298266
2026-06-16 09:40:00,196.38,196.47,196.25,196.3,154788
2026-06-16 09:45:00,196.3,196.81,196.3,196.62,302955
2026-06-16 09:50:00,196.6,196.8,196.34,196.63,321655
2026-06-16 09:55:00,196.64,196.85,196.46,196.46,338392
2026-06-16 10:00:00,196.5,196.5,195.8,195.95,583390
2026-06-16 10:05:00,195.95,196.05,195.74,195.75,374750
2026-06-16 10:10:00,195.75,195.8,195.6,195.64,223654
2026-06-16 10:15:00,195.67,195.7,195.21,195.3,672297
2026-06-16 10:20:00,195.3,195.5,195.27,195.36,299464
2026-06-16 10:25:00,195.4,195.45,195.36,195.38,193153
2026-06-16 10:30:00,195.4,195.84,195.4,195.83,284095
2026-06-16 10:35:00,195.85,196.2,195.83,196.13,421717
2026-06-16 10:40:00,196.11,196.18,195.9,196.11,342448
2026-06-16 10:45:00,196.2,196.29,195.9,195.95,230930
2026-06-16 10:50:00,195.95,196.0,195.8,195.84,155115
2026-06-16 10:55:00,195.85,196.17,195.83,195.96,189609
2026-06-16 11:00:00,195.96,196.0,195.4,195.4,250031
2026-06-16 11:05:00,195.4,195.5,195.07,195.1,435717
2026-06-16 11:10:00,195.07,195.15,194.62,194.74,786996
2026-06-16 11:15:00,194.74,195.13,194.64,194.78,370838
2026-06-16 11:20:00,194.8,195.0,194.78,194.99,157930
2026-06-16 11:25:00,194.99,195.07,194.13,194.48,1211290
2026-06-16 11:30:00,194.48,194.6,193.57,194.09,1402561
2026-06-16 11:35:00,194.09,194.14,193.61,193.86,537826
2026-06-16 11:40:00,193.88,194.24,193.82,194.18,127992
2026-06-16 11:45:00,194.2,194.5,194.2,194.25,201506
2026-06-16 11:50:00,194.25,194.4,194.15,194.23,165478
2026-06-16 11:55:00,194.23,194.35,193.95,194.26,217882
2026-06-16 12:00:00,194.31,194.37,193.9,193.97,200829
2026-06-16 12:05:00,193.97,194.04,193.78,193.86,181213
2026-06-16 12:10:00,193.85,194.38,193.82,193.92,282935
2026-06-16 12:15:00,193.98,193.98,193.7,193.75,281544
2026-06-16 12:20:00,193.75,193.84,193.5,193.64,816514
2026-06-16 12:25:00,193.63,193.88,193.63,193.79,226547
2026-06-16 12:30:00,193.8,194.02,193.75,193.8,363178
2026-06-16 12:35:00,193.79,193.87,193.7,193.71,250146
2026-06-16 12:40:00,193.72,193.76,193.5,193.51,316125
2026-06-16 12:45:00,193.51,193.71,193.31,193.57,564701
2026-06-16 12:50:00,193.58,193.63,193.43,193.55,279313
2026-06-16 12:55:00,193.55,194.05,193.55,194.0,223386
2026-06-16 13:00:00,194.01,194.01,193.8,193.94,176551
2026-06-16 13:05:00,193.95,194.06,193.8,193.99,149344
2026-06-16 13:10:00,194.0,194.25,193.99,194.22,259239
2026-06-16 13:15:00,194.24,194.68,194.22,194.53,382721
2026-06-16 13:20:00,194.58,195.1,194.51,194.96,345670
2026-06-16 13:25:00,194.96,195.24,194.94,195.17,301170
2026-06-16 13:30:00,195.17,195.4,195.02,195.4,354637
2026-06-16 13:35:00,195.35,195.55,195.35,195.44,454365
2026-06-16 13:40:00,195.44,195.52,195.02,195.08,334401
2026-06-16 13:45:00,195.08,195.14,195.02,195.07,118648
2026-06-16 13:50:00,195.09,195.14,195.0,195.1,105702
2026-06-16 13:55:00,195.12,195.31,195.1,195.22,93505
2026-06-16 14:00:00,195.22,195.35,195.08,195.16,143387
2026-06-16 14:05:00,195.08,195.5,195.0,195.5,187667
2026-06-16 14:10:00,195.49,195.62,195.47,195.53,472540
2026-06-16 14:15:00,195.52,195.55,195.49,195.51,224496
2026-06-16 14:20:00,195.51,195.59,195.49,195.59,284460
2026-06-16 14:25:00,195.59,195.85,195.52,195.85,379936
2026-06-16 14:30:00,195.8,195.99,195.73,195.91,488402
2026-06-16 14:35:00,195.94,195.96,195.76,195.94,304195
2026-06-16 14:40:00,195.94,195.95,195.71,195.71,252263
2026-06-16 14:45:00,195.72,196.0,195.62,195.93,411139
2026-06-16 14:50:00,195.96,196.0,195.84,195.99,482648
2026-06-16 14:55:00,196.0,196.0,195.73,195.92,286929
2026-06-16 15:00:00,195.91,195.96,195.8,195.95,574294
2026-06-16 15:05:00,195.95,196.2,195.8,196.13,1451487
2026-06-16 15:10:00,196.1,196.2,196.04,196.17,555538
2026-06-16 15:15:00,196.15,196.15,196.0,196.05,623414
2026-06-16 15:20:00,196.08,196.09,195.81,195.89,706150
2026-06-16 15:25:00,195.9,196.09,195.89,196.09,649208
2026-06-17 09:15:00,196.79,197.0,195.84,195.97,1050465
2026-06-17 09:20:00,195.97,196.18,195.6,195.78,749270
2026-06-17 09:25:00,195.87,196.11,195.63,195.93,359269
2026-06-17 09:30:00,195.93,196.75,195.89,196.7,496822
2026-06-17 09:35:00,196.7,196.7,196.22,196.65,403641
2026-06-17 09:40:00,196.66,197.35,196.62,197.27,545144
2026-06-17 09:45:00,197.32,197.34,196.85,197.09,282183
2026-06-17 09:50:00,197.16,197.3,196.89,197.27,284972
2026-06-17 09:55:00,197.33,197.33,196.85,197.0,361650
2026-06-17 10:00:00,197.05,197.05,196.87,197.02,199151
2026-06-17 10:05:00,197.02,197.1,196.85,197.0,205831
2026-06-17 10:10:00,197.0,197.05,196.89,197.0,218501
2026-06-17 10:15:00,196.97,197.2,196.97,197.15,252843
2026-06-17 10:20:00,197.14,197.35,197.14,197.35,233640
2026-06-17 10:25:00,197.35,197.38,197.26,197.34,213242
2026-06-17 10:30:00,197.35,197.94,197.35,197.9,519924
2026-06-17 10:35:00,197.9,198.67,197.89,198.19,749880
2026-06-17 10:40:00,198.27,198.27,197.82,198.01,400936
2026-06-17 10:45:00,198.05,198.1,197.74,198.0,278116
2026-06-17 10:50:00,197.96,198.05,197.72,197.75,176655
2026-06-17 10:55:00,197.73,198.0,197.62,197.9,200726
2026-06-17 11:00:00,197.89,197.95,197.42,197.55,349975
2026-06-17 11:05:00,197.55,197.9,197.22,197.9,379359
2026-06-17 11:10:00,197.9,198.27,197.72,198.27,210517
2026-06-17 11:15:00,198.27,198.5,198.18,198.5,227563
2026-06-17 11:20:00,198.5,198.5,198.31,198.33,149777
2026-06-17 11:25:00,198.35,198.4,198.04,198.15,174143
2026-06-17 11:30:00,198.11,198.45,198.11,198.35,174307
2026-06-17 11:35:00,198.37,198.49,198.32,198.4,112779
2026-06-17 11:40:00,198.41,198.49,198.24,198.4,128614
2026-06-17 11:45:00,198.4,198.47,198.09,198.21,172302
2026-06-17 11:50:00,198.26,198.3,198.1,198.16,136893
2026-06-17 11:55:00,198.18,198.29,198.0,198.02,153214
2026-06-17 12:00:00,198.01,198.26,197.94,198.25,132684
2026-06-17 12:05:00,198.2,198.3,198.19,198.27,91405
2026-06-17 12:10:00,198.27,198.5,198.25,198.49,119135
2026-06-17 12:15:00,198.49,198.58,198.38,198.57,156934
2026-06-17 12:20:00,198.58,198.75,198.57,198.75,223423
2026-06-17 12:25:00,198.74,198.8,198.54,198.65,169063
2026-06-17 12:30:00,198.67,198.76,198.65,198.72,113240
2026-06-17 12:35:00,198.72,198.74,198.31,198.44,232500
2026-06-17 12:40:00,198.47,198.68,198.42,198.66,128154
2026-06-17 12:45:00,198.65,198.79,198.62,198.67,172653
2026-06-17 12:50:00,198.7,198.74,198.44,198.49,144464
2026-06-17 12:55:00,198.49,198.57,198.35,198.45,150432
2026-06-17 13:00:00,198.48,198.6,198.41,198.57,91730
2026-06-17 13:05:00,198.58,198.7,198.05,198.13,359252
2026-06-17 13:10:00,198.15,198.35,198.0,198.09,340161
2026-06-17 13:15:00,198.09,198.42,198.02,198.33,131736
2026-06-17 13:20:00,198.32,198.53,198.3,198.47,99378
2026-06-17 13:25:00,198.47,198.59,198.42,198.45,124248
2026-06-17 13:30:00,198.42,198.59,198.38,198.5,175735
2026-06-17 13:35:00,198.54,198.68,198.38,198.62,314376
2026-06-17 13:40:00,198.62,199.2,198.59,199.05,469383
2026-06-17 13:45:00,199.08,199.14,198.79,198.92,263158
2026-06-17 13:50:00,198.97,199.0,198.6,198.88,273846
2026-06-17 13:55:00,198.8,199.09,198.65,198.89,265865
2026-06-17 14:00:00,198.96,199.0,198.76,198.9,162782
2026-06-17 14:05:00,198.88,198.97,198.7,198.71,119679
2026-06-17 14:10:00,198.74,199.1,198.65,199.08,221059
2026-06-17 14:15:00,199.05,199.16,199.0,199.13,160729
2026-06-17 14:20:00,199.15,199.16,199.0,199.03,226913
2026-06-17 14:25:00,199.01,199.1,198.78,198.96,263130
2026-06-17 14:30:00,198.97,199.0,198.21,198.24,496997
2026-06-17 14:35:00,198.25,198.4,197.92,198.4,396082
2026-06-17 14:40:00,198.39,198.49,198.37,198.43,211288
2026-06-17 14:45:00,198.45,198.68,198.4,198.42,295722
2026-06-17 14:50:00,198.45,198.48,198.33,198.48,200641
2026-06-17 14:55:00,198.48,198.99,198.48,198.93,266706
2026-06-17 15:00:00,198.95,199.5,198.94,199.06,957311
2026-06-17 15:05:00,199.07,199.25,199.04,199.05,459995
2026-06-17 15:10:00,199.07,199.19,198.86,198.92,766264
2026-06-17 15:15:00,198.92,199.02,198.73,198.8,629800
2026-06-17 15:20:00,198.85,198.96,198.78,198.9,743428
2026-06-17 15:25:00,198.91,198.94,198.6,198.83,547244
2026-06-18 09:15:00,199.01,199.65,198.39,199.59,923866
2026-06-18 09:20:00,199.59,199.73,199.28,199.53,364736
2026-06-18 09:25:00,199.53,199.95,199.15,199.15,510273
2026-06-18 09:30:00,199.2,199.44,198.8,198.83,318551
2026-06-18 09:35:00,198.87,199.2,198.67,199.07,204760
2026-06-18 09:40:00,199.07,199.7,199.06,199.4,273066
2026-06-18 09:45:00,199.42,199.95,199.4,199.66,249756
2026-06-18 09:50:00,199.69,199.85,199.55,199.55,190031
2026-06-18 09:55:00,199.58,199.75,199.01,199.01,364745
2026-06-18 10:00:00,199.06,199.1,198.88,199.04,242880
2026-06-18 10:05:00,199.08,199.17,199.06,199.16,192826
2026-06-18 10:10:00,199.17,199.24,198.85,198.87,203008
2026-06-18 10:15:00,198.87,199.17,198.72,198.93,295020
2026-06-18 10:20:00,198.96,198.99,198.75,198.98,180962
2026-06-18 10:25:00,198.99,199.0,198.73,198.75,147539
2026-06-18 10:30:00,198.88,199.0,198.75,198.9,126538
2026-06-18 10:35:00,198.9,199.0,198.59,198.65,153921
2026-06-18 10:40:00,198.6,198.75,198.43,198.64,358539
2026-06-18 10:45:00,198.6,198.75,198.58,198.74,163602
2026-06-18 10:50:00,198.75,198.75,198.5,198.68,214820
2026-06-18 10:55:00,198.61,198.65,198.44,198.58,225140
2026-06-18 11:00:00,198.59,198.59,198.43,198.5,65121
2026-06-18 11:05:00,198.5,198.55,198.38,198.4,196506
2026-06-18 11:10:00,198.37,198.43,198.15,198.23,239350
2026-06-18 11:15:00,198.25,199.0,198.25,198.91,478885
2026-06-18 11:20:00,198.91,199.3,198.7,199.28,398683
2026-06-18 11:25:00,199.28,199.3,199.05,199.25,152478
2026-06-18 11:30:00,199.25,199.35,198.99,199.25,319621
2026-06-18 11:35:00,199.27,199.28,199.1,199.27,251309
2026-06-18 11:40:00,199.27,199.4,199.24,199.38,154160
2026-06-18 11:45:00,199.4,199.44,199.25,199.28,114960
2026-06-18 11:50:00,199.28,199.4,199.1,199.22,697622
2026-06-18 11:55:00,199.14,199.62,199.13,199.62,544775
2026-06-18 12:00:00,199.61,199.64,199.47,199.49,133535
2026-06-18 12:05:00,199.5,199.53,199.1,199.31,229072
2026-06-18 12:10:00,199.3,199.49,199.28,199.45,91836
2026-06-18 12:15:00,199.44,199.75,199.42,199.66,270961
2026-06-18 12:20:00,199.64,199.7,199.61,199.65,114426
2026-06-18 12:25:00,199.65,200.0,199.65,200.0,420777
2026-06-18 12:30:00,199.99,199.99,199.79,199.94,151627
2026-06-18 12:35:00,199.94,199.95,199.75,199.94,178500
2026-06-18 12:40:00,199.93,199.99,199.8,199.88,147546
2026-06-18 12:45:00,199.87,200.09,199.35,199.63,784791
2026-06-18 12:50:00,199.69,199.85,199.56,199.59,134588
2026-06-18 12:55:00,199.62,199.74,199.54,199.6,112677
2026-06-18 13:00:00,199.65,199.65,199.4,199.46,205332
2026-06-18 13:05:00,199.46,199.46,199.24,199.36,130396
2026-06-18 13:10:00,199.41,199.55,199.35,199.44,164657
2026-06-18 13:15:00,199.44,199.55,199.26,199.31,144079
2026-06-18 13:20:00,199.31,199.62,199.26,199.6,231199
2026-06-18 13:25:00,199.6,199.7,199.45,199.7,102003
2026-06-18 13:30:00,199.7,199.92,199.62,199.87,251066
2026-06-18 13:35:00,199.83,200.03,199.8,199.98,204103
2026-06-18 13:40:00,199.99,200.0,199.63,199.71,216248
2026-06-18 13:45:00,199.79,199.88,199.65,199.68,126022
2026-06-18 13:50:00,199.68,199.98,199.62,199.95,163322
2026-06-18 13:55:00,199.92,200.04,199.89,199.99,129327
2026-06-18 14:00:00,199.99,200.0,199.95,199.97,96780
2026-06-18 14:05:00,199.98,200.0,199.79,199.79,310325
2026-06-18 14:10:00,199.8,200.04,199.71,200.04,381100
2026-06-18 14:15:00,200.03,200.03,199.9,200.0,693617
2026-06-18 14:20:00,199.95,200.6,199.9,200.51,517351
2026-06-18 14:25:00,200.44,200.59,199.9,199.91,473551
2026-06-18 14:30:00,199.89,200.11,199.65,200.02,373074
2026-06-18 14:35:00,200.08,200.23,199.87,200.08,259039
2026-06-18 14:40:00,200.09,200.15,199.98,200.01,131162
2026-06-18 14:45:00,200.03,200.03,199.76,199.82,214102
2026-06-18 14:50:00,199.81,200.0,199.77,199.92,151753
2026-06-18 14:55:00,199.91,200.15,199.88,200.13,221148
2026-06-18 15:00:00,200.06,200.39,200.06,200.37,710292
2026-06-18 15:05:00,200.38,200.7,200.37,200.59,616121
2026-06-18 15:10:00,200.62,200.68,200.52,200.67,548120
2026-06-18 15:15:00,200.68,200.7,200.55,200.62,626083
2026-06-18 15:20:00,200.62,200.7,200.61,200.65,738794
2026-06-18 15:25:00,200.55,200.66,200.0,200.5,637567
2026-06-19 09:15:00,199.25,199.25,197.1,199.22,1051595
2026-06-19 09:20:00,199.22,199.22,198.53,198.98,568833
2026-06-19 09:25:00,198.98,199.15,198.64,198.85,390236
2026-06-19 09:30:00,198.85,198.85,198.23,198.33,294867
2026-06-19 09:35:00,198.32,198.52,198.1,198.47,409660
2026-06-19 09:40:00,198.54,198.85,198.5,198.65,299146
2026-06-19 09:45:00,198.64,198.77,198.1,198.15,373468
2026-06-19 09:50:00,198.15,198.16,197.49,198.1,617038
2026-06-19 09:55:00,198.12,198.15,197.93,198.15,408245
2026-06-19 10:00:00,198.13,198.15,197.85,197.92,281274
2026-06-19 10:05:00,197.92,198.04,197.8,197.9,243814
2026-06-19 10:10:00,197.9,198.0,197.7,197.85,230492
2026-06-19 10:15:00,197.85,197.99,197.72,197.92,213436
2026-06-19 10:20:00,197.9,197.93,197.69,197.85,266345
2026-06-19 10:25:00,197.84,197.97,197.74,197.75,156003
2026-06-19 10:30:00,197.79,197.98,197.79,197.9,165009
2026-06-19 10:35:00,197.9,198.0,197.8,198.0,172496
2026-06-19 10:40:00,197.99,198.1,197.75,197.9,274789
2026-06-19 10:45:00,197.9,198.03,197.85,197.88,181171
2026-06-19 10:50:00,197.91,197.97,197.75,197.8,156160
2026-06-19 10:55:00,197.79,197.8,197.56,197.58,184423
2026-06-19 11:00:00,197.59,197.7,197.53,197.59,175833
2026-06-19 11:05:00,197.59,197.63,197.41,197.59,226970
2026-06-19 11:10:00,197.6,197.75,197.57,197.7,144051
2026-06-19 11:15:00,197.67,197.7,197.48,197.64,130235
2026-06-19 11:20:00,197.64,197.74,197.5,197.6,145498
2026-06-19 11:25:00,197.59,197.6,197.2,197.44,348784
2026-06-19 11:30:00,197.4,197.9,197.39,197.78,325269
2026-06-19 11:35:00,197.79,198.1,197.35,197.46,389925
2026-06-19 11:40:00,197.43,197.65,197.2,197.28,297339
2026-06-19 11:45:00,197.29,197.29,196.5,196.85,588517
2026-06-19 11:50:00,196.9,197.09,196.64,196.86,299782
2026-06-19 11:55:00,196.86,197.0,196.8,196.87,167146
2026-06-19 12:00:00,196.82,197.2,196.8,197.12,318889
2026-06-19 12:05:00,197.06,197.3,197.0,197.19,160474
2026-06-19 12:10:00,197.25,197.38,197.15,197.31,119110
2026-06-19 12:15:00,197.31,197.53,197.22,197.45,108631
2026-06-19 12:20:00,197.46,197.8,197.4,197.75,180846
2026-06-19 12:25:00,197.74,198.0,197.55,197.74,231912
2026-06-19 12:30:00,197.74,198.1,197.71,198.04,200036
2026-06-19 12:35:00,198.04,198.04,197.8,197.94,151586
2026-06-19 12:40:00,197.94,197.98,197.25,197.68,188221
2026-06-19 12:45:00,197.61,197.89,197.58,197.71,130017
2026-06-19 12:50:00,197.71,197.98,197.67,197.98,128668
2026-06-19 12:55:00,197.98,198.08,197.52,197.74,220512
2026-06-19 13:00:00,197.74,197.8,197.6,197.7,89871
2026-06-19 13:05:00,197.65,197.8,197.6,197.68,124126
2026-06-19 13:10:00,197.68,197.85,197.55,197.84,167993
2026-06-19 13:15:00,197.8,197.9,197.63,197.8,281384
2026-06-19 13:20:00,197.88,198.0,197.75,197.82,287335
2026-06-19 13:25:00,197.82,198.04,197.82,198.0,78041
2026-06-19 13:30:00,198.04,198.25,197.96,198.24,207824
2026-06-19 13:35:00,198.24,198.28,198.1,198.1,108464
2026-06-19 13:40:00,198.16,198.4,198.07,198.36,171366
2026-06-19 13:45:00,198.36,198.4,198.28,198.4,166140
2026-06-19 13:50:00,198.39,198.44,198.0,198.15,259640
2026-06-19 13:55:00,198.15,198.4,198.1,198.35,131602
2026-06-19 14:00:00,198.41,198.45,198.15,198.25,156886
2026-06-19 14:05:00,198.3,198.37,198.15,198.32,124383
2026-06-19 14:10:00,198.34,198.4,198.21,198.36,135408
2026-06-19 14:15:00,198.35,198.5,198.32,198.5,144166
2026-06-19 14:20:00,198.5,198.55,198.4,198.41,301428
2026-06-19 14:25:00,198.41,198.67,198.4,198.61,202259
2026-06-19 14:30:00,198.61,198.66,198.46,198.53,73104
2026-06-19 14:35:00,198.54,198.98,198.53,198.86,404450
2026-06-19 14:40:00,198.88,198.88,198.57,198.75,152514
2026-06-19 14:45:00,198.77,198.8,198.6,198.75,116467
2026-06-19 14:50:00,198.75,198.75,198.18,198.49,509043
2026-06-19 14:55:00,198.38,198.49,198.08,198.39,189718
2026-06-19 15:00:00,198.38,199.05,198.31,198.84,2652644
2026-06-19 15:05:00,198.76,199.15,198.76,198.97,2580406
2026-06-19 15:10:00,198.94,199.36,198.94,199.14,2509510
2026-06-19 15:15:00,199.1,199.16,198.85,199.03,2380697
2026-06-19 15:20:00,199.05,199.2,198.91,199.1,2298839
2026-06-19 15:25:00,199.11,199.28,198.82,199.28,2187252
2026-06-22 09:15:00,199.3,199.95,199.1,199.64,557496
2026-06-22 09:20:00,199.62,199.91,199.38,199.54,266483
2026-06-22 09:25:00,199.56,199.61,198.9,199.09,280451
2026-06-22 09:30:00,199.09,199.26,198.91,199.14,211533
2026-06-22 09:35:00,199.1,199.3,199.07,199.18,156021
2026-06-22 09:40:00,199.23,199.23,198.9,199.0,149191
2026-06-22 09:45:00,199.02,199.14,198.95,199.01,105371
2026-06-22 09:50:00,199.03,199.08,198.9,199.0,111986
2026-06-22 09:55:00,198.95,200.27,198.91,200.0,695181
2026-06-22 10:00:00,200.05,200.2,200.0,200.14,126739
2026-06-22 10:05:00,200.11,200.14,200.05,200.09,98982
2026-06-22 10:10:00,200.15,200.2,199.89,199.9,186674
2026-06-22 10:15:00,199.9,200.06,199.85,199.91,126910
2026-06-22 10:20:00,199.97,200.0,199.75,199.82,136120
2026-06-22 10:25:00,199.8,200.01,199.77,200.0,142421
2026-06-22 10:30:00,200.01,200.25,199.98,200.18,128917
2026-06-22 10:35:00,200.19,200.35,200.1,200.35,114081
2026-06-22 10:40:00,200.3,200.66,200.25,200.48,204234
2026-06-22 10:45:00,200.43,200.58,200.3,200.36,86098
2026-06-22 10:50:00,200.38,200.46,200.22,200.35,95577
2026-06-22 10:55:00,200.34,200.48,200.2,200.28,64359
2026-06-22 11:00:00,200.28,200.29,200.13,200.23,42399
2026-06-22 11:05:00,200.2,200.36,200.2,200.36,63584
2026-06-22 11:10:00,200.33,200.5,200.27,200.4,109786
2026-06-22 11:15:00,200.4,200.42,200.21,200.3,60948
2026-06-22 11:20:00,200.3,200.34,200.14,200.24,63234
2026-06-22 11:25:00,200.2,200.37,200.17,200.3,84909
2026-06-22 11:30:00,200.36,200.38,200.2,200.2,75000
2026-06-22 11:35:00,200.22,200.3,200.02,200.23,116753
2026-06-22 11:40:00,200.23,200.29,200.02,200.25,145415
2026-06-22 11:45:00,200.19,200.34,200.11,200.31,66435
2026-06-22 11:50:00,200.33,200.39,200.25,200.26,58984
2026-06-22 11:55:00,200.26,200.35,200.15,200.18,93774
2026-06-22 12:00:00,200.19,200.2,200.04,200.04,58785
2026-06-22 12:05:00,200.04,200.16,200.0,200.06,55636
2026-06-22 12:10:00,200.07,200.09,200.0,200.02,38759
2026-06-22 12:15:00,200.0,200.1,200.0,200.07,46596
2026-06-22 12:20:00,200.08,200.08,199.81,199.96,93278
2026-06-22 12:25:00,199.93,200.05,199.9,199.99,206363
2026-06-22 12:30:00,199.99,200.07,199.97,200.03,41158
2026-06-22 12:35:00,200.06,200.08,199.92,200.05,56886
2026-06-22 12:40:00,200.06,200.13,199.98,200.07,116524
2026-06-22 12:45:00,200.06,200.11,199.94,200.0,54361
2026-06-22 12:50:00,200.0,200.15,199.98,200.07,56751
2026-06-22 12:55:00,200.09,200.13,200.05,200.08,68708
2026-06-22 13:00:00,200.08,200.08,199.77,199.9,306325
2026-06-22 13:05:00,199.89,200.08,199.84,200.03,55216
2026-06-22 13:10:00,200.04,200.15,200.03,200.06,134020
2026-06-22 13:15:00,200.06,200.25,200.03,200.07,104109
2026-06-22 13:20:00,200.06,200.2,200.04,200.15,41290
2026-06-22 13:25:00,200.15,200.23,200.0,200.05,75849
2026-06-22 13:30:00,200.01,200.05,199.6,199.6,389625
2026-06-22 13:35:00,199.65,199.76,199.22,199.42,310592
2026-06-22 13:40:00,199.42,199.48,199.05,199.22,288994
2026-06-22 13:45:00,199.25,199.52,199.05,199.47,761044
2026-06-22 13:50:00,199.45,199.66,199.41,199.52,444895
2026-06-22 13:55:00,199.52,199.65,199.35,199.52,467816
2026-06-22 14:00:00,199.53,199.57,199.24,199.32,328471
2026-06-22 14:05:00,199.32,199.43,199.07,199.15,266491
2026-06-22 14:10:00,199.15,199.33,199.06,199.23,190913
2026-06-22 14:15:00,199.23,199.23,198.85,199.0,356272
2026-06-22 14:20:00,199.02,199.15,198.96,199.14,162842
2026-06-22 14:25:00,199.23,199.5,199.2,199.47,187155
2026-06-22 14:30:00,199.41,199.5,198.95,199.0,484134
2026-06-22 14:35:00,199.0,199.02,198.72,198.98,613397
2026-06-22 14:40:00,198.98,199.0,198.9,198.98,117242
2026-06-22 14:45:00,199.0,199.2,198.91,199.17,1012302
2026-06-22 14:50:00,199.2,199.2,198.95,199.0,181377
2026-06-22 14:55:00,199.0,199.09,198.8,198.97,1300342
2026-06-22 15:00:00,198.97,199.06,198.96,198.99,782512
2026-06-22 15:05:00,198.99,199.0,198.95,198.97,777441
2026-06-22 15:10:00,198.99,199.0,198.96,199.0,869224
2026-06-22 15:15:00,198.99,199.0,198.94,198.94,878677
2026-06-22 15:20:00,198.94,199.0,198.94,199.0,744208
2026-06-22 15:25:00,199.0,199.0,198.7,198.79,584818
2026-06-23 09:15:00,197.75,197.98,196.05,196.87,1402981
2026-06-23 09:20:00,196.88,196.97,196.6,196.81,628872
2026-06-23 09:25:00,196.81,196.85,196.65,196.82,250374
2026-06-23 09:30:00,196.85,197.2,196.82,197.03,286800
2026-06-23 09:35:00,197.08,197.21,197.0,197.18,145987
2026-06-23 09:40:00,197.17,197.2,196.95,197.02,231626
2026-06-23 09:45:00,197.05,197.3,196.81,197.26,204569
2026-06-23 09:50:00,197.27,197.27,196.9,197.0,108793
2026-06-23 09:55:00,197.0,197.15,196.92,197.15,99089
2026-06-23 10:00:00,197.18,197.18,196.91,197.11,116525
2026-06-23 10:05:00,197.1,197.45,197.1,197.3,245416
2026-06-23 10:10:00,197.32,197.45,197.3,197.37,103510
2026-06-23 10:15:00,197.39,197.74,197.37,197.74,240464
2026-06-23 10:20:00,197.72,197.74,197.36,197.59,179417
2026-06-23 10:25:00,197.56,197.6,197.19,197.23,286043
2026-06-23 10:30:00,197.22,197.4,197.08,197.11,181084
2026-06-23 10:35:00,197.14,197.32,197.05,197.17,159052
2026-06-23 10:40:00,197.15,197.2,196.93,196.96,148357
2026-06-23 10:45:00,196.96,196.96,196.71,196.81,138178
2026-06-23 10:50:00,196.81,196.96,196.76,196.77,140882
2026-06-23 10:55:00,196.77,196.93,196.53,196.6,159563
2026-06-23 11:00:00,196.59,196.87,196.48,196.8,274614
2026-06-23 11:05:00,196.82,196.85,196.7,196.73,65461
2026-06-23 11:10:00,196.73,197.01,196.72,197.0,144686
2026-06-23 11:15:00,197.0,197.06,196.89,196.98,97860
2026-06-23 11:20:00,196.99,196.99,196.63,196.67,107925
2026-06-23 11:25:00,196.68,196.78,196.63,196.66,66904
2026-06-23 11:30:00,196.7,196.7,196.52,196.52,92386
2026-06-23 11:35:00,196.54,196.54,195.62,195.65,783129
2026-06-23 11:40:00,195.65,195.7,194.9,194.99,1247109
2026-06-23 11:45:00,194.99,195.0,193.8,193.99,1365589
2026-06-23 11:50:00,193.99,194.2,193.75,193.84,1215351
2026-06-23 11:55:00,193.84,194.22,193.75,194.13,391924
2026-06-23 12:00:00,194.15,194.33,194.0,194.3,198204
2026-06-23 12:05:00,194.29,194.55,194.2,194.31,490887
2026-06-23 12:10:00,194.4,194.51,194.25,194.36,215115
2026-06-23 12:15:00,194.36,194.69,194.32,194.55,177706
2026-06-23 12:20:00,194.53,194.53,194.0,194.19,520926
2026-06-23 12:25:00,194.19,194.31,194.05,194.2,321847
2026-06-23 12:30:00,194.2,194.5,194.16,194.3,397990
2026-06-23 12:35:00,194.3,194.54,194.28,194.4,234448
2026-06-23 12:40:00,194.35,194.45,194.13,194.35,491969
2026-06-23 12:45:00,194.35,194.36,193.95,194.21,801909
2026-06-23 12:50:00,194.22,194.22,194.0,194.1,234646
2026-06-23 12:55:00,194.08,194.27,194.0,194.12,311501
2026-06-23 13:00:00,194.14,194.25,193.96,194.02,308531
2026-06-23 13:05:00,194.06,194.15,193.92,194.11,163343
2026-06-23 13:10:00,194.11,194.14,193.86,193.89,339588
2026-06-23 13:15:00,193.95,194.15,193.75,194.15,360406
2026-06-23 13:20:00,194.15,194.19,194.04,194.04,224685
2026-06-23 13:25:00,194.08,194.08,193.75,193.98,417182
2026-06-23 13:30:00,194.0,194.03,193.5,193.51,452865
2026-06-23 13:35:00,193.55,193.8,193.5,193.8,279563
2026-06-23 13:40:00,193.79,194.09,193.7,194.05,397552
2026-06-23 13:45:00,194.01,194.12,193.99,194.01,210472
2026-06-23 13:50:00,194.02,194.06,192.75,192.96,955847
2026-06-23 13:55:00,192.94,193.18,192.84,193.02,303155
2026-06-23 14:00:00,193.05,193.15,192.73,193.14,518648
2026-06-23 14:05:00,193.08,193.26,192.8,192.93,294250
2026-06-23 14:10:00,192.97,193.2,192.89,193.11,255853
2026-06-23 14:15:00,193.15,193.15,192.96,192.99,298324
2026-06-23 14:20:00,193.0,193.2,192.96,193.1,235041
2026-06-23 14:25:00,193.1,193.18,193.0,193.07,245524
2026-06-23 14:30:00,193.08,193.48,193.06,193.46,399193
2026-06-23 14:35:00,193.41,193.99,193.35,193.95,807156
2026-06-23 14:40:00,193.99,194.0,193.53,193.75,1015023
2026-06-23 14:45:00,193.76,193.81,193.31,193.37,739562
2026-06-23 14:50:00,193.37,193.54,193.11,193.43,421279
2026-06-23 14:55:00,193.43,193.77,193.36,193.44,431132
2026-06-23 15:00:00,193.47,193.58,192.76,193.14,1431762
2026-06-23 15:05:00,193.13,194.04,193.05,194.02,2031907
2026-06-23 15:10:00,194.02,194.55,193.95,194.03,2174384
2026-06-23 15:15:00,194.05,194.09,193.0,193.02,1165750
2026-06-23 15:20:00,193.04,193.29,192.8,192.91,1009121
2026-06-23 15:25:00,192.91,193.17,192.8,193.09,916464
2026-06-24 09:15:00,192.8,193.23,192.33,192.93,795034
2026-06-24 09:20:00,192.89,193.1,192.43,193.05,347618
2026-06-24 09:25:00,193.1,193.13,192.82,192.86,224040
2026-06-24 09:30:00,192.86,192.98,192.61,192.64,263044
2026-06-24 09:35:00,192.68,192.73,192.25,192.5,358927
2026-06-24 09:40:00,192.56,192.8,192.01,192.01,287405
2026-06-24 09:45:00,192.02,192.15,190.56,190.71,1317678
2026-06-24 09:50:00,190.77,190.98,190.3,190.44,517706
2026-06-24 09:55:00,190.45,190.72,190.35,190.62,830470
2026-06-24 10:00:00,190.62,191.38,190.61,191.18,574384
2026-06-24 10:05:00,191.13,191.19,190.84,190.97,297745
2026-06-24 10:10:00,191.0,191.1,190.72,190.95,671984
2026-06-24 10:15:00,190.95,191.21,190.87,190.88,693067
2026-06-24 10:20:00,190.89,191.11,190.87,191.0,821247
2026-06-24 10:25:00,190.98,191.45,190.94,191.0,948833
2026-06-24 10:30:00,191.01,191.28,190.94,191.19,555078
2026-06-24 10:35:00,191.19,191.28,191.08,191.2,450100
2026-06-24 10:40:00,191.2,191.8,191.07,191.47,1040432
2026-06-24 10:45:00,191.46,192.25,191.42,192.0,816071
2026-06-24 10:50:00,192.05,192.24,191.92,191.94,290839
2026-06-24 10:55:00,191.99,192.11,191.71,191.95,230050
2026-06-24 11:00:00,191.9,192.3,191.9,192.17,250638
2026-06-24 11:05:00,192.16,192.53,192.1,192.5,304810
2026-06-24 11:10:00,192.55,192.6,192.25,192.32,298281
2026-06-24 11:15:00,192.33,192.49,192.31,192.4,159272
2026-06-24 11:20:00,192.43,192.58,192.32,192.54,260999
2026-06-24 11:25:00,192.54,193.05,192.5,192.84,257963
2026-06-24 11:30:00,192.84,192.84,192.35,192.4,361461
2026-06-24 11:35:00,192.4,192.71,192.28,192.55,170564
2026-06-24 11:40:00,192.6,192.74,192.48,192.57,195408
2026-06-24 11:45:00,192.57,192.71,192.36,192.5,187000
2026-06-24 11:50:00,192.49,192.63,192.4,192.45,142491
2026-06-24 11:55:00,192.44,192.6,192.36,192.42,159668
2026-06-24 12:00:00,192.44,192.6,192.4,192.53,88932
2026-06-24 12:05:00,192.49,192.49,192.21,192.22,217251
2026-06-24 12:10:00,192.23,192.23,191.8,192.05,292883
2026-06-24 12:15:00,192.06,192.4,192.0,192.39,141232
2026-06-24 12:20:00,192.34,192.45,192.25,192.31,107609
2026-06-24 12:25:00,192.35,192.44,192.21,192.23,139434
2026-06-24 12:30:00,192.25,192.3,192.03,192.29,176691
2026-06-24 12:35:00,192.26,192.33,192.11,192.33,121082
2026-06-24 12:40:00,192.33,192.68,192.27,192.45,200987
2026-06-24 12:45:00,192.48,192.53,192.2,192.23,114740
2026-06-24 12:50:00,192.27,192.55,192.21,192.41,90158
2026-06-24 12:55:00,192.42,192.5,192.28,192.47,86571
2026-06-24 13:00:00,192.5,192.6,192.44,192.5,121023
2026-06-24 13:05:00,192.51,192.78,192.5,192.72,88099
2026-06-24 13:10:00,192.72,192.77,192.61,192.7,117645
2026-06-24 13:15:00,192.7,192.9,192.68,192.88,151264
2026-06-24 13:20:00,192.92,193.1,192.7,192.74,286334
2026-06-24 13:25:00,192.75,192.98,192.73,192.84,191894
2026-06-24 13:30:00,192.86,193.11,192.83,193.1,207308
2026-06-24 13:35:00,193.11,193.38,193.08,193.1,350830
2026-06-24 13:40:00,193.11,193.11,192.84,192.84,222162
2026-06-24 13:45:00,192.85,193.03,192.8,192.8,164885
2026-06-24 13:50:00,192.81,192.97,192.7,192.9,165997
2026-06-24 13:55:00,192.88,192.9,192.6,192.62,152004
2026-06-24 14:00:00,192.69,192.7,192.36,192.4,262909
2026-06-24 14:05:00,192.44,192.54,192.39,192.47,107352
2026-06-24 14:10:00,192.47,192.72,192.45,192.53,136362
2026-06-24 14:15:00,192.54,192.6,192.43,192.46,193123
2026-06-24 14:20:00,192.47,192.6,192.05,192.27,243396
2026-06-24 14:25:00,192.28,192.33,192.11,192.21,158401
2026-06-24 14:30:00,192.24,192.3,192.04,192.25,227644
2026-06-24 14:35:00,192.27,192.27,189.68,189.99,9120346
2026-06-24 14:40:00,189.99,190.13,189.87,190.07,3826638
2026-06-24 14:45:00,190.08,190.43,189.59,190.09,4967635
2026-06-24 14:50:00,190.09,190.28,189.89,189.99,1157234
2026-06-24 14:55:00,189.97,190.22,189.9,190.16,1052860
2026-06-24 15:00:00,190.16,190.36,190.02,190.14,1379838
2026-06-24 15:05:00,190.12,190.27,190.01,190.25,1302530
2026-06-24 15:10:00,190.26,190.35,190.12,190.3,2342043
2026-06-24 15:15:00,190.31,190.37,189.9,189.95,2143835
2026-06-24 15:20:00,189.92,190.15,189.8,190.11,2017972
2026-06-24 15:25:00,190.12,190.31,189.95,190.15,1487458
2026-06-25 09:15:00,190.0,190.5,189.46,189.85,974771
2026-06-25 09:20:00,189.89,189.89,189.37,189.79,532800
2026-06-25 09:25:00,189.79,190.3,189.69,190.09,332614
2026-06-25 09:30:00,190.09,190.25,189.9,190.17,241921
2026-06-25 09:35:00,190.22,190.86,190.15,190.6,494890
2026-06-25 09:40:00,190.66,190.66,190.15,190.18,228400
2026-06-25 09:45:00,190.19,190.42,190.0,190.11,299769
2026-06-25 09:50:00,190.09,190.37,189.98,190.05,318878
2026-06-25 09:55:00,190.09,190.15,189.54,189.6,310247
2026-06-25 10:00:00,189.59,189.7,189.04,189.15,540263
2026-06-25 10:05:00,189.23,189.46,189.0,189.42,437880
2026-06-25 10:10:00,189.42,189.6,189.34,189.54,223540
2026-06-25 10:15:00,189.55,189.88,189.51,189.51,167142
2026-06-25 10:20:00,189.55,189.59,189.07,189.13,261954
2026-06-25 10:25:00,189.13,189.23,188.8,188.9,436807
2026-06-25 10:30:00,188.87,189.02,188.8,188.95,192610
2026-06-25 10:35:00,188.95,189.3,188.7,189.1,531310
2026-06-25 10:40:00,189.1,189.7,189.04,189.55,221794
2026-06-25 10:45:00,189.55,189.58,189.15,189.15,164963
2026-06-25 10:50:00,189.18,189.24,188.85,188.93,221519
2026-06-25 10:55:00,188.93,189.15,188.93,189.13,98593
2026-06-25 11:00:00,189.13,189.18,188.9,189.05,98027
2026-06-25 11:05:00,189.05,189.15,188.9,189.11,146187
2026-06-25 11:10:00,189.16,189.45,189.1,189.25,262413
2026-06-25 11:15:00,189.25,189.3,189.09,189.14,118288
2026-06-25 11:20:00,189.22,189.3,188.94,189.05,283155
2026-06-25 11:25:00,189.0,189.06,188.85,188.98,163555
2026-06-25 11:30:00,188.98,189.02,188.75,188.78,180155
2026-06-25 11:35:00,188.77,188.83,188.6,188.82,243104
2026-06-25 11:40:00,188.82,188.9,188.64,188.77,205967
2026-06-25 11:45:00,188.76,188.8,188.62,188.72,126328
2026-06-25 11:50:00,188.73,188.73,188.41,188.42,254885
2026-06-25 11:55:00,188.4,188.66,188.26,188.51,342842
2026-06-25 12:00:00,188.51,188.85,188.47,188.83,246234
2026-06-25 12:05:00,188.81,188.95,188.74,188.88,321788
2026-06-25 12:10:00,188.81,188.96,188.68,188.75,202434
2026-06-25 12:15:00,188.75,188.75,188.41,188.53,239343
2026-06-25 12:20:00,188.5,188.6,188.19,188.28,362602
2026-06-25 12:25:00,188.22,188.35,187.99,187.99,440300
2026-06-25 12:30:00,187.99,188.01,187.61,187.72,675450
2026-06-25 12:35:00,187.75,187.92,187.62,187.86,371404
2026-06-25 12:40:00,187.86,188.09,187.7,187.83,392891
2026-06-25 12:45:00,187.89,187.97,187.79,187.91,283244
2026-06-25 12:50:00,187.96,188.09,187.81,187.9,274597
2026-06-25 12:55:00,187.9,188.01,187.86,187.89,301920
2026-06-25 13:00:00,187.94,188.15,187.81,188.07,385737
2026-06-25 13:05:00,188.03,188.1,187.81,187.84,261417
2026-06-25 13:10:00,187.84,188.0,187.82,187.9,260646
2026-06-25 13:15:00,187.84,188.11,187.65,188.05,359553
2026-06-25 13:20:00,188.05,188.22,187.93,188.07,345536
2026-06-25 13:25:00,188.07,188.12,187.94,188.04,347625
2026-06-25 13:30:00,188.05,188.4,187.94,188.21,431716
2026-06-25 13:35:00,188.25,188.54,187.98,188.51,1072455
2026-06-25 13:40:00,188.46,188.8,188.44,188.54,479272
2026-06-25 13:45:00,188.56,188.9,188.54,188.8,414335
2026-06-25 13:50:00,188.8,189.07,188.56,188.56,481607
2026-06-25 13:55:00,188.6,188.9,188.27,188.33,480134
2026-06-25 14:00:00,188.3,188.44,188.22,188.24,300654
2026-06-25 14:05:00,188.3,188.4,188.15,188.25,273478
2026-06-25 14:10:00,188.25,188.54,188.1,188.5,352703
2026-06-25 14:15:00,188.44,188.59,188.19,188.2,409657
2026-06-25 14:20:00,188.3,188.6,188.05,188.18,484686
2026-06-25 14:25:00,188.18,188.4,188.0,188.3,307398
2026-06-25 14:30:00,188.39,188.56,188.2,188.55,419304
2026-06-25 14:35:00,188.44,188.65,188.19,188.23,881650
2026-06-25 14:40:00,188.28,188.55,188.15,188.2,678076
2026-06-25 14:45:00,188.26,188.5,188.14,188.37,551130
2026-06-25 14:50:00,188.34,188.8,188.27,188.67,504290
2026-06-25 14:55:00,188.69,189.04,188.55,188.64,960595
2026-06-25 15:00:00,188.6,188.62,188.2,188.45,1053247
2026-06-25 15:05:00,188.48,188.51,188.25,188.39,1305682
2026-06-25 15:10:00,188.41,189.05,188.37,189.0,2250029
2026-06-25 15:15:00,189.01,189.07,188.65,188.86,2243975
2026-06-25 15:20:00,188.84,188.9,188.5,188.6,1081251
2026-06-25 15:25:00,188.63,188.69,188.43,188.6,810169
2026-06-29 09:15:00,188.73,190.37,188.72,190.2,1280190
2026-06-29 09:20:00,190.25,191.07,190.0,190.28,1010904
2026-06-29 09:25:00,190.3,190.55,189.8,189.88,849290
2026-06-29 09:30:00,189.89,189.89,189.05,189.13,711876
2026-06-29 09:35:00,189.12,189.45,188.6,189.08,545018
2026-06-29 09:40:00,189.08,189.55,188.86,189.44,292134
2026-06-29 09:45:00,189.45,190.44,189.38,190.3,331560
2026-06-29 09:50:00,190.3,190.8,190.0,190.74,845155
2026-06-29 09:55:00,190.73,191.09,190.45,190.66,605078
2026-06-29 10:00:00,190.69,190.76,190.23,190.34,286479
2026-06-29 10:05:00,190.33,190.51,190.22,190.44,305782
2026-06-29 10:10:00,190.47,190.5,190.24,190.39,280903
2026-06-29 10:15:00,190.4,190.75,190.2,190.75,305303
2026-06-29 10:20:00,190.75,190.99,190.59,190.89,570375
2026-06-29 10:25:00,190.91,190.95,190.6,190.67,255204
2026-06-29 10:30:00,190.68,190.73,190.41,190.57,291213
2026-06-29 10:35:00,190.6,190.62,190.4,190.59,226150
2026-06-29 10:40:00,190.6,190.65,190.08,190.51,367809
2026-06-29 10:45:00,190.52,190.53,190.08,190.27,362771
2026-06-29 10:50:00,190.2,190.3,190.1,190.19,221349
2026-06-29 10:55:00,190.19,190.39,190.12,190.24,206027
2026-06-29 11:00:00,190.23,190.31,190.06,190.29,221573
2026-06-29 11:05:00,190.3,190.37,190.16,190.34,263326
2026-06-29 11:10:00,190.35,190.71,190.2,190.67,457294
2026-06-29 11:15:00,190.66,191.0,190.66,191.0,485945
2026-06-29 11:20:00,190.99,191.0,190.53,190.61,504687
2026-06-29 11:25:00,190.67,190.79,190.51,190.7,327095
2026-06-29 11:30:00,190.7,190.72,190.14,190.42,399444
2026-06-29 11:35:00,190.39,190.7,190.34,190.68,257587
2026-06-29 11:40:00,190.64,190.75,190.49,190.54,345064
2026-06-29 11:45:00,190.58,190.72,190.49,190.69,346592
2026-06-29 11:50:00,190.69,190.8,190.6,190.78,411616
2026-06-29 11:55:00,190.79,190.81,190.6,190.69,379784
2026-06-29 12:00:00,190.66,190.82,190.43,190.75,375303
2026-06-29 12:05:00,190.8,190.81,190.64,190.75,362948
2026-06-29 12:10:00,190.78,190.85,190.4,190.6,378108
2026-06-29 12:15:00,190.6,191.27,190.54,191.12,658248
2026-06-29 12:20:00,191.13,191.2,190.82,190.91,410399
2026-06-29 12:25:00,190.92,191.0,190.6,190.6,248022
2026-06-29 12:30:00,190.66,190.73,190.06,190.18,428408
2026-06-29 12:35:00,190.19,190.43,190.0,190.0,304501
2026-06-29 12:40:00,190.0,190.0,189.36,189.45,507449
2026-06-29 12:45:00,189.46,189.65,189.26,189.28,325868
2026-06-29 12:50:00,189.29,189.32,189.11,189.2,369450
2026-06-29 12:55:00,189.22,189.4,189.15,189.2,261356
2026-06-29 13:00:00,189.21,189.4,189.05,189.36,333684
2026-06-29 13:05:00,189.36,189.62,189.3,189.6,236076
2026-06-29 13:10:00,189.61,189.77,189.49,189.62,265063
2026-06-29 13:15:00,189.65,189.66,189.34,189.45,279802
2026-06-29 13:20:00,189.45,189.63,189.38,189.48,226585
2026-06-29 13:25:00,189.48,189.65,189.4,189.52,221435
2026-06-29 13:30:00,189.53,189.63,189.37,189.44,284591
2026-06-29 13:35:00,189.49,189.75,189.37,189.72,338545
2026-06-29 13:40:00,189.75,189.88,189.61,189.79,418513
2026-06-29 13:45:00,189.8,189.86,189.66,189.75,392508
2026-06-29 13:50:00,189.76,189.81,189.51,189.62,448536
2026-06-29 13:55:00,189.66,189.7,189.3,189.46,390171
2026-06-29 14:00:00,189.47,189.53,189.22,189.42,409989
2026-06-29 14:05:00,189.41,189.52,189.25,189.4,393096
2026-06-29 14:10:00,189.44,189.46,189.27,189.44,359501
2026-06-29 14:15:00,189.45,189.45,189.14,189.25,395851
2026-06-29 14:20:00,189.33,189.34,189.17,189.17,358827
2026-06-29 14:25:00,189.24,189.26,189.06,189.2,385968
2026-06-29 14:30:00,189.14,189.38,189.0,189.32,387338
2026-06-29 14:35:00,189.34,189.41,189.24,189.3,360487
2026-06-29 14:40:00,189.33,189.42,189.25,189.3,344095
2026-06-29 14:45:00,189.31,189.45,189.1,189.4,380946
2026-06-29 14:50:00,189.36,189.75,189.36,189.61,418356
2026-06-29 14:55:00,189.59,189.61,188.9,189.17,717291
2026-06-29 15:00:00,189.17,189.87,189.02,189.15,7054628
2026-06-29 15:05:00,189.16,189.31,189.0,189.29,5778136
2026-06-29 15:10:00,189.3,189.65,189.06,189.47,6314968
2026-06-29 15:15:00,189.47,190.29,189.21,190.21,6089911
2026-06-29 15:20:00,190.2,190.28,189.78,189.98,5996434
2026-06-29 15:25:00,189.98,190.3,189.15,189.9,3287202
2026-06-30 09:15:00,189.5,190.4,188.1,188.11,932932
2026-06-30 09:20:00,188.18,188.21,187.3,187.75,504521
2026-06-30 09:25:00,187.78,188.24,187.68,188.0,339963
2026-06-30 09:30:00,188.03,188.2,187.34,187.45,470010
2026-06-30 09:35:00,187.4,187.56,187.05,187.37,395740
2026-06-30 09:40:00,187.37,187.83,187.24,187.73,296677
2026-06-30 09:45:00,187.7,187.9,187.52,187.84,455040
2026-06-30 09:50:00,187.83,188.04,187.66,187.94,285261
2026-06-30 09:55:00,187.93,188.09,187.77,187.97,612236
2026-06-30 10:00:00,187.97,188.02,187.6,187.91,267047
2026-06-30 10:05:00,187.91,187.91,187.2,187.37,476226
2026-06-30 10:10:00,187.37,187.77,187.2,187.73,739573
2026-06-30 10:15:00,187.73,187.76,187.5,187.56,237160
2026-06-30 10:20:00,187.56,187.95,187.42,187.85,306069
2026-06-30 10:25:00,187.84,188.14,187.78,188.1,398396
2026-06-30 10:30:00,188.1,188.29,187.92,188.29,412505
2026-06-30 10:35:00,188.29,188.42,188.09,188.23,343339
2026-06-30 10:40:00,188.23,188.37,187.76,187.81,393391
2026-06-30 10:45:00,187.88,188.19,187.74,188.17,222192
2026-06-30 10:50:00,188.18,188.18,187.9,187.99,207395
2026-06-30 10:55:00,187.99,187.99,187.71,187.87,184714
2026-06-30 11:00:00,187.86,187.95,187.65,187.74,257748
2026-06-30 11:05:00,187.65,187.75,187.32,187.63,348781
2026-06-30 11:10:00,187.63,188.17,187.57,188.06,264441
2026-06-30 11:15:00,188.06,188.19,187.96,188.1,442344
2026-06-30 11:20:00,188.13,188.63,187.84,188.62,448975
2026-06-30 11:25:00,188.55,188.71,188.24,188.3,472565
2026-06-30 11:30:00,188.38,188.51,188.1,188.34,503340
2026-06-30 11:35:00,188.32,188.32,188.01,188.31,533504
2026-06-30 11:40:00,188.29,188.37,188.06,188.26,147046
2026-06-30 11:45:00,188.22,188.28,188.05,188.12,108831
2026-06-30 11:50:00,188.12,188.35,188.07,188.34,143081
2026-06-30 11:55:00,188.34,188.41,188.25,188.4,122822
2026-06-30 12:00:00,188.4,188.44,188.3,188.35,83632
2026-06-30 12:05:00,188.37,188.74,188.3,188.71,615509
2026-06-30 12:10:00,188.71,188.72,188.55,188.6,228054
2026-06-30 12:15:00,188.57,188.81,188.55,188.78,235956
2026-06-30 12:20:00,188.78,188.79,188.6,188.72,112280
2026-06-30 12:25:00,188.71,189.04,188.66,189.0,310918
2026-06-30 12:30:00,189.0,189.04,188.54,188.69,376226
2026-06-30 12:35:00,188.6,188.89,188.6,188.86,217967
2026-06-30 12:40:00,188.85,188.9,188.76,188.84,79976
2026-06-30 12:45:00,188.85,189.09,188.73,188.96,554606
2026-06-30 12:50:00,188.96,189.19,188.93,189.03,263169
2026-06-30 12:55:00,189.08,189.35,188.94,189.05,527548
2026-06-30 13:00:00,189.05,189.1,188.81,189.0,236238
2026-06-30 13:05:00,189.0,189.05,188.89,189.02,119025
2026-06-30 13:10:00,189.02,189.16,189.0,189.06,163654
2026-06-30 13:15:00,189.11,189.35,189.05,189.3,139526
2026-06-30 13:20:00,189.3,189.33,188.97,189.11,146769
2026-06-30 13:25:00,189.1,189.32,189.07,189.3,109221
2026-06-30 13:30:00,189.3,189.35,189.12,189.12,107135
2026-06-30 13:35:00,189.12,189.2,189.0,189.04,119838
2026-06-30 13:40:00,189.04,189.11,188.95,189.04,292843
2026-06-30 13:45:00,189.04,189.07,188.9,188.97,355669
2026-06-30 13:50:00,188.97,188.98,188.61,188.73,249148
2026-06-30 13:55:00,188.74,188.75,188.55,188.59,154006
2026-06-30 14:00:00,188.65,188.66,188.2,188.25,254543
2026-06-30 14:05:00,188.23,188.56,188.2,188.34,288298
2026-06-30 14:10:00,188.34,188.4,188.14,188.37,243831
2026-06-30 14:15:00,188.36,188.53,188.2,188.43,389450
2026-06-30 14:20:00,188.43,188.88,188.16,188.84,327732
2026-06-30 14:25:00,188.83,189.07,188.57,188.76,673038
2026-06-30 14:30:00,188.72,188.75,188.38,188.5,374366
2026-06-30 14:35:00,188.54,188.75,188.35,188.6,423049
2026-06-30 14:40:00,188.6,188.74,188.51,188.6,199969
2026-06-30 14:45:00,188.6,188.86,188.4,188.7,519248
2026-06-30 14:50:00,188.7,188.73,188.42,188.72,127092
2026-06-30 14:55:00,188.71,189.01,188.45,188.58,950138
2026-06-30 15:00:00,188.6,188.6,187.8,187.84,2274048
2026-06-30 15:05:00,187.84,188.06,187.63,188.03,1873767
2026-06-30 15:10:00,188.03,188.26,188.0,188.21,2012073
2026-06-30 15:15:00,188.21,188.26,188.15,188.18,1629887
2026-06-30 15:20:00,188.18,188.2,188.0,188.0,1417215
2026-06-30 15:25:00,188.01,188.75,188.0,188.73,1542907
2026-07-01 09:15:00,188.5,188.71,187.12,187.93,679327
2026-07-01 09:20:00,187.91,188.55,187.82,188.08,285709
2026-07-01 09:25:00,188.08,188.19,187.75,188.19,261449
2026-07-01 09:30:00,188.19,188.3,187.56,187.65,220761
2026-07-01 09:35:00,187.67,187.8,187.3,187.38,407079
2026-07-01 09:40:00,187.38,187.56,187.15,187.23,370108
2026-07-01 09:45:00,187.2,187.49,187.17,187.43,133020
2026-07-01 09:50:00,187.44,187.78,187.42,187.72,181047
2026-07-01 09:55:00,187.77,187.78,187.3,187.56,273674
2026-07-01 10:00:00,187.6,187.91,187.5,187.5,194866
2026-07-01 10:05:00,187.5,187.64,186.6,187.0,1069644
2026-07-01 10:10:00,187.0,187.66,186.5,187.45,827616
2026-07-01 10:15:00,187.49,188.36,187.45,188.26,1072157
2026-07-01 10:20:00,188.3,188.6,188.03,188.26,543436
2026-07-01 10:25:00,188.26,188.6,188.01,188.55,268053
2026-07-01 10:30:00,188.5,188.6,188.28,188.47,202807
2026-07-01 10:35:00,188.48,188.54,188.0,188.34,170495
2026-07-01 10:40:00,188.34,188.38,187.8,188.0,218807
2026-07-01 10:45:00,188.0,188.19,187.87,188.07,149752
2026-07-01 10:50:00,188.1,188.13,187.6,187.73,152150
2026-07-01 10:55:00,187.75,187.81,187.55,187.78,129855
2026-07-01 11:00:00,187.82,188.01,187.29,187.48,330976
2026-07-01 11:05:00,187.5,187.94,187.5,187.94,92677
2026-07-01 11:10:00,187.94,187.99,187.54,187.62,171303
2026-07-01 11:15:00,187.64,187.78,187.5,187.52,136511
2026-07-01 11:20:00,187.54,187.8,187.28,187.69,201035
2026-07-01 11:25:00,187.69,187.69,187.34,187.56,177170
2026-07-01 11:30:00,187.52,187.66,187.35,187.47,205139
2026-07-01 11:35:00,187.47,187.52,187.2,187.36,180047
2026-07-01 11:40:00,187.36,187.55,187.21,187.46,194414
2026-07-01 11:45:00,187.46,187.55,187.25,187.5,246785
2026-07-01 11:50:00,187.54,187.54,187.1,187.16,316103
2026-07-01 11:55:00,187.16,187.26,187.05,187.1,214452
2026-07-01 12:00:00,187.15,187.22,187.02,187.2,136044
2026-07-01 12:05:00,187.21,187.38,187.13,187.21,157467
2026-07-01 12:10:00,187.21,187.22,186.94,187.08,342914
2026-07-01 12:15:00,187.08,187.08,186.75,186.81,226348
2026-07-01 12:20:00,186.8,186.9,186.66,186.83,239610
2026-07-01 12:25:00,186.83,186.89,185.8,185.9,720591
2026-07-01 12:30:00,185.9,186.5,185.9,186.45,309967
2026-07-01 12:35:00,186.44,186.59,186.39,186.52,144538
2026-07-01 12:40:00,186.52,186.53,185.83,186.03,345426
2026-07-01 12:45:00,186.04,186.07,185.85,186.03,130373
2026-07-01 12:50:00,186.05,186.09,185.9,185.97,151511
2026-07-01 12:55:00,185.97,186.04,185.81,185.95,121830
2026-07-01 13:00:00,185.95,186.02,185.81,185.94,210517
2026-07-01 13:05:00,185.94,186.03,185.85,186.01,118283
2026-07-01 13:10:00,186.01,186.23,185.93,186.19,131057
2026-07-01 13:15:00,186.19,186.4,186.1,186.29,108659
2026-07-01 13:20:00,186.3,186.45,186.09,186.44,172119
2026-07-01 13:25:00,186.45,186.6,186.25,186.41,143525
2026-07-01 13:30:00,186.42,186.54,186.3,186.39,80031
2026-07-01 13:35:00,186.42,186.69,186.34,186.58,136873
2026-07-01 13:40:00,186.64,186.65,186.3,186.49,121396
2026-07-01 13:45:00,186.46,186.62,186.35,186.51,147947
2026-07-01 13:50:00,186.52,186.58,186.3,186.36,113738
2026-07-01 13:55:00,186.4,186.5,186.3,186.36,101786
2026-07-01 14:00:00,186.4,186.45,186.2,186.4,123902
2026-07-01 14:05:00,186.44,186.48,186.28,186.38,152751
2026-07-01 14:10:00,186.32,186.44,186.12,186.15,160610
2026-07-01 14:15:00,186.15,186.28,186.01,186.1,137216
2026-07-01 14:20:00,186.1,186.14,186.03,186.11,79437
2026-07-01 14:25:00,186.11,186.38,186.02,186.31,158956
2026-07-01 14:30:00,186.32,186.6,186.25,186.42,223385
2026-07-01 14:35:00,186.42,186.44,186.28,186.3,111361
2026-07-01 14:40:00,186.34,186.49,186.25,186.35,283657
2026-07-01 14:45:00,186.35,186.4,185.62,185.65,315862
2026-07-01 14:50:00,185.65,185.84,185.32,185.48,463008
2026-07-01 14:55:00,185.47,185.77,185.35,185.5,399364
2026-07-01 15:00:00,185.52,185.8,185.4,185.46,334421
2026-07-01 15:05:00,185.46,185.54,185.4,185.4,371065
2026-07-01 15:10:00,185.42,185.45,185.11,185.24,396306
2026-07-01 15:15:00,185.24,185.24,185.0,185.1,699112
2026-07-01 15:20:00,185.04,185.15,184.99,185.1,631082
2026-07-01 15:25:00,185.11,185.11,184.7,185.0,623729
2026-07-02 09:15:00,186.0,186.4,185.23,186.25,741795
2026-07-02 09:20:00,186.23,186.63,186.03,186.36,419237
2026-07-02 09:25:00,186.41,187.3,186.33,186.64,462095
2026-07-02 09:30:00,186.6,186.83,186.1,186.1,318719
2026-07-02 09:35:00,186.14,187.06,185.75,186.91,661244
2026-07-02 09:40:00,186.93,187.45,186.7,186.95,621514
2026-07-02 09:45:00,186.95,187.4,186.78,187.03,378196
2026-07-02 09:50:00,187.03,187.07,186.62,186.86,216054
2026-07-02 09:55:00,186.86,187.07,186.51,186.7,289901
2026-07-02 10:00:00,186.7,186.96,186.63,186.86,135820
2026-07-02 10:05:00,186.86,187.06,186.64,187.04,137287
2026-07-02 10:10:00,187.03,187.83,187.02,187.15,596740
2026-07-02 10:15:00,187.1,187.2,186.66,186.85,304270
2026-07-02 10:20:00,186.8,186.9,186.7,186.74,101265
2026-07-02 10:25:00,186.7,186.83,186.6,186.71,140446
2026-07-02 10:30:00,186.7,186.8,186.41,186.44,264616
2026-07-02 10:35:00,186.43,186.9,186.19,186.9,382008
2026-07-02 10:40:00,186.85,186.92,186.59,186.74,139231
2026-07-02 10:45:00,186.75,186.84,186.61,186.65,106307
2026-07-02 10:50:00,186.67,186.69,186.42,186.53,177214
2026-07-02 10:55:00,186.53,186.95,186.47,186.9,104416
2026-07-02 11:00:00,186.9,186.95,186.5,186.6,157556
2026-07-02 11:05:00,186.66,186.8,186.53,186.69,139858
2026-07-02 11:10:00,186.69,186.74,186.4,186.52,272100
2026-07-02 11:15:00,186.52,186.58,186.41,186.5,209343
2026-07-02 11:20:00,186.5,186.5,185.75,185.84,522327
2026-07-02 11:25:00,185.88,185.89,185.6,185.65,425654
2026-07-02 11:30:00,185.65,185.73,185.25,185.32,221821
2026-07-02 11:35:00,185.32,185.49,185.25,185.4,300157
2026-07-02 11:40:00,185.4,185.53,185.3,185.39,142335
2026-07-02 11:45:00,185.39,185.58,185.32,185.35,185585
2026-07-02 11:50:00,185.35,185.7,185.14,185.7,408904
2026-07-02 11:55:00,185.7,185.9,185.61,185.74,151277
2026-07-02 12:00:00,185.77,186.0,185.7,185.91,157063
2026-07-02 12:05:00,185.91,185.95,185.83,185.85,102583
2026-07-02 12:10:00,185.92,185.92,185.68,185.91,158527
2026-07-02 12:15:00,185.92,186.28,185.91,186.2,153173
2026-07-02 12:20:00,186.24,186.24,185.95,186.0,121382
2026-07-02 12:25:00,186.03,186.25,185.9,186.15,161455
2026-07-02 12:30:00,186.15,186.29,186.0,186.18,174955
2026-07-02 12:35:00,186.24,186.25,186.06,186.25,136454
2026-07-02 12:40:00,186.24,186.4,186.02,186.09,156186
2026-07-02 12:45:00,186.05,186.2,186.01,186.12,79312
2026-07-02 12:50:00,186.12,186.18,185.96,186.03,117974
2026-07-02 12:55:00,186.03,186.12,185.9,186.1,148055
2026-07-02 13:00:00,186.09,186.2,185.96,186.2,244947
2026-07-02 13:05:00,186.19,186.45,186.18,186.35,266207
2026-07-02 13:10:00,186.34,186.47,186.23,186.42,186650
2026-07-02 13:15:00,186.39,186.54,186.28,186.32,246479
2026-07-02 13:20:00,186.33,186.47,186.13,186.42,210808
2026-07-02 13:25:00,186.38,186.5,186.0,186.1,153592
2026-07-02 13:30:00,186.1,186.3,186.1,186.3,113108
2026-07-02 13:35:00,186.25,186.62,186.19,186.54,448337
2026-07-02 13:40:00,186.54,186.65,186.47,186.53,118352
2026-07-02 13:45:00,186.51,186.56,186.36,186.54,785004
2026-07-02 13:50:00,186.55,186.58,186.47,186.48,183447
2026-07-02 13:55:00,186.47,186.65,186.47,186.6,272538
2026-07-02 14:00:00,186.57,186.65,186.46,186.54,260157
2026-07-02 14:05:00,186.52,186.58,186.47,186.54,108203
2026-07-02 14:10:00,186.51,186.6,186.48,186.49,155174
2026-07-02 14:15:00,186.5,186.6,186.49,186.57,143639
2026-07-02 14:20:00,186.52,186.69,186.5,186.54,257369
2026-07-02 14:25:00,186.52,186.54,186.45,186.47,492375
2026-07-02 14:30:00,186.46,186.8,186.46,186.73,195046
2026-07-02 14:35:00,186.7,186.72,186.52,186.72,233597
2026-07-02 14:40:00,186.7,186.82,186.59,186.71,544608
2026-07-02 14:45:00,186.72,186.76,186.56,186.73,170225
2026-07-02 14:50:00,186.71,186.8,186.65,186.7,195967
2026-07-02 14:55:00,186.68,186.99,186.67,186.94,237865
2026-07-02 15:00:00,186.95,187.05,186.84,186.93,617053
2026-07-02 15:05:00,186.94,187.1,186.84,187.03,521327
2026-07-02 15:10:00,187.03,187.15,186.98,187.09,617583
2026-07-02 15:15:00,187.09,187.33,187.01,187.3,1587616
2026-07-02 15:20:00,187.3,187.3,187.22,187.26,718458
2026-07-02 15:25:00,187.25,188.6,187.18,188.5,7305178
2026-07-03 09:15:00,190.6,191.3,189.57,190.84,2357905
2026-07-03 09:20:00,190.84,191.5,190.4,191.31,1300108
2026-07-03 09:25:00,191.38,191.8,191.1,191.8,1011448
2026-07-03 09:30:00,191.81,192.4,191.35,192.1,1319371
2026-07-03 09:35:00,192.05,192.77,192.0,192.7,1143571
2026-07-03 09:40:00,192.73,192.98,192.42,192.9,1023314
2026-07-03 09:45:00,192.9,192.97,192.4,192.5,789504
2026-07-03 09:50:00,192.48,192.75,192.25,192.74,465959
2026-07-03 09:55:00,192.72,192.85,192.35,192.6,436142
2026-07-03 10:00:00,192.6,192.7,192.25,192.31,297042
2026-07-03 10:05:00,192.39,192.5,192.11,192.37,275170
2026-07-03 10:10:00,192.38,192.48,192.24,192.39,180415
2026-07-03 10:15:00,192.33,192.55,191.72,191.77,563741
2026-07-03 10:20:00,191.77,192.0,191.53,192.0,353311
2026-07-03 10:25:00,191.97,192.07,191.43,191.5,288481
2026-07-03 10:30:00,191.5,191.63,190.77,191.04,593631
2026-07-03 10:35:00,191.07,191.09,190.7,190.71,346831
2026-07-03 10:40:00,190.61,191.08,190.31,190.91,413627
2026-07-03 10:45:00,190.91,191.05,190.6,190.88,159798
2026-07-03 10:50:00,190.86,190.94,190.55,190.59,316387
2026-07-03 10:55:00,190.6,190.82,190.5,190.65,181394
2026-07-03 11:00:00,190.65,190.99,190.61,190.86,137890
2026-07-03 11:05:00,190.86,191.1,190.81,190.94,139130
2026-07-03 11:10:00,190.94,190.94,190.61,190.77,153879
2026-07-03 11:15:00,190.77,190.8,190.52,190.69,143342
2026-07-03 11:20:00,190.7,190.85,190.6,190.75,94337
2026-07-03 11:25:00,190.76,190.76,190.47,190.5,247751
2026-07-03 11:30:00,190.6,190.71,190.4,190.43,180735
2026-07-03 11:35:00,190.43,190.71,190.41,190.64,91777
2026-07-03 11:40:00,190.64,191.6,190.58,191.19,621325
2026-07-03 11:45:00,191.2,191.3,191.03,191.16,173358
2026-07-03 11:50:00,191.16,191.45,191.12,191.41,106841
2026-07-03 11:55:00,191.34,191.85,191.25,191.44,3241595
2026-07-03 12:00:00,191.44,191.6,191.02,191.07,181543
2026-07-03 12:05:00,191.1,191.1,190.58,190.78,207735
2026-07-03 12:10:00,190.78,190.88,190.65,190.84,122614
2026-07-03 12:15:00,190.9,190.92,190.7,190.8,85423
2026-07-03 12:20:00,190.8,190.82,190.57,190.65,143164
2026-07-03 12:25:00,190.71,190.96,190.7,190.93,171584
2026-07-03 12:30:00,190.93,191.0,190.8,190.95,89595
2026-07-03 12:35:00,190.95,190.95,190.75,190.84,65876
2026-07-03 12:40:00,190.84,190.88,190.63,190.7,89928
2026-07-03 12:45:00,190.7,190.95,190.65,190.84,65807
2026-07-03 12:50:00,190.92,191.1,190.82,190.97,154670
2026-07-03 12:55:00,190.96,191.5,190.85,191.18,491923
2026-07-03 13:00:00,191.19,191.3,191.11,191.19,105637
2026-07-03 13:05:00,191.24,191.24,190.9,191.15,190558
2026-07-03 13:10:00,191.1,191.2,191.0,191.01,179334
2026-07-03 13:15:00,191.07,191.17,190.91,191.1,130048
2026-07-03 13:20:00,191.1,191.3,191.07,191.15,158411
2026-07-03 13:25:00,191.18,191.23,190.62,190.7,340949
2026-07-03 13:30:00,190.66,190.88,190.61,190.73,249073
2026-07-03 13:35:00,190.73,190.84,190.6,190.75,94775
2026-07-03 13:40:00,190.78,190.95,190.61,190.74,76993
2026-07-03 13:45:00,190.74,190.86,190.54,190.72,120143
2026-07-03 13:50:00,190.76,191.16,190.69,191.04,141508
2026-07-03 13:55:00,191.05,191.06,190.95,190.97,60513
2026-07-03 14:00:00,191.0,191.08,190.55,190.55,121539
2026-07-03 14:05:00,190.63,190.75,190.4,190.5,186361
2026-07-03 14:10:00,190.5,190.59,190.12,190.21,183088
2026-07-03 14:15:00,190.2,190.25,190.0,190.05,228869
2026-07-03 14:20:00,190.05,190.09,189.83,190.07,360986
2026-07-03 14:25:00,190.07,190.08,189.9,189.94,108116
2026-07-03 14:30:00,189.94,190.09,189.83,190.08,125513
2026-07-03 14:35:00,190.04,190.04,189.61,189.73,281366
2026-07-03 14:40:00,189.73,189.84,189.61,189.75,117064
2026-07-03 14:45:00,189.75,189.87,189.65,189.8,84905
2026-07-03 14:50:00,189.8,189.83,189.11,189.41,366279
2026-07-03 14:55:00,189.41,189.45,189.17,189.25,200905
2026-07-03 15:00:00,189.35,189.9,189.28,189.65,488301
2026-07-03 15:05:00,189.68,189.86,189.59,189.69,416651
2026-07-03 15:10:00,189.76,189.8,189.63,189.78,328575
2026-07-03 15:15:00,189.78,189.95,189.6,189.76,601859
2026-07-03 15:20:00,189.79,190.0,189.6,189.95,676701
2026-07-03 15:25:00,189.95,190.17,189.89,190.1,584638
2026-07-06 09:15:00,190.39,190.65,189.19,190.55,820645
2026-07-06 09:20:00,190.55,190.8,190.18,190.26,641414
2026-07-06 09:25:00,190.31,190.5,189.86,190.39,424044
2026-07-06 09:30:00,190.45,190.68,190.28,190.64,242107
2026-07-06 09:35:00,190.65,190.82,190.54,190.71,261933
2026-07-06 09:40:00,190.66,191.44,190.53,191.32,719979
2026-07-06 09:45:00,191.32,191.4,190.96,191.03,329893
2026-07-06 09:50:00,191.0,191.24,191.0,191.24,194298
2026-07-06 09:55:00,191.22,191.25,190.83,191.16,315224
2026-07-06 10:00:00,191.19,191.29,191.01,191.1,122235
2026-07-06 10:05:00,191.09,191.16,190.91,190.96,117636
2026-07-06 10:10:00,191.0,191.3,190.91,191.2,123065
2026-07-06 10:15:00,191.21,191.45,191.11,191.3,146460
2026-07-06 10:20:00,191.3,191.4,191.23,191.35,80851
2026-07-06 10:25:00,191.39,191.4,191.16,191.19,111218
2026-07-06 10:30:00,191.2,191.33,190.6,190.71,199075
2026-07-06 10:35:00,190.71,191.22,190.66,191.2,103851
2026-07-06 10:40:00,191.2,191.4,191.12,191.2,141688
2026-07-06 10:45:00,191.25,191.25,191.1,191.14,85980
2026-07-06 10:50:00,191.15,191.2,190.88,191.0,118053
2026-07-06 10:55:00,190.95,191.09,190.85,190.92,57651
2026-07-06 11:00:00,190.9,191.05,190.9,190.94,58516
2026-07-06 11:05:00,190.96,191.05,190.9,190.95,72160
2026-07-06 11:10:00,190.91,191.0,190.8,190.82,82038
2026-07-06 11:15:00,190.82,190.91,190.66,190.84,85958
2026-07-06 11:20:00,190.86,191.3,190.84,191.16,112100
2026-07-06 11:25:00,191.19,191.21,191.0,191.17,76028
2026-07-06 11:30:00,191.19,191.25,190.87,191.02,79528
2026-07-06 11:35:00,191.02,191.11,190.91,191.07,69905
2026-07-06 11:40:00,191.08,191.13,190.85,190.85,75132
2026-07-06 11:45:00,190.85,190.89,190.7,190.71,118258
2026-07-06 11:50:00,190.77,190.83,190.52,190.63,208181
2026-07-06 11:55:00,190.65,191.14,190.63,191.07,144819
2026-07-06 12:00:00,191.12,191.25,191.07,191.16,138285
2026-07-06 12:05:00,191.19,191.2,191.03,191.05,110996
2026-07-06 12:10:00,191.07,191.13,190.9,191.11,98194
2026-07-06 12:15:00,191.19,191.3,191.0,191.0,183912
2026-07-06 12:20:00,191.03,191.1,190.8,190.9,94705
2026-07-06 12:25:00,190.87,190.99,190.81,190.88,92926
2026-07-06 12:30:00,190.89,190.99,190.84,190.91,108204
2026-07-06 12:35:00,190.92,190.97,190.6,190.74,127921
2026-07-06 12:40:00,190.74,190.87,190.65,190.83,92782
2026-07-06 12:45:00,190.83,190.9,190.77,190.86,71052
2026-07-06 12:50:00,190.87,190.9,190.6,190.63,126175
2026-07-06 12:55:00,190.65,190.8,190.41,190.52,303359
2026-07-06 13:00:00,190.52,190.6,190.35,190.43,112002
2026-07-06 13:05:00,190.47,190.5,190.2,190.34,189656
2026-07-06 13:10:00,190.3,190.68,190.3,190.64,112581
2026-07-06 13:15:00,190.63,191.14,190.56,191.14,321790
2026-07-06 13:20:00,191.14,191.42,191.03,191.25,483054
2026-07-06 13:25:00,191.3,191.42,191.12,191.25,226486
2026-07-06 13:30:00,191.29,191.35,190.97,191.07,227698
2026-07-06 13:35:00,191.1,191.3,191.01,191.11,156849
2026-07-06 13:40:00,191.11,191.15,191.01,191.07,61863
2026-07-06 13:45:00,191.07,191.07,190.86,190.99,65939
2026-07-06 13:50:00,190.97,191.0,190.8,190.83,84773
2026-07-06 13:55:00,190.83,190.88,190.6,190.64,92433
2026-07-06 14:00:00,190.61,190.79,190.6,190.75,81094
2026-07-06 14:05:00,190.79,190.81,190.65,190.67,81571
2026-07-06 14:10:00,190.66,190.8,190.6,190.7,96870
2026-07-06 14:15:00,190.66,190.75,190.6,190.64,60217
2026-07-06 14:20:00,190.64,190.88,190.61,190.85,72817
2026-07-06 14:25:00,190.83,190.95,190.63,190.79,95034
2026-07-06 14:30:00,190.8,190.81,190.61,190.7,96299
2026-07-06 14:35:00,190.7,190.85,190.44,190.65,328534
2026-07-06 14:40:00,190.66,190.66,190.42,190.48,97176
2026-07-06 14:45:00,190.47,190.49,190.25,190.3,132691
2026-07-06 14:50:00,190.29,190.4,190.24,190.38,166800
2026-07-06 14:55:00,190.37,190.62,190.35,190.48,126076
2026-07-06 15:00:00,190.53,191.14,190.53,191.12,600047
2026-07-06 15:05:00,191.12,191.2,191.0,191.1,352320
2026-07-06 15:10:00,191.09,191.15,190.9,190.93,424004
2026-07-06 15:15:00,190.98,190.99,190.49,190.6,594764
2026-07-06 15:20:00,190.6,190.76,190.47,190.72,339798
2026-07-06 15:25:00,190.72,190.83,190.54,190.7,421433
2026-07-07 09:15:00,191.0,191.3,189.25,189.4,926246
2026-07-07 09:20:00,189.37,189.75,189.0,189.59,618361
2026-07-07 09:25:00,189.54,189.86,189.49,189.69,199727
2026-07-07 09:30:00,189.69,189.72,189.05,189.3,400880
2026-07-07 09:35:00,189.31,189.79,189.23,189.54,155125
2026-07-07 09:40:00,189.64,189.8,189.58,189.79,144680
2026-07-07 09:45:00,189.77,190.4,189.77,190.2,341368
2026-07-07 09:50:00,190.19,190.39,189.9,189.9,292813
2026-07-07 09:55:00,189.96,190.59,189.87,190.53,420730
2026-07-07 10:00:00,190.54,190.95,190.5,190.51,255711
2026-07-07 10:05:00,190.46,190.5,190.3,190.39,162085
2026-07-07 10:10:00,190.34,190.37,190.2,190.26,104811
2026-07-07 10:15:00,190.25,190.7,190.07,190.67,155484
2026-07-07 10:20:00,190.67,190.9,190.52,190.7,436445
2026-07-07 10:25:00,190.75,190.8,190.57,190.8,140683
2026-07-07 10:30:00,190.84,190.95,190.81,190.9,189644
2026-07-07 10:35:00,190.89,191.0,190.8,190.95,150183
2026-07-07 10:40:00,190.95,190.96,190.0,190.02,350176
2026-07-07 10:45:00,190.04,190.25,189.99,190.09,544023
2026-07-07 10:50:00,190.09,190.18,189.99,190.13,243217
2026-07-07 10:55:00,190.08,190.13,189.86,190.01,248955
2026-07-07 11:00:00,190.01,190.06,189.89,190.0,160870
2026-07-07 11:05:00,190.0,190.1,189.95,190.04,120958
2026-07-07 11:10:00,190.02,190.1,189.94,190.06,107586
2026-07-07 11:15:00,190.08,190.1,190.02,190.08,107119
2026-07-07 11:20:00,190.1,190.19,190.05,190.14,150606
2026-07-07 11:25:00,190.18,190.65,190.14,190.6,188214
2026-07-07 11:30:00,190.6,190.79,190.05,190.22,338534
2026-07-07 11:35:00,190.24,190.3,190.03,190.1,131570
2026-07-07 11:40:00,190.1,190.12,189.96,190.12,144808
2026-07-07 11:45:00,190.17,190.18,190.11,190.15,102932
2026-07-07 11:50:00,190.14,190.2,190.07,190.14,127875
2026-07-07 11:55:00,190.14,190.37,190.09,190.32,109551
2026-07-07 12:00:00,190.36,190.38,190.1,190.26,144306
2026-07-07 12:05:00,190.26,190.26,189.88,190.0,180649
2026-07-07 12:10:00,190.0,190.04,189.7,189.77,154870
2026-07-07 12:15:00,189.76,189.9,189.5,189.59,130715
2026-07-07 12:20:00,189.59,189.68,189.5,189.57,122815
2026-07-07 12:25:00,189.57,189.88,189.5,189.82,135667
2026-07-07 12:30:00,189.81,189.95,189.56,189.81,432382
2026-07-07 12:35:00,189.81,189.95,189.52,189.91,262269
2026-07-07 12:40:00,189.88,190.09,189.81,189.99,158557
2026-07-07 12:45:00,189.93,190.07,189.81,189.91,225811
2026-07-07 12:50:00,189.88,190.14,189.72,189.97,325513
2026-07-07 12:55:00,189.97,190.29,189.73,190.2,279764
2026-07-07 13:00:00,190.2,190.25,189.5,189.55,290712
2026-07-07 13:05:00,189.6,189.6,189.4,189.44,159606
2026-07-07 13:10:00,189.45,189.54,189.05,189.32,361387
2026-07-07 13:15:00,189.34,189.35,189.2,189.26,102307
2026-07-07 13:20:00,189.3,189.3,189.15,189.26,123752
2026-07-07 13:25:00,189.28,189.65,189.26,189.57,150877
2026-07-07 13:30:00,189.57,189.57,189.39,189.4,94615
2026-07-07 13:35:00,189.42,189.45,189.3,189.45,118004
2026-07-07 13:40:00,189.45,189.46,189.28,189.36,102644
2026-07-07 13:45:00,189.35,189.64,189.05,189.26,414801
2026-07-07 13:50:00,189.3,189.38,189.23,189.29,137429
2026-07-07 13:55:00,189.29,189.37,189.26,189.31,116755
2026-07-07 14:00:00,189.35,189.36,189.29,189.35,92947
2026-07-07 14:05:00,189.37,189.45,189.34,189.38,138328
2026-07-07 14:10:00,189.38,189.41,189.3,189.34,153171
2026-07-07 14:15:00,189.34,189.44,189.26,189.39,249350
2026-07-07 14:20:00,189.43,189.5,189.29,189.35,157543
2026-07-07 14:25:00,189.34,189.49,189.3,189.48,123481
2026-07-07 14:30:00,189.47,189.58,189.42,189.55,106245
2026-07-07 14:35:00,189.56,189.9,189.56,189.82,503761
2026-07-07 14:40:00,189.81,189.85,189.59,189.77,210297
2026-07-07 14:45:00,189.77,189.8,189.54,189.8,158698
2026-07-07 14:50:00,189.8,189.85,189.76,189.8,178375
2026-07-07 14:55:00,189.8,190.01,189.74,189.75,328544
2026-07-07 15:00:00,189.75,189.81,189.57,189.66,633556
2026-07-07 15:05:00,189.71,189.98,189.57,189.88,1846737
2026-07-07 15:10:00,189.92,189.94,189.8,189.88,1311533
2026-07-07 15:15:00,189.9,190.0,189.85,189.95,1357867
2026-07-07 15:20:00,189.95,189.95,189.5,189.7,1144215
2026-07-07 15:25:00,189.7,189.72,189.35,189.6,1040844
2026-07-08 09:15:00,187.66,188.4,187.5,188.1,756454
2026-07-08 09:20:00,188.09,188.3,187.9,188.22,395364
2026-07-08 09:25:00,188.19,188.59,188.1,188.45,383783
2026-07-08 09:30:00,188.42,188.42,188.0,188.04,186972
2026-07-08 09:35:00,188.05,188.08,187.9,188.05,220509
2026-07-08 09:40:00,188.06,188.68,187.95,188.28,276636
2026-07-08 09:45:00,188.28,188.42,188.17,188.28,161155
2026-07-08 09:50:00,188.28,188.83,188.16,188.23,360616
2026-07-08 09:55:00,188.2,188.71,188.18,188.65,246760
2026-07-08 10:00:00,188.6,189.16,188.55,189.08,458299
2026-07-08 10:05:00,189.07,189.39,189.0,189.25,217173
2026-07-08 10:10:00,189.28,189.35,189.0,189.16,234462
2026-07-08 10:15:00,189.08,189.31,189.03,189.16,153269
2026-07-08 10:20:00,189.19,189.28,188.98,189.2,185848
2026-07-08 10:25:00,189.2,189.6,189.11,189.6,208478
2026-07-08 10:30:00,189.55,189.55,189.21,189.34,313740
2026-07-08 10:35:00,189.39,189.59,189.23,189.54,121733
2026-07-08 10:40:00,189.54,189.65,189.4,189.45,191965
2026-07-08 10:45:00,189.44,189.55,189.2,189.31,315135
2026-07-08 10:50:00,189.31,189.39,189.2,189.24,104617
2026-07-08 10:55:00,189.24,189.28,189.1,189.19,93399
2026-07-08 11:00:00,189.14,189.3,189.13,189.26,48276
2026-07-08 11:05:00,189.26,189.29,189.11,189.2,92485
2026-07-08 11:10:00,189.15,189.3,189.1,189.2,65310
2026-07-08 11:15:00,189.18,189.25,189.09,189.24,73712
2026-07-08 11:20:00,189.21,189.24,189.02,189.17,147254
2026-07-08 11:25:00,189.17,189.34,189.1,189.16,49022
2026-07-08 11:30:00,189.16,189.79,189.14,189.54,209942
2026-07-08 11:35:00,189.54,189.69,189.39,189.66,172932
2026-07-08 11:40:00,189.66,189.69,189.38,189.42,60890
2026-07-08 11:45:00,189.42,189.7,189.33,189.65,93851
2026-07-08 11:50:00,189.65,189.73,189.51,189.62,37265
2026-07-08 11:55:00,189.62,189.64,189.4,189.63,57537
2026-07-08 12:00:00,189.64,189.64,189.37,189.43,124001
2026-07-08 12:05:00,189.41,189.45,189.0,189.09,214942
2026-07-08 12:10:00,189.04,189.19,188.15,189.04,685148
2026-07-08 12:15:00,189.03,189.48,189.0,189.46,175829
2026-07-08 12:20:00,189.42,189.48,189.05,189.18,283411
2026-07-08 12:25:00,189.18,189.27,188.94,189.09,79700
2026-07-08 12:30:00,189.1,189.11,188.87,189.04,115998
2026-07-08 12:35:00,189.04,189.07,188.85,188.92,150832
2026-07-08 12:40:00,188.91,189.07,188.83,189.04,81673
2026-07-08 12:45:00,189.04,189.28,189.0,189.19,52290
2026-07-08 12:50:00,189.19,189.67,189.15,189.57,136231
2026-07-08 12:55:00,189.57,189.62,189.31,189.36,42933
2026-07-08 13:00:00,189.36,189.58,189.36,189.58,60445
2026-07-08 13:05:00,189.6,189.73,189.23,189.37,101380
2026-07-08 13:10:00,189.39,189.5,189.29,189.4,45015
2026-07-08 13:15:00,189.4,189.45,189.2,189.3,85595
2026-07-08 13:20:00,189.3,189.39,189.1,189.24,51832
2026-07-08 13:25:00,189.24,189.32,189.04,189.1,48291
2026-07-08 13:30:00,189.09,189.16,188.84,189.09,128250
2026-07-08 13:35:00,189.05,189.27,188.98,189.27,66193
2026-07-08 13:40:00,189.27,189.33,189.06,189.15,58902
2026-07-08 13:45:00,189.21,189.29,188.26,188.46,256451
2026-07-08 13:50:00,188.41,188.57,188.18,188.3,243160
2026-07-08 13:55:00,188.3,188.54,188.01,188.1,166877
2026-07-08 14:00:00,188.1,188.33,187.85,188.01,339173
2026-07-08 14:05:00,187.93,188.1,186.75,186.87,574969
2026-07-08 14:10:00,186.9,186.99,186.52,186.84,276809
2026-07-08 14:15:00,186.91,187.56,186.6,187.11,352328
2026-07-08 14:20:00,187.13,187.4,186.95,187.27,205161
2026-07-08 14:25:00,187.3,187.4,186.8,186.95,190201
2026-07-08 14:30:00,186.95,187.44,186.92,187.2,192953
2026-07-08 14:35:00,187.25,187.55,187.15,187.33,257831
2026-07-08 14:40:00,187.3,187.3,186.97,187.13,342952
2026-07-08 14:45:00,187.15,187.37,186.9,187.25,280720
2026-07-08 14:50:00,187.28,187.36,186.81,187.05,316495
2026-07-08 14:55:00,187.06,187.3,186.9,187.17,254075
2026-07-08 15:00:00,187.2,187.85,187.12,187.45,474512
2026-07-08 15:05:00,187.46,187.76,187.45,187.73,321421
2026-07-08 15:10:00,187.72,187.98,187.72,187.9,864256
2026-07-08 15:15:00,187.87,188.95,187.86,188.9,892591
2026-07-08 15:20:00,188.95,189.06,188.5,188.58,886264
2026-07-08 15:25:00,188.5,188.63,188.23,188.47,516544
2026-07-09 09:15:00,189.5,189.87,188.06,188.25,747729
2026-07-09 09:20:00,188.26,188.57,188.0,188.41,266332
2026-07-09 09:25:00,188.41,188.45,187.31,187.59,485614
2026-07-09 09:30:00,187.57,187.7,187.2,187.66,418673
2026-07-09 09:35:00,187.65,187.73,187.2,187.4,327497
2026-07-09 09:40:00,187.35,187.38,186.62,186.91,667568
2026-07-09 09:45:00,186.94,187.45,186.81,187.2,555979
2026-07-09 09:50:00,187.16,187.41,186.81,186.91,384851
2026-07-09 09:55:00,186.86,187.1,186.71,186.84,240550
2026-07-09 10:00:00,186.89,187.57,186.83,187.48,506772
2026-07-09 10:05:00,187.4,187.97,187.4,187.8,737811
2026-07-09 10:10:00,187.85,187.85,187.3,187.36,424022
2026-07-09 10:15:00,187.36,187.47,187.21,187.3,195132
2026-07-09 10:20:00,187.3,187.66,187.25,187.48,299401
2026-07-09 10:25:00,187.47,187.57,187.3,187.34,178088
2026-07-09 10:30:00,187.37,187.5,186.91,187.28,661013
2026-07-09 10:35:00,187.28,187.31,186.81,187.1,225800
2026-07-09 10:40:00,187.16,188.18,187.01,187.44,384522
2026-07-09 10:45:00,187.43,187.63,187.0,187.04,232623
2026-07-09 10:50:00,187.04,187.25,186.95,187.0,177935
2026-07-09 10:55:00,187.04,187.04,186.8,186.88,269992
2026-07-09 11:00:00,186.88,186.95,186.65,186.95,225215
2026-07-09 11:05:00,186.89,186.97,186.75,186.83,155468
2026-07-09 11:10:00,186.83,186.86,186.7,186.77,174575
2026-07-09 11:15:00,186.77,186.93,186.75,186.85,153778
2026-07-09 11:20:00,186.84,187.08,186.83,186.92,198559
2026-07-09 11:25:00,186.98,187.6,186.82,187.56,303779
2026-07-09 11:30:00,187.41,187.75,187.4,187.48,190421
2026-07-09 11:35:00,187.48,187.7,187.4,187.55,167783
2026-07-09 11:40:00,187.55,187.69,187.38,187.58,364578
2026-07-09 11:45:00,187.56,187.85,187.54,187.84,189020
2026-07-09 11:50:00,187.84,187.87,187.54,187.66,245845
2026-07-09 11:55:00,187.66,187.96,187.61,187.9,242708
2026-07-09 12:00:00,187.9,188.15,187.86,188.05,237554
2026-07-09 12:05:00,188.01,188.14,188.0,188.07,147834
2026-07-09 12:10:00,188.07,188.15,188.0,188.03,160435
2026-07-09 12:15:00,188.03,188.15,187.9,187.92,182698
2026-07-09 12:20:00,187.92,188.18,187.91,187.98,199307
2026-07-09 12:25:00,188.05,188.29,187.84,188.2,276703
2026-07-09 12:30:00,188.2,188.35,188.1,188.13,149215
2026-07-09 12:35:00,188.13,188.38,188.09,188.31,115180
2026-07-09 12:40:00,188.31,188.38,188.2,188.21,113319
2026-07-09 12:45:00,188.24,188.75,188.22,188.37,349416
2026-07-09 12:50:00,188.35,188.65,188.35,188.64,151507
2026-07-09 12:55:00,188.62,188.9,188.62,188.68,146763
2026-07-09 13:00:00,188.68,188.75,188.57,188.67,125022
2026-07-09 13:05:00,188.67,188.99,188.62,188.87,204265
2026-07-09 13:10:00,188.85,189.2,188.85,189.06,213425
2026-07-09 13:15:00,189.1,189.19,188.81,188.87,152150
2026-07-09 13:20:00,188.9,189.12,188.85,188.9,110376
2026-07-09 13:25:00,188.9,188.96,188.54,188.62,228945
2026-07-09 13:30:00,188.62,188.83,188.35,188.77,162097
2026-07-09 13:35:00,188.77,189.1,188.61,189.0,259437
2026-07-09 13:40:00,189.0,189.25,188.8,189.02,167704
2026-07-09 13:45:00,189.02,189.12,188.69,188.77,125414
2026-07-09 13:50:00,188.77,188.84,188.65,188.66,81135
2026-07-09 13:55:00,188.7,188.83,188.59,188.64,88432
2026-07-09 14:00:00,188.64,188.72,188.52,188.58,72421
2026-07-09 14:05:00,188.62,188.67,188.37,188.37,76787
2026-07-09 14:10:00,188.37,188.67,188.21,188.48,131352
2026-07-09 14:15:00,188.55,188.7,188.4,188.4,78231
2026-07-09 14:20:00,188.39,188.6,188.31,188.57,105005
2026-07-09 14:25:00,188.6,188.74,188.38,188.51,133858
2026-07-09 14:30:00,188.49,188.55,188.3,188.42,73614
2026-07-09 14:35:00,188.42,188.46,187.98,188.07,408732
2026-07-09 14:40:00,188.07,188.79,187.71,188.2,698350
2026-07-09 14:45:00,188.26,188.36,187.83,187.95,364763
2026-07-09 14:50:00,187.93,188.01,187.85,187.93,288406
2026-07-09 14:55:00,187.99,188.16,187.89,188.15,287774
2026-07-09 15:00:00,188.12,188.2,187.85,187.93,500456
2026-07-09 15:05:00,187.91,187.99,187.55,187.87,563340
2026-07-09 15:10:00,187.86,187.96,187.63,187.68,409695
2026-07-09 15:15:00,187.68,188.1,187.61,188.1,566183
2026-07-09 15:20:00,188.1,188.22,187.91,188.05,875005
2026-07-09 15:25:00,188.05,188.18,187.79,187.88,338940
2026-07-10 09:15:00,189.68,190.6,188.74,190.57,667187
2026-07-10 09:20:00,190.56,190.63,190.03,190.24,239069
2026-07-10 09:25:00,190.26,190.45,190.15,190.36,170746
2026-07-10 09:30:00,190.4,190.5,190.15,190.15,220225
2026-07-10 09:35:00,190.24,190.66,190.2,190.66,376966
2026-07-10 09:40:00,190.63,191.2,190.63,190.99,444730
2026-07-10 09:45:00,190.98,191.76,190.91,191.7,527310
2026-07-10 09:50:00,191.7,192.41,191.67,192.19,686377
2026-07-10 09:55:00,192.13,192.8,192.13,192.43,724884
2026-07-10 10:00:00,192.45,193.3,192.38,193.05,1046635
2026-07-10 10:05:00,193.05,193.06,192.66,192.71,471314
2026-07-10 10:10:00,192.7,192.74,192.4,192.48,376045
2026-07-10 10:15:00,192.48,192.5,192.16,192.25,254474
2026-07-10 10:20:00,192.23,192.4,191.81,192.16,340409
2026-07-10 10:25:00,192.12,192.37,191.81,191.87,188135
2026-07-10 10:30:00,191.87,191.9,191.6,191.74,198649
2026-07-10 10:35:00,191.74,191.92,191.7,191.84,137875
2026-07-10 10:40:00,191.82,191.83,191.37,191.48,217415
2026-07-10 10:45:00,191.48,191.62,191.35,191.61,196367
2026-07-10 10:50:00,191.6,191.67,191.48,191.51,130753
2026-07-10 10:55:00,191.56,191.64,191.52,191.56,83154
2026-07-10 11:00:00,191.56,191.68,191.4,191.44,110342
2026-07-10 11:05:00,191.45,191.46,191.24,191.27,115373
2026-07-10 11:10:00,191.25,191.33,191.1,191.13,217240
2026-07-10 11:15:00,191.15,191.3,190.82,191.04,307797
2026-07-10 11:20:00,191.04,191.06,190.65,190.81,213023
2026-07-10 11:25:00,190.75,190.85,190.65,190.7,165224
2026-07-10 11:30:00,190.7,191.03,190.7,190.78,153705
2026-07-10 11:35:00,190.8,190.92,190.61,190.62,129269
2026-07-10 11:40:00,190.68,190.7,190.42,190.5,185653
2026-07-10 11:45:00,190.54,190.73,190.51,190.7,72471
2026-07-10 11:50:00,190.71,190.75,190.5,190.5,102297
2026-07-10 11:55:00,190.55,190.75,190.36,190.68,144341
2026-07-10 12:00:00,190.76,190.89,190.64,190.65,129993
2026-07-10 12:05:00,190.68,190.85,190.65,190.81,83681
2026-07-10 12:10:00,190.82,191.23,190.66,191.0,495774
2026-07-10 12:15:00,191.04,191.05,190.81,190.88,66909
2026-07-10 12:20:00,190.88,190.96,190.66,190.76,94863
2026-07-10 12:25:00,190.76,191.0,190.7,190.99,78425
2026-07-10 12:30:00,191.0,191.02,190.68,190.7,94033
2026-07-10 12:35:00,190.73,190.84,190.65,190.65,72460
2026-07-10 12:40:00,190.66,190.84,190.64,190.84,77926
2026-07-10 12:45:00,190.84,190.87,190.69,190.83,70636
2026-07-10 12:50:00,190.82,190.87,190.72,190.76,73651
2026-07-10 12:55:00,190.76,190.81,190.69,190.77,121664
2026-07-10 13:00:00,190.77,191.14,190.75,191.07,156128
2026-07-10 13:05:00,191.07,191.24,191.0,191.0,107468
2026-07-10 13:10:00,191.01,191.15,191.0,191.09,110172
2026-07-10 13:15:00,191.09,191.1,190.55,190.56,315318
2026-07-10 13:20:00,190.57,190.66,190.4,190.65,161062
2026-07-10 13:25:00,190.62,190.69,190.51,190.53,80563
2026-07-10 13:30:00,190.55,190.61,190.45,190.52,101857
2026-07-10 13:35:00,190.53,190.55,190.45,190.49,79674
2026-07-10 13:40:00,190.48,190.49,190.0,190.25,231254
2026-07-10 13:45:00,190.34,190.48,190.26,190.41,98246
2026-07-10 13:50:00,190.42,190.5,190.36,190.5,80071
2026-07-10 13:55:00,190.45,190.51,190.25,190.31,119363
2026-07-10 14:00:00,190.3,190.38,190.23,190.31,105547
2026-07-10 14:05:00,190.32,190.78,190.1,190.41,631343
2026-07-10 14:10:00,190.41,190.51,190.24,190.29,316905
2026-07-10 14:15:00,190.28,190.55,190.05,190.44,360708
2026-07-10 14:20:00,190.44,190.57,190.35,190.45,235762
2026-07-10 14:25:00,190.45,190.59,190.45,190.45,143517
2026-07-10 14:30:00,190.45,190.46,190.23,190.41,361612
2026-07-10 14:35:00,190.41,190.52,190.29,190.46,477411
2026-07-10 14:40:00,190.46,190.98,190.4,190.84,812025
2026-07-10 14:45:00,190.81,190.95,190.57,190.72,552395
2026-07-10 14:50:00,190.73,190.85,190.5,190.73,425389
2026-07-10 14:55:00,190.73,191.05,190.7,190.7,541402
2026-07-10 15:00:00,190.75,191.41,190.64,191.11,1188113
2026-07-10 15:05:00,191.11,191.25,191.1,191.17,726374
2026-07-10 15:10:00,191.17,191.32,191.1,191.15,872488
2026-07-10 15:15:00,191.2,191.28,191.06,191.14,849583
2026-07-10 15:20:00,191.14,191.35,191.1,191.25,939932
2026-07-10 15:25:00,191.25,191.35,191.0,191.1,836822
2026-07-13 09:15:00,189.0,189.27,186.75,186.9,1223640
2026-07-13 09:20:00,186.88,187.39,186.55,187.3,1221130
2026-07-13 09:25:00,187.27,187.77,186.8,186.93,873227
2026-07-13 09:30:00,186.92,187.46,186.6,186.8,809999
2026-07-13 09:35:00,186.8,187.55,186.7,187.5,708760
2026-07-13 09:40:00,187.5,187.53,187.03,187.43,546131
2026-07-13 09:45:00,187.39,187.88,187.39,187.69,600703
2026-07-13 09:50:00,187.71,187.77,187.52,187.71,262421
2026-07-13 09:55:00,187.73,187.85,187.5,187.85,373469
2026-07-13 10:00:00,187.81,187.97,187.63,187.66,424588
2026-07-13 10:05:00,187.66,188.21,187.18,188.1,1588385
2026-07-13 10:10:00,188.23,188.35,187.8,187.84,424765
2026-07-13 10:15:00,187.81,188.02,187.66,187.7,207614
2026-07-13 10:20:00,187.68,187.7,187.12,187.21,385222
2026-07-13 10:25:00,187.25,187.3,186.75,187.05,1880866
2026-07-13 10:30:00,187.05,187.26,187.0,187.19,284517
2026-07-13 10:35:00,187.2,187.2,187.02,187.02,207911
2026-07-13 10:40:00,187.03,187.12,186.8,187.08,912024
2026-07-13 10:45:00,187.1,187.11,186.8,187.0,563907
2026-07-13 10:50:00,187.0,187.09,186.6,186.68,580847
2026-07-13 10:55:00,186.74,186.88,186.63,186.85,246828
2026-07-13 11:00:00,186.8,187.1,186.75,187.09,195853
2026-07-13 11:05:00,187.06,187.19,187.01,187.11,210196
2026-07-13 11:10:00,187.06,187.15,186.8,186.8,425894
2026-07-13 11:15:00,186.84,186.85,186.31,186.46,740309
2026-07-13 11:20:00,186.47,186.58,186.21,186.29,473814
2026-07-13 11:25:00,186.25,186.41,185.86,186.21,1602666
2026-07-13 11:30:00,186.21,186.59,186.18,186.59,284978
2026-07-13 11:35:00,186.52,186.64,186.42,186.55,181764
2026-07-13 11:40:00,186.52,186.62,186.5,186.53,169290
2026-07-13 11:45:00,186.52,186.54,186.3,186.42,293278
2026-07-13 11:50:00,186.46,186.6,185.69,186.16,2098025
2026-07-13 11:55:00,186.07,186.18,185.41,185.5,2914214
2026-07-13 12:00:00,185.5,186.33,185.4,186.3,1598964
2026-07-13 12:05:00,186.28,186.54,186.25,186.4,385009
2026-07-13 12:10:00,186.38,186.8,186.26,186.65,578433
2026-07-13 12:15:00,186.63,186.95,186.56,186.89,478237
2026-07-13 12:20:00,186.89,187.2,186.36,186.43,2148399
2026-07-13 12:25:00,186.43,186.85,186.43,186.8,1480390
2026-07-13 12:30:00,186.79,186.92,186.57,186.82,255818
2026-07-13 12:35:00,186.8,187.04,186.72,187.01,341803
2026-07-13 12:40:00,187.0,187.19,186.99,187.12,260602
2026-07-13 12:45:00,187.11,187.19,186.95,187.12,388962
2026-07-13 12:50:00,187.12,187.59,187.07,187.26,518035
2026-07-13 12:55:00,187.26,187.29,187.01,187.07,238808
2026-07-13 13:00:00,187.06,187.07,187.0,187.01,315342
2026-07-13 13:05:00,187.05,187.2,187.0,187.18,267282
2026-07-13 13:10:00,187.16,187.31,187.08,187.22,336223
2026-07-13 13:15:00,187.21,187.35,187.08,187.35,253964
2026-07-13 13:20:00,187.34,187.35,187.2,187.22,265896
2026-07-13 13:25:00,187.23,187.24,187.0,187.1,312737
2026-07-13 13:30:00,187.1,187.29,187.04,187.09,319140
2026-07-13 13:35:00,187.09,187.36,187.05,187.26,270819
2026-07-13 13:40:00,187.28,187.7,187.25,187.7,476066
2026-07-13 13:45:00,187.67,187.7,187.54,187.65,458657
2026-07-13 13:50:00,187.64,187.66,187.42,187.53,295758
2026-07-13 13:55:00,187.52,187.58,187.4,187.52,278417
2026-07-13 14:00:00,187.53,187.59,187.4,187.4,257487
2026-07-13 14:05:00,187.38,187.45,187.3,187.42,266217
2026-07-13 14:10:00,187.42,187.45,187.35,187.4,203653
2026-07-13 14:15:00,187.41,187.5,187.17,187.42,365700
2026-07-13 14:20:00,187.38,187.51,187.3,187.35,536340
2026-07-13 14:25:00,187.36,187.47,187.25,187.37,305278
2026-07-13 14:30:00,187.34,187.99,187.33,187.67,754804
2026-07-13 14:35:00,187.67,187.67,187.2,187.21,637840
2026-07-13 14:40:00,187.2,187.34,187.2,187.26,229042
2026-07-13 14:45:00,187.27,187.4,187.24,187.37,318939
2026-07-13 14:50:00,187.4,187.5,187.36,187.47,306481
2026-07-13 14:55:00,187.45,187.49,187.28,187.31,612498
2026-07-13 15:00:00,187.26,187.27,187.0,187.19,1106157
2026-07-13 15:05:00,187.19,187.3,187.0,187.15,1129669
2026-07-13 15:10:00,187.13,187.25,187.05,187.23,984316
2026-07-13 15:15:00,187.22,187.24,187.01,187.12,1040541
2026-07-13 15:20:00,187.15,187.18,187.04,187.07,1040086
2026-07-13 15:25:00,187.07,187.19,187.0,187.18,948270
2026-07-14 09:15:00,186.7,188.68,186.7,188.2,855531
2026-07-14 09:20:00,188.19,188.37,188.04,188.32,365081
2026-07-14 09:25:00,188.3,188.7,187.95,188.54,367522
2026-07-14 09:30:00,188.54,189.37,188.4,189.15,834833
2026-07-14 09:35:00,189.14,189.3,188.3,188.3,432254
2026-07-14 09:40:00,188.3,188.79,188.19,188.77,553149
2026-07-14 09:45:00,188.71,188.78,188.37,188.55,171805
2026-07-14 09:50:00,188.51,188.7,188.42,188.56,161798
2026-07-14 09:55:00,188.55,188.58,187.7,187.7,298611
2026-07-14 10:00:00,187.7,188.0,187.53,188.0,295852
2026-07-14 10:05:00,188.0,188.06,187.8,188.05,203292
2026-07-14 10:10:00,188.05,188.56,187.98,188.55,143167
2026-07-14 10:15:00,188.55,188.75,188.35,188.52,178205
2026-07-14 10:20:00,188.6,189.13,188.5,188.9,399791
2026-07-14 10:25:00,188.9,189.64,188.9,189.54,548725
2026-07-14 10:30:00,189.6,189.89,189.41,189.69,465766
2026-07-14 10:35:00,189.69,189.73,189.45,189.6,224756
2026-07-14 10:40:00,189.59,189.6,189.3,189.42,232737
2026-07-14 10:45:00,189.44,189.56,189.16,189.22,270267
2026-07-14 10:50:00,189.15,189.7,189.15,189.54,265386
2026-07-14 10:55:00,189.54,189.95,189.41,189.91,473074
2026-07-14 11:00:00,189.8,190.0,189.63,189.68,200610
2026-07-14 11:05:00,189.68,189.72,189.29,189.6,401724
2026-07-14 11:10:00,189.56,189.76,189.52,189.66,106612
2026-07-14 11:15:00,189.6,190.1,189.33,190.04,609077
2026-07-14 11:20:00,190.09,190.15,189.82,190.05,294174
2026-07-14 11:25:00,190.1,190.35,190.0,190.1,452606
2026-07-14 11:30:00,190.12,190.12,189.66,189.77,304506
2026-07-14 11:35:00,189.85,189.85,189.5,189.62,170041
2026-07-14 11:40:00,189.66,189.68,189.51,189.57,82966
2026-07-14 11:45:00,189.58,189.94,189.57,189.81,99256
2026-07-14 11:50:00,189.84,189.95,189.6,189.61,86969
2026-07-14 11:55:00,189.62,189.65,189.35,189.44,171211
2026-07-14 12:00:00,189.43,189.72,189.42,189.56,96490
2026-07-14 12:05:00,189.55,189.59,189.4,189.46,70731
2026-07-14 12:10:00,189.49,189.5,189.18,189.32,137094
2026-07-14 12:15:00,189.32,189.32,189.09,189.15,117431
2026-07-14 12:20:00,189.15,189.15,188.5,188.54,521043
2026-07-14 12:25:00,188.54,188.63,188.07,188.37,306286
2026-07-14 12:30:00,188.42,188.6,188.3,188.56,104301
2026-07-14 12:35:00,188.55,188.7,188.44,188.7,64858
2026-07-14 12:40:00,188.7,188.83,188.62,188.8,87079
2026-07-14 12:45:00,188.81,188.92,188.71,188.75,75480
2026-07-14 12:50:00,188.75,188.75,188.48,188.58,87404
2026-07-14 12:55:00,188.6,188.7,188.4,188.42,100210
2026-07-14 13:00:00,188.42,188.66,188.3,188.55,108300
2026-07-14 13:05:00,188.62,188.8,188.55,188.74,111109
2026-07-14 13:10:00,188.74,188.8,188.62,188.75,70237
2026-07-14 13:15:00,188.67,188.94,188.61,188.94,81842
2026-07-14 13:20:00,188.95,189.0,188.74,188.79,106234
2026-07-14 13:25:00,188.8,188.99,188.75,188.91,215887
2026-07-14 13:30:00,188.92,188.98,188.78,188.95,203745
2026-07-14 13:35:00,188.95,188.95,188.5,188.7,207709
2026-07-14 13:40:00,188.7,188.77,188.55,188.77,54955
2026-07-14 13:45:00,188.75,188.97,188.65,188.77,148032
2026-07-14 13:50:00,188.7,188.9,188.57,188.59,1238917
2026-07-14 13:55:00,188.63,188.64,187.88,188.0,597643
2026-07-14 14:00:00,187.79,188.3,187.49,188.23,510614
2026-07-14 14:05:00,188.23,188.3,187.82,187.91,247523
2026-07-14 14:10:00,187.86,188.11,187.83,187.93,284674
2026-07-14 14:15:00,187.94,188.0,187.9,187.96,102953
2026-07-14 14:20:00,187.97,188.0,187.72,187.82,267271
2026-07-14 14:25:00,187.85,187.93,187.7,187.76,118275
2026-07-14 14:30:00,187.76,187.8,187.6,187.79,178632
2026-07-14 14:35:00,187.77,187.98,187.77,187.89,140561
2026-07-14 14:40:00,187.89,187.92,187.77,187.88,323506
2026-07-14 14:45:00,187.88,187.99,187.55,187.62,396383
2026-07-14 14:50:00,187.7,187.89,187.52,187.74,366956
2026-07-14 14:55:00,187.78,187.9,187.7,187.79,250110
2026-07-14 15:00:00,187.79,188.0,187.77,187.94,820724
2026-07-14 15:05:00,187.96,188.19,187.71,188.18,842027
2026-07-14 15:10:00,188.18,188.55,188.02,188.38,1142633
2026-07-14 15:15:00,188.38,188.56,188.29,188.43,882355
2026-07-14 15:20:00,188.51,188.64,188.42,188.53,746056
2026-07-14 15:25:00,188.54,188.83,188.5,188.74,785620
2026-07-15 09:15:00,188.74,189.33,186.95,188.69,1087562
2026-07-15 09:20:00,188.7,188.92,188.29,188.36,293175
2026-07-15 09:25:00,188.32,188.44,187.8,187.98,505196
2026-07-15 09:30:00,187.98,188.18,187.44,187.68,456674
2026-07-15 09:35:00,187.67,187.83,187.57,187.62,529999
2026-07-15 09:40:00,187.52,188.34,187.5,188.29,479822
2026-07-15 09:45:00,188.37,188.65,188.08,188.5,270335
2026-07-15 09:50:00,188.5,188.75,188.4,188.5,196824
2026-07-15 09:55:00,188.5,188.52,188.15,188.23,152784
2026-07-15 10:00:00,188.24,188.27,188.0,188.1,134966
2026-07-15 10:05:00,188.17,188.32,188.12,188.24,83878
2026-07-15 10:10:00,188.25,188.3,188.01,188.05,86462
2026-07-15 10:15:00,188.03,188.28,188.03,188.24,73297
2026-07-15 10:20:00,188.22,188.39,188.16,188.2,108044
2026-07-15 10:25:00,188.25,188.3,188.1,188.11,91258
2026-07-15 10:30:00,188.13,188.44,188.12,188.3,167297
2026-07-15 10:35:00,188.37,188.37,188.13,188.24,37495
2026-07-15 10:40:00,188.23,188.26,188.1,188.17,66395
2026-07-15 10:45:00,188.16,188.4,188.16,188.19,69917
2026-07-15 10:50:00,188.28,188.4,188.22,188.31,43073
2026-07-15 10:55:00,188.33,188.36,188.16,188.25,34185
2026-07-15 11:00:00,188.24,188.3,188.2,188.25,49760
2026-07-15 11:05:00,188.24,188.29,188.15,188.25,40507
2026-07-15 11:10:00,188.25,188.3,188.15,188.2,35431
2026-07-15 11:15:00,188.19,188.27,188.15,188.22,39295
2026-07-15 11:20:00,188.25,188.25,188.15,188.2,47500
2026-07-15 11:25:00,188.2,188.27,188.17,188.27,33588
2026-07-15 11:30:00,188.26,188.9,188.22,188.63,424417
2026-07-15 11:35:00,188.64,188.7,188.39,188.39,119433
2026-07-15 11:40:00,188.41,188.6,188.31,188.6,98886
2026-07-15 11:45:00,188.6,188.66,188.35,188.48,70535
2026-07-15 11:50:00,188.47,188.47,188.21,188.41,128994
2026-07-15 11:55:00,188.4,188.43,188.0,188.08,208295
2026-07-15 12:00:00,188.09,188.11,187.9,187.95,105913
2026-07-15 12:05:00,187.97,188.28,187.89,188.24,65719
2026-07-15 12:10:00,188.23,188.29,188.06,188.2,107277
2026-07-15 12:15:00,188.25,188.35,188.1,188.34,113615
2026-07-15 12:20:00,188.32,188.37,188.19,188.32,63805
2026-07-15 12:25:00,188.37,188.52,188.22,188.3,151471
2026-07-15 12:30:00,188.3,188.34,188.1,188.17,70543
2026-07-15 12:35:00,188.12,188.2,187.9,187.96,114705
2026-07-15 12:40:00,187.99,188.2,187.91,188.19,40297
2026-07-15 12:45:00,188.19,188.28,188.04,188.19,40279
2026-07-15 12:50:00,188.19,188.31,188.06,188.1,116422
2026-07-15 12:55:00,188.14,188.14,187.17,187.28,539962
2026-07-15 13:00:00,187.33,187.7,187.21,187.56,117155
2026-07-15 13:05:00,187.56,187.61,187.4,187.45,96605
2026-07-15 13:10:00,187.48,187.48,187.25,187.35,84746
2026-07-15 13:15:00,187.4,187.68,187.28,187.68,100040
2026-07-15 13:20:00,187.7,187.76,187.47,187.59,93078
2026-07-15 13:25:00,187.59,187.77,187.53,187.69,89752
2026-07-15 13:30:00,187.69,187.69,187.61,187.66,45076
2026-07-15 13:35:00,187.66,187.85,187.61,187.84,122684
2026-07-15 13:40:00,187.82,187.84,187.54,187.66,149047
2026-07-15 13:45:00,187.7,187.77,187.5,187.7,73666
2026-07-15 13:50:00,187.7,187.78,187.4,187.53,183198
2026-07-15 13:55:00,187.53,187.57,187.32,187.53,82156
2026-07-15 14:00:00,187.5,187.84,187.5,187.75,107618
2026-07-15 14:05:00,187.8,188.28,187.73,187.95,393535
2026-07-15 14:10:00,187.98,188.01,187.75,187.88,248467
2026-07-15 14:15:00,187.87,188.24,187.76,188.1,332473
2026-07-15 14:20:00,188.1,188.1,187.75,187.93,261919
2026-07-15 14:25:00,187.88,187.95,187.75,187.88,151864
2026-07-15 14:30:00,187.88,187.98,187.28,187.35,531194
2026-07-15 14:35:00,187.41,187.9,187.35,187.87,254504
2026-07-15 14:40:00,187.87,187.88,184.81,185.58,7775060
2026-07-15 14:45:00,185.6,185.78,185.0,185.54,1200232
2026-07-15 14:50:00,185.54,185.62,185.35,185.52,378330
2026-07-15 14:55:00,185.51,185.65,185.27,185.57,388606
2026-07-15 15:00:00,185.55,185.65,185.25,185.41,669595
2026-07-15 15:05:00,185.41,185.55,185.35,185.38,420314
2026-07-15 15:10:00,185.41,185.49,185.23,185.4,541255
2026-07-15 15:15:00,185.41,185.54,185.0,185.16,840859
2026-07-15 15:20:00,185.16,185.32,185.0,185.14,744963
2026-07-15 15:25:00,185.13,185.27,185.0,185.24,589063
2026-07-16 09:15:00,186.5,186.5,184.91,185.62,838857
2026-07-16 09:20:00,185.67,185.77,185.3,185.39,456251
2026-07-16 09:25:00,185.41,185.62,185.12,185.25,362385
2026-07-16 09:30:00,185.26,185.3,185.05,185.22,372620
2026-07-16 09:35:00,185.22,185.3,185.0,185.08,345076
2026-07-16 09:40:00,185.04,185.5,185.0,185.34,191284
2026-07-16 09:45:00,185.27,185.42,185.1,185.16,126279
2026-07-16 09:50:00,185.15,185.32,185.05,185.32,111326
2026-07-16 09:55:00,185.32,185.4,185.2,185.36,82944
2026-07-16 10:00:00,185.4,185.47,185.2,185.42,134471
2026-07-16 10:05:00,185.45,185.8,185.38,185.7,268691
2026-07-16 10:10:00,185.7,186.21,185.6,186.05,262255
2026-07-16 10:15:00,186.04,186.25,186.01,186.11,204495
2026-07-16 10:20:00,186.12,186.75,186.1,186.61,335094
2026-07-16 10:25:00,186.62,186.66,186.1,186.3,147023
2026-07-16 10:30:00,186.32,186.32,185.96,186.05,97674
2026-07-16 10:35:00,186.08,186.22,186.05,186.11,62452
2026-07-16 10:40:00,186.14,186.26,186.14,186.23,99097
2026-07-16 10:45:00,186.2,186.41,186.14,186.3,108775
2026-07-16 10:50:00,186.37,186.4,186.2,186.26,153923
2026-07-16 10:55:00,186.3,186.35,186.14,186.28,54405
2026-07-16 11:00:00,186.29,186.42,186.24,186.31,89041
2026-07-16 11:05:00,186.36,186.42,186.13,186.21,63366
2026-07-16 11:10:00,186.21,186.21,186.05,186.08,64573
2026-07-16 11:15:00,186.13,186.2,186.04,186.06,87995
2026-07-16 11:20:00,186.06,186.25,186.05,186.12,72686
2026-07-16 11:25:00,186.14,186.24,186.0,186.2,157938
2026-07-16 11:30:00,186.2,186.45,186.05,186.16,292824
2026-07-16 11:35:00,186.16,186.25,186.0,186.1,91364
2026-07-16 11:40:00,186.13,186.23,185.95,186.04,178608
2026-07-16 11:45:00,186.04,186.08,185.9,185.94,154456
2026-07-16 11:50:00,185.92,185.96,185.65,185.8,472075
2026-07-16 11:55:00,185.77,185.94,185.73,185.8,76554
2026-07-16 12:00:00,185.84,185.92,185.75,185.81,69112
2026-07-16 12:05:00,185.79,185.82,185.71,185.79,53864
2026-07-16 12:10:00,185.8,185.98,185.74,185.95,57853
2026-07-16 12:15:00,185.95,186.24,185.84,186.23,86084
2026-07-16 12:20:00,186.23,186.23,185.94,186.05,65679
2026-07-16 12:25:00,186.09,186.32,186.05,186.25,189063
2026-07-16 12:30:00,186.26,186.26,185.95,186.04,101653
2026-07-16 12:35:00,186.0,186.09,185.78,185.78,93028
2026-07-16 12:40:00,185.82,186.0,185.75,185.85,116125
2026-07-16 12:45:00,185.87,186.02,185.8,186.01,73711
2026-07-16 12:50:00,186.02,186.02,185.81,185.91,50043
2026-07-16 12:55:00,185.91,185.94,185.8,185.88,48990
2026-07-16 13:00:00,185.88,185.9,185.7,185.8,83514
2026-07-16 13:05:00,185.8,185.8,185.7,185.79,50231
2026-07-16 13:10:00,185.7,185.9,185.7,185.83,57465
2026-07-16 13:15:00,185.85,185.85,185.67,185.85,59183
2026-07-16 13:20:00,185.85,185.93,185.77,185.85,38526
2026-07-16 13:25:00,185.9,186.0,185.84,185.95,117529
2026-07-16 13:30:00,185.95,185.96,185.84,185.86,288254
2026-07-16 13:35:00,185.86,185.87,185.28,185.36,178344
2026-07-16 13:40:00,185.36,185.39,185.18,185.22,185228
2026-07-16 13:45:00,185.18,185.34,185.11,185.27,128999
2026-07-16 13:50:00,185.27,185.45,185.23,185.34,81939
2026-07-16 13:55:00,185.34,185.49,185.31,185.45,55662
2026-07-16 14:00:00,185.43,185.57,185.35,185.4,61257
2026-07-16 14:05:00,185.41,185.6,185.32,185.54,75358
2026-07-16 14:10:00,185.54,185.54,185.45,185.47,61278
2026-07-16 14:15:00,185.46,185.84,185.45,185.68,115094
2026-07-16 14:20:00,185.69,185.69,185.27,185.32,427993
2026-07-16 14:25:00,185.33,185.44,185.22,185.34,134108
2026-07-16 14:30:00,185.35,185.37,185.31,185.33,57141
2026-07-16 14:35:00,185.34,185.51,185.32,185.42,178090
2026-07-16 14:40:00,185.47,185.54,185.31,185.38,128210
2026-07-16 14:45:00,185.36,185.44,185.35,185.36,202808
2026-07-16 14:50:00,185.37,185.38,185.22,185.22,125249
2026-07-16 14:55:00,185.29,185.52,185.11,185.3,197545
2026-07-16 15:00:00,185.28,185.7,185.28,185.44,356935
2026-07-16 15:05:00,185.44,185.46,185.25,185.4,288904
2026-07-16 15:10:00,185.39,185.5,185.31,185.5,277865
2026-07-16 15:15:00,185.5,185.5,185.45,185.47,398661
2026-07-16 15:20:00,185.46,185.47,185.26,185.34,319831
2026-07-16 15:25:00,185.33,185.85,185.33,185.79,766217
2026-07-17 09:15:00,185.2,186.45,185.11,186.28,542867
2026-07-17 09:20:00,186.26,186.59,185.98,186.17,541249
2026-07-17 09:25:00,186.16,186.32,186.0,186.05,215647
2026-07-17 09:30:00,186.09,186.21,185.85,186.1,238048
2026-07-17 09:35:00,186.1,186.1,185.55,185.58,345855
2026-07-17 09:40:00,185.58,185.89,185.48,185.78,168777
2026-07-17 09:45:00,185.81,185.81,185.5,185.53,126007
2026-07-17 09:50:00,185.58,185.58,185.21,185.35,181017
2026-07-17 09:55:00,185.35,185.51,185.04,185.24,296810
2026-07-17 10:00:00,185.23,185.3,185.07,185.28,119017
2026-07-17 10:05:00,185.27,185.59,185.16,185.53,136167
2026-07-17 10:10:00,185.51,185.65,185.42,185.64,133998
2026-07-17 10:15:00,185.65,185.94,185.51,185.9,147229
2026-07-17 10:20:00,185.94,185.99,185.6,185.75,103541
2026-07-17 10:25:00,185.69,185.9,185.64,185.88,69455
2026-07-17 10:30:00,185.9,185.94,185.7,185.9,119189
2026-07-17 10:35:00,185.9,185.9,185.5,185.58,74578
2026-07-17 10:40:00,185.53,185.67,185.35,185.46,89583
2026-07-17 10:45:00,185.48,185.48,185.32,185.4,128438
2026-07-17 10:50:00,185.39,185.47,185.33,185.39,75344
2026-07-17 10:55:00,185.39,185.39,185.22,185.24,211597
2026-07-17 11:00:00,185.24,185.33,185.13,185.32,167391
2026-07-17 11:05:00,185.3,185.64,185.16,185.18,173219
2026-07-17 11:10:00,185.11,185.23,185.04,185.04,144305
2026-07-17 11:15:00,185.05,185.12,184.87,184.93,322331
2026-07-17 11:20:00,184.93,184.99,184.9,184.96,153440
2026-07-17 11:25:00,185.0,185.0,184.85,184.96,100853
2026-07-17 11:30:00,184.91,184.99,184.6,184.67,213457
2026-07-17 11:35:00,184.62,184.73,184.56,184.69,155636
2026-07-17 11:40:00,184.66,184.9,184.63,184.87,100916
2026-07-17 11:45:00,184.87,184.93,184.55,184.8,242518
2026-07-17 11:50:00,184.8,184.83,184.5,184.72,207347
2026-07-17 11:55:00,184.7,184.86,184.59,184.7,207182
2026-07-17 12:00:00,184.71,184.9,184.63,184.82,152237
2026-07-17 12:05:00,184.71,184.83,184.5,184.55,198627
2026-07-17 12:10:00,184.51,184.58,184.1,184.11,266650
2026-07-17 12:15:00,184.1,184.5,184.1,184.3,192075
2026-07-17 12:20:00,184.25,184.6,184.25,184.55,115492
2026-07-17 12:25:00,184.52,184.66,184.45,184.45,81584
2026-07-17 12:30:00,184.47,184.6,184.43,184.55,86012
2026-07-17 12:35:00,184.52,184.59,184.4,184.45,98239
2026-07-17 12:40:00,184.4,184.67,184.4,184.59,86667
2026-07-17 12:45:00,184.64,184.72,184.5,184.66,143651
2026-07-17 12:50:00,184.66,184.66,184.45,184.54,93148
2026-07-17 12:55:00,184.54,184.7,184.47,184.7,79244
2026-07-17 13:00:00,184.62,184.74,184.62,184.65,74978
2026-07-17 13:05:00,184.66,184.7,184.63,184.68,78804
2026-07-17 13:10:00,184.67,184.73,184.62,184.7,81530
2026-07-17 13:15:00,184.7,184.73,184.61,184.7,109683
2026-07-17 13:20:00,184.69,184.7,184.35,184.44,239375
2026-07-17 13:25:00,184.42,184.49,184.4,184.48,84868
2026-07-17 13:30:00,184.49,184.5,184.33,184.34,163046
2026-07-17 13:35:00,184.42,184.52,184.16,184.2,176645
2026-07-17 13:40:00,184.2,184.2,183.55,183.99,433372
2026-07-17 13:45:00,183.98,184.1,183.66,184.01,315195
2026-07-17 13:50:00,184.02,184.02,183.41,183.5,536479
2026-07-17 13:55:00,183.53,183.91,183.5,183.9,184238
2026-07-17 14:00:00,183.9,184.1,183.84,184.03,195445
2026-07-17 14:05:00,184.05,184.07,183.75,183.81,223605
2026-07-17 14:10:00,183.81,184.5,183.78,184.48,258331
2026-07-17 14:15:00,184.5,185.2,184.48,184.5,531529
2026-07-17 14:20:00,184.5,184.75,184.47,184.61,298728
2026-07-17 14:25:00,184.61,184.88,184.6,184.68,132516
2026-07-17 14:30:00,184.63,184.79,184.61,184.7,128532
2026-07-17 14:35:00,184.69,184.89,184.64,184.88,152777
2026-07-17 14:40:00,184.87,185.5,184.8,185.24,517316
2026-07-17 14:45:00,185.25,185.8,185.19,185.77,475089
2026-07-17 14:50:00,185.86,185.86,185.31,185.39,418634
2026-07-17 14:55:00,185.4,185.85,185.37,185.8,253371
2026-07-17 15:00:00,185.84,186.38,185.79,186.27,1070342
2026-07-17 15:05:00,186.27,186.35,186.0,186.1,950148
2026-07-17 15:10:00,186.1,186.25,186.0,186.01,926051
2026-07-17 15:15:00,185.79,185.79,185.46,185.58,1190362
2026-07-17 15:20:00,185.56,185.81,185.54,185.75,1087927
2026-07-17 15:25:00,185.76,186.0,185.47,185.75,916578
2026-07-20 09:15:00,186.68,186.85,185.76,185.98,618572
2026-07-20 09:20:00,185.9,186.94,185.82,186.69,298340
2026-07-20 09:25:00,186.69,186.9,186.34,186.85,219361
2026-07-20 09:30:00,186.83,186.83,186.03,186.34,193221
2026-07-20 09:35:00,186.35,186.37,185.82,185.99,157578
2026-07-20 09:40:00,185.99,186.29,185.91,186.07,136437
2026-07-20 09:45:00,186.09,186.5,186.07,186.35,111176
2026-07-20 09:50:00,186.39,186.44,186.15,186.32,68411
2026-07-20 09:55:00,186.34,186.35,186.1,186.23,53326
2026-07-20 10:00:00,186.25,186.83,186.23,186.67,217465
2026-07-20 10:05:00,186.61,186.77,186.3,186.51,191822
2026-07-20 10:10:00,186.5,187.14,186.5,187.13,318528
2026-07-20 10:15:00,187.1,187.19,186.79,186.94,271242
2026-07-20 10:20:00,186.9,187.04,186.79,186.9,137910
2026-07-20 10:25:00,186.87,186.97,186.8,186.93,51886
2026-07-20 10:30:00,186.94,186.94,186.76,186.81,66554
2026-07-20 10:35:00,186.77,186.8,186.43,186.49,179528
2026-07-20 10:40:00,186.44,186.49,186.31,186.38,139227
2026-07-20 10:45:00,186.36,186.44,186.29,186.4,110409
2026-07-20 10:50:00,186.42,186.77,186.4,186.7,110296
2026-07-20 10:55:00,186.7,186.7,186.48,186.65,91541
2026-07-20 11:00:00,186.63,186.65,186.45,186.46,42873
2026-07-20 11:05:00,186.46,186.69,186.4,186.55,58142
2026-07-20 11:10:00,186.62,186.76,186.54,186.69,58977
2026-07-20 11:15:00,186.69,186.89,186.69,186.82,92952
2026-07-20 11:20:00,186.82,186.93,186.75,186.8,100633
2026-07-20 11:25:00,186.78,186.94,186.66,186.67,190353
2026-07-20 11:30:00,186.67,186.72,186.52,186.58,80185
2026-07-20 11:35:00,186.55,186.63,186.41,186.52,70055
2026-07-20 11:40:00,186.52,186.58,186.38,186.38,50019
2026-07-20 11:45:00,186.39,186.5,186.3,186.47,61408
2026-07-20 11:50:00,186.45,186.57,186.42,186.42,66701
2026-07-20 11:55:00,186.42,186.47,186.31,186.45,150457
2026-07-20 12:00:00,186.43,186.45,186.04,186.09,137443
2026-07-20 12:05:00,186.05,186.18,186.01,186.11,79671
2026-07-20 12:10:00,186.08,186.3,186.08,186.3,45268
2026-07-20 12:15:00,186.29,186.3,186.2,186.29,93894
2026-07-20 12:20:00,186.29,186.29,186.17,186.17,62655
2026-07-20 12:25:00,186.2,186.3,186.03,186.15,254079
2026-07-20 12:30:00,186.15,186.18,186.05,186.09,77034
2026-07-20 12:35:00,186.13,186.14,186.0,186.04,86851
2026-07-20 12:40:00,186.03,186.13,186.01,186.03,45782
2026-07-20 12:45:00,186.09,186.15,185.9,185.9,176607
2026-07-20 12:50:00,185.92,186.14,185.9,186.07,58837
2026-07-20 12:55:00,186.05,186.37,186.03,186.31,49177
2026-07-20 13:00:00,186.3,186.4,186.23,186.4,30678
2026-07-20 13:05:00,186.4,186.44,186.16,186.3,129142
2026-07-20 13:10:00,186.27,186.63,186.12,186.63,154902
2026-07-20 13:15:00,186.64,186.78,186.43,186.52,169708
2026-07-20 13:20:00,186.54,186.65,186.49,186.6,48128
2026-07-20 13:25:00,186.6,186.7,186.43,186.65,97941
2026-07-20 13:30:00,186.65,186.71,186.46,186.66,61304
2026-07-20 13:35:00,186.65,186.7,186.56,186.65,52582
2026-07-20 13:40:00,186.64,186.69,186.5,186.58,62203
2026-07-20 13:45:00,186.57,186.8,186.53,186.77,98713
2026-07-20 13:50:00,186.75,186.95,186.65,186.72,113246
2026-07-20 13:55:00,186.7,186.84,186.67,186.84,37561
2026-07-20 14:00:00,186.84,186.88,186.75,186.87,51115
2026-07-20 14:05:00,186.84,186.9,186.75,186.79,48527
2026-07-20 14:10:00,186.75,186.8,186.41,186.42,72978
2026-07-20 14:15:00,186.4,186.56,186.39,186.51,59283
2026-07-20 14:20:00,186.51,186.56,186.38,186.53,48206
2026-07-20 14:25:00,186.53,186.69,186.47,186.66,53680
2026-07-20 14:30:00,186.66,186.69,186.37,186.5,85555
2026-07-20 14:35:00,186.43,186.59,186.32,186.51,189766
2026-07-20 14:40:00,186.47,186.73,186.41,186.45,154341
2026-07-20 14:45:00,186.45,186.63,186.41,186.54,86642
2026-07-20 14:50:00,186.51,186.73,186.47,186.65,68265
2026-07-20 14:55:00,186.7,186.73,186.48,186.5,110903
2026-07-20 15:00:00,186.59,186.65,186.36,186.43,349947
2026-07-20 15:05:00,186.43,186.58,186.41,186.48,370867
2026-07-20 15:10:00,186.48,186.49,186.34,186.47,464548
2026-07-20 15:15:00,186.47,186.49,186.27,186.34,720424
2026-07-20 15:20:00,186.35,186.55,186.21,186.55,680294
2026-07-20 15:25:00,186.56,186.59,186.2,186.5,536491
2026-07-21 09:15:00,186.86,188.1,186.5,187.48,1122101
2026-07-21 09:20:00,187.5,187.5,187.1,187.1,209788
2026-07-21 09:25:00,187.12,187.22,186.8,187.06,262740
2026-07-21 09:30:00,187.06,187.06,186.6,186.6,237665
2026-07-21 09:35:00,186.6,186.6,186.2,186.36,202641
2026-07-21 09:40:00,186.37,186.51,186.0,186.17,301849
2026-07-21 09:45:00,186.17,186.32,185.65,185.72,402959
2026-07-21 09:50:00,185.73,185.99,185.61,185.77,255154
2026-07-21 09:55:00,185.8,186.0,185.74,185.8,208100
2026-07-21 10:00:00,185.82,186.0,185.7,185.74,187101
2026-07-21 10:05:00,185.74,185.89,185.71,185.84,123593
2026-07-21 10:10:00,185.84,185.94,185.31,185.49,464231
2026-07-21 10:15:00,185.35,185.35,184.97,185.08,511648
2026-07-21 10:20:00,185.07,185.24,185.05,185.22,267551
2026-07-21 10:25:00,185.23,185.38,185.08,185.12,423449
2026-07-21 10:30:00,185.13,185.13,185.01,185.02,179899
2026-07-21 10:35:00,185.05,185.05,184.9,184.93,225394
2026-07-21 10:40:00,184.9,184.99,184.85,184.9,185494
2026-07-21 10:45:00,184.9,185.04,184.88,184.91,141546
2026-07-21 10:50:00,184.91,185.0,184.75,185.0,173277
2026-07-21 10:55:00,185.0,185.19,184.93,185.0,187643
2026-07-21 11:00:00,185.01,185.07,184.95,184.96,115135
2026-07-21 11:05:00,185.0,185.08,184.95,185.0,112553
2026-07-21 11:10:00,185.0,185.01,184.9,184.97,52212
2026-07-21 11:15:00,184.99,185.04,184.9,185.0,80962
2026-07-21 11:20:00,185.02,185.02,184.9,185.0,61109
2026-07-21 11:25:00,185.0,185.01,184.94,184.98,40507
2026-07-21 11:30:00,184.99,185.0,184.95,185.0,51742
2026-07-21 11:35:00,185.0,185.0,184.75,184.8,100087
2026-07-21 11:40:00,184.85,185.1,184.7,185.0,376785
2026-07-21 11:45:00,185.01,185.01,184.8,184.95,124341
2026-07-21 11:50:00,184.95,185.0,184.86,184.96,39066
2026-07-21 11:55:00,184.96,185.22,184.96,185.02,178558
2026-07-21 12:00:00,185.03,185.06,184.92,185.0,106478
2026-07-21 12:05:00,185.03,185.75,185.0,185.56,257772
2026-07-21 12:10:00,185.56,185.6,185.34,185.4,211307
2026-07-21 12:15:00,185.41,185.55,185.4,185.47,112748
2026-07-21 12:20:00,185.48,186.36,185.47,186.28,653071
2026-07-21 12:25:00,186.36,186.73,186.05,186.19,416746
2026-07-21 12:30:00,186.2,186.5,186.14,186.3,406357
2026-07-21 12:35:00,186.29,186.3,186.0,186.13,164934
2026-07-21 12:40:00,186.13,186.28,185.93,186.04,165613
2026-07-21 12:45:00,186.0,186.18,185.93,185.99,114281
2026-07-21 12:50:00,185.97,186.1,185.87,186.03,134798
2026-07-21 12:55:00,186.03,186.1,185.87,185.96,97607
2026-07-21 13:00:00,185.96,186.02,185.81,185.93,122590
2026-07-21 13:05:00,185.93,186.08,185.85,186.0,140011
2026-07-21 13:10:00,186.06,186.18,185.95,186.1,63121
2026-07-21 13:15:00,186.1,186.26,185.95,186.26,128592
2026-07-21 13:20:00,186.22,187.07,186.12,187.0,694875
2026-07-21 13:25:00,187.0,187.1,186.8,186.98,460160
2026-07-21 13:30:00,186.99,187.14,186.65,186.74,178778
2026-07-21 13:35:00,186.74,186.76,186.64,186.69,85054
2026-07-21 13:40:00,186.69,186.83,186.57,186.83,178027
2026-07-21 13:45:00,186.83,186.85,186.54,186.6,121141
2026-07-21 13:50:00,186.61,186.7,186.5,186.67,362234
2026-07-21 13:55:00,186.68,186.74,186.55,186.57,243319
2026-07-21 14:00:00,186.63,186.88,186.57,186.88,128400
2026-07-21 14:05:00,186.88,186.98,186.67,186.74,102100
2026-07-21 14:10:00,186.74,186.77,186.65,186.73,52893
2026-07-21 14:15:00,186.73,186.92,186.5,186.88,472099
2026-07-21 14:20:00,186.92,186.99,186.7,186.7,176267
2026-07-21 14:25:00,186.72,186.85,186.65,186.79,109890
2026-07-21 14:30:00,186.75,186.95,186.6,186.61,269163
2026-07-21 14:35:00,186.62,186.77,186.51,186.71,345601
2026-07-21 14:40:00,186.71,186.71,186.53,186.62,148720
2026-07-21 14:45:00,186.63,186.9,186.6,186.88,192839
2026-07-21 14:50:00,186.85,186.92,186.78,186.78,379024
2026-07-21 14:55:00,186.8,187.0,186.64,187.0,775723
2026-07-21 15:00:00,187.05,187.15,186.96,187.03,709705
2026-07-21 15:05:00,187.01,187.12,187.01,187.06,678686
2026-07-21 15:10:00,187.08,187.4,187.06,187.3,964294
2026-07-21 15:15:00,187.3,187.39,187.23,187.3,931428
2026-07-21 15:20:00,187.28,187.38,187.17,187.37,1094796
2026-07-21 15:25:00,187.35,187.41,187.04,187.3,854028
2026-07-22 09:15:00,187.99,187.99,186.3,186.93,598693
2026-07-22 09:20:00,186.95,187.25,186.53,186.54,655145
2026-07-22 09:25:00,186.55,186.92,186.51,186.8,285199
2026-07-22 09:30:00,186.81,186.89,186.3,186.66,418030
2026-07-22 09:35:00,186.72,186.72,185.55,185.68,1216176
2026-07-22 09:40:00,185.65,185.82,185.0,185.41,732692
2026-07-22 09:45:00,185.46,185.7,185.42,185.57,204807
2026-07-22 09:50:00,185.55,185.75,185.39,185.42,265265
2026-07-22 09:55:00,185.44,185.58,185.4,185.51,194474
2026-07-22 10:00:00,185.58,185.6,185.26,185.38,243637
2026-07-22 10:05:00,185.43,185.8,185.35,185.35,172627
2026-07-22 10:10:00,185.36,185.44,185.13,185.13,265006
2026-07-22 10:15:00,185.12,185.19,185.0,185.05,262984
2026-07-22 10:20:00,185.04,185.51,184.91,185.45,400220
2026-07-22 10:25:00,185.5,185.64,185.25,185.6,181926
2026-07-22 10:30:00,185.59,185.86,185.59,185.74,170648
2026-07-22 10:35:00,185.73,185.88,185.67,185.7,114349
2026-07-22 10:40:00,185.7,185.74,185.55,185.59,152744
2026-07-22 10:45:00,185.55,185.69,185.55,185.65,72084
2026-07-22 10:50:00,185.65,185.69,185.52,185.52,70877
2026-07-22 10:55:00,185.57,185.83,185.52,185.76,123451
2026-07-22 11:00:00,185.76,185.79,185.62,185.75,66400
2026-07-22 11:05:00,185.75,185.88,185.66,185.82,79737
2026-07-22 11:10:00,185.84,185.92,185.68,185.86,134308
2026-07-22 11:15:00,185.82,185.92,185.71,185.75,81371
2026-07-22 11:20:00,185.75,185.92,185.68,185.85,101302
2026-07-22 11:25:00,185.88,185.88,185.68,185.73,129622
2026-07-22 11:30:00,185.74,186.2,185.74,186.09,197197
2026-07-22 11:35:00,186.09,186.19,186.0,186.1,133534
2026-07-22 11:40:00,186.1,186.24,186.08,186.23,111419
2026-07-22 11:45:00,186.22,186.3,186.16,186.18,120209
2026-07-22 11:50:00,186.18,186.18,185.95,186.0,86434
2026-07-22 11:55:00,185.98,186.18,185.9,186.09,117793
2026-07-22 12:00:00,186.09,186.11,185.83,186.07,102228
2026-07-22 12:05:00,186.07,186.1,185.8,185.81,60061
2026-07-22 12:10:00,185.85,186.05,185.75,186.01,74412
2026-07-22 12:15:00,186.02,186.02,185.83,185.83,58101
2026-07-22 12:20:00,185.83,185.93,185.75,185.88,74910
2026-07-22 12:25:00,185.88,185.97,185.84,185.9,53855
2026-07-22 12:30:00,185.9,185.9,185.7,185.77,85277
2026-07-22 12:35:00,185.77,185.85,185.69,185.76,62906
2026-07-22 12:40:00,185.77,185.95,185.65,185.89,79329
2026-07-22 12:45:00,185.93,186.05,185.85,186.02,253093
2026-07-22 12:50:00,186.0,186.03,185.86,185.88,62502
2026-07-22 12:55:00,185.87,185.99,185.85,185.91,56535
2026-07-22 13:00:00,185.9,186.03,185.7,185.93,124075
2026-07-22 13:05:00,185.93,185.97,185.86,185.9,56199
2026-07-22 13:10:00,185.91,185.97,185.82,185.97,109136
2026-07-22 13:15:00,185.94,186.0,185.86,185.94,83660
2026-07-22 13:20:00,185.9,185.98,185.88,185.97,98590
2026-07-22 13:25:00,185.95,185.98,185.94,185.97,68236
2026-07-22 13:30:00,185.98,186.45,185.94,186.45,170514
2026-07-22 13:35:00,186.44,186.65,186.44,186.65,289861
2026-07-22 13:40:00,186.64,186.68,186.42,186.56,83982
2026-07-22 13:45:00,186.51,186.63,186.39,186.5,126260
2026-07-22 13:50:00,186.45,186.52,186.28,186.35,74505
2026-07-22 13:55:00,186.35,186.57,186.32,186.42,148126
2026-07-22 14:00:00,186.37,186.49,186.37,186.38,70197
2026-07-22 14:05:00,186.39,186.43,186.36,186.37,119212
2026-07-22 14:10:00,186.38,186.4,186.21,186.32,159880
2026-07-22 14:15:00,186.32,186.38,186.15,186.33,115907
2026-07-22 14:20:00,186.38,186.38,186.27,186.35,127044
2026-07-22 14:25:00,186.36,186.36,186.02,186.12,160297
2026-07-22 14:30:00,186.12,186.17,186.01,186.11,86587
2026-07-22 14:35:00,186.19,186.49,186.07,186.21,186219
2026-07-22 14:40:00,186.23,186.32,186.15,186.21,103054
2026-07-22 14:45:00,186.3,186.39,186.18,186.27,123942
2026-07-22 14:50:00,186.26,186.27,186.01,186.05,70582
2026-07-22 14:55:00,186.07,186.09,185.83,186.0,167839
2026-07-22 15:00:00,186.03,186.8,186.03,186.75,1027313
2026-07-22 15:05:00,186.75,186.89,186.67,186.68,589622
2026-07-22 15:10:00,186.7,186.7,186.52,186.55,642475
2026-07-22 15:15:00,186.52,186.68,186.52,186.67,586379
2026-07-22 15:20:00,186.65,186.65,186.36,186.45,1006055
2026-07-22 15:25:00,186.45,186.5,185.9,185.99,604270
2026-07-23 09:15:00,186.0,186.0,184.37,184.99,540517
2026-07-23 09:20:00,185.05,185.45,184.85,185.41,536018
2026-07-23 09:25:00,185.41,185.65,185.26,185.44,464820
2026-07-23 09:30:00,185.41,185.53,185.25,185.28,494080
2026-07-23 09:35:00,185.27,185.33,184.85,184.95,764645
2026-07-23 09:40:00,184.94,185.1,184.83,184.9,452236
2026-07-23 09:45:00,184.86,184.99,184.6,184.73,451629
2026-07-23 09:50:00,184.72,184.81,184.51,184.68,460450
2026-07-23 09:55:00,184.67,184.86,184.55,184.82,233196
2026-07-23 10:00:00,184.82,185.1,184.7,185.04,289990
2026-07-23 10:05:00,185.01,185.09,184.9,184.99,209832
2026-07-23 10:10:00,185.0,185.3,184.97,185.18,267573
2026-07-23 10:15:00,185.16,185.74,185.11,185.39,501412
2026-07-23 10:20:00,185.39,185.43,185.0,185.14,270586
2026-07-23 10:25:00,185.14,185.28,185.0,185.25,160643
2026-07-23 10:30:00,185.25,185.28,185.06,185.13,171343
2026-07-23 10:35:00,185.06,185.17,185.0,185.05,201080
2026-07-23 10:40:00,185.08,185.18,185.05,185.11,162218
2026-07-23 10:45:00,185.11,185.17,185.0,185.17,173023
2026-07-23 10:50:00,185.17,185.19,185.0,185.06,186861
2026-07-23 10:55:00,185.07,185.15,185.0,185.12,162082
2026-07-23 11:00:00,185.1,185.28,185.08,185.11,225270
2026-07-23 11:05:00,185.11,185.2,185.0,185.07,160049
2026-07-23 11:10:00,185.08,185.08,184.8,184.8,327488
2026-07-23 11:15:00,184.81,185.09,184.8,185.01,498243
2026-07-23 11:20:00,185.01,185.01,184.85,184.91,143648
2026-07-23 11:25:00,184.91,184.94,184.76,184.8,180673
2026-07-23 11:30:00,184.82,185.25,184.76,185.07,89868
2026-07-23 11:35:00,185.07,185.32,185.07,185.21,296347
2026-07-23 11:40:00,185.21,185.27,185.0,185.04,48826
2026-07-23 11:45:00,185.04,185.09,184.99,185.08,114461
2026-07-23 11:50:00,185.05,185.14,184.92,185.1,55366
2026-07-23 11:55:00,185.11,185.5,185.05,185.5,108987
2026-07-23 12:00:00,185.5,185.64,185.38,185.39,138600
2026-07-23 12:05:00,185.42,185.42,185.25,185.38,62608
2026-07-23 12:10:00,185.38,185.5,185.27,185.27,61977
2026-07-23 12:15:00,185.33,185.36,185.1,185.14,54280
2026-07-23 12:20:00,185.17,185.23,185.05,185.08,37735
2026-07-23 12:25:00,185.04,185.15,185.0,185.01,42154
2026-07-23 12:30:00,185.02,185.11,184.84,185.11,366858
2026-07-23 12:35:00,185.12,185.12,184.9,184.95,60246
2026-07-23 12:40:00,184.95,184.96,184.5,184.65,420261
2026-07-23 12:45:00,184.61,184.72,184.58,184.63,300416
2026-07-23 12:50:00,184.61,184.85,184.61,184.85,235482
2026-07-23 12:55:00,184.85,184.87,184.75,184.77,122668
2026-07-23 13:00:00,184.82,184.83,184.63,184.69,184695
2026-07-23 13:05:00,184.66,184.74,184.6,184.66,67228
2026-07-23 13:10:00,184.66,184.66,184.5,184.59,204221
2026-07-23 13:15:00,184.59,184.65,184.35,184.5,616997
2026-07-23 13:20:00,184.5,184.75,184.47,184.75,101820
2026-07-23 13:25:00,184.75,184.79,184.41,184.47,103868
2026-07-23 13:30:00,184.47,184.5,184.3,184.38,111138
2026-07-23 13:35:00,184.41,184.76,184.31,184.62,137638
2026-07-23 13:40:00,184.63,184.75,184.5,184.51,235409
2026-07-23 13:45:00,184.51,184.87,184.5,184.75,132856
2026-07-23 13:50:00,184.75,184.75,184.5,184.51,63336
2026-07-23 13:55:00,184.53,184.65,184.5,184.59,92991
2026-07-23 14:00:00,184.59,184.59,184.41,184.46,74848
2026-07-23 14:05:00,184.46,184.46,183.91,183.94,430738
2026-07-23 14:10:00,183.95,183.95,183.58,183.65,516337
2026-07-23 14:15:00,183.68,183.74,183.52,183.59,168870
2026-07-23 14:20:00,183.59,183.75,183.55,183.71,157611
2026-07-23 14:25:00,183.7,183.83,183.65,183.77,150730
2026-07-23 14:30:00,183.77,184.0,183.62,184.0,139825
2026-07-23 14:35:00,184.0,184.13,183.8,183.98,216879
2026-07-23 14:40:00,184.01,184.06,183.74,183.86,114394
2026-07-23 14:45:00,183.8,183.9,183.72,183.77,231680
2026-07-23 14:50:00,183.77,184.05,183.76,184.02,537513
2026-07-23 14:55:00,183.97,184.05,183.7,183.76,269155
2026-07-23 15:00:00,183.82,184.38,183.79,184.15,918905
2026-07-23 15:05:00,184.2,184.62,184.19,184.55,803067
2026-07-23 15:10:00,184.53,184.57,184.3,184.31,589014
2026-07-23 15:15:00,184.26,184.32,183.94,184.2,736217
2026-07-23 15:20:00,184.18,184.25,184.14,184.22,625002
2026-07-23 15:25:00,184.22,184.25,184.04,184.2,509902
2026-07-24 09:15:00,183.41,183.41,181.92,182.97,549665
2026-07-24 09:20:00,183.02,183.2,182.55,182.56,315249
2026-07-24 09:25:00,182.57,182.78,182.44,182.64,178392
2026-07-24 09:30:00,182.59,182.69,182.13,182.19,379727
2026-07-24 09:35:00,182.18,182.2,181.95,182.09,305155
2026-07-24 09:40:00,182.04,182.2,181.75,181.85,242736
2026-07-24 09:45:00,181.88,181.91,181.29,181.4,348685
2026-07-24 09:50:00,181.39,181.53,181.26,181.53,149869
2026-07-24 09:55:00,181.52,181.62,181.49,181.5,112682
2026-07-24 10:00:00,181.54,181.65,181.48,181.61,114692
2026-07-24 10:05:00,181.63,181.7,181.5,181.66,112186
2026-07-24 10:10:00,181.66,181.79,181.65,181.72,86002
2026-07-24 10:15:00,181.7,181.84,181.3,181.32,156095
2026-07-24 10:20:00,181.28,181.36,181.23,181.25,128496
2026-07-24 10:25:00,181.26,181.65,181.25,181.42,104680
2026-07-24 10:30:00,181.42,181.44,181.25,181.3,98795
2026-07-24 10:35:00,181.31,181.7,181.3,181.7,70279
2026-07-24 10:40:00,181.72,182.08,181.65,181.87,171665
2026-07-24 10:45:00,181.89,181.98,181.81,181.92,106287
2026-07-24 10:50:00,181.94,182.04,181.86,181.93,91160
2026-07-24 10:55:00,181.9,181.93,181.35,181.39,301178
2026-07-24 11:00:00,181.44,181.72,181.2,181.72,247241
2026-07-24 11:05:00,181.71,181.77,181.63,181.71,107452
2026-07-24 11:10:00,181.71,181.99,181.69,181.98,112150
2026-07-24 11:15:00,181.98,182.23,181.86,182.23,203345
2026-07-24 11:20:00,182.22,182.4,182.14,182.25,174915
2026-07-24 11:25:00,182.27,182.34,182.05,182.05,126010
2026-07-24 11:30:00,182.12,182.45,182.04,182.44,123581
2026-07-24 11:35:00,182.44,182.59,182.25,182.43,223135
2026-07-24 11:40:00,182.43,182.5,182.32,182.49,84129
2026-07-24 11:45:00,182.5,182.87,182.46,182.46,175525
2026-07-24 11:50:00,182.46,182.98,182.46,182.89,157068
2026-07-24 11:55:00,182.85,182.9,182.67,182.74,126534
2026-07-24 12:00:00,182.74,182.89,182.64,182.88,90565
2026-07-24 12:05:00,182.89,182.99,182.83,182.93,137810
2026-07-24 12:10:00,182.93,182.96,182.76,182.85,78816
2026-07-24 12:15:00,182.81,182.95,182.8,182.9,63248
2026-07-24 12:20:00,182.91,182.98,182.83,182.93,104836
2026-07-24 12:25:00,182.93,183.4,182.92,183.4,210345
2026-07-24 12:30:00,183.4,183.52,183.25,183.28,178777
2026-07-24 12:35:00,183.28,183.34,183.01,183.07,113537
2026-07-24 12:40:00,183.07,183.43,183.07,183.27,166723
2026-07-24 12:45:00,183.26,183.42,183.18,183.32,254332
2026-07-24 12:50:00,183.32,183.45,183.24,183.31,113429
2026-07-24 12:55:00,183.3,183.36,183.18,183.34,137287
2026-07-24 13:00:00,183.34,183.48,183.21,183.28,143507
2026-07-24 13:05:00,183.27,183.27,183.06,183.19,159799
2026-07-24 13:10:00,183.19,183.36,183.06,183.27,147222
2026-07-24 13:15:00,183.31,183.32,183.11,183.3,90410
2026-07-24 13:20:00,183.3,183.33,183.11,183.25,93472
2026-07-24 13:25:00,183.25,183.3,183.21,183.24,51494
2026-07-24 13:30:00,183.24,183.27,182.76,182.81,367271
2026-07-24 13:35:00,182.83,183.0,182.7,182.91,235465
2026-07-24 13:40:00,182.91,182.91,182.58,182.74,156843
2026-07-24 13:45:00,182.73,182.8,182.65,182.79,82155
2026-07-24 13:50:00,182.79,182.85,182.69,182.83,82981
2026-07-24 13:55:00,182.89,183.05,182.81,183.05,168352
2026-07-24 14:00:00,183.08,183.16,182.92,183.13,93680
2026-07-24 14:05:00,183.13,183.23,182.92,182.92,350440
2026-07-24 14:10:00,182.98,182.98,182.73,182.75,275713
2026-07-24 14:15:00,182.75,182.97,182.74,182.86,175289
2026-07-24 14:20:00,182.86,183.04,182.7,182.95,241427
2026-07-24 14:25:00,182.95,183.09,182.87,182.96,174516
2026-07-24 14:30:00,182.99,183.05,182.9,183.02,144261
2026-07-24 14:35:00,183.03,183.03,182.7,182.8,586573
2026-07-24 14:40:00,182.79,182.97,182.73,182.8,427856
2026-07-24 14:45:00,182.82,182.86,182.72,182.86,330325
2026-07-24 14:50:00,182.86,182.96,182.85,182.9,211518
2026-07-24 14:55:00,182.91,182.94,182.73,182.76,261776
2026-07-24 15:00:00,182.77,182.79,182.57,182.62,446234
2026-07-24 15:05:00,182.63,182.8,182.56,182.65,538489
2026-07-24 15:10:00,182.65,182.74,182.51,182.74,616908
2026-07-24 15:15:00,182.73,182.83,182.63,182.67,736440
2026-07-24 15:20:00,182.69,182.75,182.68,182.75,585379
2026-07-24 15:25:00,182.75,182.84,182.67,182.7,457478
2026-07-27 09:15:00,183.6,184.89,183.6,184.49,533259
2026-07-27 09:20:00,184.47,184.79,184.28,184.41,226116
2026-07-27 09:25:00,184.47,184.68,184.26,184.54,183686
2026-07-27 09:30:00,184.57,184.6,184.14,184.18,186546
2026-07-27 09:35:00,184.17,184.55,184.12,184.52,88902
2026-07-27 09:40:00,184.52,184.75,184.42,184.48,200504
2026-07-27 09:45:00,184.48,184.56,184.3,184.5,147580
2026-07-27 09:50:00,184.52,184.53,184.27,184.27,108482
2026-07-27 09:55:00,184.31,184.46,184.15,184.37,105613
2026-07-27 10:00:00,184.39,184.39,184.25,184.31,64832
2026-07-27 10:05:00,184.31,184.46,184.26,184.29,53224
2026-07-27 10:10:00,184.31,184.47,184.29,184.47,52392
2026-07-27 10:15:00,184.46,184.53,184.41,184.5,75890
2026-07-27 10:20:00,184.5,184.53,184.37,184.39,77999
2026-07-27 10:25:00,184.39,184.42,184.28,184.32,77661
2026-07-27 10:30:00,184.32,184.32,183.92,184.07,234704
2026-07-27 10:35:00,184.09,184.11,183.9,183.9,83339
2026-07-27 10:40:00,183.89,184.33,183.89,184.3,80779
2026-07-27 10:45:00,184.33,184.46,184.2,184.25,56320
2026-07-27 10:50:00,184.25,184.35,184.1,184.24,74270
2026-07-27 10:55:00,184.25,184.35,184.2,184.33,51109
2026-07-27 11:00:00,184.34,184.35,183.95,184.0,116930
2026-07-27 11:05:00,184.0,184.13,183.96,184.12,70549
2026-07-27 11:10:00,184.12,184.18,184.04,184.06,50719
2026-07-27 11:15:00,184.09,184.18,184.01,184.16,54442
2026-07-27 11:20:00,184.16,184.2,183.71,183.83,445355
2026-07-27 11:25:00,183.85,183.87,183.74,183.83,129307
2026-07-27 11:30:00,183.85,183.97,183.76,183.86,143355
2026-07-27 11:35:00,183.85,184.11,183.81,184.05,58472
2026-07-27 11:40:00,184.05,184.32,184.04,184.12,244891
2026-07-27 11:45:00,184.18,184.18,183.9,183.95,109345
2026-07-27 11:50:00,183.95,183.99,183.55,183.58,130610
2026-07-27 11:55:00,183.56,183.69,183.33,183.6,246094
2026-07-27 12:00:00,183.65,183.74,183.55,183.66,77549
2026-07-27 12:05:00,183.66,183.89,183.54,183.83,122659
2026-07-27 12:10:00,183.83,183.88,183.73,183.84,106960
2026-07-27 12:15:00,183.85,184.09,183.81,184.03,90219
2026-07-27 12:20:00,184.02,184.04,183.86,183.96,70360
2026-07-27 12:25:00,183.96,184.1,183.95,184.03,66976
2026-07-27 12:30:00,183.99,184.01,183.88,183.9,81826
2026-07-27 12:35:00,183.92,183.98,183.8,183.81,51900
2026-07-27 12:40:00,183.81,183.9,183.7,183.85,103606
2026-07-27 12:45:00,183.9,183.93,183.75,183.88,44952
2026-07-27 12:50:00,183.9,183.99,183.78,183.87,86373
2026-07-27 12:55:00,183.92,183.97,183.81,183.9,76958
2026-07-27 13:00:00,183.92,184.2,183.77,184.12,159724
2026-07-27 13:05:00,184.13,184.15,183.94,183.94,60021
2026-07-27 13:10:00,183.96,184.15,183.96,184.11,105930
2026-07-27 13:15:00,184.11,184.26,184.1,184.26,163852
2026-07-27 13:20:00,184.26,184.4,184.25,184.32,86075
2026-07-27 13:25:00,184.3,184.37,184.25,184.31,124705
2026-07-27 13:30:00,184.31,184.6,184.25,184.52,419886
2026-07-27 13:35:00,184.47,184.75,184.36,184.54,253523
2026-07-27 13:40:00,184.54,184.54,184.28,184.44,84463
2026-07-27 13:45:00,184.44,184.45,184.27,184.37,134746
2026-07-27 13:50:00,184.38,184.5,184.33,184.47,62013
2026-07-27 13:55:00,184.47,184.55,184.41,184.55,78817
2026-07-27 14:00:00,184.55,184.58,184.45,184.45,230609
2026-07-27 14:05:00,184.46,184.51,184.35,184.5,109757
2026-07-27 14:10:00,184.51,184.53,184.45,184.5,172263
2026-07-27 14:15:00,184.49,184.5,184.3,184.43,88656
2026-07-27 14:20:00,184.43,184.54,184.38,184.52,75319
2026-07-27 14:25:00,184.51,184.56,184.49,184.5,120277
2026-07-27 14:30:00,184.5,184.5,184.07,184.16,269511
2026-07-27 14:35:00,184.15,184.24,184.05,184.24,240134
2026-07-27 14:40:00,184.3,184.31,183.9,184.18,192084
2026-07-27 14:45:00,184.17,184.23,184.1,184.15,76044
2026-07-27 14:50:00,184.17,184.27,184.07,184.08,161025
2026-07-27 14:55:00,184.07,184.2,184.07,184.15,121077
2026-07-27 15:00:00,184.16,184.47,184.16,184.26,414596
2026-07-27 15:05:00,184.28,184.32,184.16,184.17,308205
2026-07-27 15:10:00,184.2,184.3,184.14,184.2,399264
2026-07-27 15:15:00,184.2,184.2,184.06,184.19,489732
2026-07-27 15:20:00,184.18,184.34,184.15,184.34,468234
2026-07-27 15:25:00,184.33,184.5,184.25,184.48,595637
2026-07-28 09:15:00,184.31,185.0,184.25,184.43,423097
2026-07-28 09:20:00,184.41,184.54,184.3,184.4,169595
2026-07-28 09:25:00,184.4,184.41,183.85,183.91,212932
2026-07-28 09:30:00,183.87,183.88,183.25,183.4,287689
2026-07-28 09:35:00,183.41,183.49,183.22,183.25,217136
2026-07-28 09:40:00,183.25,183.32,183.01,183.19,198718
2026-07-28 09:45:00,183.15,183.18,182.92,183.0,280568
2026-07-28 09:50:00,183.0,183.04,182.83,183.01,266744
2026-07-28 09:55:00,183.01,183.03,182.87,182.95,94181
2026-07-28 10:00:00,182.9,183.07,182.85,183.05,101737
2026-07-28 10:05:00,183.09,183.34,183.02,183.13,171153
2026-07-28 10:10:00,183.07,183.4,183.01,183.37,254972
2026-07-28 10:15:00,183.37,184.05,183.3,183.79,413281
2026-07-28 10:20:00,183.8,183.8,183.56,183.78,175748
2026-07-28 10:25:00,183.78,184.04,183.73,183.93,156945
2026-07-28 10:30:00,183.93,184.35,183.9,184.35,187988
2026-07-28 10:35:00,184.34,184.88,184.26,184.56,318830
2026-07-28 10:40:00,184.6,185.14,184.57,184.65,587628
2026-07-28 10:45:00,184.68,185.0,184.54,184.96,253019
2026-07-28 10:50:00,184.96,184.98,184.5,184.7,199085
2026-07-28 10:55:00,184.73,184.77,184.58,184.74,118692
2026-07-28 11:00:00,184.8,184.9,184.35,184.37,227122
2026-07-28 11:05:00,184.43,184.45,184.16,184.21,183098
2026-07-28 11:10:00,184.22,184.38,184.13,184.33,62762
2026-07-28 11:15:00,184.33,184.6,184.3,184.36,82952
2026-07-28 11:20:00,184.37,184.44,184.26,184.26,88504
2026-07-28 11:25:00,184.29,184.48,184.26,184.37,82574
2026-07-28 11:30:00,184.35,184.38,184.16,184.21,92816
2026-07-28 11:35:00,184.23,184.38,184.05,184.28,127213
2026-07-28 11:40:00,184.28,184.49,184.2,184.44,64874
2026-07-28 11:45:00,184.4,184.57,184.36,184.48,72287
2026-07-28 11:50:00,184.52,184.52,184.02,184.07,92815
2026-07-28 11:55:00,184.06,184.26,184.01,184.23,94045
2026-07-28 12:00:00,184.17,184.23,183.53,183.55,198810
2026-07-28 12:05:00,183.55,183.79,183.51,183.61,176983
2026-07-28 12:10:00,183.64,183.7,183.54,183.6,122131
2026-07-28 12:15:00,183.65,183.66,183.37,183.37,216372
2026-07-28 12:20:00,183.39,183.57,183.35,183.53,115846
2026-07-28 12:25:00,183.51,183.58,183.41,183.5,94313
2026-07-28 12:30:00,183.44,183.5,183.24,183.29,94332
2026-07-28 12:35:00,183.29,183.4,183.2,183.25,86524
2026-07-28 12:40:00,183.24,183.46,183.23,183.36,64002
2026-07-28 12:45:00,183.38,183.42,183.25,183.26,81773
2026-07-28 12:50:00,183.26,183.39,183.19,183.19,103136
2026-07-28 12:55:00,183.17,183.28,183.12,183.15,79227
2026-07-28 13:00:00,183.15,183.18,183.0,183.08,142179
2026-07-28 13:05:00,183.08,183.25,183.0,183.14,142653
2026-07-28 13:10:00,183.15,183.17,183.02,183.06,156960
2026-07-28 13:15:00,183.05,183.11,183.0,183.02,308036
2026-07-28 13:20:00,183.01,183.29,183.0,183.29,112016
2026-07-28 13:25:00,183.24,183.32,183.12,183.15,70922
2026-07-28 13:30:00,183.15,183.15,182.85,182.88,223716
2026-07-28 13:35:00,182.87,182.98,182.5,182.5,281998
2026-07-28 13:40:00,182.51,182.56,182.4,182.43,359977
2026-07-28 13:45:00,182.43,182.55,182.13,182.28,336928
2026-07-28 13:50:00,182.29,182.57,182.28,182.56,305573
2026-07-28 13:55:00,182.57,182.72,182.49,182.52,293480
2026-07-28 14:00:00,182.52,182.6,182.5,182.55,102925
2026-07-28 14:05:00,182.6,182.68,182.52,182.57,289192
2026-07-28 14:10:00,182.57,182.8,182.55,182.73,115712
2026-07-28 14:15:00,182.73,182.81,182.72,182.73,84676
2026-07-28 14:20:00,182.74,182.8,182.62,182.66,124126
2026-07-28 14:25:00,182.7,182.75,182.64,182.68,187990
2026-07-28 14:30:00,182.7,182.7,182.26,182.26,314549
2026-07-28 14:35:00,182.26,182.7,182.24,182.51,255950
2026-07-28 14:40:00,182.51,182.55,182.3,182.33,211466
2026-07-28 14:45:00,182.31,182.35,182.18,182.21,358240
2026-07-28 14:50:00,182.2,182.42,182.11,182.4,371332
2026-07-28 14:55:00,182.38,182.4,182.31,182.38,290575
2026-07-28 15:00:00,182.52,182.64,182.38,182.6,788143
2026-07-28 15:05:00,182.6,182.7,182.52,182.7,711070
2026-07-28 15:10:00,182.69,182.98,182.68,182.89,1056741
2026-07-28 15:15:00,182.89,182.91,182.6,182.61,867813
2026-07-28 15:20:00,182.6,182.62,182.42,182.55,1324954
2026-07-28 15:25:00,182.55,183.0,182.01,182.9,1092498
2026-07-29 09:15:00,183.5,184.2,183.04,183.91,790850
2026-07-29 09:20:00,184.01,184.49,184.01,184.04,479962
2026-07-29 09:25:00,184.09,184.5,183.91,184.49,322836
2026-07-29 09:30:00,184.44,184.45,183.92,183.95,442199
2026-07-29 09:35:00,183.96,184.1,183.73,184.0,345775
2026-07-29 09:40:00,184.01,184.79,183.95,184.78,416224
2026-07-29 09:45:00,184.89,185.8,184.8,185.65,809305
2026-07-29 09:50:00,185.65,187.3,185.52,186.83,1478788
2026-07-29 09:55:00,186.78,187.72,186.74,186.84,1034466
2026-07-29 10:00:00,186.87,187.28,186.63,187.01,588376
2026-07-29 10:05:00,187.02,187.68,186.75,186.8,449169
2026-07-29 10:10:00,186.81,187.0,186.57,187.0,275919
2026-07-29 10:15:00,186.97,187.4,186.95,187.26,325376
2026-07-29 10:20:00,187.36,187.54,187.32,187.35,382486
2026-07-29 10:25:00,187.42,187.68,187.35,187.5,492288
2026-07-29 10:30:00,187.54,187.88,187.11,187.69,589279
2026-07-29 10:35:00,187.69,187.7,187.36,187.53,279876
2026-07-29 10:40:00,187.51,187.78,187.43,187.47,239465
2026-07-29 10:45:00,187.48,187.5,187.05,187.1,352786
2026-07-29 10:50:00,187.09,187.47,187.09,187.36,199190
2026-07-29 10:55:00,187.36,187.45,186.73,186.94,376885
2026-07-29 11:00:00,186.9,187.22,186.82,187.04,136014
2026-07-29 11:05:00,187.06,187.68,187.03,187.46,370977
2026-07-29 11:10:00,187.46,187.8,187.35,187.67,434655
2026-07-29 11:15:00,187.76,187.92,187.53,187.61,349538
2026-07-29 11:20:00,187.61,188.2,187.54,188.1,743942
2026-07-29 11:25:00,188.1,188.67,188.05,188.2,582974
2026-07-29 11:30:00,188.25,188.43,188.12,188.24,205454
2026-07-29 11:35:00,188.24,188.29,188.1,188.23,154927
2026-07-29 11:40:00,188.22,188.37,188.14,188.34,193973
2026-07-29 11:45:00,188.33,188.4,188.2,188.26,365889
2026-07-29 11:50:00,188.27,188.4,188.2,188.24,218814
2026-07-29 11:55:00,188.25,188.36,188.1,188.16,280655
2026-07-29 12:00:00,188.17,188.19,187.96,187.99,240003
2026-07-29 12:05:00,188.06,188.18,187.81,188.18,168538
2026-07-29 12:10:00,188.17,188.19,187.86,188.06,154322
2026-07-29 12:15:00,188.1,188.12,187.81,188.0,157362
2026-07-29 12:20:00,187.94,188.08,187.8,187.85,134111
2026-07-29 12:25:00,187.87,188.0,187.62,187.72,152832
2026-07-29 12:30:00,187.71,187.85,187.42,187.45,250221
2026-07-29 12:35:00,187.46,187.59,187.31,187.31,333855
2026-07-29 12:40:00,187.32,187.35,187.1,187.2,223507
2026-07-29 12:45:00,187.13,187.33,187.1,187.15,160267
2026-07-29 12:50:00,187.16,187.5,187.13,187.32,164891
2026-07-29 12:55:00,187.32,187.44,187.23,187.37,126298
2026-07-29 13:00:00,187.37,187.52,187.27,187.37,130360
2026-07-29 13:05:00,187.39,187.55,187.31,187.37,148927
2026-07-29 13:10:00,187.48,187.56,187.3,187.37,223960
2026-07-29 13:15:00,187.38,187.4,187.21,187.33,118353
2026-07-29 13:20:00,187.34,187.4,187.22,187.23,105577
2026-07-29 13:25:00,187.26,187.53,187.21,187.36,129145
2026-07-29 13:30:00,187.38,187.39,187.2,187.3,100498
2026-07-29 13:35:00,187.32,187.38,187.11,187.12,131058
2026-07-29 13:40:00,187.14,187.17,186.9,186.96,204523
2026-07-29 13:45:00,186.92,187.1,186.81,187.05,227780
2026-07-29 13:50:00,187.05,187.24,187.04,187.1,126727
2026-07-29 13:55:00,187.08,187.19,186.91,186.98,155469
2026-07-29 14:00:00,186.99,187.2,186.95,187.1,117936
2026-07-29 14:05:00,187.11,187.27,187.02,187.2,193455
2026-07-29 14:10:00,187.23,187.34,187.15,187.25,137240
2026-07-29 14:15:00,187.32,187.44,187.15,187.27,120088
2026-07-29 14:20:00,187.28,187.38,187.18,187.34,147800
2026-07-29 14:25:00,187.35,187.38,187.17,187.25,124782
2026-07-29 14:30:00,187.22,187.34,187.22,187.28,109253
2026-07-29 14:35:00,187.25,187.28,187.0,187.08,245311
2026-07-29 14:40:00,187.1,187.17,187.02,187.09,174675
2026-07-29 14:45:00,187.12,187.3,187.05,187.28,200209
2026-07-29 14:50:00,187.28,187.5,187.27,187.47,209775
2026-07-29 14:55:00,187.5,187.58,187.4,187.46,148376
2026-07-29 15:00:00,187.45,187.52,187.3,187.36,462942
2026-07-29 15:05:00,187.36,187.36,187.06,187.2,585062
2026-07-29 15:10:00,187.25,187.29,187.09,187.09,499219
2026-07-29 15:15:00,187.09,187.31,187.04,187.21,836130
2026-07-29 15:20:00,187.21,187.49,187.02,187.45,1126987
2026-07-29 15:25:00,187.44,187.65,187.31,187.31,620144
2026-07-30 09:15:00,188.01,188.99,187.4,187.92,1019897
2026-07-30 09:20:00,187.92,188.02,187.27,187.77,673728
2026-07-30 09:25:00,187.78,188.16,187.63,188.1,467259
2026-07-30 09:30:00,188.08,188.13,187.43,187.57,269520
2026-07-30 09:35:00,187.58,187.67,186.95,187.64,402934
2026-07-30 09:40:00,187.64,187.99,187.5,187.93,133516
2026-07-30 09:45:00,187.92,188.32,187.54,187.62,260016
2026-07-30 09:50:00,187.55,187.75,187.41,187.45,127403
2026-07-30 09:55:00,187.45,187.63,187.2,187.62,104831
2026-07-30 10:00:00,187.62,187.69,187.28,187.58,103072
2026-07-30 10:05:00,187.58,187.66,187.47,187.54,58298
2026-07-30 10:10:00,187.54,187.69,187.26,187.35,73090
2026-07-30 10:15:00,187.35,187.53,187.31,187.45,102574
2026-07-30 10:20:00,187.41,187.47,187.24,187.38,66018
2026-07-30 10:25:00,187.41,187.42,187.05,187.08,104392
2026-07-30 10:30:00,187.06,187.19,186.7,186.7,334047
2026-07-30 10:35:00,186.74,186.84,186.7,186.77,135155
2026-07-30 10:40:00,186.75,187.0,186.7,186.97,137817
2026-07-30 10:45:00,186.97,187.07,186.9,186.97,68698
2026-07-30 10:50:00,186.98,187.29,186.95,186.98,129800
2026-07-30 10:55:00,186.99,187.16,186.8,186.88,145626
2026-07-30 11:00:00,186.86,187.0,186.7,187.0,77596
2026-07-30 11:05:00,187.0,187.0,186.7,186.93,60623
2026-07-30 11:10:00,186.93,187.0,186.74,186.83,81688
2026-07-30 11:15:00,186.83,187.0,186.76,186.86,72613
2026-07-30 11:20:00,186.88,186.9,186.75,186.85,69072
2026-07-30 11:25:00,186.86,187.45,186.85,187.38,141883
2026-07-30 11:30:00,187.4,187.42,187.17,187.22,97223
2026-07-30 11:35:00,187.26,187.31,187.02,187.31,185632
2026-07-30 11:40:00,187.22,187.58,187.2,187.47,171136
2026-07-30 11:45:00,187.47,187.47,187.2,187.27,59022
2026-07-30 11:50:00,187.27,187.43,187.2,187.23,47001
2026-07-30 11:55:00,187.21,187.49,187.2,187.3,119636
2026-07-30 12:00:00,187.3,187.35,187.11,187.17,69600
2026-07-30 12:05:00,187.14,187.27,187.06,187.09,52827
2026-07-30 12:10:00,187.09,187.11,186.85,186.99,97159
2026-07-30 12:15:00,186.96,187.19,186.9,187.07,70199
2026-07-30 12:20:00,187.06,187.18,187.0,187.0,82840
2026-07-30 12:25:00,187.02,187.22,186.9,186.96,98339
2026-07-30 12:30:00,187.0,187.76,186.95,187.47,178676
2026-07-30 12:35:00,187.47,187.59,187.27,187.54,99621
2026-07-30 12:40:00,187.49,187.55,187.21,187.3,153621
2026-07-30 12:45:00,187.3,187.3,187.09,187.1,86191
2026-07-30 12:50:00,187.12,187.18,187.0,187.02,76296
2026-07-30 12:55:00,187.05,187.15,187.0,187.04,59808
2026-07-30 13:00:00,187.04,187.05,186.5,186.59,469666
2026-07-30 13:05:00,186.62,186.75,186.31,186.53,255615
2026-07-30 13:10:00,186.55,186.58,186.1,186.28,213998
2026-07-30 13:15:00,186.25,186.38,186.22,186.31,76448
2026-07-30 13:20:00,186.35,186.5,186.33,186.42,77256
2026-07-30 13:25:00,186.41,186.52,186.29,186.42,109866
2026-07-30 13:30:00,186.42,186.64,186.35,186.55,69125
2026-07-30 13:35:00,186.58,186.8,186.55,186.6,88627
2026-07-30 13:40:00,186.6,186.72,186.6,186.66,62179
2026-07-30 13:45:00,186.67,186.67,186.5,186.56,43927
2026-07-30 13:50:00,186.54,186.77,186.45,186.76,161912
2026-07-30 13:55:00,186.75,186.84,186.55,186.68,64036
2026-07-30 14:00:00,186.67,186.67,186.52,186.6,63713
2026-07-30 14:05:00,186.6,186.6,186.5,186.54,34448
2026-07-30 14:10:00,186.54,186.59,186.48,186.49,43847
2026-07-30 14:15:00,186.54,186.6,186.33,186.6,103948
2026-07-30 14:20:00,186.65,186.65,186.35,186.52,97294
2026-07-30 14:25:00,186.48,186.58,186.35,186.52,59689
2026-07-30 14:30:00,186.54,186.75,186.47,186.61,134467
2026-07-30 14:35:00,186.72,187.08,186.64,187.04,232482
2026-07-30 14:40:00,187.06,187.1,186.7,186.84,315717
2026-07-30 14:45:00,186.79,187.04,186.72,187.02,177288
2026-07-30 14:50:00,187.03,187.07,186.92,187.02,105249
2026-07-30 14:55:00,187.01,187.02,186.82,186.88,136587
2026-07-30 15:00:00,186.87,187.0,186.75,186.97,363439
2026-07-30 15:05:00,186.96,187.15,186.87,187.1,513017
2026-07-30 15:10:00,187.09,187.31,187.01,187.27,510283
2026-07-30 15:15:00,187.26,187.26,187.04,187.08,383378
2026-07-30 15:20:00,187.1,187.2,186.86,186.86,654528
2026-07-30 15:25:00,186.81,186.99,186.3,186.99,856680
2026-07-31 09:15:00,188.25,189.7,187.11,188.0,2128423
2026-07-31 09:20:00,188.0,188.41,187.5,188.0,639053
2026-07-31 09:25:00,188.12,188.15,186.92,187.0,869382
2026-07-31 09:30:00,186.88,187.19,186.41,186.67,516420
2026-07-31 09:35:00,186.5,186.78,186.31,186.63,266456
2026-07-31 09:40:00,186.7,187.49,186.6,187.19,351021
2026-07-31 09:45:00,187.13,187.31,187.0,187.23,151142
2026-07-31 09:50:00,187.22,187.45,186.95,186.95,173241
2026-07-31 09:55:00,186.95,187.5,186.85,187.48,202901
2026-07-31 10:00:00,187.47,187.5,187.32,187.48,71183
2026-07-31 10:05:00,187.47,187.47,187.01,187.13,80165
2026-07-31 10:10:00,187.15,187.35,187.1,187.22,66835
2026-07-31 10:15:00,187.24,187.24,186.66,186.96,161159
2026-07-31 10:20:00,186.91,187.06,186.85,186.98,142756
2026-07-31 10:25:00,187.01,187.06,186.8,186.92,112942
2026-07-31 10:30:00,186.93,187.46,186.65,187.45,249203
2026-07-31 10:35:00,187.44,187.45,187.2,187.31,196999
2026-07-31 10:40:00,187.23,187.31,187.03,187.21,173402
2026-07-31 10:45:00,187.21,187.23,186.9,186.95,182549
2026-07-31 10:50:00,186.88,187.01,186.81,186.97,218515
2026-07-31 10:55:00,186.97,187.15,186.7,187.04,384152
2026-07-31 11:00:00,187.03,187.09,186.99,187.09,93831
2026-07-31 11:05:00,187.05,187.15,186.8,186.89,142501
2026-07-31 11:10:00,186.89,186.89,186.75,186.86,103843
2026-07-31 11:15:00,186.87,187.18,186.87,187.12,157634
2026-07-31 11:20:00,187.11,187.15,187.0,187.1,87812
2026-07-31 11:25:00,187.1,187.15,186.95,187.03,88240
2026-07-31 11:30:00,187.04,187.14,187.0,187.12,72890
2026-07-31 11:35:00,187.06,187.38,187.02,187.32,125354
2026-07-31 11:40:00,187.25,187.34,187.15,187.33,95911
2026-07-31 11:45:00,187.33,187.34,186.99,187.21,122112
2026-07-31 11:50:00,187.22,187.4,187.06,187.07,109250
2026-07-31 11:55:00,187.06,187.39,187.0,187.32,123681
2026-07-31 12:00:00,187.33,187.33,187.14,187.19,66465
2026-07-31 12:05:00,187.2,187.26,187.11,187.26,73462
2026-07-31 12:10:00,187.27,187.35,187.11,187.34,96394
2026-07-31 12:15:00,187.37,187.46,187.27,187.33,129136
2026-07-31 12:20:00,187.33,187.74,187.26,187.74,196561
2026-07-31 12:25:00,187.74,187.85,187.39,187.55,169393
2026-07-31 12:30:00,187.58,188.1,187.55,187.73,271838
2026-07-31 12:35:00,187.74,189.08,187.56,189.0,759020
2026-07-31 12:40:00,189.03,189.3,188.73,189.05,943949
2026-07-31 12:45:00,189.05,189.07,188.67,188.99,478465
2026-07-31 12:50:00,189.09,189.09,188.6,189.06,447942
2026-07-31 12:55:00,189.06,189.25,188.9,188.9,347156
2026-07-31 13:00:00,188.97,189.03,188.87,188.96,230699
2026-07-31 13:05:00,188.96,189.29,188.81,189.18,496129
2026-07-31 13:10:00,189.18,189.43,188.97,189.26,449263
2026-07-31 13:15:00,189.25,190.71,189.25,190.7,1452887
2026-07-31 13:20:00,190.71,191.26,190.0,190.72,1563614
2026-07-31 13:25:00,190.73,191.47,190.63,190.84,1094623
2026-07-31 13:30:00,190.86,190.93,190.2,190.4,757197
2026-07-31 13:35:00,190.42,191.25,190.4,190.93,587739
2026-07-31 13:40:00,190.93,191.84,190.8,191.1,1492878
2026-07-31 13:45:00,191.1,191.29,190.87,191.1,404524
2026-07-31 13:50:00,191.1,191.2,190.75,190.95,368934
2026-07-31 13:55:00,190.95,191.13,190.84,190.87,314382
2026-07-31 14:00:00,190.91,191.09,190.8,190.95,309956
2026-07-31 14:05:00,190.95,190.95,190.27,190.65,403193
2026-07-31 14:10:00,190.65,190.78,190.54,190.62,246304
2026-07-31 14:15:00,190.68,190.69,190.35,190.5,282987
2026-07-31 14:20:00,190.42,190.49,190.11,190.27,236156
2026-07-31 14:25:00,190.27,190.34,190.0,190.12,252946
2026-07-31 14:30:00,190.11,190.18,189.72,189.83,276411
2026-07-31 14:35:00,189.82,189.94,189.61,189.93,329883
2026-07-31 14:40:00,189.91,190.0,189.8,190.0,283953
2026-07-31 14:45:00,190.0,190.0,189.7,189.85,372997
2026-07-31 14:50:00,189.83,190.0,189.7,189.75,554547
2026-07-31 14:55:00,189.78,189.79,189.6,189.6,609036
2026-07-31 15:00:00,189.66,189.66,189.25,189.31,1265901
2026-07-31 15:05:00,189.31,189.76,189.29,189.59,1089963
2026-07-31 15:10:00,189.58,189.59,189.2,189.2,1179013
2026-07-31 15:15:00,189.21,190.13,189.18,189.59,1796789
2026-07-31 15:20:00,189.58,190.17,189.41,190.0,1447560
2026-07-31 15:25:00,190.04,190.78,189.76,189.99,1336980
2026-08-03 09:15:00,192.94,193.5,190.63,191.3,1929417
2026-08-03 09:20:00,191.2,191.5,190.4,190.69,1141644
2026-08-03 09:25:00,190.75,191.18,190.2,190.49,561294
2026-08-03 09:30:00,190.49,190.53,190.12,190.5,342920
2026-08-03 09:35:00,190.5,191.0,190.49,190.73,252010
2026-08-03 09:40:00,190.73,191.7,190.68,191.35,430897
2026-08-03 09:45:00,191.39,191.43,190.78,190.78,244873
2026-08-03 09:50:00,190.85,191.09,190.82,190.93,150106
2026-08-03 09:55:00,190.98,191.15,190.87,190.99,177062
2026-08-03 10:00:00,191.0,191.05,190.83,190.95,113520
2026-08-03 10:05:00,190.92,191.0,190.3,190.64,316024
2026-08-03 10:10:00,190.64,190.67,190.23,190.3,301206
2026-08-03 10:15:00,190.29,190.6,190.23,190.53,161806
2026-08-03 10:20:00,190.53,190.53,190.23,190.46,437753
2026-08-03 10:25:00,190.45,190.49,189.95,190.21,583683
2026-08-03 10:30:00,190.21,190.4,190.05,190.21,571564
2026-08-03 10:35:00,190.23,190.33,190.15,190.29,92743
2026-08-03 10:40:00,190.29,190.39,189.81,189.91,673422
2026-08-03 10:45:00,189.91,190.13,189.78,190.07,627738
2026-08-03 10:50:00,190.1,190.25,190.1,190.23,130973
2026-08-03 10:55:00,190.23,190.49,190.2,190.35,141450
2026-08-03 11:00:00,190.35,190.5,190.32,190.42,157094
2026-08-03 11:05:00,190.42,190.5,190.0,190.19,535415
2026-08-03 11:10:00,190.19,190.37,189.75,189.93,571755
2026-08-03 11:15:00,189.98,190.27,189.88,190.19,167730
2026-08-03 11:20:00,190.2,190.25,190.12,190.23,123412
2026-08-03 11:25:00,190.22,190.25,190.03,190.24,113772
2026-08-03 11:30:00,190.25,190.25,190.0,190.05,87962
2026-08-03 11:35:00,190.02,190.1,189.84,190.0,114582
2026-08-03 11:40:00,190.01,190.11,189.9,189.98,65517
2026-08-03 11:45:00,189.97,189.98,189.68,189.89,272761
2026-08-03 11:50:00,189.9,189.98,189.7,189.96,98357
2026-08-03 11:55:00,189.96,189.98,189.69,189.81,691102
2026-08-03 12:00:00,189.84,189.99,189.8,189.96,105315
2026-08-03 12:05:00,189.95,190.0,189.85,189.96,81849
2026-08-03 12:10:00,189.98,189.98,189.8,189.86,46291
2026-08-03 12:15:00,189.87,190.08,189.8,190.08,99353
2026-08-03 12:20:00,190.02,190.47,190.0,190.36,215875
2026-08-03 12:25:00,190.38,190.43,190.18,190.37,380347
2026-08-03 12:30:00,190.38,190.39,190.15,190.28,134980
2026-08-03 12:35:00,190.3,190.32,190.15,190.23,116399
2026-08-03 12:40:00,190.26,190.47,190.24,190.45,109771
2026-08-03 12:45:00,190.45,190.45,190.17,190.42,179669
2026-08-03 12:50:00,190.4,190.45,190.3,190.4,130088
2026-08-03 12:55:00,190.42,190.42,190.2,190.31,117406
2026-08-03 13:00:00,190.32,190.34,190.12,190.15,98443
2026-08-03 13:05:00,190.22,190.47,190.0,190.28,1731063
2026-08-03 13:10:00,190.28,190.5,190.16,190.45,313460
2026-08-03 13:15:00,190.44,190.77,190.44,190.76,293127
2026-08-03 13:20:00,190.75,191.0,190.7,190.99,295938
2026-08-03 13:25:00,191.0,191.0,190.81,190.92,269429
2026-08-03 13:30:00,190.92,190.98,190.72,190.95,492371
2026-08-03 13:35:00,190.92,191.0,190.83,191.0,253237
2026-08-03 13:40:00,191.0,191.03,190.84,191.0,173453
2026-08-03 13:45:00,191.01,191.07,190.84,191.06,172625
2026-08-03 13:50:00,191.06,191.08,190.81,190.98,221566
2026-08-03 13:55:00,190.98,191.02,190.79,190.8,229185
2026-08-03 14:00:00,190.85,190.98,190.75,190.86,190677
2026-08-03 14:05:00,190.87,190.96,190.59,190.77,302756
2026-08-03 14:10:00,190.78,190.94,190.7,190.83,222840
2026-08-03 14:15:00,190.83,190.92,190.66,190.74,208083
2026-08-03 14:20:00,190.74,190.87,190.56,190.56,298833
2026-08-03 14:25:00,190.58,190.68,190.44,190.55,174132
2026-08-03 14:30:00,190.55,190.55,190.43,190.47,108161
2026-08-03 14:35:00,190.46,190.52,190.35,190.43,145369
2026-08-03 14:40:00,190.47,190.52,190.25,190.4,247790
2026-08-03 14:45:00,190.4,190.4,190.2,190.31,293491
2026-08-03 14:50:00,190.31,190.46,189.86,189.89,1913084
2026-08-03 14:55:00,189.9,190.08,189.75,190.04,731731
2026-08-03 15:00:00,190.03,190.07,189.0,189.24,1237083
2026-08-03 15:05:00,189.24,189.24,188.49,189.14,1244018
2026-08-03 15:10:00,189.14,189.32,188.82,189.08,737595
2026-08-03 15:15:00,189.0,189.0,189.0,189.0,9014
2026-08-03 15:20:00,189.0,189.0,189.0,189.0,0
2026-08-03 15:25:00,189.0,191.0,189.0,191.0,610726
2026-08-04 09:15:00,190.7,190.97,189.0,190.74,637222
2026-08-04 09:20:00,190.83,191.95,190.63,191.42,672398
2026-08-04 09:25:00,191.41,192.5,191.35,192.28,606157
2026-08-04 09:30:00,192.38,192.6,191.6,191.87,804323
2026-08-04 09:35:00,191.88,192.13,191.63,191.88,577754
2026-08-04 09:40:00,191.88,192.38,191.76,192.13,486558
2026-08-04 09:45:00,192.16,192.24,191.9,192.03,244540
2026-08-04 09:50:00,192.06,192.22,191.8,191.87,301441
2026-08-04 09:55:00,191.87,192.0,191.63,191.93,199798
2026-08-04 10:00:00,191.99,192.0,191.43,191.5,229649
2026-08-04 10:05:00,191.49,191.5,191.14,191.18,260267
2026-08-04 10:10:00,191.18,191.25,190.88,191.17,335692
2026-08-04 10:15:00,191.18,191.75,191.15,191.73,369198
2026-08-04 10:20:00,191.75,191.9,191.61,191.64,225079
2026-08-04 10:25:00,191.6,191.6,191.41,191.48,187655
2026-08-04 10:30:00,191.48,191.5,191.35,191.41,127980
2026-08-04 10:35:00,191.41,191.43,191.05,191.15,126925
2026-08-04 10:40:00,191.09,191.35,191.07,191.16,129609
2026-08-04 10:45:00,191.15,191.45,191.0,191.14,408818
2026-08-04 10:50:00,191.17,191.26,191.08,191.17,174131
2026-08-04 10:55:00,191.21,191.31,191.11,191.27,121157
2026-08-04 11:00:00,191.27,191.7,191.27,191.57,239293
2026-08-04 11:05:00,191.48,191.54,191.22,191.27,106577
2026-08-04 11:10:00,191.26,191.45,191.25,191.34,148500
2026-08-04 11:15:00,191.37,191.54,191.32,191.43,148166
2026-08-04 11:20:00,191.39,191.48,191.22,191.3,119983
2026-08-04 11:25:00,191.29,191.5,191.12,191.22,595450
2026-08-04 11:30:00,191.22,191.26,191.0,191.17,508431
2026-08-04 11:35:00,191.19,191.32,191.11,191.19,216710
2026-08-04 11:40:00,191.23,191.25,191.04,191.2,130015
2026-08-04 11:45:00,191.22,191.22,190.45,190.49,348813
2026-08-04 11:50:00,190.49,190.94,190.42,190.74,426083
2026-08-04 11:55:00,190.7,190.95,190.65,190.89,248158
2026-08-04 12:00:00,190.89,190.95,190.77,190.93,95006
2026-08-04 12:05:00,190.93,190.93,190.33,190.36,702764
2026-08-04 12:10:00,190.37,190.47,190.15,190.43,687825
2026-08-04 12:15:00,190.43,190.55,190.42,190.51,118969
2026-08-04 12:20:00,190.5,190.51,190.4,190.41,109651
2026-08-04 12:25:00,190.42,190.5,190.26,190.37,127175
2026-08-04 12:30:00,190.39,190.49,190.16,190.2,138210
2026-08-04 12:35:00,190.21,190.21,190.07,190.19,121091
2026-08-04 12:40:00,190.19,190.26,190.05,190.25,102944
2026-08-04 12:45:00,190.21,190.38,190.21,190.32,97387
2026-08-04 12:50:00,190.32,190.5,190.01,190.2,282235
2026-08-04 12:55:00,190.12,190.33,190.1,190.26,135931
2026-08-04 13:00:00,190.25,190.25,190.04,190.14,230495
2026-08-04 13:05:00,190.15,190.16,189.95,190.04,334603
2026-08-04 13:10:00,190.04,190.14,189.99,190.08,89126
2026-08-04 13:15:00,190.08,190.37,190.0,190.29,182256
2026-08-04 13:20:00,190.29,190.41,190.26,190.37,107107
2026-08-04 13:25:00,190.38,190.4,190.26,190.28,191272
2026-08-04 13:30:00,190.29,190.33,190.2,190.31,117606
2026-08-04 13:35:00,190.28,190.38,190.22,190.37,100385
2026-08-04 13:40:00,190.37,190.38,190.15,190.2,122320
2026-08-04 13:45:00,190.22,190.4,190.11,190.37,161360
2026-08-04 13:50:00,190.4,190.56,190.15,190.32,189791
2026-08-04 13:55:00,190.32,190.36,189.99,190.07,467006
2026-08-04 14:00:00,190.07,190.24,190.0,190.0,147355
2026-08-04 14:05:00,190.07,190.13,189.96,190.07,192842
2026-08-04 14:10:00,190.08,190.16,189.87,189.97,267175
2026-08-04 14:15:00,189.99,190.18,189.92,190.17,295041
2026-08-04 14:20:00,190.16,190.4,190.11,190.36,411002
2026-08-04 14:25:00,190.4,191.04,190.23,190.33,537613
2026-08-04 14:30:00,190.29,190.5,190.29,190.35,189681
2026-08-04 14:35:00,190.33,190.46,190.2,190.25,254463
2026-08-04 14:40:00,190.28,190.37,190.14,190.2,189081
2026-08-04 14:45:00,190.19,190.48,190.13,190.41,338099
2026-08-04 14:50:00,190.45,190.49,190.25,190.28,216670
2026-08-04 14:55:00,190.28,190.37,190.21,190.25,312685
2026-08-04 15:00:00,190.22,190.26,189.92,190.0,848418
2026-08-04 15:05:00,190.0,190.17,189.85,190.08,972513
2026-08-04 15:10:00,190.07,190.25,189.94,190.0,835616
2026-08-04 15:15:00,190.0,190.0,190.0,190.0,0
2026-08-04 15:20:00,190.0,190.0,190.0,190.0,0
2026-08-04 15:25:00,190.0,190.95,190.0,190.95,594262
2026-08-05 09:15:00,192.25,192.34,190.81,191.23,809255
2026-08-05 09:20:00,191.25,191.4,190.8,191.07,267533
2026-08-05 09:25:00,191.07,191.6,190.7,191.56,484031
2026-08-05 09:30:00,191.56,191.64,191.14,191.42,234884
2026-08-05 09:35:00,191.41,191.55,191.2,191.29,282810
2026-08-05 09:40:00,191.31,191.49,191.24,191.49,100660
2026-08-05 09:45:00,191.43,191.56,191.24,191.39,155667
2026-08-05 09:50:00,191.37,191.37,190.68,190.73,221331
2026-08-05 09:55:00,190.73,190.73,190.26,190.45,352442
2026-08-05 10:00:00,190.47,190.65,190.4,190.56,160713
2026-08-05 10:05:00,190.56,190.6,190.21,190.56,197355
2026-08-05 10:10:00,190.64,190.9,190.57,190.75,145229
2026-08-05 10:15:00,190.7,190.84,190.59,190.64,151058
2026-08-05 10:20:00,190.72,190.96,190.6,190.84,389130
2026-08-05 10:25:00,190.84,190.84,190.66,190.76,61077
2026-08-05 10:30:00,190.65,190.79,190.42,190.75,90202
2026-08-05 10:35:00,190.76,191.18,190.6,190.88,663359
2026-08-05 10:40:00,190.88,190.88,190.19,190.37,526246
2026-08-05 10:45:00,190.36,190.51,190.31,190.47,163884
2026-08-05 10:50:00,190.49,190.54,190.11,190.35,222042
2026-08-05 10:55:00,190.35,190.7,190.31,190.59,189417
2026-08-05 11:00:00,190.59,190.69,190.58,190.62,120925
2026-08-05 11:05:00,190.63,190.73,190.37,190.43,112391
2026-08-05 11:10:00,190.43,190.52,190.35,190.49,42595
2026-08-05 11:15:00,190.49,190.66,190.46,190.53,60854
2026-08-05 11:20:00,190.52,190.62,190.42,190.51,100389
2026-08-05 11:25:00,190.52,190.64,190.4,190.57,79602
2026-08-05 11:30:00,190.57,190.65,190.25,190.26,188131
2026-08-05 11:35:00,190.26,190.28,190.06,190.24,273934
2026-08-05 11:40:00,190.25,190.3,190.13,190.29,61847
2026-08-05 11:45:00,190.29,190.4,190.21,190.21,66703
2026-08-05 11:50:00,190.22,190.25,190.05,190.09,143710
2026-08-05 11:55:00,190.09,190.16,189.84,190.03,202515
2026-08-05 12:00:00,190.03,190.18,190.01,190.1,135532
2026-08-05 12:05:00,190.11,190.18,190.05,190.14,47689
2026-08-05 12:10:00,190.15,190.29,190.04,190.28,94715
2026-08-05 12:15:00,190.28,190.39,190.16,190.25,95106
2026-08-05 12:20:00,190.27,190.39,190.19,190.34,90383
2026-08-05 12:25:00,190.34,190.51,190.27,190.46,125631
2026-08-05 12:30:00,190.45,190.55,190.29,190.35,100473
2026-08-05 12:35:00,190.36,190.45,190.16,190.39,93944
2026-08-05 12:40:00,190.34,190.46,190.2,190.23,71007
2026-08-05 12:45:00,190.32,190.45,190.22,190.24,61334
2026-08-05 12:50:00,190.25,190.3,190.1,190.24,57749
2026-08-05 12:55:00,190.24,190.5,190.19,190.37,118241
2026-08-05 13:00:00,190.37,190.88,190.28,190.84,184072
2026-08-05 13:05:00,190.85,192.65,190.61,191.92,1532836
2026-08-05 13:10:00,191.92,192.2,191.4,191.53,973016
2026-08-05 13:15:00,191.53,191.69,191.03,191.14,483013
2026-08-05 13:20:00,191.16,191.6,191.1,191.12,256026
2026-08-05 13:25:00,191.12,191.4,190.92,191.34,193758
2026-08-05 13:30:00,191.33,191.57,191.29,191.45,309283
2026-08-05 13:35:00,191.47,191.5,191.26,191.31,166842
2026-08-05 13:40:00,191.43,191.46,191.0,191.01,126902
2026-08-05 13:45:00,191.02,191.4,191.02,191.26,100757
2026-08-05 13:50:00,191.25,191.35,191.0,191.08,134004
2026-08-05 13:55:00,191.08,191.58,190.96,191.48,329613
2026-08-05 14:00:00,191.48,191.67,191.35,191.36,196637
2026-08-05 14:05:00,191.36,191.97,191.36,191.57,308128
2026-08-05 14:10:00,191.58,191.9,191.56,191.77,247262
2026-08-05 14:15:00,191.77,191.82,191.46,191.56,394769
2026-08-05 14:20:00,191.56,191.82,191.2,191.26,253586
2026-08-05 14:25:00,191.28,191.4,191.2,191.33,108970
2026-08-05 14:30:00,191.31,191.59,191.31,191.43,119740
2026-08-05 14:35:00,191.4,191.6,191.36,191.48,234035
2026-08-05 14:40:00,191.43,191.47,191.3,191.43,154550
2026-08-05 14:45:00,191.42,192.02,191.42,192.0,966250
2026-08-05 14:50:00,191.91,191.95,191.53,191.61,581478
2026-08-05 14:55:00,191.62,191.88,191.58,191.71,744611
2026-08-05 15:00:00,191.71,191.95,191.52,191.9,1006288
2026-08-05 15:05:00,191.91,192.87,191.62,192.45,2811247
2026-08-05 15:10:00,192.45,192.5,192.11,192.27,989409
2026-08-05 15:15:00,192.27,192.27,192.27,192.27,0
2026-08-05 15:20:00,192.27,192.27,192.27,192.27,0
2026-08-05 15:25:00,192.27,192.99,192.27,192.99,387118
2026-08-06 09:15:00,193.45,193.65,191.15,191.73,1281824
2026-08-06 09:20:00,191.69,192.73,191.65,192.55,849969
2026-08-06 09:25:00,192.55,192.78,192.29,192.3,399324
2026-08-06 09:30:00,192.3,192.63,191.75,191.75,515217
2026-08-06 09:35:00,191.81,192.13,191.66,192.03,160111
2026-08-06 09:40:00,192.04,192.32,191.9,192.21,153258
2026-08-06 09:45:00,192.13,192.17,191.75,191.92,181755
2026-08-06 09:50:00,191.94,192.0,191.78,191.9,203357
2026-08-06 09:55:00,191.88,191.88,191.34,191.4,211613
2026-08-06 10:00:00,191.4,191.44,191.02,191.19,360504
2026-08-06 10:05:00,191.3,191.6,191.19,191.5,122566
2026-08-06 10:10:00,191.5,191.85,191.45,191.64,141068
2026-08-06 10:15:00,191.69,191.9,191.63,191.84,74033
2026-08-06 10:20:00,191.83,191.83,191.54,191.57,126203
2026-08-06 10:25:00,191.57,191.74,191.51,191.67,68337
2026-08-06 10:30:00,191.65,191.68,191.33,191.34,81825
2026-08-06 10:35:00,191.32,191.65,191.32,191.64,63980
2026-08-06 10:40:00,191.56,191.59,191.33,191.43,91766
2026-08-06 10:45:00,191.43,191.53,191.18,191.34,143476
2026-08-06 10:50:00,191.37,191.4,191.2,191.32,101169
2026-08-06 10:55:00,191.31,191.47,191.27,191.36,81198
2026-08-06 11:00:00,191.35,191.54,191.25,191.54,51117
2026-08-06 11:05:00,191.54,191.6,191.28,191.4,54305
2026-08-06 11:10:00,191.4,191.4,191.0,191.15,200421
2026-08-06 11:15:00,191.1,191.33,191.03,191.24,115001
2026-08-06 11:20:00,191.22,191.36,191.17,191.25,92019
2026-08-06 11:25:00,191.3,191.33,191.2,191.26,85308
2026-08-06 11:30:00,191.26,191.3,191.1,191.21,121912
2026-08-06 11:35:00,191.23,191.23,191.0,191.1,226627
2026-08-06 11:40:00,191.12,191.15,190.5,190.56,445627
2026-08-06 11:45:00,190.55,190.89,190.51,190.66,210500
2026-08-06 11:50:00,190.71,190.85,190.36,190.85,276284
2026-08-06 11:55:00,190.82,191.12,190.8,191.02,166639
2026-08-06 12:00:00,191.04,191.08,190.9,191.08,77331
2026-08-06 12:05:00,191.08,191.08,190.9,191.03,87049
2026-08-06 12:10:00,191.03,191.04,190.91,190.97,86020
2026-08-06 12:15:00,190.93,191.08,190.85,190.93,88200
2026-08-06 12:20:00,190.97,190.98,190.55,190.66,193525
2026-08-06 12:25:00,190.66,190.79,190.62,190.79,57431
2026-08-06 12:30:00,190.75,190.85,190.58,190.75,88121
2026-08-06 12:35:00,190.75,190.79,190.62,190.72,51382
2026-08-06 12:40:00,190.67,190.77,190.51,190.6,84265
2026-08-06 12:45:00,190.59,190.61,190.43,190.45,140423
2026-08-06 12:50:00,190.46,190.51,190.2,190.38,245510
2026-08-06 12:55:00,190.43,190.53,190.33,190.5,116246
2026-08-06 13:00:00,190.5,190.57,190.4,190.52,122069
2026-08-06 13:05:00,190.56,190.56,190.35,190.47,109843
2026-08-06 13:10:00,190.46,190.48,190.32,190.33,148734
2026-08-06 13:15:00,190.4,190.52,190.1,190.42,447619
2026-08-06 13:20:00,190.42,190.48,190.11,190.11,198771
2026-08-06 13:25:00,190.17,190.47,190.13,190.42,152381
2026-08-06 13:30:00,190.42,190.54,190.3,190.37,139706
2026-08-06 13:35:00,190.41,190.57,190.26,190.4,219624
2026-08-06 13:40:00,190.39,190.63,190.35,190.5,175336
2026-08-06 13:45:00,190.5,190.58,190.28,190.45,290064
2026-08-06 13:50:00,190.47,190.6,190.35,190.47,307405
2026-08-06 13:55:00,190.47,190.72,190.32,190.54,236468
2026-08-06 14:00:00,190.7,190.7,190.41,190.5,158518
2026-08-06 14:05:00,190.5,190.55,190.32,190.32,155636
2026-08-06 14:10:00,190.44,190.44,190.25,190.26,217144
2026-08-06 14:15:00,190.3,190.35,189.75,189.84,619375
2026-08-06 14:20:00,189.82,190.02,189.82,190.0,295497
2026-08-06 14:25:00,190.0,190.05,189.91,189.97,238164
2026-08-06 14:30:00,189.99,190.09,189.8,189.99,354457
2026-08-06 14:35:00,189.99,190.0,189.85,189.98,126884
2026-08-06 14:40:00,190.0,190.0,189.7,189.94,315426
2026-08-06 14:45:00,189.94,189.97,189.81,189.95,301668
2026-08-06 14:50:00,189.95,190.1,189.86,189.86,692239
2026-08-06 14:55:00,189.94,190.0,189.85,189.92,474651
2026-08-06 15:00:00,189.91,190.0,189.73,189.85,642288
2026-08-06 15:05:00,189.8,189.85,189.31,189.48,919018
2026-08-06 15:10:00,189.48,189.6,188.99,189.5,1143844
2026-08-06 15:15:00,189.6,189.6,189.6,189.6,1657
2026-08-06 15:20:00,189.6,189.6,189.6,189.6,0
2026-08-06 15:25:00,189.6,189.6,189.3,189.3,654745
2026-08-07 09:15:00,189.41,189.69,188.55,189.2,523523
2026-08-07 09:20:00,189.2,189.32,189.03,189.16,408465
2026-08-07 09:25:00,189.1,189.49,189.05,189.45,262799
2026-08-07 09:30:00,189.45,189.5,188.5,188.56,409191
2026-08-07 09:35:00,188.58,188.8,188.36,188.79,178074
2026-08-07 09:40:00,188.79,188.86,188.54,188.75,148709
2026-08-07 09:45:00,188.81,188.88,188.66,188.7,95041
2026-08-07 09:50:00,188.66,188.85,188.58,188.65,107407
2026-08-07 09:55:00,188.65,188.78,188.46,188.55,281438
2026-08-07 10:00:00,188.55,188.7,188.43,188.65,127570
2026-08-07 10:05:00,188.68,188.75,188.59,188.68,117099
2026-08-07 10:10:00,188.68,188.68,188.15,188.3,136218
2026-08-07 10:15:00,188.31,188.41,187.96,188.0,224500
2026-08-07 10:20:00,188.01,188.28,188.0,188.18,232267
2026-08-07 10:25:00,188.18,188.2,188.12,188.15,68923
2026-08-07 10:30:00,188.18,188.47,188.11,188.35,71612
2026-08-07 10:35:00,188.3,188.55,188.3,188.5,60932
2026-08-07 10:40:00,188.54,188.65,188.5,188.58,70145
2026-08-07 10:45:00,188.58,188.61,188.47,188.51,63739
2026-08-07 10:50:00,188.51,188.51,188.34,188.4,40218
2026-08-07 10:55:00,188.4,188.46,188.27,188.37,39598
2026-08-07 11:00:00,188.42,188.42,188.25,188.28,37577
2026-08-07 11:05:00,188.27,188.65,188.26,188.6,44659
2026-08-07 11:10:00,188.57,188.63,188.51,188.57,38258
2026-08-07 11:15:00,188.57,188.66,188.43,188.47,73853
2026-08-07 11:20:00,188.47,188.6,188.35,188.35,52356
2026-08-07 11:25:00,188.38,188.51,188.3,188.47,50586
2026-08-07 11:30:00,188.43,188.63,188.37,188.55,40230
2026-08-07 11:35:00,188.55,188.6,188.4,188.58,35590
2026-08-07 11:40:00,188.6,188.62,188.49,188.52,28294
2026-08-07 11:45:00,188.52,188.54,188.33,188.36,21571
2026-08-07 11:50:00,188.38,188.38,188.15,188.2,76581
2026-08-07 11:55:00,188.24,188.34,188.2,188.28,94941
2026-08-07 12:00:00,188.35,188.36,188.24,188.32,26123
2026-08-07 12:05:00,188.32,188.42,188.2,188.27,53637
2026-08-07 12:10:00,188.28,188.28,188.13,188.19,45805
2026-08-07 12:15:00,188.19,188.45,188.13,188.31,31116
2026-08-07 12:20:00,188.32,188.42,188.22,188.25,28062
2026-08-07 12:25:00,188.26,188.47,188.25,188.36,21273
2026-08-07 12:30:00,188.37,188.51,188.28,188.47,63032
2026-08-07 12:35:00,188.48,188.5,188.1,188.1,124728
2026-08-07 12:40:00,188.11,188.16,188.03,188.06,59454
2026-08-07 12:45:00,188.06,188.27,188.05,188.27,56072
2026-08-07 12:50:00,188.28,188.28,188.11,188.15,25936
2026-08-07 12:55:00,188.16,188.3,188.12,188.18,61999
2026-08-07 13:00:00,188.15,188.27,188.11,188.2,26108
2026-08-07 13:05:00,188.27,188.28,188.16,188.2,19475
2026-08-07 13:10:00,188.2,188.3,188.2,188.22,33987
2026-08-07 13:15:00,188.14,188.44,188.0,188.0,323423
2026-08-07 13:20:00,188.0,188.0,187.8,187.9,157634
2026-08-07 13:25:00,187.91,188.0,187.85,187.99,47521
2026-08-07 13:30:00,187.98,187.98,187.71,187.72,71927
2026-08-07 13:35:00,187.77,187.91,187.72,187.79,29198
2026-08-07 13:40:00,187.77,187.84,187.7,187.71,104419
2026-08-07 13:45:00,187.71,187.89,187.68,187.81,49129
2026-08-07 13:50:00,187.82,187.87,187.03,187.25,339161
2026-08-07 13:55:00,187.25,187.27,187.0,187.1,138860
2026-08-07 14:00:00,187.14,187.25,186.85,186.97,240033
2026-08-07 14:05:00,186.97,186.99,186.75,186.99,124585
2026-08-07 14:10:00,186.99,187.0,186.86,186.93,63651
2026-08-07 14:15:00,187.0,187.05,186.91,186.95,67844
2026-08-07 14:20:00,187.0,187.06,186.9,187.0,87541
2026-08-07 14:25:00,187.0,187.25,186.97,187.25,108779
2026-08-07 14:30:00,187.25,187.39,187.18,187.27,118059
2026-08-07 14:35:00,187.27,187.41,187.0,187.01,140138
2026-08-07 14:40:00,187.05,187.41,187.05,187.38,64083
2026-08-07 14:45:00,187.31,187.93,187.31,187.92,179330
2026-08-07 14:50:00,187.93,188.15,187.9,187.95,282182
2026-08-07 14:55:00,187.95,188.2,187.94,187.98,380452
2026-08-07 15:00:00,188.09,188.09,187.91,187.95,237423
2026-08-07 15:05:00,187.97,188.03,187.83,187.96,734864
2026-08-07 15:10:00,187.92,188.0,187.87,187.93,441232
2026-08-07 15:15:00,187.93,187.93,187.93,187.93,0
2026-08-07 15:20:00,187.93,187.93,187.93,187.93,0
2026-08-07 15:25:00,187.93,187.93,187.55,187.55,382743
2026-08-10 09:15:00,187.56,189.36,187.55,189.02,650969
2026-08-10 09:20:00,189.04,189.42,188.84,188.97,438003
2026-08-10 09:25:00,188.9,189.38,188.75,189.3,301240
2026-08-10 09:30:00,189.22,189.26,188.4,188.4,296309
2026-08-10 09:35:00,188.48,189.5,188.4,189.3,484051
2026-08-10 09:40:00,189.3,190.6,189.25,189.91,726189
2026-08-10 09:45:00,189.97,190.34,189.88,190.22,416473
2026-08-10 09:50:00,190.3,190.42,190.09,190.38,282892
2026-08-10 09:55:00,190.34,190.95,190.34,190.8,559433
2026-08-10 10:00:00,190.79,191.25,190.6,190.86,745243
2026-08-10 10:05:00,190.82,191.02,190.62,190.7,432193
2026-08-10 10:10:00,190.69,191.48,190.43,190.81,638691
2026-08-10 10:15:00,190.81,190.94,190.4,190.9,455420
2026-08-10 10:20:00,190.9,190.91,190.7,190.89,225115
2026-08-10 10:25:00,190.9,190.96,190.75,190.9,174206
2026-08-10 10:30:00,190.9,190.97,190.54,190.68,462009
2026-08-10 10:35:00,190.7,191.44,190.67,191.3,1306443
2026-08-10 10:40:00,191.29,191.35,191.16,191.28,320282
2026-08-10 10:45:00,191.29,191.7,191.19,191.53,803449
2026-08-10 10:50:00,191.53,191.78,191.48,191.52,768965
2026-08-10 10:55:00,191.56,191.59,191.1,191.2,457517
2026-08-10 11:00:00,191.2,191.35,190.9,191.28,286705
2026-08-10 11:05:00,191.28,191.5,191.16,191.49,218616
2026-08-10 11:10:00,191.49,191.95,191.36,191.78,481631
2026-08-10 11:15:00,191.8,191.8,191.55,191.62,209362
2026-08-10 11:20:00,191.54,191.76,191.52,191.69,257251
2026-08-10 11:25:00,191.69,191.75,191.61,191.65,166914
2026-08-10 11:30:00,191.69,191.89,191.37,191.71,922193
2026-08-10 11:35:00,191.71,191.99,191.67,191.9,358415
2026-08-10 11:40:00,191.9,192.35,191.86,192.11,1669063
2026-08-10 11:45:00,192.14,192.14,191.69,192.0,553195
2026-08-10 11:50:00,192.07,192.15,191.33,191.48,831984
2026-08-10 11:55:00,191.48,191.66,191.35,191.41,257093
2026-08-10 12:00:00,191.45,191.63,191.41,191.63,208962
2026-08-10 12:05:00,191.63,191.65,191.09,191.14,928074
2026-08-10 12:10:00,191.22,191.39,191.13,191.22,222979
2026-08-10 12:15:00,191.28,191.6,191.15,191.55,198979
2026-08-10 12:20:00,191.59,191.85,191.5,191.5,255184
2026-08-10 12:25:00,191.55,191.65,191.23,191.25,179847
2026-08-10 12:30:00,191.27,191.31,190.35,190.51,685994
2026-08-10 12:35:00,190.56,190.79,190.42,190.67,379294
2026-08-10 12:40:00,190.67,190.73,190.45,190.57,226628
2026-08-10 12:45:00,190.57,190.79,190.56,190.7,134595
2026-08-10 12:50:00,190.74,190.79,190.6,190.61,117640
2026-08-10 12:55:00,190.65,190.67,190.48,190.5,149583
2026-08-10 13:00:00,190.55,190.58,190.11,190.3,440459
2026-08-10 13:05:00,190.38,190.71,190.3,190.59,232799
2026-08-10 13:10:00,190.59,191.03,190.55,190.88,270689
2026-08-10 13:15:00,190.95,191.4,190.94,191.11,329296
2026-08-10 13:20:00,191.18,191.19,190.9,191.0,168502
2026-08-10 13:25:00,191.0,191.01,190.73,190.76,153643
2026-08-10 13:30:00,190.84,190.96,190.71,190.87,142494
2026-08-10 13:35:00,190.91,191.08,190.87,190.97,442256
2026-08-10 13:40:00,191.0,191.07,190.94,190.99,238335
2026-08-10 13:45:00,191.0,191.01,190.71,190.93,198356
2026-08-10 13:50:00,190.93,191.0,190.64,190.67,617699
2026-08-10 13:55:00,190.76,190.82,190.66,190.7,330739
2026-08-10 14:00:00,190.74,190.8,190.66,190.69,317891
2026-08-10 14:05:00,190.77,191.06,190.66,190.98,708169
2026-08-10 14:10:00,191.02,191.06,190.85,190.96,408035
2026-08-10 14:15:00,190.91,191.0,190.83,190.85,223114
2026-08-10 14:20:00,190.9,191.0,190.77,190.92,227971
2026-08-10 14:25:00,190.92,190.94,190.4,190.43,535091
2026-08-10 14:30:00,190.5,190.58,190.3,190.32,470738
2026-08-10 14:35:00,190.38,190.44,190.16,190.3,320557
2026-08-10 14:40:00,190.36,190.71,190.29,190.69,336546
2026-08-10 14:45:00,190.69,190.75,190.44,190.44,335937
2026-08-10 14:50:00,190.43,190.52,190.3,190.43,504059
2026-08-10 14:55:00,190.42,190.54,190.35,190.35,726178
2026-08-10 15:00:00,190.36,190.45,190.21,190.39,1395142
2026-08-10 15:05:00,190.39,190.43,190.1,190.16,947555
2026-08-10 15:10:00,190.18,190.29,190.02,190.14,1060399
2026-08-10 15:15:00,190.14,190.14,190.14,190.14,5037
2026-08-10 15:20:00,190.14,190.14,190.14,190.14,0
2026-08-10 15:25:00,190.14,190.24,190.14,190.24,333380
2026-08-11 09:15:00,190.24,190.56,189.62,190.01,807768
2026-08-11 09:20:00,190.01,190.4,189.87,190.03,298888
2026-08-11 09:25:00,190.02,190.3,190.02,190.08,119328
2026-08-11 09:30:00,190.08,190.09,189.85,190.01,333640
2026-08-11 09:35:00,190.0,190.09,189.93,190.0,154449
2026-08-11 09:40:00,190.03,190.04,189.8,189.92,171192
2026-08-11 09:45:00,189.92,189.98,189.8,189.85,136044
2026-08-11 09:50:00,189.87,190.02,189.75,189.78,151316
2026-08-11 09:55:00,189.78,189.79,189.7,189.75,75349
2026-08-11 10:00:00,189.75,189.77,189.65,189.69,98723
2026-08-11 10:05:00,189.69,189.69,189.29,189.36,352378
2026-08-11 10:10:00,189.36,189.38,189.27,189.35,134131
2026-08-11 10:15:00,189.35,189.55,189.28,189.37,124034
2026-08-11 10:20:00,189.37,189.73,189.37,189.63,159847
2026-08-11 10:25:00,189.62,189.92,189.62,189.9,101506
2026-08-11 10:30:00,189.9,189.94,189.65,189.65,146245
2026-08-11 10:35:00,189.69,189.75,189.63,189.65,126363
2026-08-11 10:40:00,189.65,189.68,188.96,189.0,415495
2026-08-11 10:45:00,189.1,189.2,188.99,189.18,130322
2026-08-11 10:50:00,189.16,189.21,188.88,189.1,215643
2026-08-11 10:55:00,189.08,189.18,188.99,189.1,165986
2026-08-11 11:00:00,189.1,189.1,188.51,188.59,240527
2026-08-11 11:05:00,188.58,188.68,188.05,188.34,577496
2026-08-11 11:10:00,188.35,188.59,188.29,188.3,242865
2026-08-11 11:15:00,188.34,188.34,188.15,188.22,215837
2026-08-11 11:20:00,188.2,188.25,187.95,188.03,545678
2026-08-11 11:25:00,188.0,188.06,187.81,187.88,133260
2026-08-11 11:30:00,187.87,187.95,187.6,187.85,169180
2026-08-11 11:35:00,187.85,187.88,187.7,187.77,157034
2026-08-11 11:40:00,187.78,187.79,187.2,187.48,1442678
2026-08-11 11:45:00,187.54,187.74,187.5,187.72,165787
2026-08-11 11:50:00,187.72,187.74,187.5,187.56,158268
2026-08-11 11:55:00,187.52,187.56,187.05,187.36,347504
2026-08-11 12:00:00,187.36,187.4,186.84,186.93,373299
2026-08-11 12:05:00,186.93,187.0,186.9,187.0,107704
2026-08-11 12:10:00,187.0,187.15,186.97,187.09,216566
2026-08-11 12:15:00,187.13,187.14,186.95,187.05,308925
2026-08-11 12:20:00,187.06,187.06,186.78,186.78,204925
2026-08-11 12:25:00,186.8,187.15,186.8,187.11,335228
2026-08-11 12:30:00,187.1,187.49,187.07,187.49,163279
2026-08-11 12:35:00,187.49,187.9,187.4,187.9,228644
2026-08-11 12:40:00,187.88,187.88,187.58,187.73,77814
2026-08-11 12:45:00,187.7,187.74,187.42,187.5,822005
2026-08-11 12:50:00,187.5,187.55,187.45,187.49,139298
2026-08-11 12:55:00,187.5,187.82,187.45,187.76,290391
2026-08-11 13:00:00,187.76,187.83,187.64,187.69,266252
2026-08-11 13:05:00,187.72,187.84,187.68,187.84,160012
2026-08-11 13:10:00,187.84,187.86,187.52,187.6,142794
2026-08-11 13:15:00,187.68,187.82,187.53,187.7,193597
2026-08-11 13:20:00,187.69,187.72,187.65,187.68,136770
2026-08-11 13:25:00,187.7,187.81,187.61,187.7,186336
2026-08-11 13:30:00,187.7,187.85,187.52,187.8,300387
2026-08-11 13:35:00,187.8,187.86,187.61,187.75,143966
2026-08-11 13:40:00,187.79,188.0,187.75,187.95,125282
2026-08-11 13:45:00,187.91,188.08,187.75,187.95,210529
2026-08-11 13:50:00,187.95,187.96,187.73,187.78,106277
2026-08-11 13:55:00,187.8,187.8,187.67,187.7,93034
2026-08-11 14:00:00,187.73,187.87,187.69,187.79,105015
2026-08-11 14:05:00,187.72,187.85,187.52,187.82,257373
2026-08-11 14:10:00,187.82,187.84,187.62,187.72,186222
2026-08-11 14:15:00,187.72,187.72,187.53,187.59,240428
2026-08-11 14:20:00,187.61,187.74,187.58,187.6,185214
2026-08-11 14:25:00,187.6,187.6,187.51,187.57,105781
2026-08-11 14:30:00,187.55,187.66,187.52,187.58,164028
2026-08-11 14:35:00,187.56,187.59,187.33,187.39,241624
2026-08-11 14:40:00,187.35,187.39,187.25,187.29,250033
2026-08-11 14:45:00,187.3,187.36,187.21,187.3,293698
2026-08-11 14:50:00,187.33,187.39,187.14,187.38,405192
2026-08-11 14:55:00,187.37,187.5,187.26,187.42,709079
2026-08-11 15:00:00,187.39,187.64,187.22,187.6,887563
2026-08-11 15:05:00,187.6,187.6,187.35,187.54,866567
2026-08-11 15:10:00,187.52,187.62,187.34,187.59,1148636
2026-08-11 15:15:00,187.59,187.59,187.59,187.59,10
2026-08-11 15:20:00,187.59,187.59,187.59,187.59,0
2026-08-11 15:25:00,187.59,188.25,187.59,188.25,713124
2026-08-12 09:15:00,188.35,188.88,188.1,188.71,612946
2026-08-12 09:20:00,188.65,188.68,187.61,187.9,399532
2026-08-12 09:25:00,187.9,188.6,187.9,188.6,139501
2026-08-12 09:30:00,188.55,188.75,187.87,187.9,375059
2026-08-12 09:35:00,187.9,187.93,187.51,187.88,280921
2026-08-12 09:40:00,187.88,188.34,187.78,188.05,630986
2026-08-12 09:45:00,187.99,188.2,187.94,188.05,216518
2026-08-12 09:50:00,188.07,188.07,187.8,187.91,112641
2026-08-12 09:55:00,187.91,187.91,187.35,187.42,369379
2026-08-12 10:00:00,187.42,187.6,187.0,187.37,573528
2026-08-12 10:05:00,187.37,187.59,187.3,187.4,240375
2026-08-12 10:10:00,187.4,187.89,187.3,187.83,156230
2026-08-12 10:15:00,187.83,187.88,187.65,187.85,141052
2026-08-12 10:20:00,187.85,188.16,187.85,187.95,142661
2026-08-12 10:25:00,187.95,188.0,187.64,187.99,115128
2026-08-12 10:30:00,187.95,188.25,187.91,188.2,489478
2026-08-12 10:35:00,188.19,188.25,187.94,188.0,678831
2026-08-12 10:40:00,188.06,188.12,187.88,187.88,142053
2026-08-12 10:45:00,187.88,187.91,187.59,187.64,181246
2026-08-12 10:50:00,187.64,187.75,187.64,187.68,109403
2026-08-12 10:55:00,187.66,187.74,186.15,186.56,986005
2026-08-12 11:00:00,186.57,186.6,186.08,186.57,456985
2026-08-12 11:05:00,186.59,186.6,185.76,186.03,946478
2026-08-12 11:10:00,186.1,186.3,185.99,186.11,631737
2026-08-12 11:15:00,186.11,186.28,185.71,185.86,519156
2026-08-12 11:20:00,185.86,185.96,185.56,185.64,252240
2026-08-12 11:25:00,185.64,185.64,184.9,185.0,1252448
2026-08-12 11:30:00,185.0,185.11,184.72,184.88,814556
2026-08-12 11:35:00,184.88,184.91,184.74,184.87,244162
2026-08-12 11:40:00,184.91,185.19,184.76,185.0,556650
2026-08-12 11:45:00,185.0,185.16,184.91,185.12,1745137
2026-08-12 11:50:00,185.12,185.23,185.05,185.1,260966
2026-08-12 11:55:00,185.06,185.22,185.0,185.17,339832
2026-08-12 12:00:00,185.19,185.19,183.9,184.0,831260
2026-08-12 12:05:00,184.06,184.2,183.69,183.75,592121
2026-08-12 12:10:00,183.71,183.86,183.6,183.64,395616
2026-08-12 12:15:00,183.64,184.02,183.62,183.92,721125
2026-08-12 12:20:00,183.95,184.0,183.8,183.81,253010
2026-08-12 12:25:00,183.83,184.2,183.8,183.94,755018
2026-08-12 12:30:00,183.96,183.96,183.8,183.88,228458
2026-08-12 12:35:00,183.9,183.99,183.75,183.85,448025
2026-08-12 12:40:00,183.85,184.37,183.85,183.95,416952
2026-08-12 12:45:00,183.95,184.01,183.8,184.01,380260
2026-08-12 12:50:00,184.01,184.2,183.92,184.14,250790
2026-08-12 12:55:00,184.11,184.69,184.1,184.67,791009
2026-08-12 13:00:00,184.75,184.91,184.74,184.8,353890
2026-08-12 13:05:00,184.8,184.85,184.53,184.71,507930
2026-08-12 13:10:00,184.71,184.96,184.6,184.71,365636
2026-08-12 13:15:00,184.71,185.01,184.61,184.74,982236
2026-08-12 13:20:00,184.74,184.74,184.5,184.57,358862
2026-08-12 13:25:00,184.57,184.7,184.43,184.58,475273
2026-08-12 13:30:00,184.59,184.85,184.55,184.68,257881
2026-08-12 13:35:00,184.69,184.77,184.58,184.73,313629
2026-08-12 13:40:00,184.83,184.83,184.62,184.74,414374
2026-08-12 13:45:00,184.72,184.76,184.62,184.7,318488
2026-08-12 13:50:00,184.7,184.84,184.65,184.75,258652
2026-08-12 13:55:00,184.75,184.82,184.69,184.82,190954
2026-08-12 14:00:00,184.83,184.83,184.72,184.78,126258
2026-08-12 14:05:00,184.81,184.84,184.49,184.67,368548
2026-08-12 14:10:00,184.67,184.74,184.55,184.74,442728
2026-08-12 14:15:00,184.72,184.74,184.48,184.63,463904
2026-08-12 14:20:00,184.52,184.66,184.22,184.58,503306
2026-08-12 14:25:00,184.58,184.65,184.38,184.51,482468
2026-08-12 14:30:00,184.51,184.88,184.39,184.66,638966
2026-08-12 14:35:00,184.73,184.87,184.53,184.81,569651
2026-08-12 14:40:00,184.82,185.0,184.73,184.85,691611
2026-08-12 14:45:00,184.86,184.92,184.63,184.69,555644
2026-08-12 14:50:00,184.69,185.3,184.63,185.22,1291356
2026-08-12 14:55:00,185.22,185.45,185.06,185.29,805151
2026-08-12 15:00:00,185.38,185.39,185.04,185.14,867281
2026-08-12 15:05:00,185.11,185.5,185.0,185.07,1002590
2026-08-12 15:10:00,185.07,185.57,185.0,185.0,966797
2026-08-12 15:15:00,185.0,185.0,185.0,185.0,0
2026-08-12 15:20:00,185.0,185.0,185.0,185.0,0
2026-08-12 15:25:00,185.0,186.2,185.0,186.2,705096
2026-08-13 09:15:00,186.2,186.66,185.36,185.5,550724
2026-08-13 09:20:00,185.5,185.8,185.25,185.61,209251
2026-08-13 09:25:00,185.65,185.8,185.5,185.57,143533
2026-08-13 09:30:00,185.46,185.54,185.01,185.11,224791
2026-08-13 09:35:00,185.11,185.3,185.05,185.26,129037
2026-08-13 09:40:00,185.26,185.4,185.19,185.3,131397
2026-08-13 09:45:00,185.25,185.45,185.25,185.38,78265
2026-08-13 09:50:00,185.39,185.41,185.15,185.3,137715
2026-08-13 09:55:00,185.26,185.3,184.87,184.97,308176
2026-08-13 10:00:00,184.97,184.97,184.8,184.85,122310
2026-08-13 10:05:00,184.81,184.87,184.7,184.8,172980
2026-08-13 10:10:00,184.8,184.85,184.62,184.76,113561
2026-08-13 10:15:00,184.79,184.79,184.5,184.59,189554
2026-08-13 10:20:00,184.59,184.73,184.58,184.69,96315
2026-08-13 10:25:00,184.71,184.79,184.63,184.66,106787
2026-08-13 10:30:00,184.66,184.72,184.55,184.58,106781
2026-08-13 10:35:00,184.59,184.78,184.55,184.74,97936
2026-08-13 10:40:00,184.74,184.84,184.69,184.8,141581
2026-08-13 10:45:00,184.81,184.83,184.62,184.71,142439
2026-08-13 10:50:00,184.74,184.77,184.56,184.59,96263
2026-08-13 10:55:00,184.63,184.76,184.59,184.68,73537
2026-08-13 11:00:00,184.69,184.7,184.54,184.57,236947
2026-08-13 11:05:00,184.57,184.6,184.5,184.58,83050
2026-08-13 11:10:00,184.56,184.6,184.41,184.47,167819
2026-08-13 11:15:00,184.45,184.7,184.43,184.61,99336
2026-08-13 11:20:00,184.62,184.82,184.59,184.65,217643
2026-08-13 11:25:00,184.67,184.78,184.62,184.68,79477
2026-08-13 11:30:00,184.68,184.73,184.62,184.65,52721
2026-08-13 11:35:00,184.66,184.9,184.64,184.85,120867
2026-08-13 11:40:00,184.86,184.95,184.6,184.6,150644
2026-08-13 11:45:00,184.6,184.68,184.6,184.65,75390
2026-08-13 11:50:00,184.65,184.68,184.53,184.53,73387
2026-08-13 11:55:00,184.57,184.87,184.53,184.84,84113
2026-08-13 12:00:00,184.87,185.11,184.8,184.92,228969
2026-08-13 12:05:00,184.92,184.97,184.85,184.88,73713
2026-08-13 12:10:00,184.87,184.97,184.76,184.85,89321
2026-08-13 12:15:00,184.86,184.94,184.8,184.85,102222
2026-08-13 12:20:00,184.86,184.89,184.76,184.84,61993
2026-08-13 12:25:00,184.85,184.88,184.12,184.18,392638
2026-08-13 12:30:00,184.18,184.57,183.46,184.34,4276641
2026-08-13 12:35:00,184.3,184.47,183.68,183.74,1791223
2026-08-13 12:40:00,183.74,183.83,183.65,183.72,141211
2026-08-13 12:45:00,183.71,183.73,183.55,183.67,140208
2026-08-13 12:50:00,183.68,183.76,183.5,183.64,231815
2026-08-13 12:55:00,183.63,183.9,183.5,183.9,83388
2026-08-13 13:00:00,183.86,183.95,183.82,183.88,87218
2026-08-13 13:05:00,183.88,183.91,183.7,183.8,72158
2026-08-13 13:10:00,183.81,183.85,183.7,183.75,117613
2026-08-13 13:15:00,183.8,183.99,183.68,183.93,139728
2026-08-13 13:20:00,183.91,184.03,183.87,184.0,105673
2026-08-13 13:25:00,184.0,184.05,183.93,184.05,94146
2026-08-13 13:30:00,184.02,184.03,183.8,183.81,157060
2026-08-13 13:35:00,183.88,184.14,183.8,184.03,226287
2026-08-13 13:40:00,184.03,184.36,184.03,184.26,230348
2026-08-13 13:45:00,184.26,184.33,184.13,184.24,203888
2026-08-13 13:50:00,184.25,184.29,184.22,184.25,87619
2026-08-13 13:55:00,184.26,184.29,184.2,184.28,128215
2026-08-13 14:00:00,184.27,184.33,184.22,184.25,371862
2026-08-13 14:05:00,184.24,184.48,184.17,184.17,543441
2026-08-13 14:10:00,184.16,184.4,184.1,184.27,245572
2026-08-13 14:15:00,184.29,184.48,184.27,184.46,139215
2026-08-13 14:20:00,184.47,184.5,184.32,184.42,202974
2026-08-13 14:25:00,184.41,184.74,184.31,184.49,263935
2026-08-13 14:30:00,184.49,184.64,184.31,184.35,125739
2026-08-13 14:35:00,184.35,184.43,184.17,184.31,152325
2026-08-13 14:40:00,184.31,184.39,184.1,184.11,193544
2026-08-13 14:45:00,184.17,184.18,184.02,184.15,208966
2026-08-13 14:50:00,184.16,184.26,184.08,184.11,230791
2026-08-13 14:55:00,184.13,184.19,183.98,183.99,478767
2026-08-13 15:00:00,183.98,183.98,183.75,183.83,712084
2026-08-13 15:05:00,183.85,183.85,183.6,183.7,634376
2026-08-13 15:10:00,183.69,183.82,183.5,183.8,644945
2026-08-13 15:15:00,183.72,183.72,183.72,183.72,1202
2026-08-13 15:20:00,183.72,183.72,183.72,183.72,0
2026-08-13 15:25:00,183.72,184.85,183.72,184.85,621565
2026-08-14 09:15:00,184.0,184.19,182.62,182.93,724503
2026-08-14 09:20:00,182.93,183.29,182.77,183.16,255930
2026-08-14 09:25:00,183.1,183.15,182.7,182.79,225351
2026-08-14 09:30:00,182.75,182.75,182.1,182.16,427277
2026-08-14 09:35:00,182.2,182.48,182.16,182.42,250273
2026-08-14 09:40:00,182.4,182.41,182.01,182.1,201194
2026-08-14 09:45:00,182.07,182.29,181.65,181.72,668750
2026-08-14 09:50:00,181.72,181.88,181.49,181.51,391291
2026-08-14 09:55:00,181.51,181.8,181.45,181.76,229195
2026-08-14 10:00:00,181.76,181.95,181.65,181.83,201892
2026-08-14 10:05:00,181.82,181.87,181.65,181.75,135113
2026-08-14 10:10:00,181.75,181.8,181.55,181.6,151571
2026-08-14 10:15:00,181.61,181.71,181.54,181.6,117248
2026-08-14 10:20:00,181.6,181.65,181.54,181.62,132303
2026-08-14 10:25:00,181.63,181.65,181.45,181.51,360524
2026-08-14 10:30:00,181.51,181.53,180.16,180.44,1065947
2026-08-14 10:35:00,180.45,180.59,180.0,180.57,557660
2026-08-14 10:40:00,180.58,180.7,180.23,180.65,510846
2026-08-14 10:45:00,180.65,181.6,180.63,181.42,568134
2026-08-14 10:50:00,181.43,181.55,181.3,181.54,304783
2026-08-14 10:55:00,181.54,181.88,181.51,181.65,261459
2026-08-14 11:00:00,181.65,181.73,181.43,181.72,168559
2026-08-14 11:05:00,181.72,181.72,181.52,181.7,91720
2026-08-14 11:10:00,181.7,181.95,181.66,181.95,165498
2026-08-14 11:15:00,181.95,182.15,181.84,181.99,203093
2026-08-14 11:20:00,181.96,182.07,181.92,182.0,213749
2026-08-14 11:25:00,182.0,182.1,181.81,181.95,102746
2026-08-14 11:30:00,181.95,182.2,181.78,182.11,159897
2026-08-14 11:35:00,182.11,182.14,181.79,181.83,86269
2026-08-14 11:40:00,181.88,182.12,181.79,182.11,76217
2026-08-14 11:45:00,182.1,182.43,182.04,182.23,204129
2026-08-14 11:50:00,182.23,182.32,182.18,182.22,232044
2026-08-14 11:55:00,182.22,182.38,182.21,182.33,90882
2026-08-14 12:00:00,182.3,182.39,182.3,182.39,84302
2026-08-14 12:05:00,182.38,182.7,182.38,182.65,259057
2026-08-14 12:10:00,182.65,182.67,182.5,182.51,84621
2026-08-14 12:15:00,182.55,182.68,182.5,182.67,104865
2026-08-14 12:20:00,182.65,182.67,182.57,182.64,60298
2026-08-14 12:25:00,182.63,182.66,182.5,182.51,66449
2026-08-14 12:30:00,182.47,182.66,182.42,182.59,94183
2026-08-14 12:35:00,182.55,182.63,182.52,182.6,25823
2026-08-14 12:40:00,182.6,182.63,182.4,182.56,123895
2026-08-14 12:45:00,182.6,182.78,182.54,182.7,83303
2026-08-14 12:50:00,182.67,182.95,182.67,182.91,177748
2026-08-14 12:55:00,182.92,182.92,182.69,182.82,76513
2026-08-14 13:00:00,182.85,182.9,182.76,182.84,56675
2026-08-14 13:05:00,182.84,182.97,182.8,182.9,98525
2026-08-14 13:10:00,182.92,182.97,182.84,182.86,72086
2026-08-14 13:15:00,182.91,182.94,182.85,182.93,87523
2026-08-14 13:20:00,182.91,182.94,182.82,182.88,89293
2026-08-14 13:25:00,182.88,182.94,182.8,182.92,67820
2026-08-14 13:30:00,182.93,182.96,182.86,182.95,178245
2026-08-14 13:35:00,182.96,182.96,182.48,182.64,242505
2026-08-14 13:40:00,182.7,182.75,182.66,182.69,67278
2026-08-14 13:45:00,182.72,183.14,182.66,183.02,250478
2026-08-14 13:50:00,183.05,183.15,183.02,183.05,101973
2026-08-14 13:55:00,183.06,183.15,183.03,183.15,114104
2026-08-14 14:00:00,183.11,183.28,183.07,183.2,95432
2026-08-14 14:05:00,183.23,183.25,183.16,183.2,57727
2026-08-14 14:10:00,183.22,183.22,183.05,183.11,80719
2026-08-14 14:15:00,183.11,183.24,183.05,183.06,106581
2026-08-14 14:20:00,183.05,183.18,183.05,183.08,133781
2026-08-14 14:25:00,183.05,183.14,183.0,183.12,127491
2026-08-14 14:30:00,183.11,183.38,183.07,183.33,201472
2026-08-14 14:35:00,183.33,183.64,183.3,183.58,280126
2026-08-14 14:40:00,183.58,183.65,183.33,183.45,170320
2026-08-14 14:45:00,183.48,183.51,183.35,183.4,114258
2026-08-14 14:50:00,183.4,183.62,183.37,183.57,251314
2026-08-14 14:55:00,183.6,183.75,183.5,183.66,277445
2026-08-14 15:00:00,183.66,183.67,183.51,183.57,370595
2026-08-14 15:05:00,183.56,183.6,183.24,183.34,584097
2026-08-14 15:10:00,183.36,183.54,183.31,183.49,444741
2026-08-14 15:15:00,183.49,183.49,183.49,183.49,2425
2026-08-14 15:20:00,183.49,183.49,183.49,183.49,0
2026-08-14 15:25:00,183.49,183.5,183.49,183.5,558502
2026-08-17 09:15:00,183.5,184.28,182.6,182.78,467274
2026-08-17 09:20:00,182.78,182.78,182.32,182.52,253841
2026-08-17 09:25:00,182.52,182.57,182.22,182.49,185607
2026-08-17 09:30:00,182.5,182.51,182.25,182.33,121463
2026-08-17 09:35:00,182.33,182.6,182.3,182.39,79462
2026-08-17 09:40:00,182.39,182.97,182.3,182.87,147015
2026-08-17 09:45:00,182.86,183.5,182.78,183.43,228337
2026-08-17 09:50:00,183.42,183.43,183.16,183.28,111788
2026-08-17 09:55:00,183.29,183.4,183.15,183.29,135101
2026-08-17 10:00:00,183.29,183.29,183.03,183.25,115696
2026-08-17 10:05:00,183.25,183.45,183.2,183.33,102995
2026-08-17 10:10:00,183.32,183.47,183.32,183.39,69385
2026-08-17 10:15:00,183.39,183.42,183.12,183.24,111646
2026-08-17 10:20:00,183.24,183.34,183.13,183.3,86541
2026-08-17 10:25:00,183.3,183.4,183.17,183.4,138976
2026-08-17 10:30:00,183.4,183.4,182.71,183.14,179036
2026-08-17 10:35:00,183.1,183.15,182.75,182.93,55211
2026-08-17 10:40:00,182.9,183.07,182.7,182.71,79481
2026-08-17 10:45:00,182.78,182.78,182.56,182.6,144468
2026-08-17 10:50:00,182.68,182.8,182.59,182.76,58101
2026-08-17 10:55:00,182.79,182.82,182.6,182.68,69740
2026-08-17 11:00:00,182.68,182.68,182.3,182.5,152150
2026-08-17 11:05:00,182.43,182.59,182.4,182.44,81785
2026-08-17 11:10:00,182.46,182.49,182.14,182.28,205694
2026-08-17 11:15:00,182.21,182.33,182.1,182.13,114653
2026-08-17 11:20:00,182.12,182.24,182.06,182.21,90376
2026-08-17 11:25:00,182.18,182.32,182.11,182.26,122113
2026-08-17 11:30:00,182.3,182.36,182.2,182.31,56277
2026-08-17 11:35:00,182.28,182.37,182.2,182.34,67643
2026-08-17 11:40:00,182.34,182.9,182.27,182.61,175331
2026-08-17 11:45:00,182.6,183.17,182.5,183.15,732103
2026-08-17 11:50:00,183.09,183.49,183.09,183.37,162733
2026-08-17 11:55:00,183.32,183.68,183.32,183.55,241358
2026-08-17 12:00:00,183.62,183.98,183.56,183.91,269152
2026-08-17 12:05:00,183.94,183.97,183.55,183.76,312460
2026-08-17 12:10:00,183.7,183.8,183.53,183.8,268917
2026-08-17 12:15:00,183.8,183.94,183.77,183.92,78191
2026-08-17 12:20:00,183.9,183.99,183.81,183.88,88980
2026-08-17 12:25:00,183.9,183.99,183.81,183.95,159596
2026-08-17 12:30:00,183.95,183.99,183.85,183.97,111766
2026-08-17 12:35:00,183.97,184.1,183.71,184.04,336040
2026-08-17 12:40:00,184.03,184.18,183.93,184.0,134833
2026-08-17 12:45:00,183.99,185.0,183.91,184.39,612516
2026-08-17 12:50:00,184.39,184.57,184.3,184.45,152370
2026-08-17 12:55:00,184.45,184.55,184.41,184.53,94352
2026-08-17 13:00:00,184.5,184.65,184.45,184.56,142035
2026-08-17 13:05:00,184.55,184.79,184.48,184.51,184100
2026-08-17 13:10:00,184.51,184.84,184.51,184.84,196875
2026-08-17 13:15:00,184.84,185.38,184.84,185.34,528692
2026-08-17 13:20:00,185.34,185.48,185.16,185.48,146539
2026-08-17 13:25:00,185.48,185.56,185.4,185.48,222129
2026-08-17 13:30:00,185.42,185.59,185.27,185.37,193555
2026-08-17 13:35:00,185.35,185.64,185.24,185.55,224738
2026-08-17 13:40:00,185.51,185.8,185.5,185.72,198983
2026-08-17 13:45:00,185.71,185.73,185.55,185.56,66370
2026-08-17 13:50:00,185.57,185.6,185.52,185.58,103910
2026-08-17 13:55:00,185.58,185.75,185.52,185.58,121859
2026-08-17 14:00:00,185.58,186.3,185.41,186.3,1782680
2026-08-17 14:05:00,186.27,186.35,186.07,186.13,184190
2026-08-17 14:10:00,186.15,186.15,185.99,186.04,203181
2026-08-17 14:15:00,186.0,186.05,185.99,186.01,246122
2026-08-17 14:20:00,186.0,186.01,185.8,185.89,477930
2026-08-17 14:25:00,185.95,185.99,185.72,185.8,140441
2026-08-17 14:30:00,185.79,185.94,185.76,185.76,168394
2026-08-17 14:35:00,185.82,185.9,185.75,185.84,77265
2026-08-17 14:40:00,185.87,185.91,185.77,185.91,75664
2026-08-17 14:45:00,185.89,186.1,185.8,186.09,178258
2026-08-17 14:50:00,186.05,186.1,185.84,185.97,234019
2026-08-17 14:55:00,185.94,185.99,185.78,185.79,193168
2026-08-17 15:00:00,185.78,186.04,185.64,185.99,475916
2026-08-17 15:05:00,185.94,186.2,185.91,186.01,607676
2026-08-17 15:10:00,186.02,186.22,185.93,186.0,689398
2026-08-17 15:15:00,186.0,186.0,186.0,186.0,4650
2026-08-17 15:20:00,186.0,186.0,186.0,186.0,0
2026-08-17 15:25:00,186.0,186.0,186.0,186.0,395125
2026-08-18 09:15:00,186.34,186.74,185.67,186.26,841700
2026-08-18 09:20:00,186.26,186.74,186.21,186.74,623632
2026-08-18 09:25:00,186.71,187.11,186.54,187.0,476224
2026-08-18 09:30:00,187.02,187.02,186.5,186.72,310149
2026-08-18 09:35:00,186.72,186.74,186.45,186.65,171388
2026-08-18 09:40:00,186.69,186.82,186.48,186.56,166716
2026-08-18 09:45:00,186.56,186.7,186.42,186.63,108351
2026-08-18 09:50:00,186.63,186.63,186.45,186.5,121915
2026-08-18 09:55:00,186.51,186.58,186.31,186.56,188772
2026-08-18 10:00:00,186.57,186.57,186.07,186.21,193832
2026-08-18 10:05:00,186.21,186.49,186.13,186.33,290004
2026-08-18 10:10:00,186.39,186.39,185.71,185.72,262730
2026-08-18 10:15:00,185.78,185.78,185.5,185.56,201692
2026-08-18 10:20:00,185.56,185.7,185.41,185.5,132569
2026-08-18 10:25:00,185.56,185.78,185.5,185.67,93585
2026-08-18 10:30:00,185.67,185.76,185.32,185.5,82769
2026-08-18 10:35:00,185.54,185.55,185.41,185.49,68870
2026-08-18 10:40:00,185.5,185.5,185.28,185.35,124592
2026-08-18 10:45:00,185.33,185.35,184.8,184.82,344376
2026-08-18 10:50:00,184.82,185.0,184.8,184.94,159959
2026-08-18 10:55:00,184.92,184.96,184.6,184.84,118927
2026-08-18 11:00:00,184.83,184.91,184.69,184.7,104340
2026-08-18 11:05:00,184.76,184.97,184.7,184.76,86215
2026-08-18 11:10:00,184.77,184.85,184.52,184.81,164625
2026-08-18 11:15:00,184.76,184.96,184.7,184.91,97567
2026-08-18 11:20:00,184.91,185.02,184.85,184.92,315210
2026-08-18 11:25:00,184.9,184.91,184.7,184.85,61130
2026-08-18 11:30:00,184.83,184.85,184.35,184.5,175305
2026-08-18 11:35:00,184.5,184.5,184.43,184.43,88830
2026-08-18 11:40:00,184.43,184.59,184.37,184.47,101163
2026-08-18 11:45:00,184.47,184.64,184.33,184.63,217491
2026-08-18 11:50:00,184.63,184.91,184.61,184.8,119251
2026-08-18 11:55:00,184.7,184.9,184.7,184.89,69093
2026-08-18 12:00:00,184.89,184.93,184.57,184.6,144300
2026-08-18 12:05:00,184.54,184.8,184.5,184.78,165132
2026-08-18 12:10:00,184.78,184.83,184.68,184.75,75579
2026-08-18 12:15:00,184.7,184.78,184.61,184.75,79342
2026-08-18 12:20:00,184.75,184.87,184.61,184.8,71540
2026-08-18 12:25:00,184.87,184.93,184.74,184.83,144738
2026-08-18 12:30:00,184.9,185.0,184.86,184.99,70364
2026-08-18 12:35:00,184.99,185.0,184.75,184.79,109732
2026-08-18 12:40:00,184.78,184.85,184.63,184.72,76062
2026-08-18 12:45:00,184.66,184.82,184.63,184.78,74901
2026-08-18 12:50:00,184.77,184.81,184.63,184.63,71501
2026-08-18 12:55:00,184.65,184.77,184.58,184.58,73906
2026-08-18 13:00:00,184.58,184.67,184.51,184.6,83081
2026-08-18 13:05:00,184.6,184.66,184.51,184.64,108923
2026-08-18 13:10:00,184.64,184.74,184.57,184.69,104865
2026-08-18 13:15:00,184.68,184.79,184.61,184.66,87829
2026-08-18 13:20:00,184.68,184.77,184.64,184.73,296493
2026-08-18 13:25:00,184.72,184.8,184.65,184.77,114771
2026-08-18 13:30:00,184.77,184.77,184.65,184.68,69104
2026-08-18 13:35:00,184.68,184.7,184.48,184.49,96548
2026-08-18 13:40:00,184.5,184.6,184.47,184.5,71470
2026-08-18 13:45:00,184.51,184.7,184.5,184.64,70404
2026-08-18 13:50:00,184.67,184.7,184.54,184.63,68956
2026-08-18 13:55:00,184.63,184.66,184.57,184.62,69775
2026-08-18 14:00:00,184.62,184.63,184.55,184.6,111427
2026-08-18 14:05:00,184.6,184.6,184.49,184.53,143804
2026-08-18 14:10:00,184.5,184.67,184.5,184.65,82200
2026-08-18 14:15:00,184.65,184.66,184.55,184.61,80004
2026-08-18 14:20:00,184.58,184.97,184.55,184.89,215376
2026-08-18 14:25:00,184.88,184.99,184.75,184.9,138094
2026-08-18 14:30:00,184.97,185.0,184.8,184.87,143804
2026-08-18 14:35:00,184.87,184.89,184.6,184.65,101891
2026-08-18 14:40:00,184.65,184.7,184.6,184.69,95433
2026-08-18 14:45:00,184.69,184.92,184.63,184.84,287405
2026-08-18 14:50:00,184.84,184.94,184.76,184.8,228301
2026-08-18 14:55:00,184.79,184.88,184.71,184.88,171088
2026-08-18 15:00:00,184.95,185.0,184.64,184.64,396445
2026-08-18 15:05:00,184.67,184.88,184.44,184.83,421278
2026-08-18 15:10:00,184.9,185.12,184.75,185.12,722777
2026-08-18 15:15:00,185.07,185.07,185.07,185.07,840
2026-08-18 15:20:00,185.07,185.07,185.07,185.07,0
2026-08-18 15:25:00,185.07,185.5,185.07,185.5,882966
2026-08-19 09:15:00,184.16,184.95,183.03,183.11,908751
2026-08-19 09:20:00,183.14,183.6,183.0,183.37,387000
2026-08-19 09:25:00,183.37,183.45,183.12,183.17,216964
2026-08-19 09:30:00,183.16,183.16,182.5,182.57,465907
2026-08-19 09:35:00,182.57,182.84,182.5,182.83,193534
2026-08-19 09:40:00,182.88,183.0,182.75,182.78,234165
2026-08-19 09:45:00,182.73,183.25,182.7,183.24,273183
2026-08-19 09:50:00,183.24,183.4,183.13,183.33,222304
2026-08-19 09:55:00,183.33,184.38,183.26,184.08,750059
2026-08-19 10:00:00,184.1,184.45,184.02,184.15,423709
2026-08-19 10:05:00,184.16,184.18,183.73,183.76,186091
2026-08-19 10:10:00,183.79,183.88,183.61,183.85,227909
2026-08-19 10:15:00,183.8,183.94,183.76,183.78,109873
2026-08-19 10:20:00,183.81,183.97,183.76,183.95,99501
2026-08-19 10:25:00,183.96,184.29,183.91,184.18,411245
2026-08-19 10:30:00,184.2,184.28,184.0,184.19,241410
2026-08-19 10:35:00,184.22,184.28,183.9,183.9,146543
2026-08-19 10:40:00,183.91,184.0,183.57,183.82,224978
2026-08-19 10:45:00,183.82,183.99,183.78,183.97,148162
2026-08-19 10:50:00,183.99,184.34,183.88,184.08,164556
2026-08-19 10:55:00,184.15,184.69,184.08,184.59,267678
2026-08-19 11:00:00,184.44,184.66,184.36,184.51,176606
2026-08-19 11:05:00,184.53,184.53,184.12,184.51,144121
2026-08-19 11:10:00,184.51,184.6,184.34,184.43,90830
2026-08-19 11:15:00,184.43,184.43,184.19,184.34,77750
2026-08-19 11:20:00,184.4,184.4,184.12,184.14,109298
2026-08-19 11:25:00,184.14,184.32,184.11,184.3,80259
2026-08-19 11:30:00,184.32,184.33,184.05,184.29,84141
2026-08-19 11:35:00,184.29,184.29,184.0,184.05,102385
2026-08-19 11:40:00,184.05,184.09,184.0,184.0,80136
2026-08-19 11:45:00,184.06,184.12,183.81,183.86,146630
2026-08-19 11:50:00,183.81,184.28,183.72,184.26,219264
2026-08-19 11:55:00,184.26,184.28,184.01,184.01,79783
2026-08-19 12:00:00,184.07,184.13,183.85,183.85,100542
2026-08-19 12:05:00,183.88,183.96,183.51,183.54,297694
2026-08-19 12:10:00,183.55,183.59,183.41,183.55,207463
2026-08-19 12:15:00,183.56,183.59,183.4,183.5,178482
2026-08-19 12:20:00,183.56,183.67,183.5,183.66,91507
2026-08-19 12:25:00,183.66,183.78,183.42,183.72,255402
2026-08-19 12:30:00,183.7,183.7,183.41,183.45,102818
2026-08-19 12:35:00,183.45,183.58,183.34,183.57,128663
2026-08-19 12:40:00,183.61,183.73,183.51,183.61,229458
2026-08-19 12:45:00,183.61,183.66,183.51,183.59,98018
2026-08-19 12:50:00,183.59,183.76,183.5,183.74,92142
2026-08-19 12:55:00,183.75,183.89,183.71,183.78,84535
2026-08-19 13:00:00,183.78,183.96,183.72,183.95,91888
2026-08-19 13:05:00,183.94,184.38,183.85,184.25,466972
2026-08-19 13:10:00,184.26,184.29,183.99,184.12,135264
2026-08-19 13:15:00,184.11,184.19,183.86,183.88,135229
2026-08-19 13:20:00,183.98,183.98,183.76,183.93,92316
2026-08-19 13:25:00,183.95,184.05,183.8,183.99,132628
2026-08-19 13:30:00,183.99,184.19,183.95,184.05,131370
2026-08-19 13:35:00,184.06,184.33,184.02,184.33,182727
2026-08-19 13:40:00,184.33,184.44,184.3,184.43,103105
2026-08-19 13:45:00,184.43,184.49,184.22,184.32,129320
2026-08-19 13:50:00,184.32,184.47,184.22,184.28,135424
2026-08-19 13:55:00,184.33,184.34,183.9,183.96,113204
2026-08-19 14:00:00,184.0,184.11,183.92,184.0,88463
2026-08-19 14:05:00,184.02,184.05,183.87,183.93,133180
2026-08-19 14:10:00,183.93,184.15,183.88,184.0,123168
2026-08-19 14:15:00,184.01,184.05,183.88,183.88,135726
2026-08-19 14:20:00,183.88,184.09,183.86,184.0,120966
2026-08-19 14:25:00,184.04,184.14,183.95,184.11,187012
2026-08-19 14:30:00,184.14,184.31,184.05,184.24,105145
2026-08-19 14:35:00,184.2,184.4,183.85,183.94,271926
2026-08-19 14:40:00,183.93,184.0,183.81,184.0,145015
2026-08-19 14:45:00,184.02,184.09,183.88,183.9,196907
2026-08-19 14:50:00,183.94,183.94,183.83,183.91,296909
2026-08-19 14:55:00,183.91,183.91,183.75,183.78,292331
2026-08-19 15:00:00,183.74,183.91,183.67,183.7,356025
2026-08-19 15:05:00,183.73,183.73,183.58,183.58,457653
2026-08-19 15:10:00,183.58,183.99,183.5,183.66,677129
2026-08-19 15:15:00,183.64,183.64,183.64,183.64,101
2026-08-19 15:20:00,183.64,183.64,183.64,183.64,0
2026-08-19 15:25:00,183.64,184.0,183.64,184.0,418232
2026-08-20 09:15:00,185.0,185.5,183.87,184.78,1016333
2026-08-20 09:20:00,184.78,184.89,184.25,184.32,244165
2026-08-20 09:25:00,184.2,184.43,184.11,184.34,203627
2026-08-20 09:30:00,184.34,184.45,184.17,184.38,179971
2026-08-20 09:35:00,184.42,184.62,184.23,184.35,136386
2026-08-20 09:40:00,184.39,184.39,184.04,184.16,183973
2026-08-20 09:45:00,184.18,184.25,183.84,183.9,206055
2026-08-20 09:50:00,183.94,183.94,183.01,183.42,640767
2026-08-20 09:55:00,183.42,183.78,183.4,183.51,283673
2026-08-20 10:00:00,183.55,183.61,183.39,183.4,111825
2026-08-20 10:05:00,183.44,184.4,183.4,184.29,236940
2026-08-20 10:10:00,184.3,184.78,184.17,184.52,327484
2026-08-20 10:15:00,184.52,184.74,184.41,184.56,163275
2026-08-20 10:20:00,184.63,185.0,184.55,184.8,489742
2026-08-20 10:25:00,184.77,185.14,184.67,185.14,524162
2026-08-20 10:30:00,185.14,185.45,184.69,185.42,744876
2026-08-20 10:35:00,185.42,185.6,185.16,185.18,479571
2026-08-20 10:40:00,185.2,185.4,185.1,185.27,233617
2026-08-20 10:45:00,185.26,185.38,185.26,185.38,136280
2026-08-20 10:50:00,185.33,185.47,184.75,184.84,282275
2026-08-20 10:55:00,184.8,185.0,184.65,184.74,572879
2026-08-20 11:00:00,184.74,184.76,184.38,184.41,207107
2026-08-20 11:05:00,184.44,184.5,184.38,184.45,101831
2026-08-20 11:10:00,184.45,184.48,184.08,184.14,153287
2026-08-20 11:15:00,184.14,184.48,183.88,183.9,730534
2026-08-20 11:20:00,183.9,184.22,183.75,184.18,313276
2026-08-20 11:25:00,184.18,184.23,183.81,183.96,759869
2026-08-20 11:30:00,183.96,184.05,183.88,184.0,153433
2026-08-20 11:35:00,183.96,184.14,183.81,183.87,144861
2026-08-20 11:40:00,183.85,183.91,183.6,183.71,751958
2026-08-20 11:45:00,183.71,183.76,183.52,183.73,754624
2026-08-20 11:50:00,183.7,183.86,183.7,183.76,153839
2026-08-20 11:55:00,183.78,183.99,183.6,183.65,324417
2026-08-20 12:00:00,183.65,183.83,183.55,183.76,509362
2026-08-20 12:05:00,183.81,183.88,183.7,183.78,215409
2026-08-20 12:10:00,183.76,183.87,183.71,183.85,91076
2026-08-20 12:15:00,183.88,184.0,183.82,184.0,87804
2026-08-20 12:20:00,184.0,184.0,183.73,183.73,123355
2026-08-20 12:25:00,183.78,183.89,183.7,183.78,71723
2026-08-20 12:30:00,183.78,183.82,183.61,183.75,130993
2026-08-20 12:35:00,183.71,183.89,183.7,183.88,65638
2026-08-20 12:40:00,183.88,183.9,183.6,183.61,155182
2026-08-20 12:45:00,183.62,183.93,183.6,183.9,122400
2026-08-20 12:50:00,183.93,184.0,183.78,183.82,151389
2026-08-20 12:55:00,183.84,183.94,183.72,183.9,85778
2026-08-20 13:00:00,183.93,183.95,183.72,183.72,71059
2026-08-20 13:05:00,183.74,183.79,183.55,183.7,218236
2026-08-20 13:10:00,183.7,183.7,183.55,183.57,270700
2026-08-20 13:15:00,183.59,183.65,183.47,183.56,354185
2026-08-20 13:20:00,183.61,183.87,183.56,183.84,95602
2026-08-20 13:25:00,183.85,183.85,183.34,183.59,701914
2026-08-20 13:30:00,183.6,183.63,183.2,183.38,734148
2026-08-20 13:35:00,183.38,183.44,183.25,183.38,138022
2026-08-20 13:40:00,183.36,183.4,183.25,183.36,119555
2026-08-20 13:45:00,183.37,183.43,183.23,183.27,110152
2026-08-20 13:50:00,183.32,183.33,183.0,183.26,285803
2026-08-20 13:55:00,183.25,183.41,183.22,183.37,107654
2026-08-20 14:00:00,183.35,183.39,183.28,183.38,117648
2026-08-20 14:05:00,183.36,183.53,183.36,183.53,73998
2026-08-20 14:10:00,183.53,183.53,183.4,183.45,47340
2026-08-20 14:15:00,183.43,183.46,183.21,183.28,245969
2026-08-20 14:20:00,183.29,183.56,183.28,183.42,150159
2026-08-20 14:25:00,183.41,183.51,183.31,183.48,158628
2026-08-20 14:30:00,183.48,183.49,183.35,183.39,103710
2026-08-20 14:35:00,183.39,183.47,183.3,183.46,110341
2026-08-20 14:40:00,183.45,183.51,183.37,183.51,145698
2026-08-20 14:45:00,183.51,183.59,183.38,183.58,356175
2026-08-20 14:50:00,183.58,183.59,183.41,183.54,216179
2026-08-20 14:55:00,183.56,183.57,183.42,183.53,145216
2026-08-20 15:00:00,183.53,183.53,183.34,183.5,383230
2026-08-20 15:05:00,183.47,183.5,183.01,183.17,657835
2026-08-20 15:10:00,183.15,183.64,182.95,183.14,1114988
2026-08-20 15:15:00,183.14,183.14,183.14,183.14,3
2026-08-20 15:20:00,183.14,183.14,183.14,183.14,0
2026-08-20 15:25:00,183.14,183.5,183.14,183.5,723505
2026-08-21 09:15:00,184.4,184.4,183.17,183.84,672207
2026-08-21 09:20:00,183.88,183.95,183.5,183.71,303685
2026-08-21 09:25:00,183.71,184.58,183.7,184.54,452627
2026-08-21 09:30:00,184.54,184.55,184.13,184.37,457286
2026-08-21 09:35:00,184.42,184.5,184.21,184.41,334519
2026-08-21 09:40:00,184.46,184.8,184.37,184.68,535245
2026-08-21 09:45:00,184.68,184.75,184.26,184.28,263525
2026-08-21 09:50:00,184.29,184.34,184.05,184.16,220551
2026-08-21 09:55:00,184.2,184.4,184.14,184.27,161287
2026-08-21 10:00:00,184.27,184.29,183.9,183.98,289423
2026-08-21 10:05:00,183.98,184.08,183.65,184.0,641706
2026-08-21 10:10:00,184.0,184.08,183.8,183.85,124303
2026-08-21 10:15:00,183.86,183.94,183.7,183.92,226344
2026-08-21 10:20:00,183.79,183.96,183.66,183.72,367857
2026-08-21 10:25:00,183.72,184.33,183.7,184.18,276040
2026-08-21 10:30:00,184.24,184.94,183.95,184.07,963644
2026-08-21 10:35:00,184.01,184.1,183.85,183.99,1139194
2026-08-21 10:40:00,183.99,184.09,183.85,183.85,610071
2026-08-21 10:45:00,183.89,184.18,183.81,184.07,577468
2026-08-21 10:50:00,184.09,184.15,183.85,183.9,108765
2026-08-21 10:55:00,183.9,184.0,183.85,183.86,91917
2026-08-21 11:00:00,183.89,184.04,183.74,183.79,276768
2026-08-21 11:05:00,183.75,183.79,183.61,183.71,167051
2026-08-21 11:10:00,183.74,183.83,183.67,183.75,73809
2026-08-21 11:15:00,183.74,183.77,183.6,183.61,148960
2026-08-21 11:20:00,183.61,183.7,183.6,183.6,73241
2026-08-21 11:25:00,183.6,183.97,183.6,183.91,79744
2026-08-21 11:30:00,183.96,183.98,183.51,183.61,1131935
2026-08-21 11:35:00,183.62,183.64,183.13,183.28,730817
2026-08-21 11:40:00,183.16,183.18,182.98,183.05,636393
2026-08-21 11:45:00,183.06,183.06,182.75,182.92,376731
2026-08-21 11:50:00,182.92,182.92,182.57,182.61,412636
2026-08-21 11:55:00,182.55,182.79,182.52,182.74,170590
2026-08-21 12:00:00,182.7,182.89,182.7,182.87,67376
2026-08-21 12:05:00,182.89,182.99,182.84,182.88,85778
2026-08-21 12:10:00,182.88,182.95,182.62,182.66,161037
2026-08-21 12:15:00,182.66,182.77,182.5,182.77,224717
2026-08-21 12:20:00,182.75,182.78,182.53,182.63,205164
2026-08-21 12:25:00,182.7,182.7,182.51,182.53,164745
2026-08-21 12:30:00,182.6,182.65,182.51,182.51,84683
2026-08-21 12:35:00,182.55,182.55,182.41,182.49,223382
2026-08-21 12:40:00,182.49,182.5,182.23,182.3,335645
2026-08-21 12:45:00,182.3,182.58,182.3,182.54,331285
2026-08-21 12:50:00,182.54,182.78,182.5,182.67,429736
2026-08-21 12:55:00,182.67,182.74,182.58,182.64,337645
2026-08-21 13:00:00,182.7,182.77,182.6,182.66,285321
2026-08-21 13:05:00,182.67,182.79,182.61,182.72,319509
2026-08-21 13:10:00,182.7,182.92,182.65,182.84,347871
2026-08-21 13:15:00,182.85,183.2,182.73,183.02,711978
2026-08-21 13:20:00,183.02,183.11,182.72,182.74,463605
2026-08-21 13:25:00,182.72,182.8,182.65,182.8,308527
2026-08-21 13:30:00,182.8,182.87,182.74,182.75,139850
2026-08-21 13:35:00,182.75,182.8,182.65,182.66,216535
2026-08-21 13:40:00,182.69,182.7,182.62,182.69,154103
2026-08-21 13:45:00,182.66,182.75,182.65,182.66,156213
2026-08-21 13:50:00,182.65,182.73,182.5,182.52,235743
2026-08-21 13:55:00,182.51,182.59,182.41,182.42,384397
2026-08-21 14:00:00,182.41,182.63,182.41,182.46,515898
2026-08-21 14:05:00,182.54,182.54,182.4,182.52,181168
2026-08-21 14:10:00,182.46,182.53,182.4,182.48,186835
2026-08-21 14:15:00,182.49,182.63,182.44,182.63,300667
2026-08-21 14:20:00,182.61,182.64,182.38,182.4,612157
2026-08-21 14:25:00,182.4,182.64,182.39,182.56,292729
2026-08-21 14:30:00,182.55,182.65,182.54,182.6,174666
2026-08-21 14:35:00,182.58,182.79,182.5,182.59,264350
2026-08-21 14:40:00,182.62,182.66,182.46,182.46,325695
2026-08-21 14:45:00,182.45,182.6,182.45,182.5,551000
2026-08-21 14:50:00,182.5,182.54,182.46,182.48,307926
2026-08-21 14:55:00,182.5,182.52,182.4,182.4,305319
2026-08-21 15:00:00,182.38,182.44,182.33,182.35,392047
2026-08-21 15:05:00,182.35,182.65,182.2,182.49,869537
2026-08-21 15:10:00,182.5,182.7,182.0,182.58,925929
2026-08-21 15:15:00,182.5,182.5,182.5,182.5,531
2026-08-21 15:20:00,182.5,182.5,182.5,182.5,0
2026-08-21 15:25:00,182.5,183.0,182.5,183.0,568282
2026-08-24 09:15:00,184.15,185.0,183.06,184.67,1812835
2026-08-24 09:20:00,184.67,184.99,184.39,184.58,542964
2026-08-24 09:25:00,184.5,184.63,184.03,184.05,530119
2026-08-24 09:30:00,184.06,184.08,183.7,183.91,447740
2026-08-24 09:35:00,183.91,184.04,183.84,183.89,184844
2026-08-24 09:40:00,183.9,183.96,183.8,183.83,121574
2026-08-24 09:45:00,183.85,184.05,183.73,183.99,364976
2026-08-24 09:50:00,184.07,184.28,184.0,184.28,344330
2026-08-24 09:55:00,184.26,184.38,184.2,184.29,191053
2026-08-24 10:00:00,184.29,184.33,183.95,184.08,159338
2026-08-24 10:05:00,184.08,184.58,184.08,184.5,385460
2026-08-24 10:10:00,184.5,184.67,184.43,184.54,215308
2026-08-24 10:15:00,184.53,184.57,184.31,184.53,208462
2026-08-24 10:20:00,184.53,184.55,184.31,184.55,168381
2026-08-24 10:25:00,184.59,185.29,184.53,184.79,1102097
2026-08-24 10:30:00,184.79,185.61,184.63,185.55,977150
2026-08-24 10:35:00,185.6,185.68,185.04,185.16,406684
2026-08-24 10:40:00,185.16,186.04,185.07,185.55,2035268
2026-08-24 10:45:00,185.56,185.74,185.24,185.54,1462565
2026-08-24 10:50:00,185.56,185.98,185.32,185.95,715695
2026-08-24 10:55:00,185.92,185.99,185.6,185.64,462277
2026-08-24 11:00:00,185.6,185.94,185.57,185.67,1223982
2026-08-24 11:05:00,185.71,185.78,185.58,185.75,154224
2026-08-24 11:10:00,185.75,185.77,185.21,185.22,402644
2026-08-24 11:15:00,185.27,185.5,185.13,185.25,232049
2026-08-24 11:20:00,185.24,185.34,184.85,185.03,332713
2026-08-24 11:25:00,185.02,185.15,184.86,184.86,257979
2026-08-24 11:30:00,184.9,184.99,184.44,184.6,807911
2026-08-24 11:35:00,184.61,184.88,184.54,184.71,157539
2026-08-24 11:40:00,184.7,185.1,184.57,185.0,220200
2026-08-24 11:45:00,185.05,185.05,184.77,184.94,154374
2026-08-24 11:50:00,184.94,185.0,184.69,184.8,266161
2026-08-24 11:55:00,184.81,185.31,184.71,185.13,254397
2026-08-24 12:00:00,185.13,185.63,185.04,185.45,379695
2026-08-24 12:05:00,185.48,185.48,184.56,184.76,854945
2026-08-24 12:10:00,184.76,184.93,184.61,184.82,105557
2026-08-24 12:15:00,184.88,184.94,184.76,184.76,124126
2026-08-24 12:20:00,184.82,185.16,184.75,185.09,139984
2026-08-24 12:25:00,185.12,185.34,184.91,184.91,219118
2026-08-24 12:30:00,184.94,185.1,184.91,185.0,69407
2026-08-24 12:35:00,185.0,185.1,184.83,184.97,555285
2026-08-24 12:40:00,184.97,185.18,184.95,185.15,185284
2026-08-24 12:45:00,185.16,185.35,185.13,185.33,304936
2026-08-24 12:50:00,185.29,185.6,185.27,185.57,277459
2026-08-24 12:55:00,185.58,185.75,185.56,185.65,172666
2026-08-24 13:00:00,185.65,185.75,185.54,185.56,271032
2026-08-24 13:05:00,185.53,185.58,185.11,185.4,1051891
2026-08-24 13:10:00,185.41,185.65,185.36,185.51,187136
2026-08-24 13:15:00,185.53,185.57,185.39,185.42,84842
2026-08-24 13:20:00,185.43,185.45,185.24,185.29,93464
2026-08-24 13:25:00,185.29,185.31,184.97,185.09,393258
2026-08-24 13:30:00,185.09,185.11,184.96,185.06,161053
2026-08-24 13:35:00,185.11,185.2,185.01,185.18,120079
2026-08-24 13:40:00,185.18,185.2,184.86,185.06,1022090
2026-08-24 13:45:00,185.1,185.15,184.9,185.12,593422
2026-08-24 13:50:00,185.12,185.16,184.84,184.87,178127
2026-08-24 13:55:00,184.93,185.0,184.84,184.96,342653
2026-08-24 14:00:00,184.96,185.16,184.89,184.9,424778
2026-08-24 14:05:00,184.9,185.06,184.82,184.93,297877
2026-08-24 14:10:00,184.96,185.0,184.72,184.9,624619
2026-08-24 14:15:00,184.9,185.35,184.83,185.28,911444
2026-08-24 14:20:00,185.3,185.46,185.17,185.39,702315
2026-08-24 14:25:00,185.4,185.7,185.37,185.61,1137368
2026-08-24 14:30:00,185.63,185.85,185.42,185.84,1203990
2026-08-24 14:35:00,185.84,186.16,185.76,185.85,1281429
2026-08-24 14:40:00,185.85,186.0,185.58,185.68,458383
2026-08-24 14:45:00,185.71,185.85,185.52,185.74,535912
2026-08-24 14:50:00,185.75,185.75,185.46,185.47,881796
2026-08-24 14:55:00,185.49,185.5,185.1,185.36,954829
2026-08-24 15:00:00,185.36,185.5,185.15,185.37,685344
2026-08-24 15:05:00,185.38,185.71,185.25,185.65,750472
2026-08-24 15:10:00,185.57,185.64,185.26,185.31,1134439
2026-08-24 15:15:00,185.31,185.31,185.31,185.31,2
2026-08-24 15:20:00,185.31,185.31,185.31,185.31,0
2026-08-24 15:25:00,185.31,186.3,185.31,186.3,517083
2026-08-25 09:15:00,186.3,187.27,185.89,186.47,1125930
2026-08-25 09:20:00,186.39,186.68,186.1,186.41,537608
2026-08-25 09:25:00,186.36,186.4,185.74,185.95,395229
2026-08-25 09:30:00,185.95,186.28,185.9,186.1,179542
2026-08-25 09:35:00,186.11,186.2,185.37,185.49,241204
2026-08-25 09:40:00,185.56,185.63,185.1,185.17,203304
2026-08-25 09:45:00,185.22,185.22,184.75,184.84,366169
2026-08-25 09:50:00,184.85,184.86,184.6,184.8,308850
2026-08-25 09:55:00,184.8,184.98,184.72,184.8,186136
2026-08-25 10:00:00,184.85,185.01,184.84,184.92,74678
2026-08-25 10:05:00,184.95,185.0,184.75,184.75,90336
2026-08-25 10:10:00,184.77,184.88,184.68,184.75,78929
2026-08-25 10:15:00,184.77,184.81,184.6,184.7,212652
2026-08-25 10:20:00,184.67,184.7,184.0,184.05,315007
2026-08-25 10:25:00,184.09,184.35,184.04,184.22,217705
2026-08-25 10:30:00,184.22,184.27,184.1,184.27,96336
2026-08-25 10:35:00,184.2,184.27,184.1,184.18,154356
2026-08-25 10:40:00,184.13,184.36,184.05,184.3,157952
2026-08-25 10:45:00,184.3,184.49,184.18,184.38,557436
2026-08-25 10:50:00,184.38,184.4,184.06,184.24,274756
2026-08-25 10:55:00,184.25,184.49,184.1,184.1,143966
2026-08-25 11:00:00,184.15,184.16,183.82,183.99,375618
2026-08-25 11:05:00,183.99,184.07,183.91,184.01,75274
2026-08-25 11:10:00,184.05,184.13,183.5,183.77,501080
2026-08-25 11:15:00,183.77,183.85,183.6,183.72,176018
2026-08-25 11:20:00,183.72,183.9,183.6,183.86,201120
2026-08-25 11:25:00,183.87,184.07,183.75,184.0,140382
2026-08-25 11:30:00,184.0,184.23,183.94,184.1,150075
2026-08-25 11:35:00,184.1,184.12,183.76,184.11,265383
2026-08-25 11:40:00,184.11,184.11,183.83,184.03,322657
2026-08-25 11:45:00,184.0,184.03,183.85,183.97,91716
2026-08-25 11:50:00,184.02,184.2,183.99,184.11,116407
2026-08-25 11:55:00,184.15,184.37,184.11,184.24,634791
2026-08-25 12:00:00,184.24,184.33,184.16,184.25,252853
2026-08-25 12:05:00,184.25,184.36,184.08,184.14,910255
2026-08-25 12:10:00,184.14,184.18,183.95,184.15,410119
2026-08-25 12:15:00,184.16,184.94,184.15,184.72,863330
2026-08-25 12:20:00,184.75,184.75,184.39,184.6,175044
2026-08-25 12:25:00,184.64,184.82,184.54,184.68,153570
2026-08-25 12:30:00,184.65,184.65,184.24,184.5,641308
2026-08-25 12:35:00,184.47,184.65,184.26,184.32,548103
2026-08-25 12:40:00,184.26,184.39,184.18,184.25,122234
2026-08-25 12:45:00,184.25,184.4,184.19,184.35,141725
2026-08-25 12:50:00,184.35,184.46,184.27,184.34,109518
2026-08-25 12:55:00,184.38,184.48,184.18,184.42,183604
2026-08-25 13:00:00,184.46,184.46,183.8,183.83,323621
2026-08-25 13:05:00,183.84,184.2,183.84,184.06,389086
2026-08-25 13:10:00,184.01,184.06,183.76,183.92,777933
2026-08-25 13:15:00,183.93,184.04,183.81,183.89,196706
2026-08-25 13:20:00,183.89,183.9,183.75,183.76,150402
2026-08-25 13:25:00,183.73,184.01,183.7,183.86,329426
2026-08-25 13:30:00,183.86,184.09,183.86,184.06,119552
2026-08-25 13:35:00,184.05,184.14,183.95,184.02,127217
2026-08-25 13:40:00,184.05,184.14,183.93,184.01,171346
2026-08-25 13:45:00,184.01,184.14,183.95,184.03,124239
2026-08-25 13:50:00,184.04,184.24,184.0,184.24,127693
2026-08-25 13:55:00,184.24,184.24,184.0,184.04,73756
2026-08-25 14:00:00,184.04,184.05,183.62,183.7,418585
2026-08-25 14:05:00,183.7,183.78,183.6,183.63,132638
2026-08-25 14:10:00,183.63,183.72,183.62,183.66,154118
2026-08-25 14:15:00,183.62,183.8,183.58,183.73,192993
2026-08-25 14:20:00,183.73,183.77,183.5,183.54,309904
2026-08-25 14:25:00,183.56,183.7,183.51,183.69,138079
2026-08-25 14:30:00,183.7,184.09,183.65,183.96,455765
2026-08-25 14:35:00,183.97,184.07,183.94,184.04,252202
2026-08-25 14:40:00,184.05,184.4,184.0,184.35,445226
2026-08-25 14:45:00,184.33,184.5,184.32,184.5,446685
2026-08-25 14:50:00,184.49,184.57,184.42,184.53,810889
2026-08-25 14:55:00,184.53,184.56,184.38,184.49,333216
2026-08-25 15:00:00,184.49,184.5,184.16,184.42,536512
2026-08-25 15:05:00,184.41,184.5,184.21,184.5,545446
2026-08-25 15:10:00,184.49,184.95,184.16,184.45,1071963
2026-08-25 15:15:00,184.45,184.45,184.45,184.45,0
2026-08-25 15:20:00,184.45,184.45,184.45,184.45,0
2026-08-25 15:25:00,184.45,186.94,184.45,186.94,1753146
2026-08-26 09:15:00,186.49,186.49,184.3,184.75,924754
2026-08-26 09:20:00,184.72,185.15,184.63,184.97,494501
2026-08-26 09:25:00,184.97,185.3,184.96,185.16,237225
2026-08-26 09:30:00,185.13,186.39,184.75,186.21,855884
2026-08-26 09:35:00,186.17,186.68,186.05,186.07,402144
2026-08-26 09:40:00,186.07,186.26,185.88,186.06,355201
2026-08-26 09:45:00,186.06,186.48,186.0,186.16,352567
2026-08-26 09:50:00,186.2,186.3,186.0,186.19,463993
2026-08-26 09:55:00,186.19,186.25,185.6,185.84,246093
2026-08-26 10:00:00,185.91,186.03,185.6,185.69,558006
2026-08-26 10:05:00,185.66,185.85,185.58,185.62,181534
2026-08-26 10:10:00,185.62,185.85,185.51,185.75,140748
2026-08-26 10:15:00,185.75,185.88,185.5,185.54,295246
2026-08-26 10:20:00,185.52,185.55,184.88,185.19,497941
2026-08-26 10:25:00,185.19,185.21,184.78,185.06,664839
2026-08-26 10:30:00,185.06,185.17,185.02,185.15,152736
2026-08-26 10:35:00,185.11,185.54,185.09,185.28,1065433
2026-08-26 10:40:00,185.29,185.39,185.22,185.3,108974
2026-08-26 10:45:00,185.33,185.48,185.26,185.35,131120
2026-08-26 10:50:00,185.36,185.5,185.32,185.41,126212
2026-08-26 10:55:00,185.41,185.51,185.38,185.51,138305
2026-08-26 11:00:00,185.51,185.89,185.47,185.85,179158
2026-08-26 11:05:00,185.84,185.93,185.73,185.8,157856
2026-08-26 11:10:00,185.8,185.87,185.7,185.76,144895
2026-08-26 11:15:00,185.79,185.84,184.92,184.99,767601
2026-08-26 11:20:00,184.92,185.0,184.73,184.8,486201
2026-08-26 11:25:00,184.8,185.0,184.74,185.0,311672
2026-08-26 11:30:00,185.01,185.08,184.9,184.95,164324
2026-08-26 11:35:00,184.95,185.0,184.92,184.96,73944
2026-08-26 11:40:00,184.95,185.0,184.93,184.95,89083
2026-08-26 11:45:00,184.95,184.99,184.93,184.95,60908
2026-08-26 11:50:00,184.95,184.95,184.6,184.63,303010
2026-08-26 11:55:00,184.64,184.75,184.61,184.7,136004
2026-08-26 12:00:00,184.7,184.75,184.53,184.63,188139
2026-08-26 12:05:00,184.61,184.71,184.41,184.45,233675
2026-08-26 12:10:00,184.46,184.5,184.29,184.48,494015
2026-08-26 12:15:00,184.49,184.67,184.4,184.6,211340
2026-08-26 12:20:00,184.63,184.87,184.6,184.71,236611
2026-08-26 12:25:00,184.71,184.82,184.68,184.74,116986
2026-08-26 12:30:00,184.74,185.31,184.63,185.24,490535
2026-08-26 12:35:00,185.25,185.74,185.17,185.47,700586
2026-08-26 12:40:00,185.47,185.55,185.31,185.5,205500
2026-08-26 12:45:00,185.5,185.55,185.29,185.34,185213
2026-08-26 12:50:00,185.34,185.47,185.34,185.42,171057
2026-08-26 12:55:00,185.42,185.58,185.41,185.5,163208
2026-08-26 13:00:00,185.52,185.74,185.49,185.65,145783
2026-08-26 13:05:00,185.67,185.92,185.62,185.76,221200
2026-08-26 13:10:00,185.75,185.8,185.61,185.71,94072
2026-08-26 13:15:00,185.73,185.85,185.65,185.81,167939
2026-08-26 13:20:00,185.76,185.83,185.52,185.6,150171
2026-08-26 13:25:00,185.57,185.68,185.5,185.63,70521
2026-08-26 13:30:00,185.69,185.7,185.55,185.61,54269
2026-08-26 13:35:00,185.59,185.65,185.42,185.48,72638
2026-08-26 13:40:00,185.47,185.62,185.36,185.4,126658
2026-08-26 13:45:00,185.39,185.42,185.3,185.35,109739
2026-08-26 13:50:00,185.35,186.13,185.3,186.1,678107
2026-08-26 13:55:00,186.1,186.15,185.93,186.02,377860
2026-08-26 14:00:00,186.04,186.05,185.93,186.04,173727
2026-08-26 14:05:00,186.04,186.09,185.98,186.08,100025
2026-08-26 14:10:00,186.07,186.15,186.03,186.09,422058
2026-08-26 14:15:00,186.08,186.12,186.0,186.07,76371
2026-08-26 14:20:00,186.06,186.37,185.91,186.26,363643
2026-08-26 14:25:00,186.29,186.56,186.24,186.4,639415
2026-08-26 14:30:00,186.39,186.94,186.32,186.85,521572
2026-08-26 14:35:00,186.88,187.9,186.72,187.57,1956263
2026-08-26 14:40:00,187.57,187.83,187.32,187.4,1506206
2026-08-26 14:45:00,187.4,187.93,187.2,187.79,666653
2026-08-26 14:50:00,187.79,189.23,187.74,189.22,2283839
2026-08-26 14:55:00,189.22,189.25,188.51,188.71,1296768
2026-08-26 15:00:00,188.65,189.4,188.42,189.24,1430366
2026-08-26 15:05:00,189.28,189.29,188.54,188.9,1382438
2026-08-26 15:10:00,188.9,189.95,188.5,189.45,1756440
2026-08-26 15:15:00,189.6,189.6,189.6,189.6,966
2026-08-26 15:20:00,189.6,189.6,189.6,189.6,0
2026-08-26 15:25:00,189.6,189.6,188.01,188.01,581052
2026-08-27 09:15:00,188.05,189.32,188.05,188.57,1342799
2026-08-27 09:20:00,188.57,189.08,188.33,188.99,590375
2026-08-27 09:25:00,188.91,189.17,188.35,188.71,1122465
2026-08-27 09:30:00,188.71,190.0,188.67,189.78,1444621
2026-08-27 09:35:00,189.85,190.25,189.67,189.93,1485362
2026-08-27 09:40:00,190.0,190.0,189.04,189.61,1269436
2026-08-27 09:45:00,189.61,189.7,189.15,189.29,402150
2026-08-27 09:50:00,189.29,189.3,188.26,188.36,751105
2026-08-27 09:55:00,188.36,188.48,188.0,188.22,589077
2026-08-27 10:00:00,188.2,189.0,188.05,188.47,1058474
2026-08-27 10:05:00,188.54,188.72,188.16,188.27,835501
2026-08-27 10:10:00,188.3,188.74,188.2,188.32,358955
2026-08-27 10:15:00,188.32,188.57,188.24,188.32,303319
2026-08-27 10:20:00,188.38,188.55,188.3,188.3,228856
2026-08-27 10:25:00,188.3,188.48,188.04,188.13,223015
2026-08-27 10:30:00,188.1,188.25,188.03,188.21,161400
2026-08-27 10:35:00,188.21,188.24,188.04,188.18,177419
2026-08-27 10:40:00,188.2,188.21,187.66,187.79,380784
2026-08-27 10:45:00,187.79,188.01,187.74,187.83,178061
2026-08-27 10:50:00,187.83,187.85,187.41,187.5,335295
2026-08-27 10:55:00,187.51,187.9,187.32,187.63,300137
2026-08-27 11:00:00,187.63,187.97,187.4,187.88,342543
2026-08-27 11:05:00,187.94,188.55,187.8,188.54,1417583
2026-08-27 11:10:00,188.57,188.65,188.26,188.4,725593
2026-08-27 11:15:00,188.36,188.5,188.0,188.0,321439
2026-08-27 11:20:00,188.02,188.56,188.0,188.51,256272
2026-08-27 11:25:00,188.51,189.3,188.5,189.0,1611139
2026-08-27 11:30:00,189.05,189.3,188.79,189.13,1002580
2026-08-27 11:35:00,189.1,189.25,188.95,189.05,305636
2026-08-27 11:40:00,189.05,189.05,188.13,188.18,1288424
2026-08-27 11:45:00,188.18,188.29,187.85,187.92,685191
2026-08-27 11:50:00,187.97,188.14,187.79,187.8,946679
2026-08-27 11:55:00,187.86,188.0,187.77,187.9,317589
2026-08-27 12:00:00,187.85,188.75,187.83,188.73,687738
2026-08-27 12:05:00,188.74,188.75,188.24,188.46,799599
2026-08-27 12:10:00,188.46,188.6,188.28,188.34,454609
2026-08-27 12:15:00,188.4,188.48,188.07,188.1,965840
2026-08-27 12:20:00,188.1,188.2,188.04,188.2,126944
2026-08-27 12:25:00,188.2,188.58,187.9,188.32,1361218
2026-08-27 12:30:00,188.3,188.55,188.05,188.35,247823
2026-08-27 12:35:00,188.43,188.73,188.2,188.46,445017
2026-08-27 12:40:00,188.47,189.0,188.41,188.58,575005
2026-08-27 12:45:00,188.59,188.65,188.25,188.45,411570
2026-08-27 12:50:00,188.49,188.59,188.37,188.45,667760
2026-08-27 12:55:00,188.48,188.52,188.19,188.23,796450
2026-08-27 13:00:00,188.23,188.3,187.75,187.78,253068
2026-08-27 13:05:00,187.78,187.96,187.75,187.88,261831
2026-08-27 13:10:00,187.82,188.08,187.76,187.91,217366
2026-08-27 13:15:00,187.92,188.0,187.85,187.91,204633
2026-08-27 13:20:00,187.91,188.11,187.81,187.91,333767
2026-08-27 13:25:00,187.91,188.0,187.9,187.91,248547
2026-08-27 13:30:00,187.94,187.94,187.71,187.86,161750
2026-08-27 13:35:00,187.83,187.96,187.72,187.83,271228
2026-08-27 13:40:00,187.82,187.82,187.57,187.6,175620
2026-08-27 13:45:00,187.63,187.65,187.37,187.55,247644
2026-08-27 13:50:00,187.58,187.59,187.43,187.5,138615
2026-08-27 13:55:00,187.54,187.56,187.42,187.55,149392
2026-08-27 14:00:00,187.54,187.59,187.05,187.3,666863
2026-08-27 14:05:00,187.29,187.46,186.8,186.97,720516
2026-08-27 14:10:00,186.91,187.2,186.85,187.14,725414
2026-08-27 14:15:00,187.18,187.21,186.9,187.12,528690
2026-08-27 14:20:00,187.12,187.19,186.91,186.95,214552
2026-08-27 14:25:00,186.94,187.19,186.87,187.16,186990
2026-08-27 14:30:00,187.18,187.36,187.11,187.28,337546
2026-08-27 14:35:00,187.3,187.36,187.27,187.36,140441
2026-08-27 14:40:00,187.36,187.44,187.14,187.22,279418
2026-08-27 14:45:00,187.18,187.34,187.11,187.25,356283
2026-08-27 14:50:00,187.25,187.3,187.16,187.23,459615
2026-08-27 14:55:00,187.19,187.39,187.17,187.39,341688
2026-08-27 15:00:00,187.36,187.36,186.98,187.01,668496
2026-08-27 15:05:00,187.0,187.18,186.91,187.08,990083
2026-08-27 15:10:00,187.06,187.06,186.5,186.7,869660
2026-08-27 15:15:00,186.8,186.8,186.8,186.8,8431
2026-08-27 15:20:00,186.8,186.8,186.8,186.8,0
2026-08-27 15:25:00,186.8,186.8,186.8,186.8,301545
2026-08-28 09:15:00,187.6,188.61,187.31,188.15,904837
2026-08-28 09:20:00,188.15,188.52,187.99,188.5,623886
2026-08-28 09:25:00,188.75,188.79,187.96,188.3,970432
2026-08-28 09:30:00,188.29,188.44,187.87,187.94,478822
2026-08-28 09:35:00,187.97,187.97,187.45,187.79,505667
2026-08-28 09:40:00,187.72,187.91,187.66,187.82,238513
2026-08-28 09:45:00,187.84,187.92,187.55,187.55,252278
2026-08-28 09:50:00,187.56,188.0,187.55,187.8,214156
2026-08-28 09:55:00,187.8,187.92,187.62,187.65,81033
2026-08-28 10:00:00,187.71,187.71,187.4,187.47,151613
2026-08-28 10:05:00,187.49,187.59,187.41,187.49,123916
2026-08-28 10:10:00,187.48,187.67,187.42,187.67,118174
2026-08-28 10:15:00,187.67,187.9,187.54,187.55,155273
2026-08-28 10:20:00,187.57,187.57,187.32,187.45,143575
2026-08-28 10:25:00,187.45,187.45,187.21,187.4,231600
2026-08-28 10:30:00,187.4,187.4,186.76,186.94,489727
2026-08-28 10:35:00,186.94,186.96,186.45,186.5,766218
2026-08-28 10:40:00,186.43,186.53,186.14,186.36,379962
2026-08-28 10:45:00,186.37,186.54,186.03,186.13,239603
2026-08-28 10:50:00,186.14,186.2,185.83,186.03,286833
2026-08-28 10:55:00,186.02,186.09,185.82,185.9,147406
2026-08-28 11:00:00,185.91,185.97,185.85,185.9,114580
2026-08-28 11:05:00,185.91,186.2,185.55,186.2,3228064
2026-08-28 11:10:00,186.2,186.8,186.18,186.72,629568
2026-08-28 11:15:00,186.73,186.8,185.83,185.85,602707
2026-08-28 11:20:00,185.85,185.98,185.0,185.19,1278301
2026-08-28 11:25:00,185.19,185.35,184.9,184.98,793021
2026-08-28 11:30:00,184.99,185.3,184.93,185.29,499417
2026-08-28 11:35:00,185.29,185.3,184.9,184.95,1057571
2026-08-28 11:40:00,184.95,185.08,184.9,184.95,252174
2026-08-28 11:45:00,184.91,185.0,184.5,184.78,629441
2026-08-28 11:50:00,184.78,184.87,184.74,184.85,244836
2026-08-28 11:55:00,184.85,184.85,184.52,184.68,294366
2026-08-28 12:00:00,184.68,184.74,184.4,184.67,513764
2026-08-28 12:05:00,184.67,184.89,184.64,184.71,231633
2026-08-28 12:10:00,184.74,184.78,184.57,184.62,308561
2026-08-28 12:15:00,184.62,184.74,184.6,184.69,197725
2026-08-28 12:20:00,184.68,184.78,184.35,184.52,825389
2026-08-28 12:25:00,184.58,184.64,184.43,184.52,337162
2026-08-28 12:30:00,184.52,185.0,184.41,184.92,313934
2026-08-28 12:35:00,184.95,184.95,184.08,184.46,798761
2026-08-28 12:40:00,184.46,184.62,184.4,184.52,209455
2026-08-28 12:45:00,184.53,184.67,184.48,184.6,178996
2026-08-28 12:50:00,184.63,184.72,184.52,184.6,136893
2026-08-28 12:55:00,184.59,184.93,184.55,184.88,347101
2026-08-28 13:00:00,184.89,184.94,184.56,184.78,812479
2026-08-28 13:05:00,184.81,184.83,184.51,184.66,811033
2026-08-28 13:10:00,184.7,184.95,184.51,184.89,555006
2026-08-28 13:15:00,184.89,185.35,184.82,185.29,353099
2026-08-28 13:20:00,185.29,185.32,185.04,185.12,999614
2026-08-28 13:25:00,185.07,185.18,184.95,184.98,198541
2026-08-28 13:30:00,184.98,185.1,184.87,185.05,214061
2026-08-28 13:35:00,185.05,185.06,184.93,184.99,197944
2026-08-28 13:40:00,184.99,185.37,184.9,185.32,1050208
2026-08-28 13:45:00,185.36,185.36,185.03,185.2,181157
2026-08-28 13:50:00,185.21,185.4,185.05,185.09,315027
2026-08-28 13:55:00,185.11,185.2,185.04,185.14,290544
2026-08-28 14:00:00,185.1,185.3,185.06,185.13,345624
2026-08-28 14:05:00,185.17,185.3,185.05,185.25,233976
2026-08-28 14:10:00,185.27,185.42,185.2,185.35,263366
2026-08-28 14:15:00,185.35,185.42,184.92,185.0,2271175
2026-08-28 14:20:00,184.99,185.22,184.91,185.14,571733
2026-08-28 14:25:00,185.18,185.28,185.13,185.23,364560
2026-08-28 14:30:00,185.23,185.3,184.94,185.0,786949
2026-08-28 14:35:00,185.0,185.24,185.0,185.15,588026
2026-08-28 14:40:00,185.16,185.35,185.12,185.3,658468
2026-08-28 14:45:00,185.29,185.46,185.16,185.4,914670
2026-08-28 14:50:00,185.38,185.5,185.23,185.4,985085
2026-08-28 14:55:00,185.42,185.48,185.13,185.29,589144
2026-08-28 15:00:00,185.24,185.5,185.15,185.4,873203
2026-08-28 15:05:00,185.4,186.15,185.35,186.02,1082884
2026-08-28 15:10:00,186.03,186.24,185.77,186.1,1095756
2026-08-28 15:15:00,186.1,186.1,186.1,186.1,0
2026-08-28 15:20:00,186.1,186.1,186.1,186.1,0
2026-08-28 15:25:00,186.1,186.5,186.1,186.5,178989
2026-08-31 09:15:00,185.35,185.82,182.52,182.81,1569863
2026-08-31 09:20:00,182.8,183.53,182.27,182.27,1250787
2026-08-31 09:25:00,182.32,182.45,182.1,182.27,890138
2026-08-31 09:30:00,182.27,182.32,182.02,182.25,459488
2026-08-31 09:35:00,182.21,182.29,181.86,181.99,936396
2026-08-31 09:40:00,181.99,182.02,181.8,181.97,374664
2026-08-31 09:45:00,182.0,182.09,181.84,181.93,406282
2026-08-31 09:50:00,181.85,182.15,181.8,182.11,410291
2026-08-31 09:55:00,182.11,182.15,181.94,182.0,183215
2026-08-31 10:00:00,182.02,182.08,181.55,181.61,559973
2026-08-31 10:05:00,181.68,182.42,181.6,182.16,880934
2026-08-31 10:10:00,182.17,182.3,182.06,182.22,377813
2026-08-31 10:15:00,182.25,182.26,182.1,182.1,95679
2026-08-31 10:20:00,182.17,182.66,182.02,182.5,742792
2026-08-31 10:25:00,182.5,182.57,182.37,182.55,153514
2026-08-31 10:30:00,182.54,182.55,182.36,182.43,127739
2026-08-31 10:35:00,182.45,182.45,182.22,182.31,138822
2026-08-31 10:40:00,182.31,182.34,182.11,182.25,378570
2026-08-31 10:45:00,182.25,182.35,182.1,182.2,167807
2026-08-31 10:50:00,182.28,182.3,181.8,181.81,358608
2026-08-31 10:55:00,181.8,182.02,181.79,182.0,252059
2026-08-31 11:00:00,182.0,182.1,181.9,181.98,118252
2026-08-31 11:05:00,181.92,182.01,181.85,181.85,101346
2026-08-31 11:10:00,181.85,181.93,181.75,181.81,153135
2026-08-31 11:15:00,181.81,181.92,181.8,181.89,100098
2026-08-31 11:20:00,181.89,181.91,181.66,181.67,232546
2026-08-31 11:25:00,181.65,181.75,181.4,181.53,577570
2026-08-31 11:30:00,181.59,181.68,181.5,181.63,148915
2026-08-31 11:35:00,181.56,181.65,181.52,181.64,137065
2026-08-31 11:40:00,181.59,181.64,181.5,181.51,170226
2026-08-31 11:45:00,181.5,181.76,181.45,181.73,220421
2026-08-31 11:50:00,181.67,182.37,181.67,182.31,374535
2026-08-31 11:55:00,182.29,182.5,182.17,182.19,310847
2026-08-31 12:00:00,182.26,182.42,182.21,182.42,131690
2026-08-31 12:05:00,182.38,182.53,181.91,182.2,934952
2026-08-31 12:10:00,182.15,182.31,182.0,182.05,205512
2026-08-31 12:15:00,182.09,182.84,182.05,182.79,397236
2026-08-31 12:20:00,182.8,182.84,182.36,182.5,222415
2026-08-31 12:25:00,182.5,182.53,182.35,182.44,126740
2026-08-31 12:30:00,182.43,182.46,182.3,182.31,114879
2026-08-31 12:35:00,182.35,182.39,182.28,182.35,121445
2026-08-31 12:40:00,182.38,182.6,182.3,182.38,602755
2026-08-31 12:45:00,182.43,182.46,182.2,182.24,107663
2026-08-31 12:50:00,182.24,182.32,182.15,182.18,79155
2026-08-31 12:55:00,182.22,182.26,182.05,182.1,98061
2026-08-31 13:00:00,182.05,182.2,182.02,182.15,185700
2026-08-31 13:05:00,182.15,182.21,182.02,182.07,81791
2026-08-31 13:10:00,182.08,182.15,182.02,182.07,60398
2026-08-31 13:15:00,182.12,182.12,181.85,181.93,204598
2026-08-31 13:20:00,181.98,181.98,181.8,181.85,142005
2026-08-31 13:25:00,181.85,181.87,181.8,181.85,148570
2026-08-31 13:30:00,181.81,181.98,181.7,181.92,342839
2026-08-31 13:35:00,181.98,181.98,181.84,181.9,122874
2026-08-31 13:40:00,181.92,182.03,181.85,182.0,88695
2026-08-31 13:45:00,182.01,182.02,181.91,182.02,141769
2026-08-31 13:50:00,182.02,182.02,181.92,181.92,73558
2026-08-31 13:55:00,181.98,181.98,181.85,181.89,144468
2026-08-31 14:00:00,181.9,181.93,181.82,181.85,278273
2026-08-31 14:05:00,181.92,181.93,181.82,181.92,277025
2026-08-31 14:10:00,181.9,182.0,181.87,181.94,128805
2026-08-31 14:15:00,181.98,181.98,181.7,181.81,452934
2026-08-31 14:20:00,181.81,181.81,181.58,181.65,454444
2026-08-31 14:25:00,181.65,181.78,181.6,181.72,412204
2026-08-31 14:30:00,181.75,181.84,181.6,181.66,346186
2026-08-31 14:35:00,181.7,181.83,181.63,181.82,471670
2026-08-31 14:40:00,181.82,181.96,181.72,181.96,592144
2026-08-31 14:45:00,181.97,182.6,181.9,182.34,1014243
2026-08-31 14:50:00,182.32,182.35,182.16,182.23,712549
2026-08-31 14:55:00,182.23,182.23,182.0,182.05,650973
2026-08-31 15:00:00,182.0,182.02,181.65,181.65,1103942
2026-08-31 15:05:00,181.67,181.85,181.43,181.82,2109114
2026-08-31 15:10:00,181.81,182.0,181.5,181.8,2171832
2026-08-31 15:15:00,181.8,181.8,181.8,181.8,0
2026-08-31 15:20:00,181.8,181.8,181.8,181.8,0
2026-08-31 15:25:00,181.8,184.35,181.8,184.35,7311921
2026-09-01 09:15:00,183.7,183.7,182.12,182.85,1152917
2026-09-01 09:20:00,182.8,183.55,182.43,183.42,917411
2026-09-01 09:25:00,183.48,183.6,183.13,183.14,355188
2026-09-01 09:30:00,183.18,183.44,183.1,183.22,111308
2026-09-01 09:35:00,183.22,184.15,183.1,183.79,670160
2026-09-01 09:40:00,183.73,183.89,183.7,183.75,175364
2026-09-01 09:45:00,183.76,183.76,183.3,183.34,303656
2026-09-01 09:50:00,183.33,183.38,183.1,183.1,202816
2026-09-01 09:55:00,183.11,183.15,182.88,182.96,294713
2026-09-01 10:00:00,182.95,183.0,182.8,182.99,149960
2026-09-01 10:05:00,182.95,182.99,182.62,182.75,149449
2026-09-01 10:10:00,182.79,182.79,182.6,182.62,158781
2026-09-01 10:15:00,182.6,182.79,182.54,182.74,113905
2026-09-01 10:20:00,182.75,182.89,182.73,182.87,108868
2026-09-01 10:25:00,182.85,183.25,182.6,183.2,242894
2026-09-01 10:30:00,183.17,183.2,183.0,183.1,120157
2026-09-01 10:35:00,183.15,183.35,183.1,183.26,319588
2026-09-01 10:40:00,183.28,183.29,183.1,183.2,145706
2026-09-01 10:45:00,183.25,183.39,183.14,183.23,99858
2026-09-01 10:50:00,183.2,183.42,183.13,183.28,137831
2026-09-01 10:55:00,183.25,183.45,183.22,183.32,103675
2026-09-01 11:00:00,183.36,183.46,183.31,183.4,93619
2026-09-01 11:05:00,183.41,183.92,183.37,183.83,1118910
2026-09-01 11:10:00,183.86,187.5,183.86,186.65,5448815
2026-09-01 11:15:00,186.65,188.68,186.4,187.13,3395084
2026-09-01 11:20:00,187.1,187.2,186.22,186.25,644928
2026-09-01 11:25:00,186.26,186.6,186.16,186.3,341833
2026-09-01 11:30:00,186.38,187.29,186.28,186.52,707166
2026-09-01 11:35:00,186.57,186.58,185.94,186.21,645210
2026-09-01 11:40:00,186.16,186.2,185.8,185.8,358433
2026-09-01 11:45:00,185.85,185.95,185.7,185.78,209054
2026-09-01 11:50:00,185.79,186.49,185.55,186.39,676459
2026-09-01 11:55:00,186.36,186.8,186.24,186.58,585654
2026-09-01 12:00:00,186.58,187.07,186.32,186.8,409746
2026-09-01 12:05:00,186.8,187.0,186.59,186.77,620806
2026-09-01 12:10:00,186.76,186.83,186.42,186.49,233527
2026-09-01 12:15:00,186.44,186.72,186.26,186.41,295999
2026-09-01 12:20:00,186.45,186.5,186.0,186.08,745302
2026-09-01 12:25:00,186.08,186.49,186.0,186.11,242351
2026-09-01 12:30:00,186.11,186.46,186.04,186.31,401997
2026-09-01 12:35:00,186.34,186.39,186.0,186.08,565930
2026-09-01 12:40:00,186.08,186.29,186.0,186.19,247496
2026-09-01 12:45:00,186.19,186.2,185.8,185.92,173283
2026-09-01 12:50:00,185.96,185.96,185.31,185.5,318077
2026-09-01 12:55:00,185.5,185.7,185.32,185.6,265541
2026-09-01 13:00:00,185.6,185.76,185.39,185.59,435416
2026-09-01 13:05:00,185.65,185.67,185.25,185.34,178068
2026-09-01 13:10:00,185.39,185.42,185.07,185.31,369642
2026-09-01 13:15:00,185.32,185.33,185.01,185.16,338860
2026-09-01 13:20:00,185.16,185.16,184.87,185.0,197275
2026-09-01 13:25:00,185.02,185.03,184.71,184.91,200320
2026-09-01 13:30:00,184.95,185.13,184.9,184.97,185651
2026-09-01 13:35:00,184.97,185.0,184.63,184.7,195030
2026-09-01 13:40:00,184.71,184.71,184.43,184.59,354198
2026-09-01 13:45:00,184.59,184.73,184.42,184.52,244584
2026-09-01 13:50:00,184.55,184.66,184.18,184.36,521890
2026-09-01 13:55:00,184.34,184.34,184.02,184.08,592217
2026-09-01 14:00:00,184.11,184.11,183.74,183.76,247888
2026-09-01 14:05:00,183.76,183.93,183.55,183.64,358719
2026-09-01 14:10:00,183.6,183.92,183.57,183.63,231989
2026-09-01 14:15:00,183.65,183.67,183.22,183.45,976684
2026-09-01 14:20:00,183.46,183.72,183.32,183.5,286685
2026-09-01 14:25:00,183.57,183.79,183.3,183.78,303441
2026-09-01 14:30:00,183.78,183.78,183.41,183.7,1361831
2026-09-01 14:35:00,183.75,183.75,183.21,183.24,1356091
2026-09-01 14:40:00,183.24,183.49,183.21,183.42,1609823
2026-09-01 14:45:00,183.42,183.63,183.3,183.38,1596877
2026-09-01 14:50:00,183.37,183.48,183.33,183.42,1374696
2026-09-01 14:55:00,183.42,183.75,183.42,183.51,1187944
2026-09-01 15:00:00,183.52,183.52,183.26,183.36,1831966
2026-09-01 15:05:00,183.36,183.55,182.94,183.0,2503697
2026-09-01 15:10:00,182.99,183.67,182.97,183.16,1926752
2026-09-01 15:15:00,183.16,183.16,183.16,183.16,0
2026-09-01 15:20:00,183.16,183.16,183.16,183.16,0
2026-09-01 15:25:00,183.16,184.07,183.16,184.07,791277
2026-09-02 09:15:00,182.5,183.1,181.44,183.0,950290
2026-09-02 09:20:00,182.99,183.07,181.91,182.11,480373
2026-09-02 09:25:00,182.16,182.43,182.11,182.35,2262402
2026-09-02 09:30:00,182.38,182.58,182.15,182.45,225708
2026-09-02 09:35:00,182.45,182.52,182.2,182.2,196217
2026-09-02 09:40:00,182.24,182.34,182.15,182.26,166368
2026-09-02 09:45:00,182.28,182.28,182.05,182.14,745144
2026-09-02 09:50:00,182.14,182.19,181.63,182.04,589105
2026-09-02 09:55:00,182.06,184.05,182.04,183.65,2031452
2026-09-02 10:00:00,183.66,184.0,183.33,183.57,515761
2026-09-02 10:05:00,183.56,183.61,183.07,183.07,220877
2026-09-02 10:10:00,183.09,183.11,182.83,182.91,189516
2026-09-02 10:15:00,182.95,183.08,182.8,182.87,113306
2026-09-02 10:20:00,182.84,184.06,182.83,183.93,624631
2026-09-02 10:25:00,183.89,183.89,183.3,183.36,79374
2026-09-02 10:30:00,183.33,183.65,183.21,183.54,109676
2026-09-02 10:35:00,183.53,183.67,183.31,183.38,99530
2026-09-02 10:40:00,183.41,183.57,183.21,183.21,87452
2026-09-02 10:45:00,183.22,183.56,183.2,183.3,157696
2026-09-02 10:50:00,183.31,183.46,183.05,183.3,91702
2026-09-02 10:55:00,183.3,183.35,183.12,183.29,99618
2026-09-02 11:00:00,183.3,183.36,183.1,183.27,104431
2026-09-02 11:05:00,183.28,183.48,183.2,183.25,69713
2026-09-02 11:10:00,183.26,183.7,183.26,183.38,206747
2026-09-02 11:15:00,183.42,183.5,183.31,183.36,102378
2026-09-02 11:20:00,183.39,183.41,183.15,183.18,288327
2026-09-02 11:25:00,183.18,183.29,183.11,183.19,184895
2026-09-02 11:30:00,183.14,183.19,182.8,182.9,224622
2026-09-02 11:35:00,182.91,182.92,182.62,182.72,560514
2026-09-02 11:40:00,182.7,182.8,182.63,182.73,76945
2026-09-02 11:45:00,182.71,182.91,182.71,182.87,104094
2026-09-02 11:50:00,182.87,183.06,182.61,182.78,115139
2026-09-02 11:55:00,182.8,182.93,182.76,182.84,79097
2026-09-02 12:00:00,182.86,182.89,182.72,182.78,57963
2026-09-02 12:05:00,182.77,182.85,182.73,182.77,78529
2026-09-02 12:10:00,182.78,183.57,182.77,183.53,213454
2026-09-02 12:15:00,183.51,183.56,183.21,183.4,292469
2026-09-02 12:20:00,183.42,183.45,183.05,183.25,92759
2026-09-02 12:25:00,183.27,183.38,183.21,183.29,82093
2026-09-02 12:30:00,183.25,183.5,183.23,183.48,116741
2026-09-02 12:35:00,183.47,183.7,183.26,183.27,133559
2026-09-02 12:40:00,183.28,183.5,183.15,183.36,92362
2026-09-02 12:45:00,183.35,183.37,183.04,183.22,88741
2026-09-02 12:50:00,183.2,183.28,183.02,183.08,105322
2026-09-02 12:55:00,183.09,183.21,183.02,183.08,80576
2026-09-02 13:00:00,183.15,183.26,183.1,183.16,79217
2026-09-02 13:05:00,183.12,183.2,182.9,183.01,131845
2026-09-02 13:10:00,183.02,183.16,182.94,183.08,99335
2026-09-02 13:15:00,183.08,183.24,182.81,182.87,483487
2026-09-02 13:20:00,182.9,182.9,182.64,182.79,114319
2026-09-02 13:25:00,182.8,183.1,182.73,182.97,111493
2026-09-02 13:30:00,183.03,183.03,182.78,182.97,90327
2026-09-02 13:35:00,182.98,183.12,182.62,182.62,130838
2026-09-02 13:40:00,182.61,182.7,182.55,182.58,159287
2026-09-02 13:45:00,182.59,182.82,182.57,182.63,102132
2026-09-02 13:50:00,182.64,182.72,182.5,182.67,194758
2026-09-02 13:55:00,182.67,182.83,182.67,182.81,103703
2026-09-02 14:00:00,182.83,182.97,182.65,182.75,81853
2026-09-02 14:05:00,182.7,182.92,182.66,182.86,67501
2026-09-02 14:10:00,182.89,182.9,182.75,182.8,67212
2026-09-02 14:15:00,182.83,183.09,182.81,183.05,129630
2026-09-02 14:20:00,183.09,183.1,182.85,182.97,86835
2026-09-02 14:25:00,182.97,183.09,182.94,183.03,64815
2026-09-02 14:30:00,183.03,183.36,183.03,183.21,175552
2026-09-02 14:35:00,183.21,183.34,183.04,183.18,145916
2026-09-02 14:40:00,183.19,183.23,183.0,183.0,108472
2026-09-02 14:45:00,183.04,183.21,182.85,183.21,192507
2026-09-02 14:50:00,183.24,183.24,182.96,183.07,114875
2026-09-02 14:55:00,183.06,183.09,182.9,183.03,251851
2026-09-02 15:00:00,183.03,183.04,182.89,182.99,479371
2026-09-02 15:05:00,182.99,183.2,182.92,183.08,573383
2026-09-02 15:10:00,183.07,183.6,182.97,183.25,781623
2026-09-02 15:15:00,183.24,183.24,183.24,183.24,165
2026-09-02 15:20:00,183.24,183.24,183.24,183.24,0
2026-09-02 15:25:00,183.24,183.85,183.24,183.85,672659
2026-09-03 09:15:00,184.11,184.89,184.1,184.65,518397
2026-09-03 09:20:00,184.65,185.9,184.34,185.84,684707
2026-09-03 09:25:00,185.85,187.25,185.5,187.16,1339689
2026-09-03 09:30:00,187.18,187.65,186.81,187.1,1375520
2026-09-03 09:35:00,187.1,187.1,186.36,186.37,446045
2026-09-03 09:40:00,186.39,186.4,186.04,186.13,305294
2026-09-03 09:45:00,186.13,186.14,185.31,185.56,451440
2026-09-03 09:50:00,185.56,185.57,185.11,185.29,192559
2026-09-03 09:55:00,185.3,185.35,184.74,184.74,349693
2026-09-03 10:00:00,184.7,184.86,184.54,184.65,197627
2026-09-03 10:05:00,184.65,184.85,184.45,184.81,439158
2026-09-03 10:10:00,184.76,184.76,184.25,184.37,179416
2026-09-03 10:15:00,184.3,184.6,184.12,184.5,182688
2026-09-03 10:20:00,184.56,184.57,184.35,184.42,156752
2026-09-03 10:25:00,184.36,184.42,184.02,184.17,200200
2026-09-03 10:30:00,184.2,184.28,183.85,183.85,324800
2026-09-03 10:35:00,183.9,184.05,183.55,184.0,263185
2026-09-03 10:40:00,183.97,184.03,183.8,183.87,167755
2026-09-03 10:45:00,183.84,183.93,183.73,183.83,119962
2026-09-03 10:50:00,183.78,183.88,183.55,183.61,179730
2026-09-03 10:55:00,183.61,183.7,183.15,183.24,319700
2026-09-03 11:00:00,183.24,183.43,182.8,183.17,484034
2026-09-03 11:05:00,183.17,183.25,182.75,182.79,360061
2026-09-03 11:10:00,182.79,183.1,182.75,182.91,267945
2026-09-03 11:15:00,182.89,183.09,182.76,183.09,124110
2026-09-03 11:20:00,183.02,183.12,182.91,183.0,133155
2026-09-03 11:25:00,183.04,183.14,182.95,183.01,100576
2026-09-03 11:30:00,183.04,183.16,182.9,182.95,251538
2026-09-03 11:35:00,182.95,183.16,182.93,183.1,129399
2026-09-03 11:40:00,183.14,183.18,182.81,182.9,261977
2026-09-03 11:45:00,182.9,182.99,182.75,182.96,152261
2026-09-03 11:50:00,182.89,182.96,182.58,182.7,231139
2026-09-03 11:55:00,182.7,182.78,182.53,182.74,134902
2026-09-03 12:00:00,182.74,182.74,182.31,182.51,374658
2026-09-03 12:05:00,182.52,182.61,182.2,182.26,220743
2026-09-03 12:10:00,182.26,182.6,182.25,182.48,206258
2026-09-03 12:15:00,182.45,182.78,182.31,182.38,737361
2026-09-03 12:20:00,182.45,182.58,182.25,182.31,141554
2026-09-03 12:25:00,182.34,182.52,182.3,182.46,80342
2026-09-03 12:30:00,182.44,182.64,182.4,182.54,130660
2026-09-03 12:35:00,182.59,182.59,182.38,182.49,124567
2026-09-03 12:40:00,182.49,182.49,182.2,182.27,195298
2026-09-03 12:45:00,182.27,182.33,182.2,182.21,133560
2026-09-03 12:50:00,182.21,182.43,182.21,182.38,94059
2026-09-03 12:55:00,182.37,182.4,182.26,182.27,108771
2026-09-03 13:00:00,182.26,182.29,182.11,182.28,203826
2026-09-03 13:05:00,182.28,182.37,182.24,182.35,85571
2026-09-03 13:10:00,182.35,182.41,182.26,182.36,142864
2026-09-03 13:15:00,182.34,182.44,182.26,182.33,77479
2026-09-03 13:20:00,182.35,182.36,182.01,182.04,195309
2026-09-03 13:25:00,182.03,182.19,182.0,182.15,150459
2026-09-03 13:30:00,182.15,182.59,182.03,182.49,189711
2026-09-03 13:35:00,182.49,182.57,182.23,182.29,119760
2026-09-03 13:40:00,182.29,182.44,182.25,182.33,75453
2026-09-03 13:45:00,182.33,182.49,182.31,182.47,75132
2026-09-03 13:50:00,182.42,182.74,182.42,182.67,203235
2026-09-03 13:55:00,182.66,182.87,182.63,182.85,113896
2026-09-03 14:00:00,182.86,182.92,182.72,182.83,252020
2026-09-03 14:05:00,182.88,183.08,182.83,183.0,171682
2026-09-03 14:10:00,183.0,183.74,182.98,183.55,640056
2026-09-03 14:15:00,183.54,183.68,183.38,183.53,318439
2026-09-03 14:20:00,183.59,183.84,183.57,183.62,256067
2026-09-03 14:25:00,183.65,184.06,183.6,183.95,536764
2026-09-03 14:30:00,183.95,184.06,183.86,183.95,289200
2026-09-03 14:35:00,183.99,184.0,183.82,183.98,201026
2026-09-03 14:40:00,183.97,184.02,183.85,183.88,389490
2026-09-03 14:45:00,183.95,184.2,183.84,183.92,491016
2026-09-03 14:50:00,183.92,184.0,183.66,183.7,273383
2026-09-03 14:55:00,183.66,184.1,183.66,183.9,417201
2026-09-03 15:00:00,183.91,183.97,183.66,183.76,318937
2026-09-03 15:05:00,183.75,183.8,183.47,183.64,609210
2026-09-03 15:10:00,183.59,183.9,183.33,183.84,754344
2026-09-03 15:15:00,183.84,183.84,183.84,183.84,0
2026-09-03 15:20:00,183.84,183.84,183.84,183.84,0
2026-09-03 15:25:00,183.84,184.2,183.84,184.2,766069
2026-09-04 09:15:00,184.2,184.6,183.88,184.16,487506
2026-09-04 09:20:00,184.17,184.3,184.08,184.15,210391
2026-09-04 09:25:00,184.16,184.25,183.69,183.95,331621
2026-09-04 09:30:00,184.0,184.09,183.75,183.82,156592
2026-09-04 09:35:00,183.8,183.94,183.66,183.9,81775
2026-09-04 09:40:00,183.95,184.0,183.8,183.9,78436
2026-09-04 09:45:00,183.92,184.15,183.9,184.09,75963
2026-09-04 09:50:00,184.1,184.1,183.88,184.06,85430
2026-09-04 09:55:00,184.01,184.06,183.9,184.0,47525
2026-09-04 10:00:00,183.99,184.48,183.93,184.2,207376
2026-09-04 10:05:00,184.26,184.3,184.13,184.15,57509
2026-09-04 10:10:00,184.2,184.25,184.05,184.08,263991
2026-09-04 10:15:00,184.07,184.28,184.03,184.28,55489
2026-09-04 10:20:00,184.28,184.52,184.22,184.31,384880
2026-09-04 10:25:00,184.25,184.35,184.2,184.27,146977
2026-09-04 10:30:00,184.27,184.27,184.05,184.12,47179
2026-09-04 10:35:00,184.11,184.12,184.02,184.08,35922
2026-09-04 10:40:00,184.08,184.11,184.05,184.1,42598
2026-09-04 10:45:00,184.1,184.6,184.07,184.6,180585
2026-09-04 10:50:00,184.55,184.6,184.2,184.28,141454
2026-09-04 10:55:00,184.34,184.35,184.15,184.2,42340
2026-09-04 11:00:00,184.2,184.2,184.0,184.1,81771
2026-09-04 11:05:00,184.1,184.23,184.07,184.23,44444
2026-09-04 11:10:00,184.23,184.39,184.15,184.33,50426
2026-09-04 11:15:00,184.39,184.39,184.12,184.19,32350
2026-09-04 11:20:00,184.2,184.29,184.05,184.15,56240
2026-09-04 11:25:00,184.18,184.29,184.03,184.03,56681
2026-09-04 11:30:00,184.03,184.1,183.9,184.0,529302
2026-09-04 11:35:00,184.03,184.08,183.85,183.9,71262
2026-09-04 11:40:00,183.9,184.0,183.31,183.78,627754
2026-09-04 11:45:00,183.82,183.91,183.72,183.85,44342
2026-09-04 11:50:00,183.89,183.93,183.81,183.87,46621
2026-09-04 11:55:00,183.87,183.9,183.25,183.31,286931
2026-09-04 12:00:00,183.31,183.42,183.11,183.11,137672
2026-09-04 12:05:00,183.17,183.27,183.12,183.19,114602
2026-09-04 12:10:00,183.16,183.16,182.84,182.89,294415
2026-09-04 12:15:00,182.9,183.29,182.9,183.22,546643
2026-09-04 12:20:00,183.22,183.66,183.2,183.59,236812
2026-09-04 12:25:00,183.59,183.74,183.51,183.6,113782
2026-09-04 12:30:00,183.59,183.75,183.5,183.72,102655
2026-09-04 12:35:00,183.7,183.89,183.63,183.87,77558
2026-09-04 12:40:00,183.87,183.91,183.82,183.9,110640
2026-09-04 12:45:00,183.9,184.0,183.85,183.98,89431
2026-09-04 12:50:00,183.96,183.99,183.86,183.9,111557
2026-09-04 12:55:00,183.94,183.95,183.63,183.75,670664
2026-09-04 13:00:00,183.75,183.9,183.71,183.85,71177
2026-09-04 13:05:00,183.87,184.25,183.79,184.17,150432
2026-09-04 13:10:00,184.17,184.75,184.14,184.55,323408
2026-09-04 13:15:00,184.59,184.75,184.41,184.63,331467
2026-09-04 13:20:00,184.59,184.7,184.34,184.61,266941
2026-09-04 13:25:00,184.68,184.68,184.23,184.4,265819
2026-09-04 13:30:00,184.4,184.93,184.26,184.89,477574
2026-09-04 13:35:00,184.91,185.29,184.89,185.08,573457
2026-09-04 13:40:00,185.05,187.44,185.0,187.36,2826148
2026-09-04 13:45:00,187.6,189.3,187.51,189.0,5697322
2026-09-04 13:50:00,189.0,189.0,188.58,188.69,1506897
2026-09-04 13:55:00,188.68,189.45,188.35,189.42,1696856
2026-09-04 14:00:00,189.48,189.6,188.75,188.75,1324043
2026-09-04 14:05:00,188.8,188.97,188.61,188.88,662906
2026-09-04 14:10:00,188.89,188.99,188.57,188.96,617958
2026-09-04 14:15:00,188.99,189.1,188.65,188.83,676206
2026-09-04 14:20:00,188.9,189.2,188.8,189.06,701815
2026-09-04 14:25:00,189.1,189.3,188.87,188.91,520055
2026-09-04 14:30:00,188.81,189.15,188.81,189.04,518846
2026-09-04 14:35:00,189.07,189.9,188.98,189.3,1486335
2026-09-04 14:40:00,189.29,189.35,188.88,188.94,457011
2026-09-04 14:45:00,188.9,188.94,188.67,188.89,422401
2026-09-04 14:50:00,188.89,188.95,188.58,188.76,728590
2026-09-04 14:55:00,188.79,188.84,188.58,188.83,977604
2026-09-04 15:00:00,188.84,188.96,188.8,188.91,642969
2026-09-04 15:05:00,188.91,189.35,188.89,189.29,1647874
2026-09-04 15:10:00,189.29,189.55,188.92,189.22,1999122
2026-09-04 15:15:00,189.22,189.22,189.22,189.22,0
2026-09-04 15:20:00,189.22,189.22,189.22,189.22,0
2026-09-04 15:25:00,189.22,189.22,188.79,188.79,1153988
2026-09-07 09:15:00,189.0,190.24,187.57,187.73,1535345
2026-09-07 09:20:00,187.64,187.74,186.61,186.64,622359
2026-09-07 09:25:00,186.64,187.2,186.6,186.99,389571
2026-09-07 09:30:00,186.99,187.23,186.4,186.54,665240
2026-09-07 09:35:00,186.5,186.7,186.35,186.5,296813
2026-09-07 09:40:00,186.56,187.0,186.45,186.76,184551
2026-09-07 09:45:00,186.8,186.89,185.99,186.15,1058665
2026-09-07 09:50:00,186.11,186.4,185.9,186.13,216351
2026-09-07 09:55:00,186.09,186.2,186.05,186.18,70939
2026-09-07 10:00:00,186.15,186.46,186.15,186.4,136874
2026-09-07 10:05:00,186.42,186.42,185.61,185.8,453151
2026-09-07 10:10:00,185.8,185.86,185.3,185.6,434703
2026-09-07 10:15:00,185.6,185.6,184.91,184.95,862340
2026-09-07 10:20:00,185.0,185.41,184.95,185.26,162153
2026-09-07 10:25:00,185.25,185.3,185.01,185.2,104227
2026-09-07 10:30:00,185.2,185.32,185.05,185.2,153193
2026-09-07 10:35:00,185.16,185.23,185.01,185.04,220051
2026-09-07 10:40:00,185.1,185.1,184.75,184.97,305491
2026-09-07 10:45:00,185.01,185.01,184.61,184.69,289145
2026-09-07 10:50:00,184.68,184.99,184.68,184.96,123713
2026-09-07 10:55:00,185.0,185.0,184.77,184.94,131672
2026-09-07 11:00:00,184.94,184.97,184.75,184.89,95911
2026-09-07 11:05:00,184.89,184.96,184.78,184.96,133494
2026-09-07 11:10:00,184.84,184.97,184.79,184.95,119062
2026-09-07 11:15:00,184.86,184.86,184.61,184.84,418288
2026-09-07 11:20:00,184.79,184.92,184.75,184.87,120086
2026-09-07 11:25:00,184.86,185.16,184.8,185.09,745245
2026-09-07 11:30:00,185.09,185.24,184.92,185.06,678211
2026-09-07 11:35:00,185.06,185.09,184.85,184.98,239635
2026-09-07 11:40:00,184.98,185.18,184.71,185.0,331812
2026-09-07 11:45:00,185.0,185.0,184.95,185.0,86729
2026-09-07 11:50:00,185.0,185.35,184.97,185.25,394060
2026-09-07 11:55:00,185.24,185.34,185.04,185.15,312605
2026-09-07 12:00:00,185.15,185.55,185.09,185.4,515195
2026-09-07 12:05:00,185.46,185.54,185.3,185.53,262699
2026-09-07 12:10:00,185.52,185.54,185.25,185.47,261253
2026-09-07 12:15:00,185.47,185.47,185.1,185.19,141279
2026-09-07 12:20:00,185.1,185.2,185.0,185.07,505963
2026-09-07 12:25:00,185.07,185.13,184.92,185.0,119130
2026-09-07 12:30:00,184.96,185.04,184.87,184.94,75991
2026-09-07 12:35:00,184.77,184.99,184.7,184.92,207479
2026-09-07 12:40:00,184.97,184.98,184.68,184.84,120788
2026-09-07 12:45:00,184.82,184.9,184.5,184.79,319588
2026-09-07 12:50:00,184.79,184.84,184.52,184.61,201305
2026-09-07 12:55:00,184.61,184.61,184.37,184.5,304473
2026-09-07 13:00:00,184.47,184.7,184.42,184.64,116191
2026-09-07 13:05:00,184.68,184.7,184.5,184.63,113817
2026-09-07 13:10:00,184.63,184.64,184.51,184.58,48558
2026-09-07 13:15:00,184.55,184.68,184.51,184.66,97193
2026-09-07 13:20:00,184.67,184.69,184.55,184.64,53995
2026-09-07 13:25:00,184.68,184.75,184.5,184.59,152807
2026-09-07 13:30:00,184.53,185.16,184.51,185.02,547964
2026-09-07 13:35:00,185.05,185.28,185.0,185.18,371378
2026-09-07 13:40:00,185.18,185.45,185.17,185.24,279183
2026-09-07 13:45:00,185.28,185.38,185.21,185.3,127353
2026-09-07 13:50:00,185.33,185.38,185.17,185.35,120184
2026-09-07 13:55:00,185.35,185.8,185.32,185.34,507423
2026-09-07 14:00:00,185.4,185.5,185.29,185.47,119396
2026-09-07 14:05:00,185.48,185.48,185.21,185.4,431529
2026-09-07 14:10:00,185.4,185.52,185.22,185.34,165632
2026-09-07 14:15:00,185.35,185.36,185.1,185.22,172195
2026-09-07 14:20:00,185.17,185.32,185.16,185.25,119712
2026-09-07 14:25:00,185.16,185.33,185.0,185.05,240705
2026-09-07 14:30:00,185.08,185.09,184.86,184.94,219567
2026-09-07 14:35:00,185.01,185.01,184.8,184.85,219025
2026-09-07 14:40:00,184.83,184.9,184.7,184.82,380690
2026-09-07 14:45:00,184.83,185.0,184.72,184.88,350065
2026-09-07 14:50:00,184.92,184.99,184.83,184.94,258775
2026-09-07 14:55:00,184.94,185.07,184.85,185.03,496757
2026-09-07 15:00:00,184.97,185.05,184.81,185.01,621377
2026-09-07 15:05:00,185.0,185.27,184.96,185.26,705166
2026-09-07 15:10:00,185.25,185.29,184.89,185.0,926521
2026-09-07 15:15:00,185.0,185.0,185.0,185.0,1629
2026-09-07 15:20:00,185.0,185.0,185.0,185.0,0
2026-09-07 15:25:00,185.0,185.61,185.0,185.61,482400
2026-09-08 09:15:00,185.9,186.2,185.45,185.82,490558
2026-09-08 09:20:00,185.89,186.03,185.52,185.86,270590
2026-09-08 09:25:00,185.76,185.77,185.39,185.54,210226
2026-09-08 09:30:00,185.54,185.54,185.3,185.37,175853
2026-09-08 09:35:00,185.37,185.88,185.32,185.88,214524
2026-09-08 09:40:00,185.88,185.94,185.56,185.58,264019
2026-09-08 09:45:00,185.63,185.68,185.4,185.52,98407
2026-09-08 09:50:00,185.57,185.75,185.45,185.75,230471
2026-09-08 09:55:00,185.7,185.86,185.4,185.46,131227
2026-09-08 10:00:00,185.44,185.59,185.35,185.46,115203
2026-09-08 10:05:00,185.5,185.92,185.4,185.85,186404
2026-09-08 10:10:00,185.87,186.41,185.87,186.34,424588
2026-09-08 10:15:00,186.41,186.5,186.22,186.27,339754
2026-09-08 10:20:00,186.26,186.5,185.87,185.96,308476
2026-09-08 10:25:00,185.96,186.19,185.7,185.93,249046
2026-09-08 10:30:00,186.0,186.0,185.82,185.92,86410
2026-09-08 10:35:00,185.92,185.98,185.08,185.28,702107
2026-09-08 10:40:00,185.33,185.45,185.24,185.3,460262
2026-09-08 10:45:00,185.3,185.86,185.27,185.78,211465
2026-09-08 10:50:00,185.8,185.97,185.71,185.72,124617
2026-09-08 10:55:00,185.72,185.8,185.31,185.42,179314
2026-09-08 11:00:00,185.33,185.49,185.05,185.48,291431
2026-09-08 11:05:00,185.48,185.76,185.45,185.67,521262
2026-09-08 11:10:00,185.61,185.8,185.6,185.79,66249
2026-09-08 11:15:00,185.79,186.25,185.65,186.19,340466
2026-09-08 11:20:00,186.18,186.29,185.83,186.07,646351
2026-09-08 11:25:00,186.07,186.36,185.9,185.95,1422565
2026-09-08 11:30:00,185.95,185.99,185.73,185.8,133577
2026-09-08 11:35:00,185.78,185.82,185.7,185.75,106576
2026-09-08 11:40:00,185.75,185.75,185.54,185.6,176029
2026-09-08 11:45:00,185.6,185.84,185.59,185.77,428950
2026-09-08 11:50:00,185.72,185.82,185.6,185.73,148169
2026-09-08 11:55:00,185.69,185.76,185.51,185.56,381770
2026-09-08 12:00:00,185.55,185.55,185.41,185.47,97967
2026-09-08 12:05:00,185.46,185.51,185.24,185.24,172087
2026-09-08 12:10:00,185.24,185.39,185.0,185.19,602840
2026-09-08 12:15:00,185.15,185.31,184.97,185.09,628578
2026-09-08 12:20:00,185.14,185.17,184.95,185.0,273419
2026-09-08 12:25:00,185.01,185.16,184.98,185.15,110465
2026-09-08 12:30:00,185.1,185.13,184.96,185.0,238751
2026-09-08 12:35:00,184.98,185.09,184.91,185.0,199491
2026-09-08 12:40:00,185.0,185.0,184.71,184.76,122324
2026-09-08 12:45:00,184.78,184.8,184.62,184.78,108507
2026-09-08 12:50:00,184.78,184.8,184.39,184.65,205689
2026-09-08 12:55:00,184.65,184.78,184.6,184.69,98797
2026-09-08 13:00:00,184.63,184.76,184.55,184.6,69061
2026-09-08 13:05:00,184.61,184.74,184.55,184.72,80228
2026-09-08 13:10:00,184.65,184.88,184.65,184.85,138172
2026-09-08 13:15:00,184.85,184.87,184.7,184.8,55502
2026-09-08 13:20:00,184.75,184.89,184.35,184.52,803251
2026-09-08 13:25:00,184.54,184.56,183.61,184.03,699355
2026-09-08 13:30:00,184.12,184.3,184.01,184.18,364383
2026-09-08 13:35:00,184.2,184.34,183.91,184.11,336059
2026-09-08 13:40:00,184.05,184.15,183.8,183.86,184246
2026-09-08 13:45:00,183.86,184.33,183.81,184.21,218263
2026-09-08 13:50:00,184.24,184.27,183.96,184.0,250099
2026-09-08 13:55:00,183.97,184.32,183.96,184.24,462435
2026-09-08 14:00:00,184.21,184.64,184.2,184.6,179582
2026-09-08 14:05:00,184.6,184.63,184.39,184.58,138010
2026-09-08 14:10:00,184.56,184.83,184.52,184.72,213695
2026-09-08 14:15:00,184.72,184.9,184.64,184.8,283709
2026-09-08 14:20:00,184.79,184.97,184.69,184.85,238104
2026-09-08 14:25:00,184.84,185.0,184.75,184.85,207528
2026-09-08 14:30:00,184.84,184.85,184.38,184.51,287641
2026-09-08 14:35:00,184.59,184.6,184.23,184.29,649766
2026-09-08 14:40:00,184.25,184.29,183.94,184.1,577248
2026-09-08 14:45:00,184.12,184.15,183.95,184.09,297100
2026-09-08 14:50:00,184.09,184.15,184.05,184.1,256900
2026-09-08 14:55:00,184.1,184.44,184.1,184.39,466892
2026-09-08 15:00:00,184.22,184.41,184.08,184.27,592836
2026-09-08 15:05:00,184.26,184.3,184.11,184.3,937869
2026-09-08 15:10:00,184.27,184.36,184.0,184.19,1144146
2026-09-08 15:15:00,184.19,184.19,184.19,184.19,17
2026-09-08 15:20:00,184.19,184.19,184.19,184.19,0
2026-09-08 15:25:00,184.19,184.19,184.15,184.15,1099082
2026-09-09 09:05:00,184.8,184.8,184.8,184.8,37054
2026-09-09 09:10:00,184.8,184.8,184.8,184.8,0
2026-09-09 09:15:00,184.8,184.8,183.41,183.75,469260
2026-09-09 09:20:00,183.75,184.05,183.51,184.04,274062
2026-09-09 09:25:00,183.98,184.74,183.98,184.55,405006
2026-09-09 09:30:00,184.55,184.56,184.13,184.42,124191
2026-09-09 09:35:00,184.42,184.45,184.12,184.19,107036
2026-09-09 09:40:00,184.2,186.0,184.2,185.71,946621
2026-09-09 09:45:00,185.71,186.39,185.68,185.79,765183
2026-09-09 09:50:00,185.71,185.72,185.11,185.23,415708
2026-09-09 09:55:00,185.21,185.28,184.5,184.71,2362505
2026-09-09 10:00:00,184.76,184.77,183.84,183.9,1554786
2026-09-09 10:05:00,183.92,184.44,183.84,184.36,1125980
2026-09-09 10:10:00,184.35,184.6,184.3,184.48,159109
2026-09-09 10:15:00,184.5,185.6,184.46,185.55,451968
2026-09-09 10:20:00,185.51,187.18,185.45,186.96,1977609
2026-09-09 10:25:00,186.91,187.2,186.82,187.01,1099846
2026-09-09 10:30:00,187.0,187.1,186.69,187.0,592609
2026-09-09 10:35:00,187.0,187.35,186.9,187.33,489528
2026-09-09 10:40:00,187.29,188.4,187.1,188.34,1389099
2026-09-09 10:45:00,188.34,189.35,187.82,188.0,1832318
2026-09-09 10:50:00,187.95,188.5,187.95,188.45,486973
2026-09-09 10:55:00,188.5,189.24,188.46,188.9,912301
2026-09-09 11:00:00,188.9,188.94,188.34,188.37,943116
2026-09-09 11:05:00,188.39,189.3,188.31,188.88,1560357
2026-09-09 11:10:00,188.93,188.93,188.1,188.15,640418
2026-09-09 11:15:00,188.16,188.36,187.86,188.06,902288
2026-09-09 11:20:00,188.09,188.25,187.85,187.97,925105
2026-09-09 11:25:00,188.0,188.15,187.85,187.88,299764
2026-09-09 11:30:00,187.87,187.94,187.69,187.7,482541
2026-09-09 11:35:00,187.69,188.13,187.69,188.0,610268
2026-09-09 11:40:00,187.99,188.19,187.71,187.77,286236
2026-09-09 11:45:00,187.77,188.08,187.18,187.33,1084474
2026-09-09 11:50:00,187.34,187.37,187.0,187.29,337281
2026-09-09 11:55:00,187.25,187.3,186.81,186.86,428877
2026-09-09 12:00:00,186.9,187.63,186.85,187.52,1288047
2026-09-09 12:05:00,187.59,187.65,187.4,187.61,376815
2026-09-09 12:10:00,187.65,188.25,187.55,188.05,1131711
2026-09-09 12:15:00,188.09,188.35,187.76,187.9,248235
2026-09-09 12:20:00,187.87,187.99,187.82,187.94,77246
2026-09-09 12:25:00,187.94,188.37,187.85,188.33,217418
2026-09-09 12:30:00,188.34,188.5,188.25,188.47,289668
2026-09-09 12:35:00,188.46,189.52,188.4,189.41,1065293
2026-09-09 12:40:00,189.4,189.71,189.07,189.38,1153856
2026-09-09 12:45:00,189.38,189.4,189.11,189.28,416607
2026-09-09 12:50:00,189.28,189.35,188.89,189.07,350241
2026-09-09 12:55:00,189.02,190.1,189.01,189.7,1655307
2026-09-09 13:00:00,189.65,189.75,189.2,189.27,312680
2026-09-09 13:05:00,189.27,190.26,189.2,189.7,1523363
2026-09-09 13:10:00,189.69,189.7,189.25,189.5,364174
2026-09-09 13:15:00,189.45,189.57,189.22,189.3,173010
2026-09-09 13:20:00,189.28,189.57,189.25,189.39,149670
2026-09-09 13:25:00,189.32,189.42,189.03,189.09,173125
2026-09-09 13:30:00,189.09,189.2,188.81,189.09,213182
2026-09-09 13:35:00,189.09,189.39,189.0,189.2,543977
2026-09-09 13:40:00,189.18,189.37,189.16,189.25,112100
2026-09-09 13:45:00,189.23,189.28,189.11,189.25,204724
2026-09-09 13:50:00,189.28,189.33,189.01,189.07,135196
2026-09-09 13:55:00,189.07,189.2,188.91,189.2,250903
2026-09-09 14:00:00,189.19,189.2,189.04,189.16,134563
2026-09-09 14:05:00,189.16,189.16,188.95,189.0,191436
2026-09-09 14:10:00,188.99,189.0,188.62,188.72,305204
2026-09-09 14:15:00,188.73,188.89,188.67,188.75,176849
2026-09-09 14:20:00,188.75,189.1,188.67,188.75,364363
2026-09-09 14:25:00,188.75,188.79,188.55,188.72,186195
2026-09-09 14:30:00,188.7,188.75,188.5,188.5,203458
2026-09-09 14:35:00,188.53,188.65,188.26,188.39,227742
2026-09-09 14:40:00,188.4,188.4,188.22,188.3,165087
2026-09-09 14:45:00,188.3,188.5,188.14,188.5,224854
2026-09-09 14:50:00,188.41,188.42,188.18,188.2,262988
2026-09-09 14:55:00,188.24,188.35,188.15,188.23,307326
2026-09-09 15:00:00,188.23,188.23,187.92,187.98,567092
2026-09-09 15:05:00,187.95,188.24,187.81,188.2,791935
2026-09-09 15:10:00,188.2,188.47,188.02,188.05,940813
2026-09-09 15:15:00,188.1,188.1,188.1,188.1,6
2026-09-09 15:20:00,188.1,188.1,188.1,188.1,0
2026-09-09 15:25:00,188.1,188.75,188.1,188.75,2020178
2026-09-10 09:15:00,189.0,189.0,187.42,187.48,660392
2026-09-10 09:20:00,187.54,188.29,187.4,188.09,294287
2026-09-10 09:25:00,188.16,188.2,187.9,187.95,183665
2026-09-10 09:30:00,187.92,187.97,187.69,187.82,146649
2026-09-10 09:35:00,187.82,187.85,187.65,187.8,168063
2026-09-10 09:40:00,187.8,188.0,187.77,187.95,112088
2026-09-10 09:45:00,187.96,187.96,187.5,187.76,122387
2026-09-10 09:50:00,187.77,187.87,187.67,187.7,97926
2026-09-10 09:55:00,187.65,187.99,187.64,187.9,138386
2026-09-10 10:00:00,187.96,187.96,187.7,187.79,174855
2026-09-10 10:05:00,187.76,187.85,187.7,187.85,96248
2026-09-10 10:10:00,187.77,187.8,187.7,187.7,105516
2026-09-10 10:15:00,187.7,188.16,187.7,188.08,202815
2026-09-10 10:20:00,188.02,188.08,187.75,187.96,149611
2026-09-10 10:25:00,187.96,188.0,187.85,187.97,57174
2026-09-10 10:30:00,187.97,188.1,187.88,188.1,107253
2026-09-10 10:35:00,188.1,188.1,187.83,188.05,128101
2026-09-10 10:40:00,188.08,188.2,187.84,187.9,166769
2026-09-10 10:45:00,187.9,187.9,187.01,187.38,816791
2026-09-10 10:50:00,187.38,187.84,187.2,187.56,1179052
2026-09-10 10:55:00,187.54,187.55,187.31,187.4,109480
2026-09-10 11:00:00,187.4,187.74,187.34,187.71,124432
2026-09-10 11:05:00,187.65,187.81,187.38,187.38,153255
2026-09-10 11:10:00,187.4,187.7,187.1,187.6,725654
2026-09-10 11:15:00,187.61,187.61,186.97,187.06,1661810
2026-09-10 11:20:00,187.06,187.08,186.16,186.78,1368734
2026-09-10 11:25:00,186.78,186.81,186.07,186.69,911140
2026-09-10 11:30:00,186.69,186.69,186.5,186.53,154292
2026-09-10 11:35:00,186.51,186.63,186.46,186.57,114196
2026-09-10 11:40:00,186.57,186.68,186.46,186.51,175275
2026-09-10 11:45:00,186.51,186.69,186.49,186.57,253598
2026-09-10 11:50:00,186.54,186.65,186.52,186.65,70084
2026-09-10 11:55:00,186.65,186.81,186.55,186.72,120625
2026-09-10 12:00:00,186.74,186.82,186.7,186.74,116450
2026-09-10 12:05:00,186.74,186.74,186.5,186.55,120359
2026-09-10 12:10:00,186.61,186.83,186.55,186.76,160003
2026-09-10 12:15:00,186.76,186.78,186.66,186.66,84952
2026-09-10 12:20:00,186.68,186.85,186.63,186.81,136033
2026-09-10 12:25:00,186.81,186.83,186.75,186.75,58079
2026-09-10 12:30:00,186.78,186.83,186.45,186.55,467828
2026-09-10 12:35:00,186.56,186.65,186.4,186.49,229348
2026-09-10 12:40:00,186.5,186.5,186.25,186.32,103974
2026-09-10 12:45:00,186.35,186.4,186.13,186.27,210102
2026-09-10 12:50:00,186.28,186.46,186.23,186.3,132753
2026-09-10 12:55:00,186.31,186.32,186.07,186.1,323927
2026-09-10 13:00:00,186.11,186.14,185.9,185.97,476880
2026-09-10 13:05:00,185.99,186.0,185.2,185.5,917583
2026-09-10 13:10:00,185.5,185.64,185.32,185.6,129617
2026-09-10 13:15:00,185.61,185.67,185.1,185.3,256883
2026-09-10 13:20:00,185.3,185.58,185.29,185.57,134367
2026-09-10 13:25:00,185.57,185.62,185.4,185.53,194026
2026-09-10 13:30:00,185.53,185.7,185.37,185.55,186680
2026-09-10 13:35:00,185.55,185.74,185.52,185.73,98095
2026-09-10 13:40:00,185.73,185.73,185.63,185.66,109620
2026-09-10 13:45:00,185.66,185.66,185.4,185.55,381488
2026-09-10 13:50:00,185.55,185.62,185.4,185.55,111908
2026-09-10 13:55:00,185.56,185.56,185.43,185.55,97316
2026-09-10 14:00:00,185.55,185.6,185.4,185.54,243981
2026-09-10 14:05:00,185.54,185.66,185.5,185.66,110371
2026-09-10 14:10:00,185.65,185.8,185.5,185.72,138506
2026-09-10 14:15:00,185.73,185.73,185.61,185.62,87014
2026-09-10 14:20:00,185.63,185.95,185.62,185.81,275109
2026-09-10 14:25:00,185.82,185.84,185.7,185.78,151841
2026-09-10 14:30:00,185.78,185.86,185.7,185.85,141797
2026-09-10 14:35:00,185.86,185.86,185.53,185.55,293293
2026-09-10 14:40:00,185.59,185.71,185.55,185.69,158356
2026-09-10 14:45:00,185.69,185.78,185.68,185.76,208579
2026-09-10 14:50:00,185.77,185.9,185.72,185.74,279549
2026-09-10 14:55:00,185.74,185.86,185.73,185.74,217328
2026-09-10 15:00:00,185.74,185.75,185.46,185.55,715975
2026-09-10 15:05:00,185.55,185.55,185.32,185.5,572362
2026-09-10 15:10:00,185.5,186.1,185.0,186.0,1833506
2026-09-10 15:15:00,185.9,185.9,185.9,185.9,3
2026-09-10 15:20:00,185.9,185.9,185.9,185.9,0
2026-09-10 15:25:00,185.9,186.78,185.9,186.78,1459635
2026-09-11 09:15:00,184.0,184.24,180.79,181.7,3155582
2026-09-11 09:20:00,181.7,182.59,181.12,181.86,4365787
2026-09-11 09:25:00,181.87,182.36,181.81,182.28,491899
2026-09-11 09:30:00,182.32,182.39,182.0,182.22,559326
2026-09-11 09:35:00,182.22,182.39,182.06,182.14,299006
2026-09-11 09:40:00,182.1,182.3,182.0,182.11,478652
2026-09-11 09:45:00,182.13,182.33,182.1,182.32,295723
2026-09-11 09:50:00,182.32,182.39,182.1,182.12,247437
2026-09-11 09:55:00,182.17,182.41,182.13,182.3,206490
2026-09-11 10:00:00,182.37,182.62,182.23,182.47,315849
2026-09-11 10:05:00,182.46,182.67,182.42,182.55,300194
2026-09-11 10:10:00,182.55,182.63,182.37,182.41,395275
2026-09-11 10:15:00,182.42,182.48,182.27,182.3,240161
2026-09-11 10:20:00,182.31,182.56,182.3,182.43,178505
2026-09-11 10:25:00,182.45,182.53,182.22,182.28,248225
2026-09-11 10:30:00,182.33,182.37,182.19,182.25,180440
2026-09-11 10:35:00,182.26,182.49,182.25,182.39,152785
2026-09-11 10:40:00,182.4,182.64,182.35,182.64,186244
2026-09-11 10:45:00,182.64,182.8,182.52,182.75,353549
2026-09-11 10:50:00,182.75,182.8,182.3,182.31,233887
2026-09-11 10:55:00,182.37,182.48,182.2,182.2,360515
2026-09-11 11:00:00,182.25,182.33,182.13,182.19,275046
2026-09-11 11:05:00,182.21,182.26,182.12,182.18,197858
2026-09-11 11:10:00,182.2,182.64,182.18,182.61,250627
2026-09-11 11:15:00,182.56,182.72,182.4,182.6,245746
2026-09-11 11:20:00,182.6,182.66,182.17,182.26,698478
2026-09-11 11:25:00,182.27,182.39,182.16,182.16,193650
2026-09-11 11:30:00,182.23,182.52,182.21,182.41,77831
2026-09-11 11:35:00,182.41,182.44,182.12,182.2,480772
2026-09-11 11:40:00,182.2,182.52,182.14,182.5,169168
2026-09-11 11:45:00,182.54,182.6,182.17,182.18,91132
2026-09-11 11:50:00,182.23,182.4,182.15,182.4,545855
2026-09-11 11:55:00,182.34,182.47,182.3,182.43,46768
2026-09-11 12:00:00,182.43,182.52,182.31,182.4,93828
2026-09-11 12:05:00,182.41,182.57,182.4,182.55,71646
2026-09-11 12:10:00,182.57,182.57,182.36,182.43,59132
2026-09-11 12:15:00,182.44,182.44,182.12,182.25,209103
2026-09-11 12:20:00,182.27,182.34,182.05,182.11,139869
2026-09-11 12:25:00,182.12,182.26,182.11,182.25,40635
2026-09-11 12:30:00,182.26,182.35,182.08,182.25,105714
2026-09-11 12:35:00,182.29,182.29,182.11,182.18,581745
2026-09-11 12:40:00,182.2,182.27,182.06,182.07,318958
2026-09-11 12:45:00,182.13,182.16,182.0,182.04,198837
2026-09-11 12:50:00,182.05,182.16,182.03,182.07,67326
2026-09-11 12:55:00,182.14,182.28,182.1,182.15,571729
2026-09-11 13:00:00,182.21,182.67,182.05,182.57,211506
2026-09-11 13:05:00,182.57,182.67,182.3,182.44,98290
2026-09-11 13:10:00,182.49,182.55,182.44,182.5,148486
2026-09-11 13:15:00,182.5,182.59,182.4,182.52,109099
2026-09-11 13:20:00,182.48,182.52,182.18,182.25,302336
2026-09-11 13:25:00,182.29,182.48,182.25,182.4,222119
2026-09-11 13:30:00,182.4,182.47,182.3,182.41,163732
2026-09-11 13:35:00,182.43,182.43,182.25,182.31,320514
2026-09-11 13:40:00,182.31,182.32,181.9,182.28,1096953
2026-09-11 13:45:00,182.28,182.5,182.22,182.34,354166
2026-09-11 13:50:00,182.4,182.68,182.3,182.46,221116
2026-09-11 13:55:00,182.48,182.68,182.41,182.65,126745
2026-09-11 14:00:00,182.66,183.15,182.59,183.06,497605
2026-09-11 14:05:00,183.05,183.24,182.81,183.0,572356
2026-09-11 14:10:00,183.01,183.02,182.88,182.95,245297
2026-09-11 14:15:00,182.95,183.1,182.91,183.08,132405
2026-09-11 14:20:00,183.06,183.06,182.94,183.0,138310
2026-09-11 14:25:00,183.0,183.03,182.77,182.98,187957
2026-09-11 14:30:00,182.95,183.02,182.9,182.96,133390
2026-09-11 14:35:00,182.95,182.98,182.75,182.9,370506
2026-09-11 14:40:00,182.94,183.0,182.87,182.97,147046
2026-09-11 14:45:00,182.92,182.97,182.76,182.84,199314
2026-09-11 14:50:00,182.83,183.15,182.8,183.1,631750
2026-09-11 14:55:00,183.1,183.18,182.95,183.0,882077
2026-09-11 15:00:00,183.0,183.05,182.67,182.73,673624
2026-09-11 15:05:00,182.78,182.81,182.45,182.58,897917
2026-09-11 15:10:00,182.57,182.87,182.39,182.58,1532639
2026-09-11 15:15:00,182.58,182.58,182.58,182.58,54
2026-09-11 15:20:00,182.58,182.58,182.58,182.58,0
2026-09-11 15:25:00,182.58,183.0,182.58,183.0,1694889
2026-09-15 09:15:00,186.1,186.49,182.38,183.9,2352328
2026-09-15 09:20:00,183.99,184.93,183.5,184.59,1176190
2026-09-15 09:25:00,184.65,184.65,183.63,183.87,664130
2026-09-15 09:30:00,183.87,183.87,183.39,183.6,240584
2026-09-15 09:35:00,183.65,183.71,183.22,183.49,286577
2026-09-15 09:40:00,183.3,183.48,183.1,183.31,284761
2026-09-15 09:45:00,183.33,183.45,183.13,183.41,329497
2026-09-15 09:50:00,183.41,183.41,183.15,183.18,180820
2026-09-15 09:55:00,183.15,183.2,182.69,182.96,607577
2026-09-15 10:00:00,182.96,183.04,182.6,182.92,394443
2026-09-15 10:05:00,182.9,183.02,182.78,182.98,193615
2026-09-15 10:10:00,182.95,183.27,182.81,183.1,218729
2026-09-15 10:15:00,183.1,183.5,182.88,183.48,568778
2026-09-15 10:20:00,183.42,184.02,183.15,183.94,568785
2026-09-15 10:25:00,183.89,184.13,183.42,183.55,473309
2026-09-15 10:30:00,183.55,184.08,183.42,184.01,458363
2026-09-15 10:35:00,184.01,184.7,183.8,184.29,1083893
2026-09-15 10:40:00,184.29,184.6,184.05,184.05,843661
2026-09-15 10:45:00,184.06,184.19,183.92,183.95,503784
2026-09-15 10:50:00,184.0,184.25,183.91,184.15,432803
2026-09-15 10:55:00,184.15,184.17,184.02,184.17,232783
2026-09-15 11:00:00,184.17,184.4,184.05,184.33,140252
2026-09-15 11:05:00,184.34,184.34,184.14,184.25,125278
2026-09-15 11:10:00,184.26,184.35,184.08,184.27,166786
2026-09-15 11:15:00,184.27,184.32,183.81,183.92,261732
2026-09-15 11:20:00,183.87,184.03,183.74,183.95,202534
2026-09-15 11:25:00,183.92,184.09,183.86,184.06,152603
2026-09-15 11:30:00,184.04,184.06,183.79,183.96,766578
2026-09-15 11:35:00,183.96,183.96,183.75,183.81,138169
2026-09-15 11:40:00,183.78,183.88,183.6,183.77,436166
2026-09-15 11:45:00,183.77,183.77,183.59,183.64,364647
2026-09-15 11:50:00,183.63,183.87,183.58,183.77,747995
2026-09-15 11:55:00,183.77,183.77,183.37,183.41,181177
2026-09-15 12:00:00,183.4,183.5,183.14,183.44,938749
2026-09-15 12:05:00,183.44,183.45,183.08,183.21,429493
2026-09-15 12:10:00,183.18,183.4,183.18,183.2,549794
2026-09-15 12:15:00,183.19,183.36,183.0,183.09,195131
2026-09-15 12:20:00,183.09,183.16,182.6,182.7,625229
2026-09-15 12:25:00,182.7,182.7,182.55,182.66,121603
2026-09-15 12:30:00,182.65,182.75,182.5,182.75,429156
2026-09-15 12:35:00,182.73,183.17,182.73,183.01,270764
2026-09-15 12:40:00,183.05,183.05,182.8,182.81,112390
2026-09-15 12:45:00,182.79,183.58,182.74,183.47,528292
2026-09-15 12:50:00,183.43,184.17,183.4,183.4,1183719
2026-09-15 12:55:00,183.4,183.5,183.2,183.35,223931
2026-09-15 13:00:00,183.36,183.69,183.36,183.62,161962
2026-09-15 13:05:00,183.62,183.67,183.42,183.51,103571
2026-09-15 13:10:00,183.51,183.57,183.32,183.47,163155
2026-09-15 13:15:00,183.48,183.61,183.4,183.58,727622
2026-09-15 13:20:00,183.57,183.82,183.52,183.61,116668
2026-09-15 13:25:00,183.67,183.68,183.57,183.64,160728
2026-09-15 13:30:00,183.64,183.69,183.47,183.53,124177
2026-09-15 13:35:00,183.55,183.6,183.34,183.34,141626
2026-09-15 13:40:00,183.34,183.34,183.06,183.2,870364
2026-09-15 13:45:00,183.2,183.35,183.19,183.31,87439
2026-09-15 13:50:00,183.33,183.47,183.26,183.27,99924
2026-09-15 13:55:00,183.27,183.39,183.26,183.39,87279
2026-09-15 14:00:00,183.39,183.39,182.98,182.99,315576
2026-09-15 14:05:00,182.99,183.0,182.88,182.89,150390
2026-09-15 14:10:00,182.89,182.99,182.83,182.89,173292
2026-09-15 14:15:00,182.87,182.88,182.64,182.68,388178
2026-09-15 14:20:00,182.68,183.1,182.68,182.95,243057
2026-09-15 14:25:00,182.89,183.11,182.89,183.04,274172
2026-09-15 14:30:00,183.07,183.19,182.97,183.04,251613
2026-09-15 14:35:00,183.04,183.25,182.95,183.2,262714
2026-09-15 14:40:00,183.19,183.25,183.05,183.12,174476
2026-09-15 14:45:00,183.11,183.12,182.4,182.5,362613
2026-09-15 14:50:00,182.48,183.38,182.45,183.23,839709
2026-09-15 14:55:00,183.23,183.32,183.16,183.29,282955
2026-09-15 15:00:00,183.24,183.24,183.04,183.13,502448
2026-09-15 15:05:00,183.13,183.45,183.01,183.45,796425
2026-09-15 15:10:00,183.43,183.67,183.26,183.29,983061
2026-09-15 15:15:00,183.29,183.29,183.29,183.29,0
2026-09-15 15:20:00,183.29,183.29,183.29,183.29,0
2026-09-15 15:25:00,183.29,183.65,183.29,183.65,1218931
2026-09-16 09:15:00,183.65,183.75,182.26,183.3,1455943
2026-09-16 09:20:00,183.29,184.16,182.84,182.85,900089
2026-09-16 09:25:00,182.85,182.92,182.25,182.4,416766
2026-09-16 09:30:00,182.37,182.42,181.89,182.34,630676
2026-09-16 09:35:00,182.34,182.34,181.56,181.64,388275
2026-09-16 09:40:00,181.64,181.75,181.53,181.54,290227
2026-09-16 09:45:00,181.54,181.7,181.13,181.3,338424
2026-09-16 09:50:00,181.29,181.78,181.11,181.78,281689
2026-09-16 09:55:00,181.89,182.18,181.39,181.6,276255
2026-09-16 10:00:00,181.65,181.73,180.7,180.73,491953
2026-09-16 10:05:00,180.7,180.73,180.28,180.5,482537
2026-09-16 10:10:00,180.56,181.02,180.41,180.85,418635
2026-09-16 10:15:00,180.9,181.75,180.87,181.37,356819
2026-09-16 10:20:00,181.34,181.59,181.22,181.59,148494
2026-09-16 10:25:00,181.61,182.04,181.5,181.93,388046
2026-09-16 10:30:00,182.0,182.34,181.89,182.26,400383
2026-09-16 10:35:00,182.24,182.25,181.88,182.07,241065
2026-09-16 10:40:00,182.07,182.18,182.01,182.14,119477
2026-09-16 10:45:00,182.1,182.7,182.1,182.57,449359
2026-09-16 10:50:00,182.6,182.6,182.3,182.51,322665
2026-09-16 10:55:00,182.51,182.6,182.31,182.59,167523
2026-09-16 11:00:00,182.53,183.49,182.51,183.2,579187
2026-09-16 11:05:00,183.21,184.4,183.08,183.84,1168321
2026-09-16 11:10:00,183.8,184.3,183.74,184.15,416377
2026-09-16 11:15:00,184.19,184.6,184.06,184.13,386562
2026-09-16 11:20:00,184.06,184.13,183.44,183.57,269192
2026-09-16 11:25:00,183.57,183.76,183.45,183.69,110051
2026-09-16 11:30:00,183.69,184.5,183.66,184.19,275851
2026-09-16 11:35:00,184.18,184.19,183.65,183.69,474907
2026-09-16 11:40:00,183.65,184.89,183.61,184.35,609816
2026-09-16 11:45:00,184.35,184.39,184.05,184.13,177041
2026-09-16 11:50:00,184.12,184.39,184.08,184.18,184950
2026-09-16 11:55:00,184.18,184.31,184.1,184.2,245064
2026-09-16 12:00:00,184.2,184.33,183.92,184.21,136545
2026-09-16 12:05:00,184.21,184.32,184.03,184.09,116026
2026-09-16 12:10:00,184.09,184.49,184.05,184.32,253760
2026-09-16 12:15:00,184.32,184.4,183.83,183.83,475695
2026-09-16 12:20:00,183.83,183.97,183.76,183.92,146028
2026-09-16 12:25:00,183.92,184.0,183.81,183.9,136667
2026-09-16 12:30:00,183.9,185.4,183.88,185.01,1051560
2026-09-16 12:35:00,185.01,185.38,184.8,185.18,367669
2026-09-16 12:40:00,185.18,185.21,184.65,184.87,1239205
2026-09-16 12:45:00,184.92,184.93,184.5,184.58,249846
2026-09-16 12:50:00,184.58,184.59,183.97,184.0,845694
2026-09-16 12:55:00,184.04,184.13,183.85,183.9,201526
2026-09-16 13:00:00,183.91,184.08,183.81,184.05,235586
2026-09-16 13:05:00,184.05,184.35,183.94,184.26,289969
2026-09-16 13:10:00,184.3,184.35,183.81,183.81,251604
2026-09-16 13:15:00,183.84,183.94,183.67,183.77,588125
2026-09-16 13:20:00,183.75,183.77,183.11,183.23,590296
2026-09-16 13:25:00,183.24,183.31,183.0,183.02,187615
2026-09-16 13:30:00,183.02,183.32,182.83,183.19,594882
2026-09-16 13:35:00,183.24,183.3,183.01,183.1,176943
2026-09-16 13:40:00,183.1,183.17,183.0,183.07,217670
2026-09-16 13:45:00,183.0,183.22,183.0,183.11,190904
2026-09-16 13:50:00,183.11,183.27,183.0,183.03,212271
2026-09-16 13:55:00,183.04,183.09,182.75,182.89,298596
2026-09-16 14:00:00,182.9,183.09,182.85,183.07,275933
2026-09-16 14:05:00,183.02,183.13,182.88,182.98,154173
2026-09-16 14:10:00,182.98,183.07,182.84,183.07,167652
2026-09-16 14:15:00,183.02,183.18,182.8,182.89,206125
2026-09-16 14:20:00,182.8,183.09,182.74,182.97,275508
2026-09-16 14:25:00,182.97,183.0,182.8,182.98,244518
2026-09-16 14:30:00,182.98,183.11,182.91,182.97,302692
2026-09-16 14:35:00,182.93,183.08,182.84,182.87,202918
2026-09-16 14:40:00,182.9,183.0,182.85,182.99,242015
2026-09-16 14:45:00,182.99,182.99,182.8,182.89,231900
2026-09-16 14:50:00,182.88,182.99,182.82,182.92,351191
2026-09-16 14:55:00,182.92,183.17,182.83,182.98,442112
2026-09-16 15:00:00,183.0,183.1,182.75,183.03,555503
2026-09-16 15:05:00,183.05,183.19,183.0,183.13,990800
2026-09-16 15:10:00,183.1,183.5,183.06,183.24,1164613
2026-09-16 15:15:00,183.19,183.19,183.19,183.19,721
2026-09-16 15:20:00,183.19,183.19,183.19,183.19,0
2026-09-16 15:25:00,183.19,183.19,183.0,183.0,681321
2026-09-17 09:15:00,183.0,184.5,182.87,184.4,670290
2026-09-17 09:20:00,184.38,184.55,183.71,184.01,455674
2026-09-17 09:25:00,183.96,184.19,183.8,183.91,247695
2026-09-17 09:30:00,183.91,183.97,183.7,183.8,201525
2026-09-17 09:35:00,183.75,183.95,183.6,183.67,196600
2026-09-17 09:40:00,183.66,183.66,183.17,183.33,338253
2026-09-17 09:45:00,183.37,183.74,183.28,183.65,152415
2026-09-17 09:50:00,183.61,183.61,183.37,183.37,118324
2026-09-17 09:55:00,183.37,183.8,183.3,183.66,258947
2026-09-17 10:00:00,183.66,183.74,183.51,183.55,99831
2026-09-17 10:05:00,183.54,183.79,183.54,183.78,126923
2026-09-17 10:10:00,183.78,184.27,183.76,184.19,258349
2026-09-17 10:15:00,184.19,184.24,183.8,183.8,116163
2026-09-17 10:20:00,183.88,184.78,183.75,184.67,506314
2026-09-17 10:25:00,184.69,185.0,184.03,184.24,602584
2026-09-17 10:30:00,184.24,184.3,184.04,184.1,118211
2026-09-17 10:35:00,184.1,184.5,184.05,184.43,179666
2026-09-17 10:40:00,184.44,184.65,184.33,184.5,242409
2026-09-17 10:45:00,184.5,184.55,184.39,184.5,148976
2026-09-17 10:50:00,184.49,184.5,184.13,184.2,121361
2026-09-17 10:55:00,184.15,184.86,184.15,184.5,817983
2026-09-17 11:00:00,184.43,184.5,184.15,184.21,111604
2026-09-17 11:05:00,184.21,184.21,183.68,183.85,1251790
2026-09-17 11:10:00,183.8,184.2,183.68,184.1,793645
2026-09-17 11:15:00,184.05,184.29,184.01,184.1,663477
2026-09-17 11:20:00,184.05,184.31,184.03,184.3,179655
2026-09-17 11:25:00,184.26,184.38,184.13,184.24,140458
2026-09-17 11:30:00,184.19,184.3,184.01,184.3,113025
2026-09-17 11:35:00,184.25,184.36,184.16,184.26,94443
2026-09-17 11:40:00,184.21,184.7,184.21,184.61,168706
2026-09-17 11:45:00,184.62,184.63,184.12,184.29,112094
2026-09-17 11:50:00,184.31,184.6,184.24,184.51,136020
2026-09-17 11:55:00,184.55,184.6,184.44,184.52,132047
2026-09-17 12:00:00,184.53,184.9,184.51,184.73,315178
2026-09-17 12:05:00,184.73,185.2,184.66,184.98,486358
2026-09-17 12:10:00,184.98,185.0,184.82,184.87,133134
2026-09-17 12:15:00,184.87,184.95,184.73,184.84,139613
2026-09-17 12:20:00,184.84,185.0,184.79,184.94,156349
2026-09-17 12:25:00,184.93,185.0,184.72,184.81,145554
2026-09-17 12:30:00,184.76,184.88,184.67,184.77,107072
2026-09-17 12:35:00,184.77,185.0,184.58,184.73,219771
2026-09-17 12:40:00,184.75,184.86,184.58,184.63,141194
2026-09-17 12:45:00,184.58,184.9,184.58,184.81,104772
2026-09-17 12:50:00,184.76,185.38,184.76,185.22,595018
2026-09-17 12:55:00,185.22,185.39,185.07,185.25,243517
2026-09-17 13:00:00,185.22,185.36,185.03,185.18,174713
2026-09-17 13:05:00,185.22,185.3,185.17,185.22,209192
2026-09-17 13:10:00,185.2,185.27,185.17,185.17,118922
2026-09-17 13:15:00,185.2,185.35,185.16,185.18,176901
2026-09-17 13:20:00,185.15,185.25,184.91,184.91,446053
2026-09-17 13:25:00,184.85,184.86,184.2,184.29,301055
2026-09-17 13:30:00,184.29,184.4,184.25,184.31,194672
2026-09-17 13:35:00,184.31,184.39,184.19,184.29,268491
2026-09-17 13:40:00,184.24,184.33,184.22,184.25,212581
2026-09-17 13:45:00,184.21,184.33,184.2,184.25,308337
2026-09-17 13:50:00,184.31,184.32,184.23,184.27,108689
2026-09-17 13:55:00,184.26,184.42,184.25,184.32,134896
2026-09-17 14:00:00,184.27,184.5,184.24,184.5,143035
2026-09-17 14:05:00,184.45,185.28,184.39,185.21,635264
2026-09-17 14:10:00,185.24,185.3,184.86,185.23,567853
2026-09-17 14:15:00,185.26,185.29,184.84,185.22,336781
2026-09-17 14:20:00,185.22,185.29,185.16,185.22,533275
2026-09-17 14:25:00,185.23,185.23,184.73,184.88,288451
2026-09-17 14:30:00,184.92,184.94,184.56,184.58,152469
2026-09-17 14:35:00,184.58,186.45,184.55,186.03,1491772
2026-09-17 14:40:00,186.0,187.5,185.79,187.5,1448316
2026-09-17 14:45:00,187.49,189.49,187.47,188.87,2926150
2026-09-17 14:50:00,188.87,189.01,187.7,188.3,1705166
2026-09-17 14:55:00,188.32,188.32,187.5,187.6,932432
2026-09-17 15:00:00,187.56,187.79,187.43,187.58,510349
2026-09-17 15:05:00,187.54,187.83,187.35,187.4,821672
2026-09-17 15:10:00,187.38,187.7,187.12,187.15,893957
2026-09-17 15:15:00,187.15,187.15,187.15,187.15,1
2026-09-17 15:20:00,187.15,187.15,187.15,187.15,0
2026-09-17 15:25:00,187.15,187.29,187.15,187.29,425335
2026-09-18 09:15:00,186.4,187.45,186.38,186.55,1094546
2026-09-18 09:20:00,186.6,186.6,185.8,186.19,1401899
2026-09-18 09:25:00,186.21,186.26,185.54,185.71,333877
2026-09-18 09:30:00,185.71,185.94,185.61,185.86,298572
2026-09-18 09:35:00,185.75,186.9,185.75,186.71,320557
2026-09-18 09:40:00,186.72,187.96,186.72,187.3,598548
2026-09-18 09:45:00,187.29,187.3,186.91,187.0,123775
2026-09-18 09:50:00,186.99,187.16,186.91,187.16,78213
2026-09-18 09:55:00,187.16,187.2,186.87,186.93,79979
2026-09-18 10:00:00,186.93,187.15,186.8,187.02,97142
2026-09-18 10:05:00,187.01,187.48,186.7,187.25,340427
2026-09-18 10:10:00,187.25,187.49,187.2,187.38,138078
2026-09-18 10:15:00,187.33,187.46,187.21,187.31,126205
2026-09-18 10:20:00,187.29,187.4,187.18,187.18,56220
2026-09-18 10:25:00,187.27,187.3,187.14,187.23,72368
2026-09-18 10:30:00,187.23,187.31,186.98,187.28,104539
2026-09-18 10:35:00,187.25,187.69,187.25,187.56,285669
2026-09-18 10:40:00,187.56,187.56,187.34,187.34,91409
2026-09-18 10:45:00,187.34,187.55,187.3,187.4,486257
2026-09-18 10:50:00,187.4,187.59,187.3,187.47,81371
2026-09-18 10:55:00,187.54,187.67,187.41,187.58,97221
2026-09-18 11:00:00,187.57,187.58,186.88,186.95,389162
2026-09-18 11:05:00,186.9,187.09,186.7,187.09,160953
2026-09-18 11:10:00,187.04,187.7,186.82,187.7,402237
2026-09-18 11:15:00,187.65,187.7,187.17,187.17,70746
2026-09-18 11:20:00,187.23,187.3,187.11,187.2,55119
2026-09-18 11:25:00,187.17,187.32,187.07,187.24,243472
2026-09-18 11:30:00,187.24,187.45,187.1,187.1,65854
2026-09-18 11:35:00,187.1,187.28,187.06,187.2,94496
2026-09-18 11:40:00,187.19,187.35,187.09,187.28,86607
2026-09-18 11:45:00,187.23,187.26,186.92,187.0,283335
2026-09-18 11:50:00,187.0,187.5,186.93,187.41,104527
2026-09-18 11:55:00,187.36,187.43,187.17,187.4,76603
2026-09-18 12:00:00,187.42,187.48,187.03,187.11,78183
2026-09-18 12:05:00,187.04,187.23,187.0,187.05,99855
2026-09-18 12:10:00,187.08,187.3,186.85,186.87,466346
2026-09-18 12:15:00,186.88,187.0,186.88,187.0,85614
2026-09-18 12:20:00,187.0,187.14,186.92,187.14,294348
2026-09-18 12:25:00,187.09,187.28,186.99,187.27,160745
2026-09-18 12:30:00,187.22,187.5,187.11,187.5,164817
2026-09-18 12:35:00,187.49,187.55,187.03,187.18,687909
2026-09-18 12:40:00,187.13,187.32,187.13,187.23,100581
2026-09-18 12:45:00,187.15,187.35,187.13,187.28,105422
2026-09-18 12:50:00,187.23,187.7,187.21,187.68,174651
2026-09-18 12:55:00,187.63,187.69,187.4,187.51,170962
2026-09-18 13:00:00,187.53,187.62,187.42,187.53,124213
2026-09-18 13:05:00,187.45,187.59,187.4,187.5,99252
2026-09-18 13:10:00,187.5,187.5,187.35,187.4,98258
2026-09-18 13:15:00,187.37,187.55,187.35,187.49,192158
2026-09-18 13:20:00,187.49,187.49,187.34,187.4,134772
2026-09-18 13:25:00,187.36,187.42,186.98,187.0,201355
2026-09-18 13:30:00,187.0,187.05,186.9,186.97,162324
2026-09-18 13:35:00,186.98,187.03,186.85,186.91,150067
2026-09-18 13:40:00,186.88,186.88,186.65,186.69,163480
2026-09-18 13:45:00,186.68,186.79,186.48,186.5,213832
2026-09-18 13:50:00,186.48,186.72,186.48,186.65,141259
2026-09-18 13:55:00,186.68,186.86,186.6,186.66,206388
2026-09-18 14:00:00,186.61,186.9,186.56,186.7,153107
2026-09-18 14:05:00,186.67,186.87,186.65,186.83,129379
2026-09-18 14:10:00,186.83,186.92,186.55,186.61,189776
2026-09-18 14:15:00,186.61,186.68,186.55,186.6,130265
2026-09-18 14:20:00,186.61,186.85,186.57,186.6,288850
2026-09-18 14:25:00,186.56,186.71,186.26,186.3,286327
2026-09-18 14:30:00,186.3,186.5,186.18,186.25,442828
2026-09-18 14:35:00,186.25,186.5,186.12,186.45,505769
2026-09-18 14:40:00,186.45,186.45,186.18,186.24,408380
2026-09-18 14:45:00,186.27,186.54,186.17,186.39,506889
2026-09-18 14:50:00,186.39,186.57,186.36,186.46,452591
2026-09-18 14:55:00,186.47,186.49,186.3,186.4,466580
2026-09-18 15:00:00,186.37,186.37,186.01,186.02,707296
2026-09-18 15:05:00,186.02,186.06,185.93,186.01,803850
2026-09-18 15:10:00,186.01,186.24,185.9,186.08,1025191
2026-09-18 15:15:00,186.2,186.2,186.2,186.2,7275
2026-09-18 15:20:00,186.2,186.2,186.2,186.2,0
2026-09-18 15:25:00,186.2,186.2,185.54,185.54,9556815
2026-09-21 09:15:00,184.55,186.65,184.55,185.9,666735
2026-09-21 09:20:00,185.92,186.87,185.83,186.35,428243
2026-09-21 09:25:00,186.31,186.75,186.23,186.5,279084
2026-09-21 09:30:00,186.48,186.55,186.0,186.08,202690
2026-09-21 09:35:00,186.08,186.24,185.9,186.05,144513
2026-09-21 09:40:00,186.09,186.17,185.94,185.96,96693
2026-09-21 09:45:00,186.0,186.06,185.78,186.03,255648
2026-09-21 09:50:00,186.0,186.05,185.8,185.92,95832
2026-09-21 09:55:00,185.9,185.92,185.7,185.78,65137
2026-09-21 10:00:00,185.77,185.78,185.51,185.69,100440
2026-09-21 10:05:00,185.61,185.74,185.56,185.68,59439
2026-09-21 10:10:00,185.67,185.81,185.46,185.6,176503
2026-09-21 10:15:00,185.55,185.58,184.13,184.13,615197
2026-09-21 10:20:00,184.21,184.84,184.02,184.72,215064
2026-09-21 10:25:00,184.72,184.72,184.5,184.67,133622
2026-09-21 10:30:00,184.67,184.77,184.5,184.61,206503
2026-09-21 10:35:00,184.56,184.69,184.5,184.52,54306
2026-09-21 10:40:00,184.51,184.83,184.45,184.63,97743
2026-09-21 10:45:00,184.62,184.7,184.45,184.45,105770
2026-09-21 10:50:00,184.51,184.79,184.45,184.7,96691
2026-09-21 10:55:00,184.69,185.09,184.47,184.9,125633
2026-09-21 11:00:00,184.92,185.0,184.86,184.96,27077
2026-09-21 11:05:00,184.96,185.19,184.91,185.11,38875
2026-09-21 11:10:00,185.17,185.19,185.0,185.06,73237
2026-09-21 11:15:00,185.01,185.06,184.9,184.93,41640
2026-09-21 11:20:00,184.9,185.09,184.85,185.09,45451
2026-09-21 11:25:00,185.04,185.1,184.95,184.99,43469
2026-09-21 11:30:00,185.0,185.06,184.94,185.0,40222
2026-09-21 11:35:00,184.99,184.99,184.85,184.9,55498
2026-09-21 11:40:00,184.9,184.95,184.82,184.88,40185
2026-09-21 11:45:00,184.88,184.93,184.8,184.8,23858
2026-09-21 11:50:00,184.82,184.94,184.68,184.88,49351
2026-09-21 11:55:00,184.94,185.05,184.81,184.96,67649
2026-09-21 12:00:00,184.96,185.0,184.86,184.97,30446
2026-09-21 12:05:00,184.92,185.09,184.83,185.0,46867
2026-09-21 12:10:00,185.07,185.1,185.0,185.08,21190
2026-09-21 12:15:00,185.04,185.09,184.96,184.97,40056
2026-09-21 12:20:00,184.96,185.02,184.5,184.58,236390
2026-09-21 12:25:00,184.6,184.65,184.53,184.63,32674
2026-09-21 12:30:00,184.64,184.68,184.6,184.67,24706
2026-09-21 12:35:00,184.61,184.67,184.35,184.4,117133
2026-09-21 12:40:00,184.4,184.42,184.24,184.32,60618
2026-09-21 12:45:00,184.32,184.32,184.13,184.2,74389
2026-09-21 12:50:00,184.2,184.25,184.1,184.1,69342
2026-09-21 12:55:00,184.1,184.26,184.1,184.26,78045
2026-09-21 13:00:00,184.22,184.34,183.82,183.95,274255
2026-09-21 13:05:00,183.95,184.01,183.81,183.92,96452
2026-09-21 13:10:00,183.94,184.02,183.84,183.84,57431
2026-09-21 13:15:00,183.87,184.0,183.84,183.94,66096
2026-09-21 13:20:00,183.99,184.0,183.85,183.95,71863
2026-09-21 13:25:00,183.87,183.96,183.8,183.92,97446
2026-09-21 13:30:00,183.87,184.11,183.82,184.1,124785
2026-09-21 13:35:00,184.05,184.2,184.0,184.0,156337
2026-09-21 13:40:00,184.0,184.06,183.9,183.91,92445
2026-09-21 13:45:00,183.98,184.02,183.87,184.0,69684
2026-09-21 13:50:00,183.97,184.13,183.93,184.01,60918
2026-09-21 13:55:00,184.09,184.4,184.01,184.36,125299
2026-09-21 14:00:00,184.34,184.4,184.2,184.2,67776
2026-09-21 14:05:00,184.27,184.28,184.12,184.23,53057
2026-09-21 14:10:00,184.18,184.23,184.1,184.18,63554
2026-09-21 14:15:00,184.13,184.24,184.1,184.2,55388
2026-09-21 14:20:00,184.16,184.37,184.12,184.22,89911
2026-09-21 14:25:00,184.28,184.29,183.9,183.95,136913
2026-09-21 14:30:00,184.01,184.01,183.9,183.94,76693
2026-09-21 14:35:00,183.9,184.12,183.84,183.98,128564
2026-09-21 14:40:00,184.04,184.05,183.9,183.98,71827
2026-09-21 14:45:00,183.99,184.04,183.9,183.99,103855
2026-09-21 14:50:00,183.98,183.98,183.86,183.97,90939
2026-09-21 14:55:00,183.97,183.97,183.65,183.72,353604
2026-09-21 15:00:00,183.69,183.79,183.41,183.48,325244
2026-09-21 15:05:00,183.43,183.64,183.35,183.64,382191
2026-09-21 15:10:00,183.68,183.75,183.34,183.7,602298
2026-09-21 15:15:00,183.7,183.7,183.7,183.7,38
2026-09-21 15:20:00,183.7,183.7,183.7,183.7,0
2026-09-21 15:25:00,183.7,183.7,183.4,183.4,326470
2026-09-22 09:15:00,183.6,184.23,183.3,184.05,665255
2026-09-22 09:20:00,184.02,184.2,183.74,184.16,199837
2026-09-22 09:25:00,184.13,184.13,183.74,183.75,135356
2026-09-22 09:30:00,183.75,183.75,183.25,183.42,482611
2026-09-22 09:35:00,183.42,183.85,183.36,183.85,288682
2026-09-22 09:40:00,183.85,184.0,183.8,183.88,196774
2026-09-22 09:45:00,183.89,183.98,183.8,183.95,208316
2026-09-22 09:50:00,183.89,183.9,183.67,183.67,170179
2026-09-22 09:55:00,183.67,183.7,183.31,183.32,213022
2026-09-22 10:00:00,183.34,183.75,183.31,183.72,160685
2026-09-22 10:05:00,183.6,183.66,183.32,183.4,160512
2026-09-22 10:10:00,183.4,183.92,183.4,183.75,268169
2026-09-22 10:15:00,183.75,183.95,183.54,183.94,199523
2026-09-22 10:20:00,183.94,184.19,183.83,184.07,196985
2026-09-22 10:25:00,184.01,184.1,183.79,183.79,182564
2026-09-22 10:30:00,183.85,183.98,183.67,183.82,162862
2026-09-22 10:35:00,183.83,184.0,183.69,183.92,130705
2026-09-22 10:40:00,183.89,184.05,183.65,183.94,162924
2026-09-22 10:45:00,183.9,183.95,183.72,183.77,154111
2026-09-22 10:50:00,183.74,183.77,183.6,183.71,84702
2026-09-22 10:55:00,183.71,183.77,183.5,183.57,87342
2026-09-22 11:00:00,183.6,183.63,183.25,183.3,217865
2026-09-22 11:05:00,183.29,183.29,183.1,183.2,212559
2026-09-22 11:10:00,183.18,183.44,183.18,183.36,95620
2026-09-22 11:15:00,183.36,183.6,183.31,183.43,226637
2026-09-22 11:20:00,183.42,183.8,183.37,183.7,166302
2026-09-22 11:25:00,183.7,183.77,183.52,183.54,48576
2026-09-22 11:30:00,183.53,183.65,183.44,183.47,116629
2026-09-22 11:35:00,183.44,184.75,183.4,184.29,605900
2026-09-22 11:40:00,184.29,184.3,183.86,184.05,248562
2026-09-22 11:45:00,184.13,184.13,183.8,183.92,100150
2026-09-22 11:50:00,183.87,183.91,183.66,183.71,84296
2026-09-22 11:55:00,183.66,183.68,183.36,183.63,399370
2026-09-22 12:00:00,183.63,183.73,183.52,183.69,92151
2026-09-22 12:05:00,183.69,183.69,183.55,183.61,44978
2026-09-22 12:10:00,183.61,183.62,183.51,183.59,66977
2026-09-22 12:15:00,183.57,184.15,183.53,184.09,648550
2026-09-22 12:20:00,184.1,184.77,184.09,184.4,349889
2026-09-22 12:25:00,184.46,184.9,184.38,184.68,330138
2026-09-22 12:30:00,184.62,184.68,184.48,184.57,136208
2026-09-22 12:35:00,184.55,184.67,184.46,184.55,152878
2026-09-22 12:40:00,184.55,184.6,184.45,184.54,95261
2026-09-22 12:45:00,184.53,184.57,184.15,184.5,626088
2026-09-22 12:50:00,184.5,184.7,184.38,184.5,194048
2026-09-22 12:55:00,184.49,184.75,184.28,184.59,256131
2026-09-22 13:00:00,184.59,184.64,184.2,184.3,98406
2026-09-22 13:05:00,184.31,184.33,184.11,184.16,254797
2026-09-22 13:10:00,184.15,184.15,184.0,184.01,110725
2026-09-22 13:15:00,184.01,184.16,183.81,183.87,107576
2026-09-22 13:20:00,183.86,183.88,183.66,183.75,151618
2026-09-22 13:25:00,183.79,184.28,183.7,183.89,200871
2026-09-22 13:30:00,183.89,183.95,183.8,183.85,91962
2026-09-22 13:35:00,183.86,183.86,183.76,183.81,47820
2026-09-22 13:40:00,183.81,183.82,183.71,183.71,89141
2026-09-22 13:45:00,183.72,183.76,183.6,183.65,145912
2026-09-22 13:50:00,183.62,183.68,183.51,183.64,548223
2026-09-22 13:55:00,183.64,183.73,183.55,183.59,71970
2026-09-22 14:00:00,183.55,183.74,183.41,183.7,228774
2026-09-22 14:05:00,183.67,183.81,183.6,183.8,80677
2026-09-22 14:10:00,183.8,184.25,183.7,184.25,521823
2026-09-22 14:15:00,184.25,184.75,184.15,184.68,399145
2026-09-22 14:20:00,184.68,185.49,184.63,184.8,659664
2026-09-22 14:25:00,184.7,184.85,184.66,184.81,172667
2026-09-22 14:30:00,184.81,184.89,184.57,184.61,231956
2026-09-22 14:35:00,184.7,185.1,184.64,184.84,273401
2026-09-22 14:40:00,184.82,184.84,184.57,184.64,251886
2026-09-22 14:45:00,184.64,184.99,184.64,184.78,223228
2026-09-22 14:50:00,184.78,185.14,184.68,184.72,307462
2026-09-22 14:55:00,184.74,184.84,184.68,184.7,244343
2026-09-22 15:00:00,184.7,184.87,184.7,184.79,293385
2026-09-22 15:05:00,184.77,185.05,184.73,185.0,422994
2026-09-22 15:10:00,184.99,185.47,184.84,184.84,697003
2026-09-22 15:15:00,184.84,184.84,184.84,184.84,20
2026-09-22 15:20:00,184.84,184.84,184.84,184.84,0
2026-09-22 15:25:00,184.84,184.97,184.84,184.97,527217
2026-09-23 09:15:00,184.88,185.85,184.87,185.75,733759
2026-09-23 09:20:00,185.79,187.5,185.75,186.65,1097759
2026-09-23 09:25:00,186.65,187.34,186.65,186.9,518943
2026-09-23 09:30:00,186.89,187.39,186.85,187.33,371641
2026-09-23 09:35:00,187.33,187.45,186.97,187.09,367973
2026-09-23 09:40:00,187.14,187.56,186.99,187.28,593995
2026-09-23 09:45:00,187.25,187.25,186.8,186.92,609130
2026-09-23 09:50:00,186.93,186.93,186.46,186.58,247713
2026-09-23 09:55:00,186.58,186.98,186.48,186.95,221023
2026-09-23 10:00:00,186.95,187.32,186.84,187.32,466275
2026-09-23 10:05:00,187.29,187.4,186.97,187.02,303749
2026-09-23 10:10:00,187.06,187.06,186.76,186.98,146992
2026-09-23 10:15:00,186.98,187.18,186.97,187.14,106394
2026-09-23 10:20:00,187.09,187.2,187.07,187.19,92614
2026-09-23 10:25:00,187.11,187.68,187.08,187.38,526337
2026-09-23 10:30:00,187.35,187.4,187.15,187.25,146363
2026-09-23 10:35:00,187.26,187.75,187.19,187.5,642977
2026-09-23 10:40:00,187.5,187.6,187.41,187.5,311568
2026-09-23 10:45:00,187.55,187.6,187.43,187.56,232754
2026-09-23 10:50:00,187.55,187.6,187.44,187.5,105551
2026-09-23 10:55:00,187.5,187.6,187.44,187.51,126763
2026-09-23 11:00:00,187.55,187.6,187.48,187.57,154736
2026-09-23 11:05:00,187.6,187.6,187.3,187.58,265738
2026-09-23 11:10:00,187.58,187.75,187.54,187.66,274614
2026-09-23 11:15:00,187.66,187.75,187.5,187.64,178916
2026-09-23 11:20:00,187.64,187.75,187.59,187.66,86619
2026-09-23 11:25:00,187.67,187.8,187.59,187.8,111837
2026-09-23 11:30:00,187.79,188.0,187.78,187.91,245120
2026-09-23 11:35:00,187.93,188.7,187.78,188.65,845327
2026-09-23 11:40:00,188.65,188.7,188.07,188.49,599992
2026-09-23 11:45:00,188.52,188.6,188.19,188.55,301453
2026-09-23 11:50:00,188.5,188.6,188.36,188.36,161104
2026-09-23 11:55:00,188.44,188.49,188.35,188.42,119969
2026-09-23 12:00:00,188.44,190.2,188.4,189.8,2049803
2026-09-23 12:05:00,189.83,190.64,189.71,190.53,1675868
2026-09-23 12:10:00,190.53,191.5,190.18,190.24,1852451
2026-09-23 12:15:00,190.3,190.68,190.05,190.39,577573
2026-09-23 12:20:00,190.43,190.48,190.0,190.11,489442
2026-09-23 12:25:00,190.15,190.26,189.5,189.54,777501
2026-09-23 12:30:00,189.58,189.69,189.34,189.54,215082
2026-09-23 12:35:00,189.45,189.65,189.2,189.2,281641
2026-09-23 12:40:00,189.21,189.45,189.15,189.34,322690
2026-09-23 12:45:00,189.34,189.46,189.2,189.27,147032
2026-09-23 12:50:00,189.26,190.29,189.16,190.08,1364008
2026-09-23 12:55:00,190.08,190.26,189.72,190.24,914502
2026-09-23 13:00:00,190.2,190.8,190.1,190.4,417134
2026-09-23 13:05:00,190.4,190.59,190.16,190.34,247287
2026-09-23 13:10:00,190.34,190.59,190.0,190.26,214510
2026-09-23 13:15:00,190.3,191.2,190.24,191.08,1437528
2026-09-23 13:20:00,191.01,191.35,190.67,190.86,1578105
2026-09-23 13:25:00,190.86,191.25,190.85,191.02,821142
2026-09-23 13:30:00,191.02,191.2,190.8,190.9,301503
2026-09-23 13:35:00,190.94,191.05,190.75,190.96,286684
2026-09-23 13:40:00,190.95,191.05,190.8,191.02,278324
2026-09-23 13:45:00,191.0,191.15,190.89,191.1,256426
2026-09-23 13:50:00,191.07,191.16,190.4,190.45,422677
2026-09-23 13:55:00,190.47,190.79,190.06,190.78,538557
2026-09-23 14:00:00,190.78,190.89,190.52,190.72,262502
2026-09-23 14:05:00,190.73,191.2,190.73,191.0,826280
2026-09-23 14:10:00,191.08,191.29,191.0,191.24,427766
2026-09-23 14:15:00,191.25,191.29,190.89,191.05,241675
2026-09-23 14:20:00,191.06,191.11,190.71,190.75,606981
2026-09-23 14:25:00,190.76,191.0,190.68,190.92,306782
2026-09-23 14:30:00,190.93,191.0,190.81,190.81,183960
2026-09-23 14:35:00,190.87,190.93,190.75,190.82,221965
2026-09-23 14:40:00,190.88,190.88,190.72,190.75,244256
2026-09-23 14:45:00,190.74,190.8,190.53,190.67,403495
2026-09-23 14:50:00,190.7,190.76,190.55,190.67,600081
2026-09-23 14:55:00,190.67,190.82,190.37,190.57,767425
2026-09-23 15:00:00,190.62,190.71,190.5,190.61,624460
2026-09-23 15:05:00,190.6,191.0,190.41,190.43,1744563
2026-09-23 15:10:00,190.43,191.0,190.16,190.82,3078679
2026-09-23 15:15:00,190.82,190.82,190.82,190.82,0
2026-09-23 15:20:00,190.82,190.82,190.82,190.82,0
2026-09-23 15:25:00,190.82,190.82,190.82,190.82,415112
2026-09-24 09:15:00,188.21,190.2,188.21,189.51,1092902
2026-09-24 09:20:00,189.57,189.89,189.47,189.61,294749
2026-09-24 09:25:00,189.65,190.2,189.56,189.86,392443
2026-09-24 09:30:00,189.92,190.98,189.8,190.81,574033
2026-09-24 09:35:00,190.82,191.8,190.61,191.23,1084614
2026-09-24 09:40:00,191.23,191.28,190.61,190.64,486449
2026-09-24 09:45:00,190.7,191.05,190.34,190.77,330027
2026-09-24 09:50:00,190.77,190.79,190.14,190.14,214930
2026-09-24 09:55:00,190.16,190.4,190.09,190.15,207333
2026-09-24 10:00:00,190.21,190.38,189.87,190.35,293637
2026-09-24 10:05:00,190.3,190.44,190.12,190.24,177170
2026-09-24 10:10:00,190.3,190.3,189.71,189.88,267379
2026-09-24 10:15:00,189.88,189.99,189.71,189.81,135716
2026-09-24 10:20:00,189.86,190.16,189.62,190.15,210000
2026-09-24 10:25:00,190.11,190.15,189.9,190.04,130929
2026-09-24 10:30:00,190.04,190.34,190.02,190.3,102009
2026-09-24 10:35:00,190.34,190.64,190.1,190.5,196389
2026-09-24 10:40:00,190.49,190.5,190.1,190.16,180591
2026-09-24 10:45:00,190.16,190.24,190.04,190.2,119859
2026-09-24 10:50:00,190.23,190.29,190.05,190.15,60724
2026-09-24 10:55:00,190.15,190.15,190.0,190.01,75433
2026-09-24 11:00:00,190.0,190.01,189.9,189.91,75880
2026-09-24 11:05:00,189.94,189.95,189.75,189.78,163036
2026-09-24 11:10:00,189.81,189.9,189.66,189.66,60883
2026-09-24 11:15:00,189.66,189.74,189.54,189.72,154936
2026-09-24 11:20:00,189.73,189.78,189.37,189.43,176905
2026-09-24 11:25:00,189.37,189.54,189.35,189.48,100353
2026-09-24 11:30:00,189.47,189.47,189.15,189.22,142713
2026-09-24 11:35:00,189.2,189.43,189.2,189.35,76745
2026-09-24 11:40:00,189.35,189.39,189.17,189.22,91109
2026-09-24 11:45:00,189.22,189.26,189.11,189.12,64716
2026-09-24 11:50:00,189.11,189.37,189.11,189.3,156045
2026-09-24 11:55:00,189.26,189.31,189.1,189.24,165913
2026-09-24 12:00:00,189.24,189.42,189.15,189.28,94445
2026-09-24 12:05:00,189.22,189.43,189.22,189.35,89563
2026-09-24 12:10:00,189.36,189.45,189.0,189.02,209896
2026-09-24 12:15:00,189.02,189.2,188.9,189.0,199619
2026-09-24 12:20:00,188.95,189.1,188.94,189.02,136416
2026-09-24 12:25:00,189.02,189.22,188.81,189.16,336829
2026-09-24 12:30:00,189.16,189.25,188.9,189.01,155245
2026-09-24 12:35:00,189.01,189.19,188.94,189.13,103202
2026-09-24 12:40:00,189.15,189.18,189.0,189.03,59650
2026-09-24 12:45:00,189.0,189.07,188.91,189.0,68797
2026-09-24 12:50:00,188.97,189.06,188.85,188.85,112278
2026-09-24 12:55:00,188.88,189.0,188.85,188.9,63940
2026-09-24 13:00:00,188.88,189.7,188.88,189.4,407422
2026-09-24 13:05:00,189.46,189.53,189.37,189.37,117423
2026-09-24 13:10:00,189.37,189.4,189.36,189.39,75484
2026-09-24 13:15:00,189.39,189.44,189.32,189.34,201863
2026-09-24 13:20:00,189.34,189.44,189.1,189.17,173649
2026-09-24 13:25:00,189.12,189.17,188.85,188.97,107705
2026-09-24 13:30:00,188.92,189.11,188.92,189.04,64770
2026-09-24 13:35:00,189.0,189.04,188.87,188.93,141489
2026-09-24 13:40:00,188.93,188.93,188.6,188.68,105005
2026-09-24 13:45:00,188.68,188.69,188.36,188.6,190190
2026-09-24 13:50:00,188.52,188.62,188.26,188.28,95711
2026-09-24 13:55:00,188.28,188.33,187.93,188.09,241660
2026-09-24 14:00:00,188.04,188.39,188.02,188.13,134059
2026-09-24 14:05:00,188.13,188.28,188.04,188.21,75148
2026-09-24 14:10:00,188.21,188.32,188.11,188.26,94262
2026-09-24 14:15:00,188.27,188.32,187.99,187.99,90160
2026-09-24 14:20:00,187.95,188.17,187.93,188.01,199033
2026-09-24 14:25:00,188.0,188.2,187.95,188.06,164321
2026-09-24 14:30:00,188.01,188.18,187.93,188.01,81864
2026-09-24 14:35:00,187.95,188.28,187.95,188.23,111203
2026-09-24 14:40:00,188.19,188.33,188.0,188.01,190133
2026-09-24 14:45:00,188.05,188.16,188.0,188.1,98671
2026-09-24 14:50:00,188.1,188.24,187.95,188.03,225531
2026-09-24 14:55:00,188.1,188.14,187.76,187.98,170880
2026-09-24 15:00:00,187.98,188.0,187.78,187.84,260148
2026-09-24 15:05:00,187.84,188.6,187.72,188.51,1195260
2026-09-24 15:10:00,188.51,188.51,187.93,188.1,543962
2026-09-24 15:15:00,188.44,188.44,188.44,188.44,83
2026-09-24 15:20:00,188.44,188.44,188.44,188.44,0
2026-09-24 15:25:00,188.44,188.44,188.02,188.02,300463
2026-09-25 09:15:00,188.57,189.2,188.4,188.51,474436
2026-09-25 09:20:00,188.47,188.55,188.14,188.55,347174
2026-09-25 09:25:00,188.53,188.6,187.86,188.28,336604
2026-09-25 09:30:00,188.2,190.26,188.15,190.07,1191675
2026-09-25 09:35:00,190.07,190.18,189.3,189.33,299811
2026-09-25 09:40:00,189.32,189.32,188.9,188.9,175646
2026-09-25 09:45:00,188.89,189.23,188.71,189.19,259326
2026-09-25 09:50:00,189.19,189.42,189.05,189.28,187742
2026-09-25 09:55:00,189.29,189.8,189.28,189.47,250657
2026-09-25 10:00:00,189.46,189.63,189.35,189.63,104745
2026-09-25 10:05:00,189.63,189.72,189.31,189.71,172391
2026-09-25 10:10:00,189.65,190.34,189.57,189.89,408117
2026-09-25 10:15:00,189.9,189.9,189.2,189.22,209589
2026-09-25 10:20:00,189.32,189.56,189.25,189.34,148385
2026-09-25 10:25:00,189.29,189.35,189.1,189.11,122794
2026-09-25 10:30:00,189.1,189.15,188.9,188.94,162236
2026-09-25 10:35:00,188.93,189.23,188.61,189.14,368196
2026-09-25 10:40:00,189.14,189.15,188.8,188.83,60603
2026-09-25 10:45:00,188.83,188.89,188.53,188.62,99405
2026-09-25 10:50:00,188.59,188.75,188.58,188.65,61355
2026-09-25 10:55:00,188.7,188.82,188.6,188.73,39535
2026-09-25 11:00:00,188.75,189.08,188.7,188.9,93469
2026-09-25 11:05:00,188.93,188.93,188.75,188.87,55516
2026-09-25 11:10:00,188.83,188.93,188.7,188.86,59748
2026-09-25 11:15:00,188.88,189.19,188.83,189.07,89407
2026-09-25 11:20:00,189.0,189.25,188.84,188.87,162784
2026-09-25 11:25:00,188.87,188.9,188.63,188.86,73729
2026-09-25 11:30:00,188.86,189.12,188.77,188.8,119006
2026-09-25 11:35:00,188.84,189.0,188.77,188.98,55566
2026-09-25 11:40:00,188.98,189.35,188.88,189.16,170946
2026-09-25 11:45:00,189.16,189.16,188.89,188.89,50935
2026-09-25 11:50:00,188.9,188.95,188.65,188.75,82310
2026-09-25 11:55:00,188.75,188.75,188.11,188.2,342333
2026-09-25 12:00:00,188.2,188.29,188.07,188.18,118765
2026-09-25 12:05:00,188.25,188.39,188.16,188.29,80627
2026-09-25 12:10:00,188.26,188.54,188.26,188.48,69622
2026-09-25 12:15:00,188.45,188.66,188.36,188.44,64586
2026-09-25 12:20:00,188.45,188.47,188.23,188.3,81783
2026-09-25 12:25:00,188.31,188.62,188.2,188.6,94208
2026-09-25 12:30:00,188.57,188.62,188.44,188.51,69681
2026-09-25 12:35:00,188.5,188.54,188.3,188.51,48849
2026-09-25 12:40:00,188.55,188.55,188.28,188.28,65015
2026-09-25 12:45:00,188.28,188.34,188.08,188.1,98226
2026-09-25 12:50:00,188.13,188.16,187.87,187.93,202157
2026-09-25 12:55:00,187.96,187.96,187.61,187.9,181438
2026-09-25 13:00:00,187.87,188.0,187.8,187.81,88843
2026-09-25 13:05:00,187.81,187.81,187.62,187.68,142359
2026-09-25 13:10:00,187.68,187.88,187.51,187.53,95660
2026-09-25 13:15:00,187.52,187.68,187.45,187.47,113550
2026-09-25 13:20:00,187.5,187.68,187.39,187.54,71811
2026-09-25 13:25:00,187.5,187.59,187.45,187.56,41035
2026-09-25 13:30:00,187.56,187.59,187.25,187.3,69963
2026-09-25 13:35:00,187.32,187.45,187.24,187.33,60494
2026-09-25 13:40:00,187.26,187.49,187.2,187.25,135914
2026-09-25 13:45:00,187.25,187.42,187.2,187.25,101999
2026-09-25 13:50:00,187.27,187.48,187.01,187.35,167215
2026-09-25 13:55:00,187.35,187.55,187.3,187.54,129228
2026-09-25 14:00:00,187.54,188.61,187.51,188.6,443223
2026-09-25 14:05:00,188.61,188.88,188.42,188.5,358188
2026-09-25 14:10:00,188.51,188.6,188.21,188.28,149743
2026-09-25 14:15:00,188.28,188.55,188.24,188.5,133811
2026-09-25 14:20:00,188.47,188.5,188.14,188.25,83175
2026-09-25 14:25:00,188.26,188.46,188.25,188.37,77545
2026-09-25 14:30:00,188.4,188.49,188.13,188.13,566300
2026-09-25 14:35:00,188.14,188.3,188.13,188.3,183739
2026-09-25 14:40:00,188.3,188.59,188.03,188.59,622211
2026-09-25 14:45:00,188.69,188.79,188.35,188.35,270544
2026-09-25 14:50:00,188.35,188.42,187.99,188.11,1169545
2026-09-25 14:55:00,188.19,188.19,188.02,188.1,326811
2026-09-25 15:00:00,188.16,188.16,187.91,187.95,261989
2026-09-25 15:05:00,187.97,188.16,187.96,187.97,571176
2026-09-25 15:10:00,187.97,188.31,187.66,187.79,1170342
2026-09-25 15:15:00,187.79,187.79,187.79,187.79,0
2026-09-25 15:20:00,187.79,187.79,187.79,187.79,0
2026-09-25 15:25:00,187.79,187.97,187.79,187.97,228461
2026-09-28 09:15:00,187.55,188.58,186.85,187.41,755849
2026-09-28 09:20:00,187.37,187.38,186.71,186.81,337414
2026-09-28 09:25:00,186.73,186.8,186.4,186.51,194840
2026-09-28 09:30:00,186.45,186.53,186.12,186.14,223351
2026-09-28 09:35:00,186.17,186.49,185.8,186.35,283707
2026-09-28 09:40:00,186.35,186.92,186.2,186.85,173922
2026-09-28 09:45:00,186.9,188.24,186.9,187.96,582983
2026-09-28 09:50:00,188.04,188.34,187.82,188.1,264738
2026-09-28 09:55:00,188.1,188.55,188.05,188.05,311611
2026-09-28 10:00:00,188.12,188.21,187.92,188.08,167417
2026-09-28 10:05:00,188.08,188.08,187.05,187.21,373034
2026-09-28 10:10:00,187.15,187.55,187.04,187.4,184241
2026-09-28 10:15:00,187.37,187.92,187.3,187.76,153889
2026-09-28 10:20:00,187.76,187.8,187.3,187.31,95534
2026-09-28 10:25:00,187.32,187.38,187.03,187.09,104075
2026-09-28 10:30:00,187.1,187.3,187.07,187.19,48572
2026-09-28 10:35:00,187.2,187.36,187.13,187.29,117019
2026-09-28 10:40:00,187.34,187.46,187.22,187.4,103107
2026-09-28 10:45:00,187.4,187.95,187.35,187.56,163288
2026-09-28 10:50:00,187.64,187.65,187.02,187.32,291670
2026-09-28 10:55:00,187.33,187.7,187.27,187.56,87293
2026-09-28 11:00:00,187.56,187.68,187.33,187.33,60056
2026-09-28 11:05:00,187.37,187.59,187.29,187.53,48092
2026-09-28 11:10:00,187.53,187.65,187.42,187.62,49456
2026-09-28 11:15:00,187.61,187.64,187.22,187.53,66003
2026-09-28 11:20:00,187.55,187.56,187.15,187.2,41693
2026-09-28 11:25:00,187.2,187.45,187.13,187.41,58434
2026-09-28 11:30:00,187.41,187.46,187.2,187.29,33403
2026-09-28 11:35:00,187.28,187.29,186.77,186.85,165068
2026-09-28 11:40:00,186.8,187.17,186.69,186.73,130416
2026-09-28 11:45:00,186.7,186.73,186.46,186.52,89215
2026-09-28 11:50:00,186.5,186.5,186.16,186.2,118682
2026-09-28 11:55:00,186.27,186.31,186.09,186.3,109832
2026-09-28 12:00:00,186.3,186.69,186.25,186.61,143886
2026-09-28 12:05:00,186.67,186.85,186.31,186.36,610651
2026-09-28 12:10:00,186.36,186.49,186.25,186.4,70776
2026-09-28 12:15:00,186.34,186.47,186.27,186.4,61153
2026-09-28 12:20:00,186.4,186.47,186.22,186.45,40648
2026-09-28 12:25:00,186.45,186.68,186.36,186.65,76042
2026-09-28 12:30:00,186.67,186.67,186.25,186.35,61593
2026-09-28 12:35:00,186.35,186.39,186.23,186.28,60235
2026-09-28 12:40:00,186.23,186.3,186.05,186.12,65984
2026-09-28 12:45:00,186.05,186.12,185.82,185.92,262406
2026-09-28 12:50:00,185.92,185.92,185.64,185.72,135571
2026-09-28 12:55:00,185.68,185.72,185.5,185.67,78166
2026-09-28 13:00:00,185.58,185.82,185.54,185.82,60171
2026-09-28 13:05:00,185.81,185.81,185.41,185.6,231756
2026-09-28 13:10:00,185.68,185.92,185.61,185.7,48542
2026-09-28 13:15:00,185.7,185.77,185.65,185.77,24838
2026-09-28 13:20:00,185.77,186.74,185.64,186.7,747549
2026-09-28 13:25:00,186.7,186.74,186.45,186.65,568402
2026-09-28 13:30:00,186.65,186.72,186.33,186.37,42016
2026-09-28 13:35:00,186.44,186.7,186.3,186.56,218192
2026-09-28 13:40:00,186.59,186.79,186.54,186.65,133823
2026-09-28 13:45:00,186.7,186.89,186.59,186.67,224908
2026-09-28 13:50:00,186.7,186.7,186.41,186.41,64591
2026-09-28 13:55:00,186.43,186.55,186.31,186.46,64288
2026-09-28 14:00:00,186.46,186.5,186.25,186.28,62788
2026-09-28 14:05:00,186.28,186.33,186.1,186.15,90943
2026-09-28 14:10:00,186.21,186.4,186.2,186.22,65003
2026-09-28 14:15:00,186.22,186.22,185.89,185.91,136462
2026-09-28 14:20:00,185.91,186.21,185.86,186.11,190230
2026-09-28 14:25:00,186.11,186.2,185.9,186.06,63303
2026-09-28 14:30:00,186.01,186.2,185.87,185.97,66988
2026-09-28 14:35:00,185.98,186.0,185.71,185.74,92538
2026-09-28 14:40:00,185.79,185.8,185.54,185.67,114426
2026-09-28 14:45:00,185.65,185.99,185.65,185.94,253927
2026-09-28 14:50:00,185.96,186.24,185.77,186.03,439213
2026-09-28 14:55:00,186.03,186.15,185.97,186.08,174155
2026-09-28 15:00:00,186.01,186.09,185.71,185.95,283945
2026-09-28 15:05:00,185.7,185.86,185.5,185.57,377592
2026-09-28 15:10:00,185.58,185.6,185.25,185.5,507258
2026-09-28 15:15:00,185.5,185.5,185.5,185.5,278
2026-09-28 15:20:00,185.5,185.5,185.5,185.5,0
2026-09-28 15:25:00,185.5,186.3,185.5,186.3,479594
2026-09-29 09:15:00,184.78,185.4,184.32,185.08,605896
2026-09-29 09:20:00,185.06,185.25,184.75,185.12,333607
2026-09-29 09:25:00,185.12,185.18,184.52,184.76,507699
2026-09-29 09:30:00,184.76,185.17,184.75,184.92,501202
2026-09-29 09:35:00,184.95,184.95,184.24,184.55,417638
2026-09-29 09:40:00,184.54,185.1,184.44,184.96,196978
2026-09-29 09:45:00,184.99,185.06,184.83,184.88,132965
2026-09-29 09:50:00,184.84,185.06,184.72,185.06,163157
2026-09-29 09:55:00,185.06,185.24,184.8,184.89,211088
2026-09-29 10:00:00,184.93,185.05,184.58,184.71,179317
2026-09-29 10:05:00,184.7,184.76,184.55,184.62,120189
2026-09-29 10:10:00,184.62,184.88,184.51,184.8,271112
2026-09-29 10:15:00,184.8,185.0,184.61,184.66,223543
2026-09-29 10:20:00,184.66,184.95,184.54,184.95,103232
2026-09-29 10:25:00,184.96,185.13,184.91,185.03,117489
2026-09-29 10:30:00,185.04,185.09,184.83,184.99,87809
2026-09-29 10:35:00,185.0,185.15,184.87,185.11,138133
2026-09-29 10:40:00,185.11,185.12,184.9,184.99,119393
2026-09-29 10:45:00,184.97,185.2,184.92,185.13,155707
2026-09-29 10:50:00,185.12,185.16,184.8,185.06,231511
2026-09-29 10:55:00,185.05,185.38,185.02,185.23,206951
2026-09-29 11:00:00,185.21,185.25,185.03,185.15,90568
2026-09-29 11:05:00,185.1,185.3,185.0,185.3,102882
2026-09-29 11:10:00,185.25,186.55,185.25,186.34,577871
2026-09-29 11:15:00,186.32,186.43,186.04,186.39,262124
2026-09-29 11:20:00,186.39,186.4,186.01,186.03,139088
2026-09-29 11:25:00,186.1,186.27,186.01,186.18,157231
2026-09-29 11:30:00,186.17,186.9,186.17,186.74,476171
2026-09-29 11:35:00,186.72,186.8,186.51,186.7,150524
2026-09-29 11:40:00,186.7,186.87,186.46,186.46,170278
2026-09-29 11:45:00,186.48,186.48,186.2,186.37,138362
2026-09-29 11:50:00,186.36,186.38,186.05,186.08,122703
2026-09-29 11:55:00,186.06,186.65,186.05,186.6,190228
2026-09-29 12:00:00,186.6,187.45,186.59,187.36,354808
2026-09-29 12:05:00,187.35,187.5,187.2,187.42,251742
2026-09-29 12:10:00,187.48,187.48,187.12,187.15,194118
2026-09-29 12:15:00,187.15,187.19,186.96,187.01,144942
2026-09-29 12:20:00,187.02,187.08,186.63,186.68,126668
2026-09-29 12:25:00,186.63,186.7,186.3,186.34,247674
2026-09-29 12:30:00,186.35,186.38,186.01,186.17,308027
2026-09-29 12:35:00,186.17,186.39,186.13,186.35,122116
2026-09-29 12:40:00,186.35,186.5,186.18,186.2,158207
2026-09-29 12:45:00,186.17,188.45,186.16,188.19,2157825
2026-09-29 12:50:00,188.14,188.26,188.0,188.01,1105428
2026-09-29 12:55:00,188.01,188.18,187.95,188.01,2168115
2026-09-29 13:00:00,188.0,188.02,187.25,187.34,1109576
2026-09-29 13:05:00,187.27,187.74,187.07,187.66,396749
2026-09-29 13:10:00,187.66,187.78,187.47,187.66,162989
2026-09-29 13:15:00,187.63,188.18,187.61,188.0,266570
2026-09-29 13:20:00,187.99,188.0,187.7,187.86,166996
2026-09-29 13:25:00,187.87,187.94,187.75,187.81,120244
2026-09-29 13:30:00,187.86,188.0,187.74,187.8,143313
2026-09-29 13:35:00,187.8,187.91,187.51,187.68,163049
2026-09-29 13:40:00,187.68,187.83,187.61,187.79,135911
2026-09-29 13:45:00,187.7,188.3,187.7,188.23,236657
2026-09-29 13:50:00,188.3,188.6,188.19,188.33,275903
2026-09-29 13:55:00,188.32,188.4,188.19,188.21,160124
2026-09-29 14:00:00,188.23,188.34,188.05,188.06,189282
2026-09-29 14:05:00,188.02,188.25,188.02,188.19,151872
2026-09-29 14:10:00,188.21,188.35,187.94,188.21,139726
2026-09-29 14:15:00,188.06,188.25,188.0,188.12,181634
2026-09-29 14:20:00,188.12,188.12,187.91,188.05,263597
2026-09-29 14:25:00,188.04,188.4,188.02,188.28,165987
2026-09-29 14:30:00,188.25,188.8,188.23,188.5,329576
2026-09-29 14:35:00,188.5,188.68,188.5,188.56,252186
2026-09-29 14:40:00,188.55,188.56,188.31,188.32,349111
2026-09-29 14:45:00,188.34,188.4,188.1,188.28,217612
2026-09-29 14:50:00,188.27,188.29,188.14,188.26,227080
2026-09-29 14:55:00,188.26,188.41,188.21,188.22,169003
2026-09-29 15:00:00,188.22,188.22,187.96,188.05,503390
2026-09-29 15:05:00,188.03,188.26,187.92,188.0,653146
2026-09-29 15:10:00,188.01,189.0,187.98,188.15,1187328
2026-09-29 15:15:00,188.15,188.15,188.15,188.15,5
2026-09-29 15:20:00,188.15,188.15,188.15,188.15,0
2026-09-29 15:25:00,188.15,188.15,188.0,188.0,4803156
2026-09-30 09:15:00,189.0,189.1,187.35,188.02,1067247
2026-09-30 09:20:00,188.15,188.49,188.08,188.1,450422
2026-09-30 09:25:00,188.1,188.19,187.74,187.8,323443
2026-09-30 09:30:00,187.8,187.81,187.5,187.7,308977
2026-09-30 09:35:00,187.74,188.34,187.74,188.19,293240
2026-09-30 09:40:00,188.1,188.3,188.0,188.08,209003
2026-09-30 09:45:00,188.08,188.25,188.05,188.09,111543
2026-09-30 09:50:00,188.09,188.5,188.01,188.11,322139
2026-09-30 09:55:00,188.11,188.85,188.11,188.83,322486
2026-09-30 10:00:00,188.85,188.85,188.33,188.5,182085
2026-09-30 10:05:00,188.5,188.64,188.11,188.16,258690
2026-09-30 10:10:00,188.14,188.75,188.12,188.75,275344
2026-09-30 10:15:00,188.72,188.75,188.16,188.21,165811
2026-09-30 10:20:00,188.2,188.24,188.0,188.07,175342
2026-09-30 10:25:00,188.08,188.18,187.7,187.8,399213
2026-09-30 10:30:00,187.82,187.82,187.2,187.32,381593
2026-09-30 10:35:00,187.32,187.45,187.3,187.4,164720
2026-09-30 10:40:00,187.45,187.52,186.97,187.25,859267
2026-09-30 10:45:00,187.25,187.48,187.0,187.26,1459704
2026-09-30 10:50:00,187.23,187.5,187.21,187.3,735501
2026-09-30 10:55:00,187.3,187.37,187.0,187.04,759609
2026-09-30 11:00:00,187.0,187.82,186.91,187.73,366722
2026-09-30 11:05:00,187.69,187.72,187.43,187.57,124559
2026-09-30 11:10:00,187.57,187.61,187.12,187.38,162609
2026-09-30 11:15:00,187.37,187.45,187.1,187.32,127798
2026-09-30 11:20:00,187.27,187.47,187.24,187.44,103529
2026-09-30 11:25:00,187.44,187.65,187.38,187.62,121085
2026-09-30 11:30:00,187.61,187.61,187.2,187.4,107775
2026-09-30 11:35:00,187.35,187.74,187.25,187.6,155280
2026-09-30 11:40:00,187.6,187.8,187.5,187.73,97772
2026-09-30 11:45:00,187.7,187.87,187.63,187.87,108637
2026-09-30 11:50:00,187.87,188.0,187.79,187.84,122672
2026-09-30 11:55:00,187.83,189.55,187.75,189.37,1424580
2026-09-30 12:00:00,189.39,189.4,188.6,188.8,374357
2026-09-30 12:05:00,188.8,189.07,188.55,189.0,314313
2026-09-30 12:10:00,188.95,189.05,188.65,188.7,148564
2026-09-30 12:15:00,188.7,188.81,188.6,188.64,147096
2026-09-30 12:20:00,188.6,188.82,188.54,188.71,242702
2026-09-30 12:25:00,188.71,188.85,188.59,188.59,112425
2026-09-30 12:30:00,188.61,188.64,188.47,188.5,74774
2026-09-30 12:35:00,188.5,188.6,188.41,188.45,158414
2026-09-30 12:40:00,188.45,188.49,187.88,188.19,443584
2026-09-30 12:45:00,188.19,188.3,188.03,188.05,117579
2026-09-30 12:50:00,188.03,188.42,188.03,188.3,127268
2026-09-30 12:55:00,188.3,188.48,188.23,188.28,114403
2026-09-30 13:00:00,188.28,188.33,188.0,188.02,78791
2026-09-30 13:05:00,188.02,188.36,188.01,188.3,152319
2026-09-30 13:10:00,188.25,188.55,188.05,188.07,160642
2026-09-30 13:15:00,188.1,188.25,188.05,188.23,87557
2026-09-30 13:20:00,188.21,188.23,187.96,188.19,410881
2026-09-30 13:25:00,188.18,188.19,187.96,188.12,93203
2026-09-30 13:30:00,188.15,188.25,188.07,188.15,91758
2026-09-30 13:35:00,188.15,188.15,187.82,187.92,154089
2026-09-30 13:40:00,187.92,187.92,187.65,187.79,277617
2026-09-30 13:45:00,187.78,187.94,187.66,187.77,158958
2026-09-30 13:50:00,187.76,187.81,187.3,187.35,222494
2026-09-30 13:55:00,187.36,188.16,187.36,187.8,726366
2026-09-30 14:00:00,187.8,188.12,187.5,188.04,1482923
2026-09-30 14:05:00,188.03,188.15,188.0,188.02,425763
2026-09-30 14:10:00,188.01,188.05,187.82,187.9,494662
2026-09-30 14:15:00,187.95,187.99,187.64,187.8,251400
2026-09-30 14:20:00,187.73,187.8,186.98,186.98,693337
2026-09-30 14:25:00,186.96,187.25,186.91,187.1,900786
2026-09-30 14:30:00,187.08,187.23,187.01,187.06,397264
2026-09-30 14:35:00,187.09,187.09,186.55,186.62,494633
2026-09-30 14:40:00,186.65,186.7,186.43,186.5,253857
2026-09-30 14:45:00,186.47,187.15,186.47,187.1,582439
2026-09-30 14:50:00,187.1,187.11,186.76,186.88,675726
2026-09-30 14:55:00,186.88,186.89,186.57,186.61,842179
2026-09-30 15:00:00,186.62,186.83,186.34,186.36,927943
2026-09-30 15:05:00,186.36,186.4,186.0,186.09,1073862
2026-09-30 15:10:00,186.07,186.15,185.26,185.69,1064119
2026-09-30 15:15:00,185.69,185.69,185.69,185.69,161
2026-09-30 15:20:00,185.69,185.69,185.69,185.69,0
2026-09-30 15:25:00,185.69,185.69,184.3,184.3,4502743
2026-10-01 09:15:00,184.37,186.55,184.3,185.27,2097286
2026-10-01 09:20:00,185.24,185.37,184.3,184.37,1329190
2026-10-01 09:25:00,184.28,184.68,183.86,184.41,782725
2026-10-01 09:30:00,184.33,184.5,183.8,183.8,435672
2026-10-01 09:35:00,183.78,184.1,183.21,184.04,757015
2026-10-01 09:40:00,183.98,184.01,183.25,183.3,442928
2026-10-01 09:45:00,183.3,183.55,183.01,183.45,598494
2026-10-01 09:50:00,183.45,183.99,183.21,183.28,376122
2026-10-01 09:55:00,183.25,183.36,182.27,182.7,867679
2026-10-01 10:00:00,182.7,183.09,182.68,183.02,335228
2026-10-01 10:05:00,183.0,183.15,182.55,182.55,299056
2026-10-01 10:10:00,182.55,182.55,182.2,182.45,367721
2026-10-01 10:15:00,182.43,182.46,182.2,182.33,302065
2026-10-01 10:20:00,182.33,182.54,182.25,182.43,210673
2026-10-01 10:25:00,182.49,182.55,182.0,182.27,411870
2026-10-01 10:30:00,182.23,184.07,182.21,183.63,2137510
2026-10-01 10:35:00,183.59,184.18,183.55,184.02,574235
2026-10-01 10:40:00,184.0,184.02,183.1,183.32,1181428
2026-10-01 10:45:00,183.32,183.32,182.9,182.98,350801
2026-10-01 10:50:00,182.99,183.11,182.46,182.49,397104
2026-10-01 10:55:00,182.49,183.12,182.29,182.42,958432
2026-10-01 11:00:00,182.34,182.34,181.84,182.1,915962
2026-10-01 11:05:00,182.05,182.28,182.01,182.14,139396
2026-10-01 11:10:00,182.14,182.15,182.0,182.07,121621
2026-10-01 11:15:00,182.09,182.23,181.95,182.04,321289
2026-10-01 11:20:00,182.05,182.11,182.0,182.08,290109
2026-10-01 11:25:00,182.08,182.1,182.0,182.02,72355
2026-10-01 11:30:00,182.02,182.1,182.0,182.07,133436
2026-10-01 11:35:00,182.07,182.25,182.05,182.11,137954
2026-10-01 11:40:00,182.12,182.35,182.08,182.27,109923
2026-10-01 11:45:00,182.22,182.27,181.91,181.98,285387
2026-10-01 11:50:00,181.96,182.01,181.8,181.83,258187
2026-10-01 11:55:00,181.81,181.98,181.76,181.95,166547
2026-10-01 12:00:00,181.95,181.96,181.65,181.7,164436
2026-10-01 12:05:00,181.7,181.74,181.04,181.17,404060
2026-10-01 12:10:00,181.12,181.14,180.5,180.85,621571
2026-10-01 12:15:00,180.83,181.02,180.36,180.47,358646
2026-10-01 12:20:00,180.42,180.7,180.33,180.53,302802
2026-10-01 12:25:00,180.46,180.53,179.13,179.38,1682810
2026-10-01 12:30:00,179.37,179.66,179.1,179.51,455070
2026-10-01 12:35:00,179.5,179.88,179.5,179.79,191210
2026-10-01 12:40:00,179.76,179.89,178.25,178.37,1256361
2026-10-01 12:45:00,178.33,178.5,177.56,177.81,1123768
2026-10-01 12:50:00,177.73,177.95,177.19,177.6,887712
2026-10-01 12:55:00,177.6,177.88,177.11,177.83,774083
2026-10-01 13:00:00,177.82,178.48,177.79,178.48,442568
2026-10-01 13:05:00,178.48,178.89,178.32,178.63,453588
2026-10-01 13:10:00,178.63,178.73,178.46,178.55,258068
2026-10-01 13:15:00,178.55,178.55,178.0,178.0,324768
2026-10-01 13:20:00,178.01,178.2,177.75,177.88,323765
2026-10-01 13:25:00,177.9,178.13,177.71,177.72,209682
2026-10-01 13:30:00,177.7,178.16,177.53,178.07,280759
2026-10-01 13:35:00,178.07,178.15,177.56,177.78,241039
2026-10-01 13:40:00,177.76,177.9,177.0,177.28,679315
2026-10-01 13:45:00,177.28,177.4,176.7,177.18,1294058
2026-10-01 13:50:00,177.18,177.24,176.28,176.69,864804
2026-10-01 13:55:00,176.61,176.94,176.41,176.47,457430
2026-10-01 14:00:00,176.47,176.6,176.12,176.29,509867
2026-10-01 14:05:00,176.29,176.39,175.75,176.15,501501
2026-10-01 14:10:00,176.16,176.64,176.13,176.64,170113
2026-10-01 14:15:00,176.49,176.49,176.04,176.35,230330
2026-10-01 14:20:00,176.34,176.75,176.34,176.51,345940
2026-10-01 14:25:00,176.51,177.21,176.49,176.96,398129
2026-10-01 14:30:00,176.96,177.47,176.9,177.27,591546
2026-10-01 14:35:00,177.22,177.37,177.11,177.28,575073
2026-10-01 14:40:00,177.28,177.35,177.01,177.12,389354
2026-10-01 14:45:00,177.1,177.26,177.02,177.17,227952
2026-10-01 14:50:00,177.15,178.74,177.11,178.1,1355868
2026-10-01 14:55:00,178.1,178.54,177.61,177.9,2900313
2026-10-01 15:00:00,177.88,178.35,177.76,178.14,1397349
2026-10-01 15:05:00,178.18,178.9,178.0,178.09,2953154
2026-10-01 15:10:00,178.11,178.68,177.93,178.3,1528552
2026-10-01 15:15:00,178.3,178.3,178.3,178.3,823
2026-10-01 15:20:00,178.3,178.3,178.3,178.3,0
2026-10-01 15:25:00,178.3,178.3,178.0,178.0,957698
2026-10-05 09:15:00,179.28,181.28,178.61,180.83,1313383
2026-10-05 09:20:00,180.83,180.94,179.57,179.66,601991
2026-10-05 09:25:00,179.67,179.9,179.4,179.7,414441
2026-10-05 09:30:00,179.73,179.73,179.02,179.02,283582
2026-10-05 09:35:00,178.92,179.05,178.11,178.5,391642
2026-10-05 09:40:00,178.44,178.47,178.1,178.15,345388
2026-10-05 09:45:00,178.12,178.43,178.05,178.2,241638
2026-10-05 09:50:00,178.2,178.41,177.9,178.03,400324
2026-10-05 09:55:00,178.03,179.73,178.01,179.18,925252
2026-10-05 10:00:00,179.13,179.61,179.0,179.02,327918
2026-10-05 10:05:00,179.02,179.74,179.0,179.71,438015
2026-10-05 10:10:00,179.77,180.13,179.66,179.73,407975
2026-10-05 10:15:00,179.72,179.87,179.53,179.71,180118
2026-10-05 10:20:00,179.71,179.74,179.3,179.3,182972
2026-10-05 10:25:00,179.3,179.3,178.64,179.04,258010
2026-10-05 10:30:00,179.04,179.3,179.04,179.15,120786
2026-10-05 10:35:00,179.15,179.15,178.44,178.53,206878
2026-10-05 10:40:00,178.52,178.81,178.4,178.67,119469
2026-10-05 10:45:00,178.73,178.74,178.4,178.72,163101
2026-10-05 10:50:00,178.72,178.93,178.54,178.55,136799
2026-10-05 10:55:00,178.48,178.79,178.35,178.4,142136
2026-10-05 11:00:00,178.44,178.54,178.21,178.28,169013
2026-10-05 11:05:00,178.25,178.26,178.05,178.09,213984
2026-10-05 11:10:00,178.1,178.21,178.0,178.0,155871
2026-10-05 11:15:00,178.01,178.02,177.55,177.67,293208
2026-10-05 11:20:00,177.68,177.96,177.5,177.76,205987
2026-10-05 11:25:00,177.77,177.95,177.56,177.95,137980
2026-10-05 11:30:00,177.88,178.12,177.86,177.87,191325
2026-10-05 11:35:00,177.82,177.84,177.5,177.55,128506
2026-10-05 11:40:00,177.55,177.78,177.15,177.24,225256
2026-10-05 11:45:00,177.25,177.47,177.2,177.32,144939
2026-10-05 11:50:00,177.32,177.54,177.14,177.37,146135
2026-10-05 11:55:00,177.46,177.84,177.39,177.5,163590
2026-10-05 12:00:00,177.51,177.68,177.26,177.61,242641
2026-10-05 12:05:00,177.61,177.67,177.02,177.33,191894
2026-10-05 12:10:00,177.39,177.49,177.11,177.39,556314
2026-10-05 12:15:00,177.39,178.22,177.33,178.01,262524
2026-10-05 12:20:00,178.0,178.39,178.0,178.21,165288
2026-10-05 12:25:00,178.2,178.61,178.04,178.24,466447
2026-10-05 12:30:00,178.24,178.24,178.0,178.03,140843
2026-10-05 12:35:00,178.02,178.2,178.0,178.01,144801
2026-10-05 12:40:00,178.01,178.23,178.0,178.16,122699
2026-10-05 12:45:00,178.16,178.33,178.0,178.02,140315
2026-10-05 12:50:00,178.03,178.22,177.63,177.68,200518
2026-10-05 12:55:00,177.72,177.84,177.58,177.7,163663
2026-10-05 13:00:00,177.7,178.01,177.6,177.95,107482
2026-10-05 13:05:00,177.96,178.07,177.85,177.87,148559
2026-10-05 13:10:00,177.86,178.0,177.7,177.73,90829
2026-10-05 13:15:00,177.77,177.85,177.64,177.84,107136
2026-10-05 13:20:00,177.86,178.01,177.75,177.88,138583
2026-10-05 13:25:00,177.87,177.91,177.56,177.64,106773
2026-10-05 13:30:00,177.66,177.84,177.6,177.84,137097
2026-10-05 13:35:00,177.84,178.44,177.76,178.41,242100
2026-10-05 13:40:00,178.44,179.18,178.42,178.93,530986
2026-10-05 13:45:00,178.96,179.03,178.64,178.72,204162
2026-10-05 13:50:00,178.73,178.84,178.62,178.72,140756
2026-10-05 13:55:00,178.73,178.98,178.56,178.62,204269
2026-10-05 14:00:00,178.61,178.7,178.0,178.24,182014
2026-10-05 14:05:00,178.25,178.34,178.03,178.26,191200
2026-10-05 14:10:00,178.27,178.71,178.24,178.43,140367
2026-10-05 14:15:00,178.39,178.63,178.21,178.61,129091
2026-10-05 14:20:00,178.62,178.65,178.35,178.5,149254
2026-10-05 14:25:00,178.45,178.53,178.39,178.49,126591
2026-10-05 14:30:00,178.49,178.54,178.3,178.43,150680
2026-10-05 14:35:00,178.43,178.45,178.34,178.37,137129
2026-10-05 14:40:00,178.35,178.39,178.07,178.29,582668
2026-10-05 14:45:00,178.3,178.32,177.99,178.0,231776
2026-10-05 14:50:00,178.0,178.34,177.85,178.15,402261
2026-10-05 14:55:00,178.15,178.21,177.99,178.01,250152
2026-10-05 15:00:00,178.04,178.13,177.66,177.78,483833
2026-10-05 15:05:00,177.83,178.19,177.71,177.85,531395
2026-10-05 15:10:00,177.89,177.99,177.4,177.51,706470
2026-10-05 15:15:00,177.39,177.39,177.39,177.39,6
2026-10-05 15:20:00,177.39,177.39,177.39,177.39,0
2026-10-05 15:25:00,177.39,178.14,177.39,178.14,1076305
