datetime,open,high,low,close,volume
2026-06-08 09:15:00,2170.0,2170.0,2155.0,2158.0,395814
2026-06-08 09:20:00,2157.9,2161.0,2147.0,2148.0,281569
2026-06-08 09:25:00,2148.0,2153.7,2144.1,2152.2,216922
2026-06-08 09:30:00,2152.2,2157.0,2151.8,2153.3,167459
2026-06-08 09:35:00,2153.8,2154.2,2150.0,2152.5,89742
2026-06-08 09:40:00,2151.7,2155.0,2149.0,2154.4,136081
2026-06-08 09:45:00,2154.1,2160.0,2154.0,2156.7,141226
2026-06-08 09:50:00,2156.7,2167.5,2153.5,2163.6,121545
2026-06-08 09:55:00,2163.6,2168.0,2163.0,2168.0,97349
2026-06-08 10:00:00,2168.0,2172.8,2164.6,2167.9,231671
2026-06-08 10:05:00,2167.0,2169.5,2163.0,2167.0,63022
2026-06-08 10:10:00,2167.0,2168.8,2162.5,2163.4,59963
2026-06-08 10:15:00,2163.4,2165.7,2160.0,2164.5,85972
2026-06-08 10:20:00,2164.5,2168.0,2163.1,2166.0,61110
2026-06-08 10:25:00,2166.0,2166.5,2161.9,2163.0,63836
2026-06-08 10:30:00,2162.4,2172.0,2162.4,2167.9,110946
2026-06-08 10:35:00,2167.9,2174.9,2167.0,2174.2,105795
2026-06-08 10:40:00,2174.0,2177.0,2168.1,2169.0,143819
2026-06-08 10:45:00,2168.5,2173.7,2167.3,2170.0,72303
2026-06-08 10:50:00,2170.0,2170.0,2167.5,2168.1,54568
2026-06-08 10:55:00,2168.6,2170.3,2163.1,2168.7,134869
2026-06-08 11:00:00,2169.0,2169.9,2167.3,2168.0,58314
2026-06-08 11:05:00,2168.0,2168.5,2167.0,2167.6,18500
2026-06-08 11:10:00,2167.9,2168.0,2163.6,2164.8,47373
2026-06-08 11:15:00,2164.8,2165.0,2161.1,2162.5,77534
2026-06-08 11:20:00,2163.5,2167.7,2162.5,2164.9,110632
2026-06-08 11:25:00,2164.8,2165.0,2161.3,2162.2,28098
2026-06-08 11:30:00,2162.6,2168.1,2161.0,2165.9,136966
2026-06-08 11:35:00,2166.5,2168.8,2165.2,2168.8,70886
2026-06-08 11:40:00,2169.4,2173.1,2166.2,2167.3,126335
2026-06-08 11:45:00,2166.9,2171.8,2166.5,2169.8,77871
2026-06-08 11:50:00,2169.8,2170.0,2165.6,2165.8,41709
2026-06-08 11:55:00,2165.8,2168.2,2163.3,2165.0,56333
2026-06-08 12:00:00,2164.8,2169.2,2164.0,2169.2,36290
2026-06-08 12:05:00,2169.3,2172.5,2168.1,2170.7,42446
2026-06-08 12:10:00,2170.7,2172.0,2169.9,2170.8,23680
2026-06-08 12:15:00,2171.0,2171.0,2169.3,2170.3,37111
2026-06-08 12:20:00,2170.3,2171.2,2169.5,2170.4,11627
2026-06-08 12:25:00,2170.4,2170.7,2164.0,2164.4,56273
2026-06-08 12:30:00,2164.4,2167.0,2163.9,2165.0,33926
2026-06-08 12:35:00,2164.9,2165.0,2162.5,2163.5,22445
2026-06-08 12:40:00,2163.7,2165.1,2162.6,2163.0,64533
2026-06-08 12:45:00,2162.6,2165.1,2162.6,2164.7,23367
2026-06-08 12:50:00,2164.9,2168.6,2163.7,2164.7,95939
2026-06-08 12:55:00,2164.5,2165.0,2161.6,2162.1,27412
2026-06-08 13:00:00,2162.1,2163.0,2158.5,2159.9,73119
2026-06-08 13:05:00,2159.9,2160.5,2157.1,2157.1,37054
2026-06-08 13:10:00,2157.3,2159.6,2155.9,2158.5,25487
2026-06-08 13:15:00,2158.5,2158.9,2154.5,2155.0,162941
2026-06-08 13:20:00,2155.2,2156.6,2154.4,2155.0,38677
2026-06-08 13:25:00,2155.0,2155.3,2153.4,2154.7,32600
2026-06-08 13:30:00,2154.4,2155.9,2153.0,2154.0,30621
2026-06-08 13:35:00,2154.0,2155.8,2152.5,2153.5,22289
2026-06-08 13:40:00,2153.5,2153.6,2146.6,2149.7,133213
2026-06-08 13:45:00,2149.7,2152.0,2146.2,2151.0,74275
2026-06-08 13:50:00,2151.0,2151.7,2148.2,2150.0,31984
2026-06-08 13:55:00,2150.0,2150.1,2148.6,2149.6,37642
2026-06-08 14:00:00,2150.0,2151.7,2149.1,2149.9,73169
2026-06-08 14:05:00,2149.9,2150.0,2148.5,2149.2,28944
2026-06-08 14:10:00,2149.3,2149.5,2148.1,2148.8,50864
2026-06-08 14:15:00,2148.8,2148.8,2144.7,2146.9,110620
2026-06-08 14:20:00,2146.0,2146.5,2144.0,2144.0,93604
2026-06-08 14:25:00,2144.6,2145.5,2143.6,2144.8,40000
2026-06-08 14:30:00,2144.6,2146.4,2144.3,2145.0,63831
2026-06-08 14:35:00,2145.0,2145.9,2144.1,2144.9,44777
2026-06-08 14:40:00,2144.5,2147.4,2143.3,2146.3,115798
2026-06-08 14:45:00,2146.4,2152.8,2144.9,2146.4,226278
2026-06-08 14:50:00,2146.0,2149.8,2145.0,2148.2,125182
2026-06-08 14:55:00,2148.2,2155.2,2147.0,2153.8,99838
2026-06-08 15:00:00,2154.5,2154.5,2148.9,2149.9,59505
2026-06-08 15:05:00,2149.9,2151.1,2146.0,2150.9,77418
2026-06-08 15:10:00,2151.0,2152.6,2150.1,2151.7,70423
2026-06-08 15:15:00,2151.6,2153.0,2150.1,2151.9,97623
2026-06-08 15:20:00,2152.0,2153.4,2150.0,2153.4,89085
2026-06-08 15:25:00,2153.4,2155.0,2149.5,2153.4,146706
2026-06-09 09:15:00,2174.0,2174.0,2154.0,2159.3,369443
2026-06-09 09:20:00,2158.9,2162.0,2155.7,2159.1,111957
2026-06-09 09:25:00,2159.1,2160.0,2152.0,2153.0,58028
2026-06-09 09:30:00,2152.4,2156.5,2151.4,2156.4,84028
2026-06-09 09:35:00,2155.2,2155.2,2148.0,2148.1,86303
2026-06-09 09:40:00,2148.1,2150.1,2145.5,2145.7,66534
2026-06-09 09:45:00,2145.1,2148.0,2144.0,2147.1,55868
2026-06-09 09:50:00,2147.1,2151.4,2147.1,2148.3,36945
2026-06-09 09:55:00,2148.5,2149.6,2147.1,2149.3,32014
2026-06-09 10:00:00,2149.3,2153.6,2149.2,2150.5,33367
2026-06-09 10:05:00,2150.5,2153.0,2149.0,2150.5,27787
2026-06-09 10:10:00,2150.5,2150.9,2146.9,2148.3,23881
2026-06-09 10:15:00,2148.3,2152.9,2146.9,2152.7,30697
2026-06-09 10:20:00,2152.7,2152.8,2150.1,2150.3,42672
2026-06-09 10:25:00,2150.3,2150.3,2146.0,2147.5,33151
2026-06-09 10:30:00,2147.5,2148.2,2146.0,2146.0,28501
2026-06-09 10:35:00,2146.7,2149.1,2146.4,2148.8,22311
2026-06-09 10:40:00,2148.7,2150.0,2147.0,2149.0,21691
2026-06-09 10:45:00,2149.5,2152.0,2148.2,2148.5,51709
2026-06-09 10:50:00,2148.5,2149.4,2146.9,2148.8,19220
2026-06-09 10:55:00,2148.8,2150.0,2148.0,2148.3,19849
2026-06-09 11:00:00,2148.1,2149.0,2146.0,2147.6,25246
2026-06-09 11:05:00,2147.6,2151.0,2147.0,2151.0,36039
2026-06-09 11:10:00,2151.0,2151.0,2149.0,2149.4,43086
2026-06-09 11:15:00,2149.4,2150.0,2149.1,2150.0,32300
2026-06-09 11:20:00,2150.0,2150.0,2146.2,2147.5,27984
2026-06-09 11:25:00,2147.5,2150.0,2146.6,2149.8,41024
2026-06-09 11:30:00,2149.8,2150.0,2149.3,2150.0,13665
2026-06-09 11:35:00,2150.0,2151.0,2149.9,2151.0,66112
2026-06-09 11:40:00,2151.0,2152.7,2147.3,2152.5,59586
2026-06-09 11:45:00,2152.0,2155.0,2152.0,2152.6,48866
2026-06-09 11:50:00,2152.6,2153.8,2151.5,2152.8,17194
2026-06-09 11:55:00,2152.4,2153.4,2152.1,2153.2,13713
2026-06-09 12:00:00,2153.2,2153.9,2152.3,2153.7,20470
2026-06-09 12:05:00,2153.7,2153.8,2151.1,2152.9,26035
2026-06-09 12:10:00,2153.0,2153.0,2148.2,2148.7,28217
2026-06-09 12:15:00,2148.7,2148.7,2148.1,2148.4,13672
2026-06-09 12:20:00,2148.4,2148.4,2146.1,2146.7,47865
2026-06-09 12:25:00,2146.7,2148.2,2146.4,2148.1,20198
2026-06-09 12:30:00,2148.1,2149.9,2147.3,2148.6,20521
2026-06-09 12:35:00,2148.6,2149.7,2147.3,2147.5,29312
2026-06-09 12:40:00,2147.3,2147.5,2139.0,2141.5,154288
2026-06-09 12:45:00,2141.9,2143.5,2139.8,2140.7,55969
2026-06-09 12:50:00,2140.7,2141.4,2138.0,2140.6,43375
2026-06-09 12:55:00,2140.9,2142.0,2140.0,2141.3,26747
2026-06-09 13:00:00,2141.3,2142.6,2140.6,2142.1,26559
2026-06-09 13:05:00,2142.1,2142.4,2140.0,2140.0,38330
2026-06-09 13:10:00,2140.0,2141.6,2139.6,2141.6,41770
2026-06-09 13:15:00,2141.7,2142.9,2140.1,2140.6,35957
2026-06-09 13:20:00,2140.5,2140.5,2138.5,2139.9,42482
2026-06-09 13:25:00,2139.9,2140.6,2139.5,2140.6,40575
2026-06-09 13:30:00,2140.6,2141.7,2139.5,2139.9,42772
2026-06-09 13:35:00,2139.9,2141.8,2139.5,2141.0,46069
2026-06-09 13:40:00,2141.0,2144.5,2140.6,2143.8,57093
2026-06-09 13:45:00,2143.9,2144.7,2142.0,2142.5,25682
2026-06-09 13:50:00,2142.5,2143.2,2139.9,2140.0,120993
2026-06-09 13:55:00,2140.0,2141.5,2136.1,2138.0,101585
2026-06-09 14:00:00,2138.0,2138.4,2133.8,2135.9,81285
2026-06-09 14:05:00,2135.3,2137.1,2133.6,2134.6,70425
2026-06-09 14:10:00,2134.6,2137.9,2132.8,2137.4,103409
2026-06-09 14:15:00,2137.4,2142.7,2137.4,2142.4,39780
2026-06-09 14:20:00,2142.4,2146.0,2142.1,2145.7,58149
2026-06-09 14:25:00,2145.7,2148.5,2145.3,2148.4,56255
2026-06-09 14:30:00,2148.3,2151.1,2148.3,2149.7,37460
2026-06-09 14:35:00,2149.8,2151.5,2148.2,2150.6,39971
2026-06-09 14:40:00,2150.6,2151.4,2148.0,2151.0,45079
2026-06-09 14:45:00,2151.2,2151.3,2149.3,2151.0,32426
2026-06-09 14:50:00,2151.0,2151.3,2149.0,2150.0,34694
2026-06-09 14:55:00,2149.9,2150.2,2148.1,2149.7,51036
2026-06-09 15:00:00,2148.8,2148.8,2146.0,2146.9,104877
2026-06-09 15:05:00,2147.0,2154.3,2146.9,2154.2,117554
2026-06-09 15:10:00,2154.4,2154.4,2151.5,2153.2,118686
2026-06-09 15:15:00,2153.3,2153.6,2151.5,2152.7,84962
2026-06-09 15:20:00,2152.7,2152.8,2150.3,2151.0,86537
2026-06-09 15:25:00,2151.0,2152.0,2148.4,2152.0,118187
2026-06-10 09:15:00,2151.3,2167.7,2145.9,2167.6,283524
2026-06-10 09:20:00,2166.7,2169.7,2160.6,2165.2,98602
2026-06-10 09:25:00,2164.4,2168.0,2162.7,2164.6,52355
2026-06-10 09:30:00,2164.7,2169.9,2161.2,2168.0,52504
2026-06-10 09:35:00,2168.0,2170.0,2166.8,2166.8,29385
2026-06-10 09:40:00,2167.4,2172.0,2165.7,2171.0,47329
2026-06-10 09:45:00,2171.0,2176.9,2170.5,2174.0,62865
2026-06-10 09:50:00,2173.5,2180.8,2172.0,2177.2,77377
2026-06-10 09:55:00,2178.2,2180.3,2173.7,2175.4,56722
2026-06-10 10:00:00,2175.0,2177.6,2172.1,2174.3,47293
2026-06-10 10:05:00,2174.3,2175.0,2172.0,2172.3,20867
2026-06-10 10:10:00,2172.5,2173.1,2166.1,2167.5,57767
2026-06-10 10:15:00,2167.5,2169.2,2165.1,2169.0,27121
2026-06-10 10:20:00,2169.0,2169.7,2164.0,2164.1,32577
2026-06-10 10:25:00,2165.0,2166.8,2164.0,2166.1,19731
2026-06-10 10:30:00,2166.0,2166.1,2162.9,2166.0,33145
2026-06-10 10:35:00,2166.7,2169.0,2163.3,2163.3,26430
2026-06-10 10:40:00,2163.3,2164.9,2163.0,2164.5,17326
2026-06-10 10:45:00,2164.4,2165.1,2163.0,2164.4,13997
2026-06-10 10:50:00,2164.4,2165.9,2163.1,2164.6,25124
2026-06-10 10:55:00,2164.9,2168.3,2161.1,2166.9,64597
2026-06-10 11:00:00,2167.5,2167.8,2163.7,2165.0,13070
2026-06-10 11:05:00,2164.9,2167.8,2164.8,2167.7,11460
2026-06-10 11:10:00,2167.8,2167.8,2164.5,2164.6,13697
2026-06-10 11:15:00,2165.0,2169.6,2164.8,2166.0,42784
2026-06-10 11:20:00,2166.1,2166.1,2163.6,2165.7,11421
2026-06-10 11:25:00,2165.7,2169.0,2165.1,2169.0,18925
2026-06-10 11:30:00,2169.0,2169.5,2166.5,2167.6,16153
2026-06-10 11:35:00,2167.7,2168.7,2166.5,2167.2,16503
2026-06-10 11:40:00,2167.6,2168.5,2166.3,2166.7,15758
2026-06-10 11:45:00,2166.6,2166.9,2162.5,2164.6,39430
2026-06-10 11:50:00,2164.6,2166.0,2164.0,2165.8,13411
2026-06-10 11:55:00,2165.7,2169.0,2164.5,2168.8,17976
2026-06-10 12:00:00,2168.5,2168.8,2166.5,2167.3,25871
2026-06-10 12:05:00,2167.3,2168.9,2165.7,2167.9,14390
2026-06-10 12:10:00,2167.8,2172.3,2167.3,2171.4,30121
2026-06-10 12:15:00,2171.4,2171.9,2168.0,2169.3,15174
2026-06-10 12:20:00,2169.3,2170.6,2162.8,2163.2,46256
2026-06-10 12:25:00,2162.8,2163.0,2158.8,2162.1,56526
2026-06-10 12:30:00,2162.2,2163.1,2160.8,2162.2,16948
2026-06-10 12:35:00,2161.9,2165.0,2161.0,2163.6,67607
2026-06-10 12:40:00,2163.6,2163.8,2158.5,2159.6,30119
2026-06-10 12:45:00,2159.6,2163.6,2158.4,2163.2,28783
2026-06-10 12:50:00,2163.2,2168.0,2162.6,2166.4,23148
2026-06-10 12:55:00,2166.7,2166.7,2163.2,2165.8,16031
2026-06-10 13:00:00,2165.3,2167.3,2164.1,2165.7,22188
2026-06-10 13:05:00,2166.0,2167.0,2164.0,2165.1,11276
2026-06-10 13:10:00,2165.2,2165.3,2161.0,2162.4,18597
2026-06-10 13:15:00,2162.8,2163.7,2162.0,2162.5,29707
2026-06-10 13:20:00,2162.1,2162.5,2160.5,2161.7,17121
2026-06-10 13:25:00,2161.4,2165.8,2160.2,2165.2,30414
2026-06-10 13:30:00,2165.9,2167.3,2164.8,2165.5,16476
2026-06-10 13:35:00,2165.7,2166.6,2164.1,2164.2,19434
2026-06-10 13:40:00,2164.1,2164.9,2162.3,2164.0,19144
2026-06-10 13:45:00,2164.0,2164.7,2162.7,2163.6,17166
2026-06-10 13:50:00,2163.6,2164.3,2161.8,2163.0,12958
2026-06-10 13:55:00,2162.8,2164.5,2162.0,2163.5,18121
2026-06-10 14:00:00,2164.4,2165.5,2162.9,2165.5,13521
2026-06-10 14:05:00,2165.5,2165.5,2162.5,2162.9,14301
2026-06-10 14:10:00,2162.9,2164.5,2162.2,2164.0,17426
2026-06-10 14:15:00,2163.8,2164.1,2163.0,2163.2,14570
2026-06-10 14:20:00,2163.2,2165.0,2162.2,2164.2,21314
2026-06-10 14:25:00,2164.5,2164.9,2160.5,2161.9,21325
2026-06-10 14:30:00,2161.9,2161.9,2155.5,2159.5,66147
2026-06-10 14:35:00,2159.2,2161.9,2159.0,2160.5,33779
2026-06-10 14:40:00,2160.4,2161.8,2154.0,2155.4,59963
2026-06-10 14:45:00,2155.7,2155.7,2150.3,2152.1,66933
2026-06-10 14:50:00,2152.3,2153.6,2151.1,2153.6,31137
2026-06-10 14:55:00,2153.5,2154.8,2151.6,2152.6,34817
2026-06-10 15:00:00,2153.2,2155.0,2151.0,2154.3,49595
2026-06-10 15:05:00,2154.1,2157.0,2153.5,2155.4,78993
2026-06-10 15:10:00,2155.5,2156.4,2153.0,2153.5,62732
2026-06-10 15:15:00,2153.4,2155.7,2152.9,2155.0,76020
2026-06-10 15:20:00,2155.0,2155.9,2152.3,2152.9,93287
2026-06-10 15:25:00,2153.0,2155.0,2144.8,2151.8,98615
2026-06-11 09:15:00,2127.0,2143.0,2120.0,2123.5,154172
2026-06-11 09:20:00,2123.3,2127.7,2121.0,2124.4,70254
2026-06-11 09:25:00,2124.4,2124.9,2117.2,2123.2,91242
2026-06-11 09:30:00,2123.3,2123.4,2114.9,2117.1,88644
2026-06-11 09:35:00,2116.0,2125.0,2113.4,2121.8,73680
2026-06-11 09:40:00,2122.0,2125.0,2118.5,2119.1,44108
2026-06-11 09:45:00,2118.6,2124.5,2118.2,2123.7,43203
2026-06-11 09:50:00,2123.6,2123.8,2116.0,2117.2,58936
2026-06-11 09:55:00,2117.9,2118.5,2110.0,2110.3,94961
2026-06-11 10:00:00,2110.4,2115.8,2110.0,2112.4,73087
2026-06-11 10:05:00,2112.5,2119.6,2112.0,2118.7,36393
2026-06-11 10:10:00,2118.7,2122.0,2117.5,2118.0,35032
2026-06-11 10:15:00,2118.0,2120.6,2116.0,2120.6,19315
2026-06-11 10:20:00,2120.7,2123.5,2117.8,2119.1,52118
2026-06-11 10:25:00,2119.1,2129.0,2118.7,2125.8,62415
2026-06-11 10:30:00,2125.8,2147.8,2125.3,2136.6,217563
2026-06-11 10:35:00,2136.8,2138.8,2134.0,2136.2,49909
2026-06-11 10:40:00,2136.2,2138.1,2135.0,2135.9,28264
2026-06-11 10:45:00,2135.7,2137.0,2132.1,2134.0,27738
2026-06-11 10:50:00,2133.1,2136.7,2131.6,2136.4,26367
2026-06-11 10:55:00,2135.8,2140.5,2135.1,2139.6,38883
2026-06-11 11:00:00,2140.2,2143.0,2138.0,2140.6,23681
2026-06-11 11:05:00,2140.8,2144.9,2140.8,2142.6,34078
2026-06-11 11:10:00,2142.6,2144.5,2140.0,2142.0,23976
2026-06-11 11:15:00,2142.5,2148.5,2141.5,2147.6,45255
2026-06-11 11:20:00,2148.1,2154.6,2141.3,2143.0,98309
2026-06-11 11:25:00,2144.3,2144.3,2137.3,2140.6,41407
2026-06-11 11:30:00,2140.4,2141.5,2136.3,2141.5,33677
2026-06-11 11:35:00,2141.5,2145.0,2137.5,2138.0,36728
2026-06-11 11:40:00,2138.0,2139.4,2133.8,2136.9,26853
2026-06-11 11:45:00,2137.3,2140.9,2136.2,2138.5,21506
2026-06-11 11:50:00,2138.4,2140.3,2137.7,2138.2,15562
2026-06-11 11:55:00,2139.0,2143.6,2138.6,2141.5,19005
2026-06-11 12:00:00,2142.0,2143.7,2141.0,2142.5,12779
2026-06-11 12:05:00,2143.0,2144.2,2140.4,2142.6,21506
2026-06-11 12:10:00,2142.5,2142.9,2138.6,2140.3,16323
2026-06-11 12:15:00,2140.6,2143.1,2139.1,2139.9,9636
2026-06-11 12:20:00,2140.0,2141.5,2138.5,2139.0,9517
2026-06-11 12:25:00,2139.1,2140.4,2137.0,2138.6,15799
2026-06-11 12:30:00,2138.8,2142.0,2138.8,2141.0,9832
2026-06-11 12:35:00,2140.3,2143.8,2137.7,2140.8,33396
2026-06-11 12:40:00,2140.7,2140.8,2135.0,2136.0,27747
2026-06-11 12:45:00,2135.5,2136.8,2131.1,2131.8,25931
2026-06-11 12:50:00,2132.0,2135.8,2131.5,2134.2,17338
2026-06-11 12:55:00,2134.0,2138.4,2133.1,2138.0,14981
2026-06-11 13:00:00,2138.0,2139.2,2135.2,2136.0,12930
2026-06-11 13:05:00,2135.9,2137.0,2135.4,2136.0,9718
2026-06-11 13:10:00,2135.6,2137.0,2135.0,2136.8,14485
2026-06-11 13:15:00,2136.9,2139.7,2135.7,2135.9,25854
2026-06-11 13:20:00,2136.0,2138.2,2132.2,2135.7,25554
2026-06-11 13:25:00,2135.7,2135.7,2132.7,2134.1,21108
2026-06-11 13:30:00,2134.0,2136.8,2133.7,2134.5,12996
2026-06-11 13:35:00,2134.5,2134.7,2132.3,2133.0,12275
2026-06-11 13:40:00,2133.6,2134.9,2131.0,2131.8,22902
2026-06-11 13:45:00,2132.2,2134.6,2131.2,2133.6,13523
2026-06-11 13:50:00,2133.5,2133.6,2131.7,2133.0,10949
2026-06-11 13:55:00,2133.0,2134.1,2131.3,2132.4,9061
2026-06-11 14:00:00,2132.9,2134.5,2132.1,2134.3,17315
2026-06-11 14:05:00,2134.4,2134.5,2131.0,2131.6,11360
2026-06-11 14:10:00,2131.7,2134.8,2131.7,2133.7,13003
2026-06-11 14:15:00,2133.8,2135.3,2133.0,2135.1,13495
2026-06-11 14:20:00,2135.1,2137.6,2134.2,2136.5,21527
2026-06-11 14:25:00,2136.5,2141.5,2135.7,2138.1,28493
2026-06-11 14:30:00,2138.0,2141.0,2137.5,2140.7,17368
2026-06-11 14:35:00,2140.7,2142.0,2136.2,2138.0,44524
2026-06-11 14:40:00,2138.0,2138.0,2133.3,2134.1,35084
2026-06-11 14:45:00,2134.5,2137.5,2131.7,2133.6,21324
2026-06-11 14:50:00,2133.6,2135.0,2132.0,2134.3,13375
2026-06-11 14:55:00,2134.3,2134.3,2131.5,2133.0,20807
2026-06-11 15:00:00,2133.0,2135.9,2130.2,2132.2,101128
2026-06-11 15:05:00,2132.3,2134.4,2132.0,2133.8,84128
2026-06-11 15:10:00,2133.7,2137.9,2133.3,2136.5,97402
2026-06-11 15:15:00,2136.3,2139.9,2135.1,2138.7,90474
2026-06-11 15:20:00,2139.1,2140.6,2136.4,2137.8,97746
2026-06-11 15:25:00,2137.8,2138.7,2134.5,2136.7,99466
2026-06-12 09:15:00,2150.0,2154.1,2138.0,2143.9,191638
2026-06-12 09:20:00,2143.3,2144.3,2139.2,2143.0,57786
2026-06-12 09:25:00,2143.5,2145.8,2141.2,2141.9,38242
2026-06-12 09:30:00,2141.9,2148.9,2138.5,2148.9,62138
2026-06-12 09:35:00,2148.4,2148.4,2144.0,2146.2,46237
2026-06-12 09:40:00,2145.8,2147.5,2143.3,2145.0,22788
2026-06-12 09:45:00,2144.8,2144.8,2141.6,2142.7,27933
2026-06-12 09:50:00,2143.0,2143.6,2141.0,2141.0,19960
2026-06-12 09:55:00,2141.2,2144.0,2140.5,2143.1,21659
2026-06-12 10:00:00,2143.8,2145.9,2142.5,2144.0,18844
2026-06-12 10:05:00,2144.4,2145.0,2142.6,2142.9,13935
2026-06-12 10:10:00,2143.7,2148.9,2142.9,2148.0,22080
2026-06-12 10:15:00,2148.0,2149.7,2145.0,2147.5,20949
2026-06-12 10:20:00,2147.8,2150.0,2147.0,2149.5,28691
2026-06-12 10:25:00,2149.5,2150.8,2146.0,2148.4,25711
2026-06-12 10:30:00,2148.3,2148.5,2146.6,2147.6,8994
2026-06-12 10:35:00,2147.6,2150.0,2147.0,2149.9,12868
2026-06-12 10:40:00,2149.6,2152.0,2148.4,2152.0,39824
2026-06-12 10:45:00,2152.0,2152.5,2150.7,2151.9,20672
2026-06-12 10:50:00,2152.0,2152.8,2150.1,2151.9,13928
2026-06-12 10:55:00,2151.8,2154.6,2151.4,2154.0,23382
2026-06-12 11:00:00,2154.0,2155.6,2153.3,2155.6,14365
2026-06-12 11:05:00,2155.6,2168.0,2155.2,2164.9,75632
2026-06-12 11:10:00,2164.9,2166.1,2162.5,2163.0,28456
2026-06-12 11:15:00,2163.3,2165.0,2162.3,2163.1,13820
2026-06-12 11:20:00,2163.5,2163.5,2160.1,2161.8,29374
2026-06-12 11:25:00,2161.9,2162.6,2157.4,2158.0,12982
2026-06-12 11:30:00,2158.3,2160.8,2158.0,2159.2,11267
2026-06-12 11:35:00,2159.3,2159.9,2158.0,2159.7,11768
2026-06-12 11:40:00,2159.3,2160.7,2158.1,2158.8,11075
2026-06-12 11:45:00,2158.6,2163.0,2158.0,2162.6,19430
2026-06-12 11:50:00,2162.0,2162.9,2160.4,2162.6,9269
2026-06-12 11:55:00,2162.8,2164.0,2161.5,2161.5,17477
2026-06-12 12:00:00,2162.7,2162.8,2160.4,2162.8,15059
2026-06-12 12:05:00,2161.9,2163.1,2160.6,2160.8,11891
2026-06-12 12:10:00,2160.6,2160.9,2155.3,2156.4,28778
2026-06-12 12:15:00,2156.4,2159.1,2155.4,2156.8,17426
2026-06-12 12:20:00,2156.8,2159.2,2156.5,2157.7,12208
2026-06-12 12:25:00,2157.7,2159.0,2157.4,2158.0,5850
2026-06-12 12:30:00,2157.9,2158.0,2155.0,2155.6,12058
2026-06-12 12:35:00,2156.0,2159.0,2152.9,2157.0,24701
2026-06-12 12:40:00,2157.4,2158.4,2153.2,2153.5,12694
2026-06-12 12:45:00,2153.9,2154.4,2151.0,2153.0,21695
2026-06-12 12:50:00,2153.0,2153.8,2149.0,2149.5,37742
2026-06-12 12:55:00,2149.2,2151.0,2148.0,2149.1,19643
2026-06-12 13:00:00,2149.0,2150.0,2148.2,2149.8,10551
2026-06-12 13:05:00,2149.8,2150.0,2146.3,2148.9,30662
2026-06-12 13:10:00,2148.9,2149.9,2147.0,2149.0,25818
2026-06-12 13:15:00,2149.2,2150.0,2147.3,2148.2,18152
2026-06-12 13:20:00,2148.9,2150.3,2147.4,2148.3,18222
2026-06-12 13:25:00,2148.3,2154.5,2146.5,2150.9,42099
2026-06-12 13:30:00,2150.5,2154.0,2150.0,2150.0,22881
2026-06-12 13:35:00,2150.0,2155.0,2150.0,2154.4,22927
2026-06-12 13:40:00,2154.5,2156.2,2152.7,2155.1,39167
2026-06-12 13:45:00,2155.1,2158.4,2154.4,2157.0,29163
2026-06-12 13:50:00,2157.0,2157.7,2154.2,2156.4,19903
2026-06-12 13:55:00,2156.3,2157.0,2153.9,2155.0,18834
2026-06-12 14:00:00,2155.8,2156.6,2155.0,2155.0,14327
2026-06-12 14:05:00,2155.4,2155.6,2153.0,2155.0,16019
2026-06-12 14:10:00,2155.0,2156.0,2153.8,2154.8,15739
2026-06-12 14:15:00,2154.8,2155.0,2152.9,2154.4,17078
2026-06-12 14:20:00,2154.4,2154.6,2152.0,2152.5,15134
2026-06-12 14:25:00,2152.4,2153.4,2149.7,2152.1,36775
2026-06-12 14:30:00,2152.1,2154.3,2151.5,2153.3,18901
2026-06-12 14:35:00,2153.3,2155.0,2151.9,2155.0,21300
2026-06-12 14:40:00,2155.0,2156.0,2153.0,2154.9,31411
2026-06-12 14:45:00,2155.0,2155.0,2153.3,2153.8,17422
2026-06-12 14:50:00,2154.4,2155.0,2153.4,2154.3,19064
2026-06-12 14:55:00,2154.5,2157.7,2154.0,2156.6,36111
2026-06-12 15:00:00,2156.2,2164.5,2154.0,2163.4,79053
2026-06-12 15:05:00,2163.3,2166.2,2161.3,2162.8,53657
2026-06-12 15:10:00,2162.8,2163.7,2161.3,2161.9,54331
2026-06-12 15:15:00,2161.9,2162.9,2161.3,2161.6,37499
2026-06-12 15:20:00,2161.5,2162.6,2160.9,2161.4,51951
2026-06-12 15:25:00,2161.4,2162.3,2159.0,2160.1,64817
2026-06-15 09:15:00,2192.0,2192.0,2170.4,2172.9,166231
2026-06-15 09:20:00,2171.6,2176.3,2171.6,2176.3,46644
2026-06-15 09:25:00,2176.3,2176.3,2166.6,2173.3,96286
2026-06-15 09:30:00,2173.6,2174.1,2167.5,2168.6,58272
2026-06-15 09:35:00,2169.0,2169.0,2165.0,2167.3,45056
2026-06-15 09:40:00,2167.5,2174.0,2166.3,2173.4,43418
2026-06-15 09:45:00,2173.5,2175.0,2170.0,2170.8,30170
2026-06-15 09:50:00,2170.8,2172.0,2169.0,2170.9,29578
2026-06-15 09:55:00,2170.8,2172.0,2166.1,2168.0,23747
2026-06-15 10:00:00,2168.0,2170.4,2167.8,2169.6,16965
2026-06-15 10:05:00,2169.5,2172.5,2166.0,2167.7,27683
2026-06-15 10:10:00,2167.7,2168.5,2165.1,2165.9,20669
2026-06-15 10:15:00,2165.9,2168.6,2163.0,2168.4,33629
2026-06-15 10:20:00,2167.8,2170.1,2167.3,2170.0,26715
2026-06-15 10:25:00,2170.0,2171.8,2168.1,2171.1,17347
2026-06-15 10:30:00,2171.1,2172.5,2168.6,2172.4,23221
2026-06-15 10:35:00,2172.0,2172.9,2169.1,2170.7,12967
2026-06-15 10:40:00,2170.1,2171.9,2168.5,2170.7,24669
2026-06-15 10:45:00,2171.4,2171.8,2170.1,2171.4,15101
2026-06-15 10:50:00,2171.4,2174.5,2170.1,2174.1,35708
2026-06-15 10:55:00,2174.5,2186.0,2173.8,2183.9,161358
2026-06-15 11:00:00,2183.9,2184.0,2174.0,2175.7,56792
2026-06-15 11:05:00,2176.9,2183.3,2175.4,2182.0,50949
2026-06-15 11:10:00,2182.0,2185.0,2179.3,2181.7,80973
2026-06-15 11:15:00,2181.4,2181.8,2178.2,2179.5,53933
2026-06-15 11:20:00,2179.0,2182.6,2178.1,2179.4,36333
2026-06-15 11:25:00,2179.8,2181.0,2176.4,2177.6,92994
2026-06-15 11:30:00,2177.5,2178.8,2175.0,2175.2,31411
2026-06-15 11:35:00,2175.3,2176.9,2173.0,2175.2,38494
2026-06-15 11:40:00,2175.2,2176.0,2171.2,2171.6,43700
2026-06-15 11:45:00,2171.9,2174.2,2169.8,2174.0,68764
2026-06-15 11:50:00,2173.7,2174.4,2172.0,2173.4,19632
2026-06-15 11:55:00,2174.0,2174.4,2173.0,2173.6,20438
2026-06-15 12:00:00,2173.8,2175.1,2173.0,2173.1,21827
2026-06-15 12:05:00,2173.9,2174.9,2171.0,2171.4,21383
2026-06-15 12:10:00,2171.4,2173.8,2170.1,2171.5,41928
2026-06-15 12:15:00,2172.1,2173.0,2167.5,2169.3,27126
2026-06-15 12:20:00,2169.0,2169.7,2168.3,2169.1,18617
2026-06-15 12:25:00,2169.1,2170.0,2168.1,2169.0,18297
2026-06-15 12:30:00,2169.0,2172.0,2167.7,2171.5,22714
2026-06-15 12:35:00,2173.0,2173.4,2170.5,2171.9,16040
2026-06-15 12:40:00,2172.1,2174.8,2171.9,2173.7,17851
2026-06-15 12:45:00,2174.3,2174.9,2173.0,2173.9,18450
2026-06-15 12:50:00,2173.9,2174.5,2172.4,2174.4,14968
2026-06-15 12:55:00,2174.5,2175.4,2173.0,2173.4,19610
2026-06-15 13:00:00,2173.4,2173.8,2172.2,2172.8,20631
2026-06-15 13:05:00,2173.0,2173.9,2172.3,2173.8,13230
2026-06-15 13:10:00,2173.8,2176.0,2172.8,2173.1,27289
2026-06-15 13:15:00,2173.4,2173.8,2172.5,2172.8,13039
2026-06-15 13:20:00,2172.9,2175.6,2172.9,2173.9,21787
2026-06-15 13:25:00,2173.9,2174.8,2172.9,2173.7,17029
2026-06-15 13:30:00,2173.7,2173.7,2172.0,2172.1,11723
2026-06-15 13:35:00,2172.2,2173.9,2171.0,2171.3,12341
2026-06-15 13:40:00,2171.2,2171.9,2169.1,2169.2,31764
2026-06-15 13:45:00,2169.2,2171.2,2167.2,2169.0,69677
2026-06-15 13:50:00,2169.0,2169.1,2165.0,2168.0,42525
2026-06-15 13:55:00,2167.3,2170.8,2167.0,2169.6,16673
2026-06-15 14:00:00,2169.7,2171.1,2169.6,2170.8,12320
2026-06-15 14:05:00,2170.8,2171.8,2168.8,2168.8,18813
2026-06-15 14:10:00,2169.0,2169.9,2168.0,2168.4,31427
2026-06-15 14:15:00,2168.0,2168.9,2168.0,2168.4,16972
2026-06-15 14:20:00,2168.5,2170.0,2167.1,2168.9,65894
2026-06-15 14:25:00,2169.3,2169.3,2165.0,2166.2,117333
2026-06-15 14:30:00,2166.2,2168.0,2165.4,2166.8,40705
2026-06-15 14:35:00,2166.9,2169.0,2165.7,2166.3,62187
2026-06-15 14:40:00,2166.5,2166.7,2164.5,2164.7,51207
2026-06-15 14:45:00,2164.9,2165.2,2161.7,2164.3,77657
2026-06-15 14:50:00,2164.2,2164.6,2161.4,2164.6,32475
2026-06-15 14:55:00,2164.3,2164.7,2161.4,2161.4,43723
2026-06-15 15:00:00,2162.0,2163.8,2160.0,2163.2,119008
2026-06-15 15:05:00,2163.2,2163.8,2160.5,2160.7,76883
2026-06-15 15:10:00,2161.3,2162.0,2159.3,2161.4,106570
2026-06-15 15:15:00,2161.4,2163.2,2160.8,2162.6,125784
2026-06-15 15:20:00,2162.9,2163.9,2161.7,2162.0,110605
2026-06-15 15:25:00,2161.9,2163.7,2161.3,2162.6,106027
2026-06-16 09:15:00,2167.0,2179.9,2160.6,2179.3,239455
2026-06-16 09:20:00,2179.5,2184.4,2175.0,2176.5,111877
2026-06-16 09:25:00,2180.0,2184.0,2178.1,2183.4,67678
2026-06-16 09:30:00,2183.4,2190.9,2183.0,2186.9,134590
2026-06-16 09:35:00,2187.9,2198.0,2183.0,2195.5,164962
2026-06-16 09:40:00,2195.5,2196.8,2190.7,2191.3,87085
2026-06-16 09:45:00,2192.3,2192.3,2185.7,2187.9,89202
2026-06-16 09:50:00,2187.7,2188.5,2186.0,2187.7,35794
2026-06-16 09:55:00,2187.5,2195.8,2186.6,2195.7,85471
2026-06-16 10:00:00,2195.8,2199.9,2194.0,2195.5,74450
2026-06-16 10:05:00,2195.5,2197.9,2192.9,2195.9,40811
2026-06-16 10:10:00,2195.9,2196.2,2194.0,2195.5,17212
2026-06-16 10:15:00,2195.7,2203.6,2194.5,2202.9,80319
2026-06-16 10:20:00,2202.9,2209.0,2201.4,2205.8,90967
2026-06-16 10:25:00,2205.8,2207.4,2200.0,2201.1,55035
2026-06-16 10:30:00,2201.1,2205.8,2194.1,2194.5,60089
2026-06-16 10:35:00,2194.4,2197.9,2191.5,2193.5,50195
2026-06-16 10:40:00,2193.5,2195.0,2190.1,2192.0,50672
2026-06-16 10:45:00,2191.1,2192.9,2190.5,2191.0,32891
2026-06-16 10:50:00,2191.1,2192.1,2188.5,2190.5,34802
2026-06-16 10:55:00,2190.5,2191.9,2188.6,2189.8,20480
2026-06-16 11:00:00,2189.8,2191.5,2189.0,2189.1,20891
2026-06-16 11:05:00,2189.0,2190.8,2188.4,2188.9,19416
2026-06-16 11:10:00,2188.7,2188.9,2183.7,2184.4,50105
2026-06-16 11:15:00,2184.0,2186.9,2183.6,2185.0,28616
2026-06-16 11:20:00,2185.0,2186.4,2184.0,2186.3,14649
2026-06-16 11:25:00,2186.7,2187.4,2184.1,2184.8,19608
2026-06-16 11:30:00,2184.9,2185.9,2183.5,2184.4,17843
2026-06-16 11:35:00,2184.4,2184.4,2182.0,2182.8,21033
2026-06-16 11:40:00,2182.7,2185.0,2182.0,2182.0,22800
2026-06-16 11:45:00,2182.0,2182.0,2180.1,2181.9,22361
2026-06-16 11:50:00,2182.0,2186.7,2180.5,2181.3,37624
2026-06-16 11:55:00,2181.1,2181.9,2179.0,2181.4,23162
2026-06-16 12:00:00,2181.3,2181.7,2179.1,2180.3,15245
2026-06-16 12:05:00,2180.5,2182.8,2179.0,2182.7,14598
2026-06-16 12:10:00,2182.7,2184.5,2182.0,2182.6,11688
2026-06-16 12:15:00,2182.8,2184.1,2182.0,2182.2,14042
2026-06-16 12:20:00,2182.0,2184.0,2182.0,2183.6,11059
2026-06-16 12:25:00,2184.0,2184.8,2183.1,2184.0,8128
2026-06-16 12:30:00,2183.6,2186.5,2182.6,2185.1,15350
2026-06-16 12:35:00,2185.3,2188.0,2185.0,2186.3,20838
2026-06-16 12:40:00,2186.3,2186.7,2183.0,2185.7,18265
2026-06-16 12:45:00,2184.9,2186.2,2184.2,2186.0,9865
2026-06-16 12:50:00,2186.1,2188.4,2185.0,2186.5,22359
2026-06-16 12:55:00,2186.5,2187.7,2185.0,2187.6,12253
2026-06-16 13:00:00,2187.7,2188.0,2185.8,2187.4,17875
2026-06-16 13:05:00,2187.2,2188.6,2185.3,2188.6,14860
2026-06-16 13:10:00,2188.4,2189.3,2187.0,2187.9,15764
2026-06-16 13:15:00,2187.9,2188.6,2186.4,2187.6,9298
2026-06-16 13:20:00,2187.6,2188.9,2187.1,2188.1,9906
2026-06-16 13:25:00,2188.2,2189.5,2187.4,2188.3,9496
2026-06-16 13:30:00,2187.9,2189.1,2187.9,2188.8,7250
2026-06-16 13:35:00,2189.0,2189.2,2186.5,2187.7,16364
2026-06-16 13:40:00,2187.7,2189.1,2186.6,2188.4,12080
2026-06-16 13:45:00,2188.4,2189.2,2187.6,2189.0,8969
2026-06-16 13:50:00,2188.5,2189.3,2186.1,2187.9,14972
2026-06-16 13:55:00,2188.0,2189.7,2187.9,2189.2,10016
2026-06-16 14:00:00,2189.0,2190.1,2188.1,2189.5,15123
2026-06-16 14:05:00,2189.4,2190.5,2187.0,2188.0,16780
2026-06-16 14:10:00,2188.3,2190.9,2187.9,2190.1,22691
2026-06-16 14:15:00,2190.1,2192.0,2187.6,2188.4,55773
2026-06-16 14:20:00,2187.9,2188.5,2187.1,2188.1,13361
2026-06-16 14:25:00,2188.3,2189.0,2187.4,2189.0,16403
2026-06-16 14:30:00,2189.0,2193.5,2188.3,2192.8,38850
2026-06-16 14:35:00,2192.8,2195.6,2192.5,2195.0,41008
2026-06-16 14:40:00,2195.3,2201.7,2195.0,2197.1,79763
2026-06-16 14:45:00,2197.1,2199.0,2196.0,2198.5,29212
2026-06-16 14:50:00,2198.5,2200.0,2197.8,2199.0,34170
2026-06-16 14:55:00,2199.0,2199.2,2196.5,2197.5,23857
2026-06-16 15:00:00,2197.4,2198.3,2196.0,2196.9,67114
2026-06-16 15:05:00,2197.0,2199.9,2196.9,2199.7,51447
2026-06-16 15:10:00,2199.7,2199.7,2198.3,2199.2,44544
2026-06-16 15:15:00,2199.5,2200.4,2197.5,2200.3,68706
2026-06-16 15:20:00,2200.2,2201.6,2198.3,2198.5,86219
2026-06-16 15:25:00,2198.8,2199.9,2196.5,2197.9,76640
2026-06-17 09:15:00,2209.0,2224.9,2200.7,2223.6,229071
2026-06-17 09:20:00,2223.8,2228.8,2218.0,2219.8,180447
2026-06-17 09:25:00,2219.9,2223.4,2216.0,2221.0,69791
2026-06-17 09:30:00,2221.0,2227.8,2220.6,2226.4,85536
2026-06-17 09:35:00,2226.5,2231.0,2226.0,2227.8,117585
2026-06-17 09:40:00,2227.9,2227.9,2220.0,2220.5,57256
2026-06-17 09:45:00,2221.0,2222.5,2216.0,2222.1,63137
2026-06-17 09:50:00,2221.8,2222.4,2220.1,2220.6,24204
2026-06-17 09:55:00,2220.6,2221.7,2219.2,2219.7,22347
2026-06-17 10:00:00,2219.1,2219.2,2213.9,2215.1,37214
2026-06-17 10:05:00,2215.1,2217.2,2215.0,2216.7,23906
2026-06-17 10:10:00,2216.8,2217.5,2210.1,2210.2,56086
2026-06-17 10:15:00,2210.6,2213.7,2210.0,2212.6,26267
2026-06-17 10:20:00,2213.0,2214.7,2211.7,2213.6,25741
2026-06-17 10:25:00,2214.4,2215.5,2213.0,2214.4,20799
2026-06-17 10:30:00,2214.4,2216.5,2214.4,2216.4,17791
2026-06-17 10:35:00,2216.4,2216.8,2213.0,2213.2,39352
2026-06-17 10:40:00,2213.9,2220.0,2213.1,2219.1,71238
2026-06-17 10:45:00,2219.0,2220.0,2216.1,2218.0,19401
2026-06-17 10:50:00,2218.0,2225.5,2216.0,2224.4,65015
2026-06-17 10:55:00,2224.4,2229.5,2223.1,2223.4,69048
2026-06-17 11:00:00,2224.0,2224.2,2221.3,2222.4,18155
2026-06-17 11:05:00,2222.9,2223.7,2220.3,2220.3,15172
2026-06-17 11:10:00,2221.1,2224.0,2220.1,2223.2,33133
2026-06-17 11:15:00,2223.8,2224.0,2221.0,2223.3,21264
2026-06-17 11:20:00,2223.3,2224.0,2221.8,2223.5,16938
2026-06-17 11:25:00,2222.7,2223.8,2221.1,2221.7,12896
2026-06-17 11:30:00,2222.7,2227.9,2221.6,2224.8,44327
2026-06-17 11:35:00,2224.4,2225.5,2223.0,2223.0,18121
2026-06-17 11:40:00,2223.5,2224.0,2218.0,2218.5,37235
2026-06-17 11:45:00,2218.5,2219.2,2217.0,2217.5,19782
2026-06-17 11:50:00,2217.5,2218.7,2216.1,2217.3,16169
2026-06-17 11:55:00,2217.1,2218.3,2216.0,2216.6,18349
2026-06-17 12:00:00,2216.5,2218.0,2215.0,2218.0,25821
2026-06-17 12:05:00,2218.0,2218.2,2216.0,2217.1,15436
2026-06-17 12:10:00,2217.7,2218.9,2217.1,2218.2,9700
2026-06-17 12:15:00,2217.7,2219.0,2217.1,2218.4,12643
2026-06-17 12:20:00,2218.2,2220.9,2218.0,2218.5,15172
2026-06-17 12:25:00,2218.8,2219.9,2216.3,2219.4,19797
2026-06-17 12:30:00,2219.2,2219.8,2216.9,2217.8,12820
2026-06-17 12:35:00,2217.5,2218.3,2215.9,2217.0,17125
2026-06-17 12:40:00,2217.2,2218.4,2216.8,2217.6,12282
2026-06-17 12:45:00,2217.6,2218.0,2216.8,2217.8,9376
2026-06-17 12:50:00,2217.8,2219.8,2217.4,2218.5,11273
2026-06-17 12:55:00,2218.0,2219.8,2217.1,2219.0,10620
2026-06-17 13:00:00,2218.9,2220.0,2217.7,2219.6,17068
2026-06-17 13:05:00,2219.8,2220.0,2218.1,2218.3,13975
2026-06-17 13:10:00,2218.5,2218.6,2216.9,2217.5,11132
2026-06-17 13:15:00,2217.5,2220.3,2217.0,2219.2,24927
2026-06-17 13:20:00,2219.2,2220.2,2218.7,2219.4,13113
2026-06-17 13:25:00,2219.4,2220.0,2218.0,2218.4,8249
2026-06-17 13:30:00,2218.0,2219.8,2218.0,2219.0,9376
2026-06-17 13:35:00,2219.5,2223.2,2219.0,2222.4,25981
2026-06-17 13:40:00,2222.5,2223.0,2220.0,2221.4,18440
2026-06-17 13:45:00,2221.4,2223.3,2220.9,2222.7,19088
2026-06-17 13:50:00,2222.9,2223.5,2218.5,2219.6,34454
2026-06-17 13:55:00,2220.0,2220.2,2218.5,2218.6,12304
2026-06-17 14:00:00,2218.6,2221.5,2218.1,2220.3,25526
2026-06-17 14:05:00,2220.1,2220.9,2217.1,2217.6,24984
2026-06-17 14:10:00,2218.2,2218.2,2215.7,2216.5,21149
2026-06-17 14:15:00,2216.5,2217.7,2215.1,2216.8,15736
2026-06-17 14:20:00,2216.9,2218.5,2216.5,2216.6,16340
2026-06-17 14:25:00,2216.6,2216.6,2213.3,2214.1,63373
2026-06-17 14:30:00,2213.2,2217.4,2212.4,2215.0,19846
2026-06-17 14:35:00,2215.2,2217.5,2214.2,2217.0,14374
2026-06-17 14:40:00,2217.2,2219.6,2216.3,2219.4,21842
2026-06-17 14:45:00,2219.2,2219.5,2218.1,2218.1,15855
2026-06-17 14:50:00,2218.2,2219.9,2216.1,2218.7,29196
2026-06-17 14:55:00,2218.7,2220.6,2217.3,2220.1,25159
2026-06-17 15:00:00,2220.4,2223.5,2219.6,2222.3,95294
2026-06-17 15:05:00,2222.7,2223.9,2222.0,2223.9,91643
2026-06-17 15:10:00,2223.2,2224.7,2222.6,2223.0,120136
2026-06-17 15:15:00,2223.1,2223.8,2222.4,2223.0,98342
2026-06-17 15:20:00,2223.1,2224.2,2222.9,2223.4,104321
2026-06-17 15:25:00,2223.4,2223.5,2220.0,2221.0,77614
2026-06-18 09:15:00,2209.0,2209.0,2187.7,2193.4,242077
2026-06-18 09:20:00,2193.4,2195.9,2188.5,2194.0,112496
2026-06-18 09:25:00,2193.8,2195.0,2190.0,2194.5,63139
2026-06-18 09:30:00,2194.9,2196.9,2191.1,2193.0,54182
2026-06-18 09:35:00,2192.3,2198.4,2188.1,2189.0,96144
2026-06-18 09:40:00,2189.2,2195.0,2188.0,2193.7,64605
2026-06-18 09:45:00,2193.7,2197.3,2193.1,2196.7,37341
2026-06-18 09:50:00,2196.0,2196.8,2194.9,2195.5,32974
2026-06-18 09:55:00,2195.5,2197.9,2194.1,2197.3,27117
2026-06-18 10:00:00,2197.8,2202.1,2197.4,2200.3,44991
2026-06-18 10:05:00,2200.0,2207.0,2199.0,2207.0,46403
2026-06-18 10:10:00,2207.0,2214.0,2205.5,2206.3,79143
2026-06-18 10:15:00,2206.9,2208.4,2206.0,2206.4,35670
2026-06-18 10:20:00,2206.4,2207.9,2205.0,2207.7,20833
2026-06-18 10:25:00,2207.7,2210.9,2205.6,2210.0,20213
2026-06-18 10:30:00,2210.0,2211.0,2205.0,2205.0,37102
2026-06-18 10:35:00,2205.1,2206.1,2202.0,2202.9,32304
2026-06-18 10:40:00,2202.9,2205.0,2202.0,2204.4,19044
2026-06-18 10:45:00,2204.6,2207.9,2204.6,2207.5,19715
2026-06-18 10:50:00,2207.5,2208.8,2206.1,2206.7,21178
2026-06-18 10:55:00,2207.0,2208.6,2206.4,2208.6,11272
2026-06-18 11:00:00,2208.7,2210.8,2206.7,2209.2,20296
2026-06-18 11:05:00,2209.9,2211.0,2209.0,2210.1,14632
2026-06-18 11:10:00,2210.4,2210.4,2202.5,2203.3,22482
2026-06-18 11:15:00,2203.3,2203.3,2197.1,2198.2,38596
2026-06-18 11:20:00,2198.2,2198.5,2189.9,2190.0,88038
2026-06-18 11:25:00,2190.0,2190.0,2184.0,2185.5,95146
2026-06-18 11:30:00,2185.7,2188.5,2184.0,2186.8,47654
2026-06-18 11:35:00,2186.8,2187.0,2184.5,2185.0,40918
2026-06-18 11:40:00,2185.0,2185.0,2182.0,2183.3,90026
2026-06-18 11:45:00,2183.5,2184.0,2182.2,2183.0,25701
2026-06-18 11:50:00,2183.2,2184.9,2182.7,2184.9,22041
2026-06-18 11:55:00,2184.7,2185.0,2184.6,2185.0,24680
2026-06-18 12:00:00,2184.9,2185.0,2184.0,2184.9,29483
2026-06-18 12:05:00,2185.0,2188.5,2183.5,2187.3,27579
2026-06-18 12:10:00,2187.3,2189.3,2187.1,2188.7,21418
2026-06-18 12:15:00,2188.4,2189.0,2187.2,2187.8,12028
2026-06-18 12:20:00,2188.0,2189.9,2187.8,2188.7,16644
2026-06-18 12:25:00,2188.7,2190.3,2188.1,2190.0,21339
2026-06-18 12:30:00,2190.1,2190.4,2187.0,2188.5,21083
2026-06-18 12:35:00,2188.6,2189.5,2188.1,2188.8,11052
2026-06-18 12:40:00,2188.7,2189.9,2186.0,2187.5,16304
2026-06-18 12:45:00,2187.6,2187.9,2185.1,2187.8,15109
2026-06-18 12:50:00,2187.8,2193.0,2187.0,2192.1,24198
2026-06-18 12:55:00,2192.7,2194.4,2192.4,2194.0,28782
2026-06-18 13:00:00,2194.0,2194.7,2191.9,2193.2,21160
2026-06-18 13:05:00,2193.2,2193.5,2192.0,2192.6,9706
2026-06-18 13:10:00,2192.9,2194.5,2192.3,2193.9,14133
2026-06-18 13:15:00,2194.1,2195.3,2193.4,2193.9,22539
2026-06-18 13:20:00,2194.0,2195.5,2192.7,2194.6,16065
2026-06-18 13:25:00,2194.9,2195.7,2194.0,2194.9,16945
2026-06-18 13:30:00,2194.9,2195.9,2194.0,2194.7,19456
2026-06-18 13:35:00,2194.8,2195.5,2193.0,2193.9,15489
2026-06-18 13:40:00,2193.9,2194.7,2192.2,2193.1,10022
2026-06-18 13:45:00,2193.1,2194.0,2191.8,2193.7,16585
2026-06-18 13:50:00,2193.7,2194.4,2192.0,2192.6,16106
2026-06-18 13:55:00,2192.6,2193.1,2190.5,2190.8,40786
2026-06-18 14:00:00,2191.1,2192.4,2189.1,2190.1,34580
2026-06-18 14:05:00,2190.2,2191.0,2188.2,2188.5,24306
2026-06-18 14:10:00,2188.4,2190.0,2188.0,2189.2,23799
2026-06-18 14:15:00,2189.2,2189.2,2188.0,2188.3,7521
2026-06-18 14:20:00,2188.3,2189.6,2187.5,2189.6,15866
2026-06-18 14:25:00,2189.8,2190.1,2188.1,2189.0,18383
2026-06-18 14:30:00,2188.9,2192.8,2187.6,2192.6,40539
2026-06-18 14:35:00,2192.7,2195.0,2191.7,2193.2,68016
2026-06-18 14:40:00,2193.3,2193.8,2191.7,2193.0,33317
2026-06-18 14:45:00,2193.0,2194.6,2192.0,2192.8,48788
2026-06-18 14:50:00,2192.7,2193.4,2191.3,2191.4,29091
2026-06-18 14:55:00,2191.5,2193.9,2191.4,2193.8,19175
2026-06-18 15:00:00,2193.8,2208.0,2193.1,2205.8,295936
2026-06-18 15:05:00,2205.8,2206.5,2202.5,2204.0,185560
2026-06-18 15:10:00,2204.0,2204.6,2202.5,2203.6,179416
2026-06-18 15:15:00,2203.6,2206.2,2202.4,2205.1,190088
2026-06-18 15:20:00,2205.1,2206.7,2202.5,2202.5,199583
2026-06-18 15:25:00,2202.6,2203.6,2202.4,2203.0,188730
2026-06-19 09:15:00,2105.0,2112.1,2059.9,2071.9,1739000
2026-06-19 09:20:00,2072.3,2075.9,2064.2,2074.2,503354
2026-06-19 09:25:00,2074.6,2075.3,2064.1,2068.6,473085
2026-06-19 09:30:00,2068.6,2076.0,2065.6,2070.6,350508
2026-06-19 09:35:00,2070.5,2078.6,2070.3,2078.5,234556
2026-06-19 09:40:00,2078.2,2080.0,2072.7,2074.5,386615
2026-06-19 09:45:00,2074.5,2075.0,2069.0,2072.4,279670
2026-06-19 09:50:00,2072.4,2082.5,2069.0,2082.5,252117
2026-06-19 09:55:00,2082.4,2085.0,2081.3,2084.4,249571
2026-06-19 10:00:00,2084.3,2086.8,2079.2,2080.8,175690
2026-06-19 10:05:00,2080.8,2081.1,2076.2,2076.8,158595
2026-06-19 10:10:00,2076.7,2082.1,2076.0,2079.1,162934
2026-06-19 10:15:00,2078.9,2079.0,2072.8,2077.9,189881
2026-06-19 10:20:00,2078.3,2081.3,2077.0,2077.6,129158
2026-06-19 10:25:00,2077.6,2078.0,2075.0,2076.7,76273
2026-06-19 10:30:00,2076.6,2077.3,2073.0,2074.1,99675
2026-06-19 10:35:00,2074.0,2075.9,2073.4,2075.7,70108
2026-06-19 10:40:00,2075.7,2076.0,2072.3,2073.6,105773
2026-06-19 10:45:00,2073.8,2078.8,2073.3,2074.5,92746
2026-06-19 10:50:00,2074.5,2074.8,2071.6,2071.8,101914
2026-06-19 10:55:00,2071.9,2074.0,2071.6,2072.5,72659
2026-06-19 11:00:00,2072.5,2074.0,2070.3,2073.7,115040
2026-06-19 11:05:00,2073.7,2074.4,2072.1,2074.3,75300
2026-06-19 11:10:00,2074.4,2078.0,2073.8,2075.8,88251
2026-06-19 11:15:00,2075.8,2077.5,2074.2,2077.4,61567
2026-06-19 11:20:00,2077.4,2077.9,2075.3,2076.7,65959
2026-06-19 11:25:00,2076.7,2077.3,2074.2,2075.5,60592
2026-06-19 11:30:00,2075.7,2077.3,2074.0,2074.5,58773
2026-06-19 11:35:00,2074.5,2076.3,2072.5,2073.9,68224
2026-06-19 11:40:00,2073.6,2074.9,2073.0,2073.8,41721
2026-06-19 11:45:00,2073.9,2073.9,2070.1,2070.5,109615
2026-06-19 11:50:00,2070.8,2071.9,2070.0,2071.0,153842
2026-06-19 11:55:00,2071.1,2073.5,2070.0,2073.3,58443
2026-06-19 12:00:00,2073.3,2075.4,2072.0,2074.8,61447
2026-06-19 12:05:00,2074.8,2080.0,2074.6,2077.6,136869
2026-06-19 12:10:00,2077.5,2083.9,2077.5,2082.3,114678
2026-06-19 12:15:00,2082.8,2085.0,2080.5,2083.2,137537
2026-06-19 12:20:00,2083.3,2088.0,2082.7,2085.3,163056
2026-06-19 12:25:00,2085.5,2088.6,2083.0,2083.9,89419
2026-06-19 12:30:00,2083.9,2085.0,2080.7,2081.6,94376
2026-06-19 12:35:00,2081.5,2082.7,2078.3,2079.7,129940
2026-06-19 12:40:00,2080.0,2080.2,2075.0,2077.0,91685
2026-06-19 12:45:00,2077.0,2079.0,2074.0,2075.0,61057
2026-06-19 12:50:00,2075.0,2076.8,2074.4,2074.8,46860
2026-06-19 12:55:00,2074.7,2075.0,2072.0,2074.6,55857
2026-06-19 13:00:00,2074.3,2075.8,2073.6,2074.5,36442
2026-06-19 13:05:00,2074.4,2075.8,2072.5,2075.0,95689
2026-06-19 13:10:00,2075.0,2075.0,2072.3,2073.0,39158
2026-06-19 13:15:00,2073.3,2074.0,2071.4,2073.3,64471
2026-06-19 13:20:00,2073.2,2075.5,2072.7,2073.3,31886
2026-06-19 13:25:00,2073.2,2075.5,2073.1,2074.9,22045
2026-06-19 13:30:00,2074.9,2075.4,2073.5,2075.0,26553
2026-06-19 13:35:00,2074.5,2075.2,2073.5,2073.6,33481
2026-06-19 13:40:00,2073.6,2074.8,2072.0,2074.0,78981
2026-06-19 13:45:00,2074.7,2083.4,2073.7,2082.8,154146
2026-06-19 13:50:00,2082.8,2084.9,2080.2,2081.1,157752
2026-06-19 13:55:00,2081.0,2083.2,2081.0,2082.0,54318
2026-06-19 14:00:00,2081.9,2082.4,2077.0,2079.9,58397
2026-06-19 14:05:00,2079.9,2081.3,2077.2,2078.0,45752
2026-06-19 14:10:00,2077.9,2082.5,2077.5,2081.6,52541
2026-06-19 14:15:00,2081.5,2088.0,2081.3,2087.9,117778
2026-06-19 14:20:00,2087.9,2089.9,2086.3,2089.0,119939
2026-06-19 14:25:00,2088.7,2094.1,2088.0,2092.7,170783
2026-06-19 14:30:00,2092.8,2095.0,2090.5,2091.0,119277
2026-06-19 14:35:00,2091.0,2098.1,2090.4,2097.3,92548
2026-06-19 14:40:00,2097.5,2102.7,2097.3,2101.1,153212
2026-06-19 14:45:00,2101.4,2102.7,2100.0,2100.5,76869
2026-06-19 14:50:00,2100.9,2106.8,2100.1,2105.1,121737
2026-06-19 14:55:00,2105.1,2110.9,2104.1,2110.9,160499
2026-06-19 15:00:00,2110.0,2122.4,2109.2,2120.0,843890
2026-06-19 15:05:00,2119.3,2123.6,2118.7,2120.6,515479
2026-06-19 15:10:00,2120.8,2131.0,2120.6,2130.1,559331
2026-06-19 15:15:00,2129.4,2132.0,2128.4,2130.4,441924
2026-06-19 15:20:00,2130.3,2134.0,2128.3,2130.0,459275
2026-06-19 15:25:00,2130.3,2138.0,2124.5,2135.0,208323
2026-06-22 09:15:00,2132.2,2150.0,2131.3,2142.1,222722
2026-06-22 09:20:00,2142.1,2143.9,2135.4,2138.0,99315
2026-06-22 09:25:00,2137.3,2139.0,2132.6,2134.3,68016
2026-06-22 09:30:00,2134.0,2142.0,2133.1,2138.0,97811
2026-06-22 09:35:00,2138.3,2138.3,2131.0,2135.6,69576
2026-06-22 09:40:00,2135.6,2136.5,2132.1,2134.3,48472
2026-06-22 09:45:00,2134.3,2135.0,2132.1,2134.4,34238
2026-06-22 09:50:00,2135.9,2138.9,2134.2,2137.9,47907
2026-06-22 09:55:00,2137.0,2141.0,2135.1,2138.4,55010
2026-06-22 10:00:00,2138.4,2139.7,2132.0,2134.8,49943
2026-06-22 10:05:00,2134.0,2136.5,2132.0,2136.0,38287
2026-06-22 10:10:00,2136.0,2137.4,2133.5,2134.0,34201
2026-06-22 10:15:00,2134.0,2134.1,2130.8,2132.0,52707
2026-06-22 10:20:00,2132.0,2132.2,2129.6,2130.5,59362
2026-06-22 10:25:00,2130.8,2132.0,2130.0,2131.9,35337
2026-06-22 10:30:00,2131.8,2131.8,2127.6,2127.9,52555
2026-06-22 10:35:00,2127.6,2130.0,2125.7,2130.0,45447
2026-06-22 10:40:00,2130.0,2130.1,2126.7,2127.3,25314
2026-06-22 10:45:00,2127.3,2129.8,2126.8,2129.6,18325
2026-06-22 10:50:00,2129.6,2134.5,2129.0,2132.7,47867
2026-06-22 10:55:00,2132.8,2137.9,2130.0,2136.9,178545
2026-06-22 11:00:00,2137.0,2140.5,2135.7,2139.8,75825
2026-06-22 11:05:00,2139.8,2146.0,2139.0,2146.0,113136
2026-06-22 11:10:00,2145.6,2155.0,2145.1,2152.7,178974
2026-06-22 11:15:00,2152.7,2155.0,2147.8,2151.0,60282
2026-06-22 11:20:00,2151.0,2152.1,2148.4,2151.0,75417
2026-06-22 11:25:00,2151.4,2157.0,2150.0,2156.0,94580
2026-06-22 11:30:00,2156.4,2156.4,2151.1,2151.5,32469
2026-06-22 11:35:00,2151.5,2153.0,2151.0,2151.2,19826
2026-06-22 11:40:00,2151.0,2151.4,2147.7,2149.0,27058
2026-06-22 11:45:00,2149.0,2149.0,2146.0,2146.3,26226
2026-06-22 11:50:00,2146.3,2146.3,2143.0,2143.0,33219
2026-06-22 11:55:00,2143.4,2146.3,2141.3,2145.9,36370
2026-06-22 12:00:00,2146.1,2147.0,2144.0,2145.9,29609
2026-06-22 12:05:00,2145.6,2145.8,2143.3,2144.5,21693
2026-06-22 12:10:00,2144.5,2146.3,2143.5,2144.8,21100
2026-06-22 12:15:00,2144.8,2146.0,2143.5,2145.6,23150
2026-06-22 12:20:00,2145.7,2146.0,2144.0,2145.8,23798
2026-06-22 12:25:00,2144.8,2147.1,2143.2,2145.6,28410
2026-06-22 12:30:00,2145.6,2147.5,2144.0,2144.9,32475
2026-06-22 12:35:00,2145.3,2145.8,2143.6,2144.1,34201
2026-06-22 12:40:00,2144.1,2144.7,2142.2,2142.9,25969
2026-06-22 12:45:00,2142.9,2144.0,2141.3,2143.4,30547
2026-06-22 12:50:00,2143.7,2145.5,2142.0,2142.1,25982
2026-06-22 12:55:00,2142.1,2142.7,2141.0,2141.6,22204
2026-06-22 13:00:00,2141.1,2142.4,2140.0,2140.3,23959
2026-06-22 13:05:00,2140.7,2140.7,2139.5,2139.6,23027
2026-06-22 13:10:00,2139.4,2140.0,2138.3,2139.1,30856
2026-06-22 13:15:00,2139.2,2140.4,2138.3,2139.7,29559
2026-06-22 13:20:00,2139.7,2140.5,2134.1,2135.2,44548
2026-06-22 13:25:00,2134.5,2135.9,2134.0,2135.0,16263
2026-06-22 13:30:00,2135.0,2136.0,2134.0,2135.0,17293
2026-06-22 13:35:00,2135.0,2135.2,2132.0,2132.1,22015
2026-06-22 13:40:00,2132.0,2133.7,2130.0,2133.0,49311
2026-06-22 13:45:00,2133.0,2133.6,2130.2,2131.2,17267
2026-06-22 13:50:00,2131.0,2131.4,2130.3,2131.2,15964
2026-06-22 13:55:00,2131.2,2134.4,2130.5,2133.0,20382
2026-06-22 14:00:00,2133.2,2135.0,2132.2,2133.6,25396
2026-06-22 14:05:00,2133.9,2137.7,2133.6,2134.1,31890
2026-06-22 14:10:00,2134.6,2136.8,2132.7,2133.3,22631
2026-06-22 14:15:00,2133.3,2136.0,2132.1,2135.0,28053
2026-06-22 14:20:00,2135.5,2135.5,2133.3,2134.0,13724
2026-06-22 14:25:00,2134.0,2136.9,2133.5,2136.8,14084
2026-06-22 14:30:00,2136.9,2137.9,2133.0,2133.3,48143
2026-06-22 14:35:00,2133.0,2136.1,2133.0,2134.0,22079
2026-06-22 14:40:00,2134.3,2135.8,2132.5,2133.7,21758
2026-06-22 14:45:00,2133.7,2135.4,2132.5,2133.0,27148
2026-06-22 14:50:00,2133.0,2133.3,2131.5,2132.2,36452
2026-06-22 14:55:00,2132.3,2132.3,2131.1,2131.7,17647
2026-06-22 15:00:00,2131.6,2132.7,2124.0,2125.7,211719
2026-06-22 15:05:00,2126.4,2127.0,2124.1,2125.0,135689
2026-06-22 15:10:00,2124.7,2125.2,2123.9,2125.1,234938
2026-06-22 15:15:00,2125.1,2125.7,2121.0,2125.0,194238
2026-06-22 15:20:00,2125.1,2132.8,2125.0,2130.6,362925
2026-06-22 15:25:00,2131.4,2137.3,2127.5,2129.5,317343
2026-06-23 09:15:00,2111.0,2114.0,2087.4,2099.4,399394
2026-06-23 09:20:00,2099.4,2101.9,2097.0,2097.8,103848
2026-06-23 09:25:00,2097.8,2100.0,2086.5,2089.9,181513
2026-06-23 09:30:00,2089.5,2093.0,2085.0,2087.5,155902
2026-06-23 09:35:00,2087.1,2090.2,2083.0,2089.0,160773
2026-06-23 09:40:00,2089.0,2089.6,2085.0,2085.2,76442
2026-06-23 09:45:00,2085.9,2086.8,2083.7,2084.7,92709
2026-06-23 09:50:00,2085.0,2086.5,2083.0,2085.2,105311
2026-06-23 09:55:00,2085.3,2086.0,2082.0,2083.6,95919
2026-06-23 10:00:00,2083.6,2086.1,2082.6,2085.5,73030
2026-06-23 10:05:00,2085.6,2087.3,2084.0,2086.6,71644
2026-06-23 10:10:00,2086.9,2088.4,2086.0,2087.6,53707
2026-06-23 10:15:00,2087.6,2088.5,2086.4,2087.9,43626
2026-06-23 10:20:00,2087.9,2090.7,2086.5,2086.6,72894
2026-06-23 10:25:00,2086.1,2087.0,2081.1,2082.5,114620
2026-06-23 10:30:00,2082.5,2083.0,2081.4,2081.6,65670
2026-06-23 10:35:00,2082.0,2082.1,2080.1,2081.0,78287
2026-06-23 10:40:00,2081.0,2081.8,2080.1,2080.2,61730
2026-06-23 10:45:00,2080.2,2080.3,2075.6,2077.9,155462
2026-06-23 10:50:00,2077.1,2078.5,2076.1,2076.9,80760
2026-06-23 10:55:00,2076.3,2076.9,2073.0,2073.0,125483
2026-06-23 11:00:00,2073.7,2073.7,2070.2,2070.3,120479
2026-06-23 11:05:00,2070.4,2075.2,2070.2,2072.0,76325
2026-06-23 11:10:00,2072.1,2073.8,2070.5,2071.1,77213
2026-06-23 11:15:00,2071.1,2074.9,2070.7,2074.5,49854
2026-06-23 11:20:00,2074.4,2075.8,2072.5,2073.0,67021
2026-06-23 11:25:00,2073.0,2073.4,2070.0,2070.3,77332
2026-06-23 11:30:00,2070.3,2071.3,2070.0,2070.0,70814
2026-06-23 11:35:00,2070.1,2070.9,2069.0,2069.5,66054
2026-06-23 11:40:00,2069.5,2070.0,2068.0,2069.0,52702
2026-06-23 11:45:00,2069.0,2070.5,2067.3,2068.7,49528
2026-06-23 11:50:00,2068.9,2070.0,2067.3,2069.1,40587
2026-06-23 11:55:00,2069.1,2070.0,2065.0,2066.8,74623
2026-06-23 12:00:00,2066.3,2068.9,2065.5,2067.5,48031
2026-06-23 12:05:00,2067.6,2069.0,2066.4,2067.2,32643
2026-06-23 12:10:00,2067.2,2069.0,2066.0,2066.5,47469
2026-06-23 12:15:00,2066.5,2068.5,2066.0,2067.6,39243
2026-06-23 12:20:00,2067.6,2067.6,2065.0,2065.0,46142
2026-06-23 12:25:00,2065.1,2067.1,2065.1,2066.2,33005
2026-06-23 12:30:00,2066.6,2067.1,2062.0,2062.5,81398
2026-06-23 12:35:00,2062.7,2065.0,2062.0,2064.1,47872
2026-06-23 12:40:00,2064.1,2064.5,2062.6,2063.6,43741
2026-06-23 12:45:00,2063.2,2065.0,2062.2,2062.7,41848
2026-06-23 12:50:00,2062.5,2064.0,2061.0,2063.3,42646
2026-06-23 12:55:00,2063.3,2065.0,2063.1,2064.7,38980
2026-06-23 13:00:00,2064.7,2065.9,2063.0,2063.7,35748
2026-06-23 13:05:00,2064.0,2067.2,2063.5,2065.6,45279
2026-06-23 13:10:00,2065.5,2065.7,2064.0,2064.5,28474
2026-06-23 13:15:00,2064.5,2066.6,2064.4,2065.8,39180
2026-06-23 13:20:00,2065.8,2067.1,2064.8,2066.9,40964
2026-06-23 13:25:00,2066.8,2066.9,2061.0,2061.4,85803
2026-06-23 13:30:00,2061.9,2062.9,2061.0,2062.4,59090
2026-06-23 13:35:00,2062.4,2062.9,2061.5,2062.1,39004
2026-06-23 13:40:00,2062.1,2066.0,2061.8,2065.0,61987
2026-06-23 13:45:00,2065.0,2065.0,2062.1,2064.0,53243
2026-06-23 13:50:00,2064.0,2065.5,2062.0,2064.4,69933
2026-06-23 13:55:00,2064.4,2064.8,2062.4,2062.9,40974
2026-06-23 14:00:00,2062.9,2065.3,2062.6,2064.0,53487
2026-06-23 14:05:00,2064.6,2065.7,2063.0,2064.7,55542
2026-06-23 14:10:00,2064.7,2066.8,2063.4,2066.0,52114
2026-06-23 14:15:00,2066.0,2067.8,2064.0,2064.0,62167
2026-06-23 14:20:00,2064.3,2068.5,2063.3,2067.8,54579
2026-06-23 14:25:00,2068.0,2068.3,2065.6,2068.0,77867
2026-06-23 14:30:00,2068.0,2068.7,2066.3,2067.3,72179
2026-06-23 14:35:00,2067.2,2068.5,2065.7,2067.0,62142
2026-06-23 14:40:00,2066.9,2069.2,2066.1,2069.2,98519
2026-06-23 14:45:00,2069.3,2072.3,2069.1,2071.0,116280
2026-06-23 14:50:00,2070.9,2071.3,2068.5,2069.7,77746
2026-06-23 14:55:00,2069.7,2070.5,2069.0,2069.7,81514
2026-06-23 15:00:00,2069.6,2069.8,2060.5,2062.6,221899
2026-06-23 15:05:00,2062.8,2063.6,2061.1,2061.2,127618
2026-06-23 15:10:00,2061.2,2061.9,2057.6,2057.7,207002
2026-06-23 15:15:00,2057.7,2058.3,2056.0,2057.8,222562
2026-06-23 15:20:00,2057.9,2059.4,2056.0,2056.6,194465
2026-06-23 15:25:00,2056.7,2060.0,2055.0,2059.0,182757
2026-06-24 09:15:00,2061.0,2075.3,2061.0,2073.1,197008
2026-06-24 09:20:00,2072.5,2076.0,2066.0,2066.0,99575
2026-06-24 09:25:00,2066.3,2071.6,2063.0,2066.8,89411
2026-06-24 09:30:00,2066.5,2068.9,2062.3,2063.4,53112
2026-06-24 09:35:00,2064.0,2066.9,2063.0,2064.1,50264
2026-06-24 09:40:00,2064.4,2078.2,2063.0,2076.7,105900
2026-06-24 09:45:00,2077.0,2083.0,2075.2,2079.0,136307
2026-06-24 09:50:00,2078.9,2083.0,2073.6,2074.3,57363
2026-06-24 09:55:00,2074.8,2077.9,2070.1,2070.5,49055
2026-06-24 10:00:00,2071.2,2073.0,2069.0,2071.0,57978
2026-06-24 10:05:00,2071.0,2073.0,2069.1,2071.6,70196
2026-06-24 10:10:00,2071.7,2071.7,2070.0,2070.9,82628
2026-06-24 10:15:00,2070.9,2075.9,2070.2,2075.3,48440
2026-06-24 10:20:00,2074.9,2084.6,2072.7,2083.3,106750
2026-06-24 10:25:00,2083.3,2087.9,2082.5,2083.9,110182
2026-06-24 10:30:00,2084.0,2087.7,2082.7,2083.3,85635
2026-06-24 10:35:00,2083.3,2091.0,2082.1,2089.0,105052
2026-06-24 10:40:00,2088.7,2092.2,2083.4,2084.9,68102
2026-06-24 10:45:00,2084.7,2086.0,2080.6,2082.6,36448
2026-06-24 10:50:00,2082.6,2082.6,2077.7,2079.0,31296
2026-06-24 10:55:00,2079.0,2083.3,2077.1,2080.9,35633
2026-06-24 11:00:00,2080.7,2081.8,2078.4,2080.0,26094
2026-06-24 11:05:00,2079.5,2083.8,2078.0,2083.0,37686
2026-06-24 11:10:00,2083.0,2091.4,2082.3,2090.7,55965
2026-06-24 11:15:00,2090.4,2094.0,2089.2,2091.0,84781
2026-06-24 11:20:00,2091.9,2092.9,2090.0,2091.6,59867
2026-06-24 11:25:00,2091.8,2092.0,2089.4,2090.1,33068
2026-06-24 11:30:00,2090.6,2090.6,2087.1,2089.6,55837
2026-06-24 11:35:00,2089.7,2093.0,2088.6,2091.7,48461
2026-06-24 11:40:00,2091.7,2092.5,2088.7,2091.4,27778
2026-06-24 11:45:00,2090.9,2092.0,2089.0,2090.5,30526
2026-06-24 11:50:00,2092.0,2092.5,2090.0,2091.3,34598
2026-06-24 11:55:00,2091.0,2094.5,2090.1,2093.1,47539
2026-06-24 12:00:00,2094.0,2096.5,2093.2,2095.4,52963
2026-06-24 12:05:00,2095.4,2096.0,2091.0,2092.1,42020
2026-06-24 12:10:00,2092.8,2094.8,2090.0,2091.8,41617
2026-06-24 12:15:00,2091.8,2092.9,2090.4,2091.7,25280
2026-06-24 12:20:00,2091.7,2094.9,2090.0,2093.5,44249
2026-06-24 12:25:00,2093.4,2094.2,2088.6,2090.1,54438
2026-06-24 12:30:00,2090.3,2092.6,2087.2,2092.2,35225
2026-06-24 12:35:00,2092.4,2093.3,2090.4,2091.3,28981
2026-06-24 12:40:00,2091.3,2092.0,2089.3,2091.0,27141
2026-06-24 12:45:00,2090.9,2093.8,2090.3,2093.5,45102
2026-06-24 12:50:00,2093.3,2093.5,2090.4,2092.8,25332
2026-06-24 12:55:00,2092.4,2094.2,2091.2,2091.3,22298
2026-06-24 13:00:00,2091.1,2098.9,2090.9,2098.6,46915
2026-06-24 13:05:00,2098.3,2108.9,2096.5,2107.8,113514
2026-06-24 13:10:00,2107.1,2107.2,2103.1,2105.0,43788
2026-06-24 13:15:00,2105.7,2106.0,2101.2,2104.4,44411
2026-06-24 13:20:00,2104.4,2105.7,2102.1,2105.2,42194
2026-06-24 13:25:00,2105.3,2109.9,2103.8,2106.7,50596
2026-06-24 13:30:00,2106.5,2109.5,2105.1,2108.7,39735
2026-06-24 13:35:00,2108.4,2111.7,2105.0,2106.9,61111
2026-06-24 13:40:00,2106.9,2110.5,2105.6,2108.9,36664
2026-06-24 13:45:00,2109.1,2113.0,2107.0,2111.2,65136
2026-06-24 13:50:00,2111.0,2112.0,2108.2,2108.9,46067
2026-06-24 13:55:00,2109.5,2109.8,2107.0,2109.6,37198
2026-06-24 14:00:00,2109.7,2110.6,2107.5,2110.2,34882
2026-06-24 14:05:00,2109.6,2111.0,2106.3,2108.0,49268
2026-06-24 14:10:00,2108.0,2118.4,2106.9,2118.0,96773
2026-06-24 14:15:00,2117.6,2120.0,2116.0,2118.8,83121
2026-06-24 14:20:00,2118.7,2120.7,2113.2,2114.3,71135
2026-06-24 14:25:00,2113.6,2117.8,2111.8,2117.3,58342
2026-06-24 14:30:00,2116.7,2117.5,2110.3,2112.0,34215
2026-06-24 14:35:00,2112.0,2117.9,2110.5,2115.2,62130
2026-06-24 14:40:00,2115.8,2119.0,2114.1,2117.2,43144
2026-06-24 14:45:00,2117.4,2119.0,2114.5,2117.1,41672
2026-06-24 14:50:00,2116.5,2116.7,2114.0,2115.6,48349
2026-06-24 14:55:00,2114.9,2116.0,2112.0,2112.9,44170
2026-06-24 15:00:00,2112.9,2112.9,2106.6,2108.9,138153
2026-06-24 15:05:00,2108.9,2112.0,2107.1,2111.1,88956
2026-06-24 15:10:00,2111.5,2111.5,2107.8,2109.8,124921
2026-06-24 15:15:00,2108.9,2111.2,2108.3,2109.7,150062
2026-06-24 15:20:00,2110.0,2110.0,2107.0,2108.4,114737
2026-06-24 15:25:00,2107.9,2110.0,2106.2,2107.0,145145
2026-06-25 09:15:00,2133.6,2144.0,2121.0,2123.6,267749
2026-06-25 09:20:00,2123.1,2126.3,2117.5,2119.6,83127
2026-06-25 09:25:00,2119.7,2120.0,2116.0,2118.3,57760
2026-06-25 09:30:00,2118.5,2119.4,2112.0,2113.1,75037
2026-06-25 09:35:00,2112.9,2116.9,2111.0,2113.3,55272
2026-06-25 09:40:00,2113.6,2122.0,2112.4,2119.2,55049
2026-06-25 09:45:00,2119.0,2124.6,2119.0,2123.7,43270
2026-06-25 09:50:00,2123.8,2127.0,2121.5,2126.9,66957
2026-06-25 09:55:00,2126.7,2131.7,2124.6,2130.7,64245
2026-06-25 10:00:00,2131.0,2147.4,2130.5,2147.4,207791
2026-06-25 10:05:00,2147.4,2148.5,2142.7,2146.0,98253
2026-06-25 10:10:00,2146.0,2146.5,2141.4,2144.9,58665
2026-06-25 10:15:00,2145.0,2145.0,2139.1,2139.4,47325
2026-06-25 10:20:00,2140.6,2142.0,2138.3,2140.0,43006
2026-06-25 10:25:00,2139.8,2142.3,2137.8,2139.6,32495
2026-06-25 10:30:00,2139.8,2142.4,2139.1,2141.7,22985
2026-06-25 10:35:00,2142.0,2142.0,2136.6,2137.5,26315
2026-06-25 10:40:00,2138.0,2140.5,2137.0,2140.4,22858
2026-06-25 10:45:00,2140.0,2141.6,2135.7,2137.8,27286
2026-06-25 10:50:00,2137.5,2137.5,2132.7,2132.7,32182
2026-06-25 10:55:00,2133.0,2135.6,2131.2,2134.8,26725
2026-06-25 11:00:00,2135.0,2135.1,2130.8,2130.9,34630
2026-06-25 11:05:00,2130.9,2131.4,2126.5,2127.6,69840
2026-06-25 11:10:00,2128.2,2132.4,2127.1,2132.2,48650
2026-06-25 11:15:00,2132.4,2133.0,2126.0,2126.6,46247
2026-06-25 11:20:00,2126.6,2127.0,2122.9,2126.0,44051
2026-06-25 11:25:00,2125.7,2125.7,2121.4,2122.3,34653
2026-06-25 11:30:00,2122.0,2125.4,2121.6,2124.9,34745
2026-06-25 11:35:00,2124.5,2129.5,2123.3,2129.4,51254
2026-06-25 11:40:00,2129.3,2131.5,2126.0,2128.0,47787
2026-06-25 11:45:00,2128.0,2133.5,2127.5,2130.9,74266
2026-06-25 11:50:00,2130.9,2132.0,2126.7,2128.4,60006
2026-06-25 11:55:00,2128.2,2134.8,2127.4,2131.3,45402
2026-06-25 12:00:00,2131.3,2132.1,2126.7,2129.0,35392
2026-06-25 12:05:00,2128.6,2130.7,2128.3,2129.2,30293
2026-06-25 12:10:00,2129.3,2129.6,2125.2,2125.5,37276
2026-06-25 12:15:00,2125.8,2126.8,2122.7,2124.5,45402
2026-06-25 12:20:00,2124.5,2124.9,2122.0,2122.5,40956
2026-06-25 12:25:00,2122.5,2125.6,2122.1,2123.9,52439
2026-06-25 12:30:00,2124.2,2124.8,2117.0,2117.6,73440
2026-06-25 12:35:00,2118.2,2122.5,2117.0,2122.5,44846
2026-06-25 12:40:00,2122.5,2122.7,2117.2,2120.1,38114
2026-06-25 12:45:00,2120.3,2121.3,2117.5,2120.6,38128
2026-06-25 12:50:00,2120.6,2121.6,2118.0,2121.0,35016
2026-06-25 12:55:00,2121.6,2122.0,2119.9,2121.8,34048
2026-06-25 13:00:00,2121.8,2128.0,2120.5,2127.6,50837
2026-06-25 13:05:00,2127.2,2127.3,2123.1,2124.6,27016
2026-06-25 13:10:00,2124.2,2124.6,2120.7,2121.3,26818
2026-06-25 13:15:00,2121.4,2129.8,2120.8,2128.8,36520
2026-06-25 13:20:00,2128.9,2128.9,2123.1,2123.6,24843
2026-06-25 13:25:00,2123.9,2124.0,2121.2,2122.8,36160
2026-06-25 13:30:00,2122.8,2125.0,2122.0,2124.2,23919
2026-06-25 13:35:00,2124.1,2124.9,2122.1,2123.9,23655
2026-06-25 13:40:00,2123.9,2126.0,2123.6,2124.6,26433
2026-06-25 13:45:00,2124.3,2125.4,2123.4,2125.0,24628
2026-06-25 13:50:00,2125.0,2125.7,2121.7,2122.3,25868
2026-06-25 13:55:00,2122.6,2127.3,2122.6,2124.7,43210
2026-06-25 14:00:00,2124.5,2127.4,2122.9,2126.0,47906
2026-06-25 14:05:00,2125.9,2125.9,2120.4,2123.4,25050
2026-06-25 14:10:00,2123.5,2124.4,2117.6,2119.8,48911
2026-06-25 14:15:00,2120.0,2120.0,2116.0,2117.8,34640
2026-06-25 14:20:00,2117.8,2118.3,2111.7,2112.6,60929
2026-06-25 14:25:00,2112.1,2112.9,2108.5,2110.3,55846
2026-06-25 14:30:00,2110.3,2111.6,2108.6,2110.5,54783
2026-06-25 14:35:00,2110.8,2112.8,2107.2,2108.2,55958
2026-06-25 14:40:00,2108.1,2108.8,2101.1,2102.9,67094
2026-06-25 14:45:00,2103.0,2104.3,2100.6,2101.5,184186
2026-06-25 14:50:00,2101.6,2104.5,2101.2,2103.0,46466
2026-06-25 14:55:00,2103.4,2103.9,2096.2,2098.3,81909
2026-06-25 15:00:00,2098.5,2099.9,2094.8,2096.2,213873
2026-06-25 15:05:00,2096.7,2097.7,2094.3,2096.1,179620
2026-06-25 15:10:00,2096.0,2097.5,2095.4,2095.7,115505
2026-06-25 15:15:00,2095.9,2096.6,2092.5,2094.2,144406
2026-06-25 15:20:00,2094.1,2094.6,2091.9,2093.3,135916
2026-06-25 15:25:00,2093.7,2096.1,2088.0,2095.9,273951
2026-06-29 09:15:00,2090.0,2094.7,2078.2,2081.0,160289
2026-06-29 09:20:00,2080.5,2088.0,2075.1,2085.9,84821
2026-06-29 09:25:00,2086.1,2087.0,2082.2,2084.7,44374
2026-06-29 09:30:00,2084.7,2088.0,2080.7,2081.5,41740
2026-06-29 09:35:00,2081.7,2083.9,2078.0,2082.1,38877
2026-06-29 09:40:00,2081.9,2083.9,2079.6,2080.2,23481
2026-06-29 09:45:00,2080.6,2080.6,2076.1,2077.7,35559
2026-06-29 09:50:00,2077.7,2078.7,2072.6,2072.9,49308
2026-06-29 09:55:00,2072.9,2081.8,2071.0,2081.8,41418
2026-06-29 10:00:00,2081.8,2085.9,2079.1,2080.4,27939
2026-06-29 10:05:00,2080.7,2082.5,2078.6,2079.4,24024
2026-06-29 10:10:00,2079.7,2081.2,2077.5,2078.5,23658
2026-06-29 10:15:00,2078.6,2082.0,2077.8,2081.7,19282
2026-06-29 10:20:00,2082.0,2089.0,2080.9,2088.6,37094
2026-06-29 10:25:00,2088.9,2090.0,2085.0,2085.0,27192
2026-06-29 10:30:00,2085.0,2086.3,2082.7,2083.2,23054
2026-06-29 10:35:00,2083.2,2084.0,2077.8,2080.6,32615
2026-06-29 10:40:00,2080.6,2083.4,2079.3,2081.7,21874
2026-06-29 10:45:00,2082.3,2082.5,2076.2,2078.2,29098
2026-06-29 10:50:00,2078.4,2079.0,2076.2,2076.3,14597
2026-06-29 10:55:00,2076.5,2079.9,2076.0,2078.5,19735
2026-06-29 11:00:00,2078.5,2082.0,2078.5,2081.2,22648
2026-06-29 11:05:00,2081.3,2082.0,2079.4,2079.4,21139
2026-06-29 11:10:00,2079.6,2083.1,2079.4,2081.3,16562
2026-06-29 11:15:00,2082.0,2083.3,2080.5,2082.9,12023
2026-06-29 11:20:00,2083.3,2086.4,2082.3,2085.4,34347
2026-06-29 11:25:00,2086.0,2088.0,2085.0,2086.5,21188
2026-06-29 11:30:00,2085.8,2087.9,2081.7,2082.0,27249
2026-06-29 11:35:00,2082.5,2086.0,2082.0,2085.6,14567
2026-06-29 11:40:00,2085.6,2085.9,2083.6,2084.8,10801
2026-06-29 11:45:00,2084.8,2085.6,2082.0,2082.0,8596
2026-06-29 11:50:00,2082.5,2084.2,2081.1,2081.1,11786
2026-06-29 11:55:00,2081.6,2082.3,2079.0,2080.0,21341
2026-06-29 12:00:00,2080.7,2082.5,2080.1,2081.9,8330
2026-06-29 12:05:00,2082.3,2084.3,2081.1,2082.5,11544
2026-06-29 12:10:00,2083.0,2084.1,2080.0,2083.0,11765
2026-06-29 12:15:00,2083.5,2083.7,2079.1,2079.1,12543
2026-06-29 12:20:00,2079.5,2081.2,2079.0,2080.0,11528
2026-06-29 12:25:00,2080.3,2080.6,2077.2,2077.7,21379
2026-06-29 12:30:00,2077.8,2078.5,2075.1,2076.5,17580
2026-06-29 12:35:00,2076.5,2077.7,2075.7,2075.7,10428
2026-06-29 12:40:00,2076.0,2076.2,2072.6,2076.0,41704
2026-06-29 12:45:00,2076.2,2079.4,2076.1,2078.0,14113
2026-06-29 12:50:00,2078.0,2079.2,2076.8,2077.8,9407
2026-06-29 12:55:00,2077.8,2080.7,2077.7,2080.2,18371
2026-06-29 13:00:00,2080.6,2082.8,2079.5,2081.6,29900
2026-06-29 13:05:00,2082.0,2082.7,2079.0,2080.8,19971
2026-06-29 13:10:00,2080.6,2081.1,2077.7,2079.9,14450
2026-06-29 13:15:00,2079.9,2081.0,2077.8,2078.1,14430
2026-06-29 13:20:00,2078.5,2080.9,2078.1,2080.5,13391
2026-06-29 13:25:00,2080.5,2083.5,2080.1,2082.6,15232
2026-06-29 13:30:00,2083.1,2084.5,2081.0,2081.0,15595
2026-06-29 13:35:00,2081.4,2083.0,2080.6,2081.4,14553
2026-06-29 13:40:00,2081.4,2081.4,2078.6,2078.9,16628
2026-06-29 13:45:00,2079.1,2080.1,2078.0,2079.7,15191
2026-06-29 13:50:00,2080.2,2081.6,2078.8,2080.9,20265
2026-06-29 13:55:00,2080.9,2085.0,2080.3,2084.2,24034
2026-06-29 14:00:00,2084.2,2086.4,2083.4,2085.3,35972
2026-06-29 14:05:00,2085.3,2086.4,2082.5,2084.3,50726
2026-06-29 14:10:00,2084.5,2086.9,2083.2,2086.0,31135
2026-06-29 14:15:00,2086.8,2086.9,2083.6,2083.6,62432
2026-06-29 14:20:00,2084.0,2084.6,2083.1,2083.6,19586
2026-06-29 14:25:00,2083.5,2086.9,2083.1,2085.0,33476
2026-06-29 14:30:00,2085.5,2085.8,2083.1,2085.0,24436
2026-06-29 14:35:00,2085.0,2086.7,2084.3,2085.5,24822
2026-06-29 14:40:00,2085.9,2087.0,2084.5,2086.7,31170
2026-06-29 14:45:00,2087.4,2088.0,2086.1,2086.6,20510
2026-06-29 14:50:00,2086.7,2086.7,2084.4,2084.6,18735
2026-06-29 14:55:00,2085.0,2085.2,2083.0,2084.6,24729
2026-06-29 15:00:00,2086.0,2101.6,2086.0,2097.0,253989
2026-06-29 15:05:00,2097.0,2100.0,2094.0,2096.9,190758
2026-06-29 15:10:00,2097.0,2104.6,2096.4,2102.9,360604
2026-06-29 15:15:00,2102.9,2105.0,2096.2,2097.2,331340
2026-06-29 15:20:00,2097.7,2099.5,2090.4,2092.7,277738
2026-06-29 15:25:00,2091.8,2098.5,2090.1,2092.6,131407
2026-06-30 09:15:00,2090.0,2104.3,2085.6,2089.8,158570
2026-06-30 09:20:00,2089.8,2090.7,2075.2,2075.7,92283
2026-06-30 09:25:00,2075.6,2076.6,2063.1,2063.9,188463
2026-06-30 09:30:00,2063.8,2063.8,2040.0,2040.9,279157
2026-06-30 09:35:00,2039.4,2046.0,2037.0,2042.1,138964
2026-06-30 09:40:00,2042.5,2043.6,2037.2,2040.2,120912
2026-06-30 09:45:00,2040.9,2042.7,2038.1,2042.7,72253
2026-06-30 09:50:00,2042.8,2049.5,2042.6,2047.4,82164
2026-06-30 09:55:00,2047.4,2053.5,2046.5,2050.6,65366
2026-06-30 10:00:00,2050.6,2054.8,2048.1,2054.8,47243
2026-06-30 10:05:00,2054.9,2055.0,2050.4,2053.4,49237
2026-06-30 10:10:00,2053.0,2053.1,2050.1,2051.2,23948
2026-06-30 10:15:00,2051.5,2053.4,2049.1,2052.7,77136
2026-06-30 10:20:00,2052.7,2053.7,2050.4,2053.7,25895
2026-06-30 10:25:00,2053.4,2058.4,2053.2,2054.3,54141
2026-06-30 10:30:00,2054.3,2055.2,2050.0,2052.4,28141
2026-06-30 10:35:00,2052.4,2053.4,2051.0,2052.2,29641
2026-06-30 10:40:00,2051.4,2052.0,2049.4,2051.5,24078
2026-06-30 10:45:00,2051.5,2053.0,2050.0,2051.0,16188
2026-06-30 10:50:00,2051.1,2053.3,2050.0,2052.0,15499
2026-06-30 10:55:00,2052.3,2052.7,2049.0,2050.8,26203
2026-06-30 11:00:00,2050.6,2052.2,2049.3,2049.9,36601
2026-06-30 11:05:00,2049.9,2053.8,2049.5,2053.4,61565
2026-06-30 11:10:00,2053.6,2058.9,2053.1,2058.2,71328
2026-06-30 11:15:00,2058.4,2058.4,2052.0,2053.6,42525
2026-06-30 11:20:00,2053.5,2060.0,2053.0,2059.5,46640
2026-06-30 11:25:00,2059.1,2059.7,2053.5,2054.0,43407
2026-06-30 11:30:00,2054.0,2054.0,2044.1,2047.8,96995
2026-06-30 11:35:00,2047.8,2047.8,2045.0,2045.9,63806
2026-06-30 11:40:00,2045.7,2047.6,2045.1,2046.0,72988
2026-06-30 11:45:00,2046.0,2046.5,2043.0,2045.8,80339
2026-06-30 11:50:00,2045.7,2047.9,2044.8,2047.0,40374
2026-06-30 11:55:00,2047.3,2047.9,2045.9,2046.8,49737
2026-06-30 12:00:00,2046.6,2047.0,2045.2,2045.9,40688
2026-06-30 12:05:00,2045.9,2046.3,2040.0,2041.1,94107
2026-06-30 12:10:00,2041.1,2042.0,2038.5,2040.0,85824
2026-06-30 12:15:00,2040.0,2041.4,2039.5,2040.8,49485
2026-06-30 12:20:00,2040.8,2043.6,2039.6,2042.9,65235
2026-06-30 12:25:00,2042.9,2043.2,2040.4,2040.9,46854
2026-06-30 12:30:00,2040.9,2042.0,2039.1,2041.7,58106
2026-06-30 12:35:00,2041.8,2045.4,2040.8,2043.8,72832
2026-06-30 12:40:00,2044.0,2048.0,2043.7,2047.6,51207
2026-06-30 12:45:00,2047.1,2049.4,2046.0,2046.0,66495
2026-06-30 12:50:00,2046.6,2047.2,2043.6,2046.0,30691
2026-06-30 12:55:00,2045.7,2047.6,2045.0,2047.0,38678
2026-06-30 13:00:00,2047.0,2047.9,2045.0,2045.9,35362
2026-06-30 13:05:00,2045.9,2047.8,2044.3,2045.0,31060
2026-06-30 13:10:00,2045.0,2046.5,2044.0,2045.4,36171
2026-06-30 13:15:00,2046.0,2048.0,2045.0,2045.4,35244
2026-06-30 13:20:00,2045.0,2045.8,2043.0,2044.0,38001
2026-06-30 13:25:00,2044.0,2045.6,2043.7,2044.7,32263
2026-06-30 13:30:00,2044.7,2045.8,2039.5,2040.7,104587
2026-06-30 13:35:00,2040.7,2042.3,2038.3,2039.1,81642
2026-06-30 13:40:00,2039.1,2041.9,2039.1,2040.0,52233
2026-06-30 13:45:00,2040.3,2041.8,2039.3,2040.9,41069
2026-06-30 13:50:00,2040.7,2043.0,2040.7,2041.2,41544
2026-06-30 13:55:00,2041.3,2042.0,2039.0,2039.9,56545
2026-06-30 14:00:00,2040.0,2040.7,2032.7,2034.2,164764
2026-06-30 14:05:00,2034.2,2034.6,2031.7,2032.8,86668
2026-06-30 14:10:00,2032.7,2033.4,2030.1,2031.3,71052
2026-06-30 14:15:00,2031.3,2032.6,2026.1,2028.8,137388
2026-06-30 14:20:00,2028.1,2034.0,2028.0,2034.0,110616
2026-06-30 14:25:00,2034.0,2036.7,2033.0,2033.0,95120
2026-06-30 14:30:00,2032.8,2033.4,2030.0,2033.1,97515
2026-06-30 14:35:00,2033.1,2035.1,2032.6,2033.9,79179
2026-06-30 14:40:00,2034.1,2035.9,2033.0,2035.0,75749
2026-06-30 14:45:00,2035.1,2035.7,2031.0,2032.8,79730
2026-06-30 14:50:00,2032.6,2033.3,2031.2,2032.7,72879
2026-06-30 14:55:00,2032.9,2034.0,2029.1,2030.0,112952
2026-06-30 15:00:00,2029.9,2030.1,2018.8,2019.8,364710
2026-06-30 15:05:00,2019.8,2028.8,2019.7,2027.0,279461
2026-06-30 15:10:00,2027.0,2045.8,2026.8,2035.0,638815
2026-06-30 15:15:00,2034.9,2036.9,2033.5,2033.7,262294
2026-06-30 15:20:00,2033.6,2034.6,2029.9,2030.0,308091
2026-06-30 15:25:00,2030.0,2033.9,2026.7,2033.0,176155
2026-07-01 09:15:00,2039.9,2051.6,2032.0,2048.0,190282
2026-07-01 09:20:00,2048.1,2051.0,2045.4,2048.0,72077
2026-07-01 09:25:00,2048.0,2052.0,2047.5,2048.9,38819
2026-07-01 09:30:00,2048.1,2049.5,2043.4,2045.7,35770
2026-07-01 09:35:00,2045.7,2046.4,2038.5,2041.7,50208
2026-07-01 09:40:00,2042.5,2044.4,2040.0,2041.5,32838
2026-07-01 09:45:00,2042.9,2049.7,2041.5,2048.0,26169
2026-07-01 09:50:00,2048.4,2048.9,2043.0,2044.1,26414
2026-07-01 09:55:00,2044.0,2046.0,2042.2,2042.3,45593
2026-07-01 10:00:00,2042.3,2044.4,2041.0,2043.9,20814
2026-07-01 10:05:00,2043.6,2044.7,2042.0,2043.5,23397
2026-07-01 10:10:00,2043.0,2044.5,2042.2,2043.9,13016
2026-07-01 10:15:00,2043.3,2044.8,2041.9,2043.9,17554
2026-07-01 10:20:00,2043.8,2044.3,2033.9,2038.0,105444
2026-07-01 10:25:00,2038.1,2039.0,2034.4,2036.0,46173
2026-07-01 10:30:00,2035.6,2038.0,2035.3,2037.6,21338
2026-07-01 10:35:00,2038.0,2038.0,2035.5,2036.1,18111
2026-07-01 10:40:00,2036.3,2037.3,2035.0,2035.1,22890
2026-07-01 10:45:00,2035.0,2037.9,2034.1,2037.0,27341
2026-07-01 10:50:00,2036.9,2038.0,2036.0,2037.9,18930
2026-07-01 10:55:00,2037.5,2038.4,2037.0,2037.7,14305
2026-07-01 11:00:00,2038.0,2039.0,2037.5,2038.5,15121
2026-07-01 11:05:00,2038.5,2039.4,2035.7,2036.5,15988
2026-07-01 11:10:00,2036.5,2038.8,2036.0,2037.2,11225
2026-07-01 11:15:00,2037.8,2038.0,2035.0,2035.9,17057
2026-07-01 11:20:00,2035.5,2037.9,2034.2,2036.9,25789
2026-07-01 11:25:00,2037.0,2037.7,2035.5,2035.9,10974
2026-07-01 11:30:00,2035.8,2036.8,2034.0,2035.0,13815
2026-07-01 11:35:00,2035.0,2037.5,2033.1,2036.9,18674
2026-07-01 11:40:00,2036.5,2037.2,2035.0,2036.0,11475
2026-07-01 11:45:00,2036.3,2037.9,2035.6,2036.0,16536
2026-07-01 11:50:00,2035.5,2035.5,2033.0,2034.8,19382
2026-07-01 11:55:00,2034.2,2035.9,2033.4,2035.8,19005
2026-07-01 12:00:00,2035.9,2035.9,2033.5,2034.4,13696
2026-07-01 12:05:00,2034.4,2035.6,2032.6,2034.4,25067
2026-07-01 12:10:00,2034.8,2035.1,2027.0,2028.2,64853
2026-07-01 12:15:00,2028.1,2028.2,2025.2,2026.0,49805
2026-07-01 12:20:00,2026.0,2026.7,2023.1,2025.3,55474
2026-07-01 12:25:00,2025.3,2025.3,2021.0,2021.4,34876
2026-07-01 12:30:00,2021.5,2024.7,2021.4,2023.9,23656
2026-07-01 12:35:00,2023.8,2024.3,2022.7,2022.7,25044
2026-07-01 12:40:00,2023.4,2023.4,2019.6,2020.0,57680
2026-07-01 12:45:00,2020.0,2020.2,2017.9,2019.6,32061
2026-07-01 12:50:00,2019.8,2020.3,2016.4,2017.6,37066
2026-07-01 12:55:00,2017.0,2018.3,2013.2,2013.9,39679
2026-07-01 13:00:00,2013.9,2015.0,2013.1,2014.0,28373
2026-07-01 13:05:00,2014.0,2014.9,2012.8,2013.9,33186
2026-07-01 13:10:00,2013.5,2017.4,2013.0,2015.0,35656
2026-07-01 13:15:00,2015.4,2016.2,2014.7,2015.5,14474
2026-07-01 13:20:00,2015.5,2015.5,2008.8,2009.0,81789
2026-07-01 13:25:00,2009.0,2010.0,2008.2,2008.3,30158
2026-07-01 13:30:00,2008.9,2009.8,2007.7,2008.0,24105
2026-07-01 13:35:00,2007.7,2008.3,2005.0,2006.0,99802
2026-07-01 13:40:00,2005.5,2006.0,2001.1,2003.6,94952
2026-07-01 13:45:00,2003.6,2003.8,2001.3,2001.8,67256
2026-07-01 13:50:00,2001.8,2002.7,2000.3,2001.0,87002
2026-07-01 13:55:00,2000.6,2002.1,1999.0,2000.0,162621
2026-07-01 14:00:00,1999.9,2001.0,1996.0,1997.4,112737
2026-07-01 14:05:00,1997.7,1997.8,1995.0,1996.2,81138
2026-07-01 14:10:00,1996.2,1996.2,1993.2,1995.0,56688
2026-07-01 14:15:00,1995.0,1996.5,1994.6,1995.6,66136
2026-07-01 14:20:00,1995.4,1996.0,1991.1,1992.9,104197
2026-07-01 14:25:00,1992.8,1993.7,1989.4,1989.4,140310
2026-07-01 14:30:00,1988.5,1991.5,1987.7,1989.6,120543
2026-07-01 14:35:00,1989.8,1991.6,1983.7,1984.6,174589
2026-07-01 14:40:00,1984.6,1993.5,1983.7,1990.0,166457
2026-07-01 14:45:00,1989.5,1990.5,1986.5,1989.8,138842
2026-07-01 14:50:00,1989.8,1990.0,1985.0,1986.5,120089
2026-07-01 14:55:00,1987.0,1988.2,1985.1,1987.9,111645
2026-07-01 15:00:00,1988.7,1989.9,1984.0,1985.5,140868
2026-07-01 15:05:00,1985.5,1987.1,1983.0,1983.8,114996
2026-07-01 15:10:00,1983.4,1984.9,1983.1,1984.4,113362
2026-07-01 15:15:00,1984.0,1985.1,1981.6,1981.9,122132
2026-07-01 15:20:00,1982.5,1982.7,1978.0,1979.6,254875
2026-07-01 15:25:00,1979.9,1983.0,1976.8,1982.0,187891
2026-07-02 09:15:00,2008.0,2037.0,2002.5,2034.6,762639
2026-07-02 09:20:00,2034.9,2045.0,2034.7,2044.2,335833
2026-07-02 09:25:00,2044.1,2047.7,2030.4,2037.0,258946
2026-07-02 09:30:00,2037.0,2041.1,2034.0,2035.3,164407
2026-07-02 09:35:00,2035.5,2043.8,2035.4,2042.1,102137
2026-07-02 09:40:00,2042.8,2047.6,2041.0,2044.4,133117
2026-07-02 09:45:00,2045.0,2048.1,2041.0,2041.0,99978
2026-07-02 09:50:00,2041.0,2046.8,2038.1,2045.4,91433
2026-07-02 09:55:00,2046.4,2047.5,2044.0,2045.4,71168
2026-07-02 10:00:00,2045.2,2045.6,2039.6,2043.5,60002
2026-07-02 10:05:00,2043.0,2044.4,2039.7,2042.1,48830
2026-07-02 10:10:00,2042.5,2044.0,2040.5,2041.9,34855
2026-07-02 10:15:00,2041.6,2045.6,2041.0,2045.0,53942
2026-07-02 10:20:00,2045.0,2049.0,2044.4,2048.1,104354
2026-07-02 10:25:00,2048.2,2048.9,2045.3,2047.0,59765
2026-07-02 10:30:00,2047.5,2048.0,2043.3,2043.5,39357
2026-07-02 10:35:00,2042.9,2045.5,2042.8,2045.2,52979
2026-07-02 10:40:00,2045.5,2047.0,2044.9,2045.1,28933
2026-07-02 10:45:00,2045.2,2047.7,2044.0,2047.4,28428
2026-07-02 10:50:00,2047.0,2052.0,2046.0,2046.8,121597
2026-07-02 10:55:00,2046.8,2050.2,2046.7,2049.3,48929
2026-07-02 11:00:00,2049.6,2050.2,2044.8,2045.7,35438
2026-07-02 11:05:00,2045.8,2048.2,2044.0,2047.6,45574
2026-07-02 11:10:00,2047.3,2049.0,2046.3,2048.8,34196
2026-07-02 11:15:00,2048.2,2051.5,2047.0,2051.1,58244
2026-07-02 11:20:00,2051.5,2055.0,2050.6,2051.6,91425
2026-07-02 11:25:00,2052.0,2052.5,2050.2,2050.8,35803
2026-07-02 11:30:00,2050.8,2051.5,2049.1,2049.9,38806
2026-07-02 11:35:00,2050.1,2051.5,2049.0,2051.1,23545
2026-07-02 11:40:00,2050.4,2051.0,2048.0,2049.6,24922
2026-07-02 11:45:00,2049.6,2052.8,2049.1,2050.9,45645
2026-07-02 11:50:00,2051.0,2054.0,2050.8,2052.9,41384
2026-07-02 11:55:00,2052.9,2055.0,2052.1,2054.4,55410
2026-07-02 12:00:00,2054.3,2056.9,2053.0,2054.7,71067
2026-07-02 12:05:00,2054.8,2062.5,2054.8,2060.3,123733
2026-07-02 12:10:00,2060.1,2060.8,2056.6,2058.0,70541
2026-07-02 12:15:00,2058.0,2058.5,2055.4,2056.7,68282
2026-07-02 12:20:00,2056.7,2058.0,2055.1,2057.2,26012
2026-07-02 12:25:00,2057.2,2059.8,2057.2,2059.1,37199
2026-07-02 12:30:00,2059.1,2059.5,2057.0,2058.6,22453
2026-07-02 12:35:00,2057.7,2060.6,2057.7,2059.3,29383
2026-07-02 12:40:00,2058.7,2060.3,2057.8,2058.0,43812
2026-07-02 12:45:00,2058.0,2064.0,2057.2,2063.0,78578
2026-07-02 12:50:00,2063.2,2063.5,2061.5,2062.7,41574
2026-07-02 12:55:00,2062.7,2063.8,2059.0,2059.8,42530
2026-07-02 13:00:00,2060.0,2063.5,2059.4,2062.2,42020
2026-07-02 13:05:00,2062.5,2063.6,2062.0,2063.0,18929
2026-07-02 13:10:00,2062.8,2063.0,2060.7,2062.8,28036
2026-07-02 13:15:00,2062.0,2062.8,2060.0,2061.5,38686
2026-07-02 13:20:00,2061.5,2062.0,2057.0,2057.9,51237
2026-07-02 13:25:00,2058.5,2061.3,2057.5,2060.5,33560
2026-07-02 13:30:00,2060.5,2061.6,2060.0,2061.0,24424
2026-07-02 13:35:00,2060.6,2062.0,2060.2,2060.4,35736
2026-07-02 13:40:00,2060.5,2063.5,2060.2,2063.1,41594
2026-07-02 13:45:00,2062.2,2068.8,2062.2,2067.5,117809
2026-07-02 13:50:00,2067.2,2070.7,2067.2,2070.7,163448
2026-07-02 13:55:00,2069.9,2071.0,2065.0,2065.3,108677
2026-07-02 14:00:00,2065.2,2067.8,2064.6,2064.7,39309
2026-07-02 14:05:00,2064.7,2066.1,2061.4,2062.7,60497
2026-07-02 14:10:00,2062.7,2067.0,2062.1,2065.2,65337
2026-07-02 14:15:00,2065.2,2066.0,2062.2,2063.0,36907
2026-07-02 14:20:00,2063.3,2065.9,2063.3,2064.5,37029
2026-07-02 14:25:00,2064.0,2065.0,2061.4,2064.4,56478
2026-07-02 14:30:00,2064.8,2065.7,2061.8,2064.5,58268
2026-07-02 14:35:00,2064.5,2069.3,2063.1,2068.8,78650
2026-07-02 14:40:00,2068.7,2075.0,2068.0,2073.5,116851
2026-07-02 14:45:00,2073.4,2076.9,2072.9,2073.3,94178
2026-07-02 14:50:00,2073.3,2075.0,2071.6,2071.9,48962
2026-07-02 14:55:00,2071.8,2072.3,2068.0,2069.7,70144
2026-07-02 15:00:00,2069.7,2069.7,2064.6,2064.6,115719
2026-07-02 15:05:00,2064.7,2067.0,2064.2,2065.4,102585
2026-07-02 15:10:00,2065.7,2068.2,2064.5,2068.1,79502
2026-07-02 15:15:00,2068.2,2068.9,2067.5,2067.5,98737
2026-07-02 15:20:00,2067.6,2072.0,2067.5,2071.8,126671
2026-07-02 15:25:00,2071.8,2073.0,2068.4,2070.9,123948
2026-07-03 09:15:00,2100.0,2116.6,2092.1,2103.0,371126
2026-07-03 09:20:00,2102.9,2107.9,2098.5,2100.8,163479
2026-07-03 09:25:00,2100.8,2107.8,2099.8,2104.9,145110
2026-07-03 09:30:00,2105.3,2106.6,2101.0,2102.8,155114
2026-07-03 09:35:00,2103.6,2104.8,2097.0,2099.0,129955
2026-07-03 09:40:00,2099.1,2099.5,2085.7,2087.1,132798
2026-07-03 09:45:00,2085.8,2093.0,2085.0,2087.7,103730
2026-07-03 09:50:00,2087.7,2091.2,2085.9,2088.5,71960
2026-07-03 09:55:00,2088.0,2096.4,2087.1,2092.7,53643
2026-07-03 10:00:00,2092.8,2094.7,2089.1,2089.6,47758
2026-07-03 10:05:00,2089.6,2099.5,2088.8,2092.0,65089
2026-07-03 10:10:00,2091.8,2094.0,2089.0,2093.5,33187
2026-07-03 10:15:00,2093.5,2093.8,2091.0,2091.8,20519
2026-07-03 10:20:00,2092.1,2093.0,2086.8,2087.5,58549
2026-07-03 10:25:00,2087.6,2090.0,2087.0,2089.8,14569
2026-07-03 10:30:00,2090.0,2092.2,2088.2,2091.9,16251
2026-07-03 10:35:00,2092.0,2095.9,2091.1,2095.2,20569
2026-07-03 10:40:00,2095.9,2096.4,2091.2,2093.1,22154
2026-07-03 10:45:00,2093.5,2098.0,2092.1,2097.0,28738
2026-07-03 10:50:00,2098.3,2102.5,2097.2,2101.9,80709
2026-07-03 10:55:00,2101.3,2103.2,2098.1,2100.5,40588
2026-07-03 11:00:00,2101.0,2110.7,2097.6,2110.1,103016
2026-07-03 11:05:00,2110.3,2110.5,2106.0,2107.0,41403
2026-07-03 11:10:00,2107.0,2107.8,2105.0,2105.6,18867
2026-07-03 11:15:00,2105.9,2107.0,2103.5,2106.0,27390
2026-07-03 11:20:00,2106.1,2106.8,2104.0,2104.0,17293
2026-07-03 11:25:00,2104.1,2106.6,2103.9,2106.0,19861
2026-07-03 11:30:00,2106.1,2106.5,2103.2,2104.1,26066
2026-07-03 11:35:00,2104.3,2106.1,2103.0,2106.1,19789
2026-07-03 11:40:00,2106.8,2109.5,2106.0,2107.9,30668
2026-07-03 11:45:00,2107.9,2108.2,2105.4,2107.3,26016
2026-07-03 11:50:00,2107.3,2109.9,2106.6,2108.6,30809
2026-07-03 11:55:00,2109.0,2109.0,2101.9,2102.8,29953
2026-07-03 12:00:00,2103.0,2103.0,2101.0,2102.8,21733
2026-07-03 12:05:00,2102.8,2107.1,2101.6,2105.9,40310
2026-07-03 12:10:00,2106.2,2107.7,2106.1,2107.2,42166
2026-07-03 12:15:00,2107.2,2111.5,2106.5,2111.5,41362
2026-07-03 12:20:00,2111.4,2114.9,2111.0,2114.9,51495
2026-07-03 12:25:00,2114.9,2115.0,2108.2,2110.7,39890
2026-07-03 12:30:00,2111.0,2111.0,2108.0,2109.0,18125
2026-07-03 12:35:00,2108.9,2110.0,2105.8,2105.8,33171
2026-07-03 12:40:00,2106.6,2107.0,2104.2,2106.9,23807
2026-07-03 12:45:00,2106.8,2107.5,2104.8,2107.3,22640
2026-07-03 12:50:00,2106.9,2108.0,2103.0,2104.7,38814
2026-07-03 12:55:00,2104.7,2108.0,2103.6,2106.5,54028
2026-07-03 13:00:00,2107.4,2107.6,2104.9,2106.7,29773
2026-07-03 13:05:00,2105.7,2107.5,2104.0,2105.6,32231
2026-07-03 13:10:00,2105.1,2105.7,2099.1,2100.8,99107
2026-07-03 13:15:00,2101.5,2104.0,2100.4,2102.7,48687
2026-07-03 13:20:00,2102.9,2103.2,2099.0,2099.9,28808
2026-07-03 13:25:00,2100.0,2100.9,2096.9,2099.4,30577
2026-07-03 13:30:00,2099.6,2100.5,2098.2,2099.5,23886
2026-07-03 13:35:00,2099.5,2100.8,2096.0,2099.8,41757
2026-07-03 13:40:00,2099.7,2100.6,2098.0,2099.6,24189
2026-07-03 13:45:00,2099.6,2100.0,2096.4,2099.6,34024
2026-07-03 13:50:00,2099.7,2099.9,2097.0,2098.1,24958
2026-07-03 13:55:00,2098.0,2098.6,2093.3,2095.5,40293
2026-07-03 14:00:00,2095.3,2095.5,2093.4,2094.1,25191
2026-07-03 14:05:00,2094.2,2096.5,2094.0,2096.0,31908
2026-07-03 14:10:00,2095.7,2096.1,2094.0,2094.7,22317
2026-07-03 14:15:00,2095.6,2097.0,2093.1,2095.9,28145
2026-07-03 14:20:00,2095.9,2097.5,2095.0,2096.2,24192
2026-07-03 14:25:00,2096.2,2097.1,2091.4,2091.6,76464
2026-07-03 14:30:00,2092.6,2094.8,2090.6,2091.1,32239
2026-07-03 14:35:00,2091.6,2094.5,2090.0,2090.6,46734
2026-07-03 14:40:00,2090.2,2090.6,2087.4,2088.4,44517
2026-07-03 14:45:00,2088.1,2091.2,2087.4,2090.9,35465
2026-07-03 14:50:00,2090.9,2094.6,2090.1,2093.9,25268
2026-07-03 14:55:00,2093.8,2094.5,2092.2,2093.0,25098
2026-07-03 15:00:00,2093.7,2100.6,2093.3,2096.0,74799
2026-07-03 15:05:00,2096.0,2097.8,2094.2,2095.1,47291
2026-07-03 15:10:00,2095.8,2096.8,2092.7,2093.6,68006
2026-07-03 15:15:00,2093.6,2095.0,2092.0,2093.1,78164
2026-07-03 15:20:00,2093.7,2094.1,2090.3,2093.6,115733
2026-07-03 15:25:00,2094.0,2095.0,2087.0,2088.0,114836
2026-07-06 09:15:00,2090.0,2093.0,2073.5,2075.0,98298
2026-07-06 09:20:00,2075.1,2077.3,2070.2,2076.7,49794
2026-07-06 09:25:00,2076.7,2082.7,2075.6,2080.7,66632
2026-07-06 09:30:00,2080.7,2081.5,2075.8,2076.9,26791
2026-07-06 09:35:00,2076.5,2079.0,2073.6,2077.3,25249
2026-07-06 09:40:00,2077.3,2081.8,2076.5,2078.9,20557
2026-07-06 09:45:00,2078.9,2079.9,2072.9,2074.5,31428
2026-07-06 09:50:00,2074.8,2076.4,2066.1,2066.3,50513
2026-07-06 09:55:00,2067.0,2067.4,2061.2,2064.0,55584
2026-07-06 10:00:00,2064.3,2064.3,2058.0,2059.0,53462
2026-07-06 10:05:00,2058.6,2061.9,2057.0,2058.2,48568
2026-07-06 10:10:00,2058.5,2060.9,2056.0,2057.3,39379
2026-07-06 10:15:00,2056.9,2065.4,2056.3,2063.5,38772
2026-07-06 10:20:00,2064.3,2065.0,2063.0,2063.7,19789
2026-07-06 10:25:00,2063.7,2068.0,2062.2,2066.8,62862
2026-07-06 10:30:00,2066.8,2068.2,2064.0,2064.2,33350
2026-07-06 10:35:00,2064.5,2065.3,2061.0,2061.4,25339
2026-07-06 10:40:00,2061.1,2065.0,2060.1,2062.4,26401
2026-07-06 10:45:00,2062.6,2066.4,2062.0,2066.1,15481
2026-07-06 10:50:00,2066.1,2069.7,2064.4,2065.4,52376
2026-07-06 10:55:00,2065.4,2067.4,2064.9,2066.7,19504
2026-07-06 11:00:00,2066.7,2067.0,2063.5,2065.0,18455
2026-07-06 11:05:00,2065.0,2065.7,2060.7,2060.7,16177
2026-07-06 11:10:00,2061.0,2062.9,2057.0,2062.0,44771
2026-07-06 11:15:00,2062.8,2064.1,2060.0,2063.0,11093
2026-07-06 11:20:00,2062.6,2064.0,2061.6,2063.1,17528
2026-07-06 11:25:00,2063.0,2063.0,2059.1,2062.0,16904
2026-07-06 11:30:00,2062.1,2062.1,2060.0,2061.0,7754
2026-07-06 11:35:00,2060.9,2064.5,2060.8,2064.4,11535
2026-07-06 11:40:00,2064.0,2064.9,2062.0,2062.4,19496
2026-07-06 11:45:00,2062.4,2065.0,2062.4,2064.5,10159
2026-07-06 11:50:00,2064.6,2065.4,2062.5,2062.6,20568
2026-07-06 11:55:00,2062.6,2064.0,2060.3,2062.2,15272
2026-07-06 12:00:00,2062.4,2065.0,2062.0,2062.0,11704
2026-07-06 12:05:00,2062.0,2063.1,2057.8,2057.8,30457
2026-07-06 12:10:00,2057.8,2058.2,2053.8,2057.7,53881
2026-07-06 12:15:00,2057.0,2061.0,2057.0,2059.4,24342
2026-07-06 12:20:00,2059.5,2060.2,2059.0,2060.1,12124
2026-07-06 12:25:00,2059.9,2060.7,2058.2,2059.0,11658
2026-07-06 12:30:00,2058.8,2062.4,2058.5,2060.7,16309
2026-07-06 12:35:00,2060.8,2061.9,2060.2,2060.9,9767
2026-07-06 12:40:00,2061.0,2062.4,2060.9,2061.5,7306
2026-07-06 12:45:00,2061.4,2063.0,2060.0,2060.1,11988
2026-07-06 12:50:00,2060.3,2061.8,2060.0,2060.2,10702
2026-07-06 12:55:00,2060.1,2061.7,2059.3,2060.5,10169
2026-07-06 13:00:00,2060.3,2063.6,2059.9,2062.4,12408
2026-07-06 13:05:00,2062.0,2063.0,2060.6,2062.9,11375
2026-07-06 13:10:00,2063.3,2064.3,2060.5,2061.8,15351
2026-07-06 13:15:00,2061.6,2064.1,2060.7,2061.5,11466
2026-07-06 13:20:00,2060.7,2062.6,2060.6,2062.1,5947
2026-07-06 13:25:00,2062.0,2062.5,2058.2,2060.8,24347
2026-07-06 13:30:00,2060.8,2062.1,2059.1,2059.6,7565
2026-07-06 13:35:00,2059.6,2062.2,2059.3,2060.0,15219
2026-07-06 13:40:00,2060.0,2061.8,2059.1,2059.2,15437
2026-07-06 13:45:00,2059.2,2060.0,2058.1,2059.7,18485
2026-07-06 13:50:00,2058.9,2060.0,2055.4,2056.1,55477
2026-07-06 13:55:00,2056.3,2056.4,2053.3,2054.1,37720
2026-07-06 14:00:00,2054.0,2055.1,2051.3,2053.0,44725
2026-07-06 14:05:00,2053.0,2054.8,2052.0,2054.6,27633
2026-07-06 14:10:00,2054.5,2055.9,2053.0,2054.2,23950
2026-07-06 14:15:00,2053.6,2056.1,2053.4,2053.8,28196
2026-07-06 14:20:00,2053.8,2055.5,2053.0,2055.0,25857
2026-07-06 14:25:00,2055.4,2056.5,2054.0,2054.2,25922
2026-07-06 14:30:00,2054.2,2054.5,2052.0,2053.9,23750
2026-07-06 14:35:00,2054.1,2055.3,2052.3,2052.4,20564
2026-07-06 14:40:00,2052.2,2053.6,2051.6,2051.6,30159
2026-07-06 14:45:00,2051.5,2052.0,2050.6,2051.1,26693
2026-07-06 14:50:00,2050.9,2057.6,2050.9,2056.5,59991
2026-07-06 14:55:00,2056.7,2059.4,2055.0,2057.6,49853
2026-07-06 15:00:00,2057.2,2057.6,2054.7,2054.7,87986
2026-07-06 15:05:00,2055.1,2059.3,2054.9,2058.6,119074
2026-07-06 15:10:00,2058.1,2058.8,2056.8,2057.9,92526
2026-07-06 15:15:00,2058.5,2058.7,2056.8,2057.9,119738
2026-07-06 15:20:00,2057.9,2059.0,2057.9,2058.1,123286
2026-07-06 15:25:00,2058.0,2059.5,2057.0,2059.0,107807
2026-07-07 09:15:00,2050.0,2074.5,2049.0,2072.2,193412
2026-07-07 09:20:00,2072.2,2084.8,2071.9,2072.4,142707
2026-07-07 09:25:00,2072.4,2073.9,2065.0,2073.9,79734
2026-07-07 09:30:00,2073.9,2073.9,2068.0,2070.0,39733
2026-07-07 09:35:00,2070.3,2079.5,2069.5,2077.5,66885
2026-07-07 09:40:00,2078.0,2083.7,2075.0,2080.3,72788
2026-07-07 09:45:00,2080.3,2089.7,2078.9,2086.9,117634
2026-07-07 09:50:00,2086.9,2090.0,2085.0,2086.0,54625
2026-07-07 09:55:00,2085.4,2093.9,2080.8,2093.6,125426
2026-07-07 10:00:00,2093.6,2101.2,2093.0,2098.0,162194
2026-07-07 10:05:00,2097.5,2104.9,2093.0,2102.3,108276
2026-07-07 10:10:00,2102.2,2106.9,2101.1,2104.3,108949
2026-07-07 10:15:00,2104.8,2107.1,2102.1,2104.1,66223
2026-07-07 10:20:00,2104.6,2122.7,2104.6,2115.1,381510
2026-07-07 10:25:00,2115.2,2120.0,2111.4,2112.0,108516
2026-07-07 10:30:00,2111.3,2112.3,2105.8,2108.1,67407
2026-07-07 10:35:00,2108.6,2108.9,2100.0,2100.5,58054
2026-07-07 10:40:00,2100.5,2107.2,2097.6,2098.8,81093
2026-07-07 10:45:00,2099.4,2103.2,2096.8,2101.2,58665
2026-07-07 10:50:00,2101.2,2101.2,2098.1,2100.0,24958
2026-07-07 10:55:00,2098.9,2100.5,2097.3,2099.5,25932
2026-07-07 11:00:00,2099.6,2106.9,2099.0,2105.9,51253
2026-07-07 11:05:00,2106.0,2110.0,2105.0,2109.2,45808
2026-07-07 11:10:00,2109.8,2113.9,2108.4,2113.0,41958
2026-07-07 11:15:00,2113.3,2116.0,2106.0,2106.5,75548
2026-07-07 11:20:00,2106.1,2108.9,2104.0,2106.2,37498
2026-07-07 11:25:00,2106.0,2109.5,2105.7,2106.5,23738
2026-07-07 11:30:00,2106.5,2110.0,2104.7,2106.5,56855
2026-07-07 11:35:00,2106.7,2110.3,2104.7,2110.2,24623
2026-07-07 11:40:00,2110.4,2113.5,2108.4,2110.9,50432
2026-07-07 11:45:00,2110.9,2113.5,2106.6,2107.1,55460
2026-07-07 11:50:00,2107.3,2110.4,2107.3,2109.0,28466
2026-07-07 11:55:00,2109.0,2112.0,2108.9,2110.4,26735
2026-07-07 12:00:00,2110.3,2112.1,2110.2,2111.6,29587
2026-07-07 12:05:00,2111.5,2112.0,2109.1,2110.0,28115
2026-07-07 12:10:00,2110.0,2110.8,2102.4,2103.1,41556
2026-07-07 12:15:00,2103.2,2106.6,2101.5,2105.4,111831
2026-07-07 12:20:00,2105.8,2107.0,2103.0,2105.0,41273
2026-07-07 12:25:00,2105.7,2105.7,2100.3,2100.6,21115
2026-07-07 12:30:00,2100.6,2101.9,2096.1,2098.0,52802
2026-07-07 12:35:00,2098.2,2102.3,2096.0,2098.1,117962
2026-07-07 12:40:00,2098.1,2098.8,2096.3,2098.0,31386
2026-07-07 12:45:00,2098.0,2098.1,2095.6,2096.6,31387
2026-07-07 12:50:00,2096.2,2102.4,2095.5,2102.4,89433
2026-07-07 12:55:00,2102.0,2103.9,2097.0,2097.8,57204
2026-07-07 13:00:00,2098.0,2099.9,2097.0,2098.0,21692
2026-07-07 13:05:00,2098.0,2099.7,2097.0,2098.2,14860
2026-07-07 13:10:00,2098.3,2099.0,2096.0,2097.2,31358
2026-07-07 13:15:00,2097.7,2098.0,2094.0,2095.1,25828
2026-07-07 13:20:00,2095.1,2096.0,2093.8,2095.1,19232
2026-07-07 13:25:00,2095.1,2096.0,2093.9,2095.7,19796
2026-07-07 13:30:00,2095.7,2096.0,2093.3,2094.0,17798
2026-07-07 13:35:00,2094.0,2097.8,2094.0,2095.5,70347
2026-07-07 13:40:00,2095.5,2097.7,2095.1,2096.5,37402
2026-07-07 13:45:00,2096.5,2099.5,2096.0,2098.5,23429
2026-07-07 13:50:00,2098.1,2102.0,2097.0,2100.4,31715
2026-07-07 13:55:00,2100.6,2104.8,2100.6,2103.4,37842
2026-07-07 14:00:00,2103.3,2103.8,2100.4,2102.2,30926
2026-07-07 14:05:00,2102.2,2108.8,2102.0,2108.2,53462
2026-07-07 14:10:00,2108.2,2111.0,2106.9,2108.8,53804
2026-07-07 14:15:00,2108.9,2110.8,2107.9,2108.6,55183
2026-07-07 14:20:00,2108.6,2108.6,2105.0,2105.0,52778
2026-07-07 14:25:00,2105.0,2106.4,2102.9,2104.0,40514
2026-07-07 14:30:00,2104.0,2105.5,2102.7,2103.8,28195
2026-07-07 14:35:00,2103.5,2103.8,2099.8,2099.8,51034
2026-07-07 14:40:00,2099.7,2103.5,2098.7,2102.8,32713
2026-07-07 14:45:00,2103.1,2103.5,2100.0,2102.2,27516
2026-07-07 14:50:00,2102.3,2102.6,2100.0,2100.8,23190
2026-07-07 14:55:00,2100.8,2102.6,2099.5,2100.3,43990
2026-07-07 15:00:00,2100.3,2100.6,2095.3,2097.0,85979
2026-07-07 15:05:00,2097.0,2099.0,2094.1,2096.4,125583
2026-07-07 15:10:00,2096.3,2097.8,2095.5,2096.5,74603
2026-07-07 15:15:00,2096.8,2097.6,2095.2,2097.0,99594
2026-07-07 15:20:00,2097.1,2097.2,2094.0,2096.0,103161
2026-07-07 15:25:00,2095.3,2097.0,2094.0,2095.9,104427
2026-07-08 09:15:00,2094.0,2109.7,2086.7,2099.7,238628
2026-07-08 09:20:00,2099.5,2105.0,2099.1,2100.2,88799
2026-07-08 09:25:00,2100.2,2103.0,2095.1,2098.9,61016
2026-07-08 09:30:00,2098.9,2098.9,2091.0,2092.2,55674
2026-07-08 09:35:00,2092.6,2092.7,2081.0,2081.0,125546
2026-07-08 09:40:00,2081.0,2083.9,2081.0,2083.0,38113
2026-07-08 09:45:00,2082.4,2084.1,2081.0,2082.7,30962
2026-07-08 09:50:00,2082.0,2083.0,2078.5,2079.8,44053
2026-07-08 09:55:00,2079.7,2088.0,2079.0,2085.8,118850
2026-07-08 10:00:00,2085.8,2089.9,2085.4,2085.4,32152
2026-07-08 10:05:00,2086.5,2086.6,2080.1,2080.3,27431
2026-07-08 10:10:00,2080.3,2087.2,2080.3,2084.0,19165
2026-07-08 10:15:00,2083.6,2084.1,2076.0,2080.0,39392
2026-07-08 10:20:00,2079.9,2081.1,2074.0,2074.8,37568
2026-07-08 10:25:00,2075.1,2082.0,2074.9,2080.0,36595
2026-07-08 10:30:00,2080.9,2081.8,2079.2,2080.0,18540
2026-07-08 10:35:00,2079.9,2084.6,2078.3,2084.3,37468
2026-07-08 10:40:00,2084.3,2090.0,2083.6,2085.4,52874
2026-07-08 10:45:00,2085.4,2088.0,2085.0,2085.8,28804
2026-07-08 10:50:00,2085.8,2091.5,2083.3,2090.8,33232
2026-07-08 10:55:00,2090.7,2096.8,2090.7,2092.3,63346
2026-07-08 11:00:00,2092.3,2093.5,2090.8,2091.8,13922
2026-07-08 11:05:00,2092.2,2092.2,2085.9,2087.1,48556
2026-07-08 11:10:00,2087.3,2093.0,2084.8,2092.7,48071
2026-07-08 11:15:00,2092.7,2104.0,2092.7,2100.9,80877
2026-07-08 11:20:00,2101.7,2101.7,2096.0,2097.0,61555
2026-07-08 11:25:00,2097.2,2098.1,2095.5,2096.9,25603
2026-07-08 11:30:00,2097.2,2097.5,2096.0,2096.7,18884
2026-07-08 11:35:00,2096.9,2097.1,2092.8,2096.9,38698
2026-07-08 11:40:00,2096.3,2096.3,2089.9,2089.9,85639
2026-07-08 11:45:00,2089.9,2091.1,2087.4,2089.3,22209
2026-07-08 11:50:00,2089.6,2091.8,2087.1,2090.5,24232
2026-07-08 11:55:00,2090.5,2090.6,2088.0,2090.5,14459
2026-07-08 12:00:00,2090.4,2090.7,2087.3,2087.4,13423
2026-07-08 12:05:00,2087.4,2088.3,2085.4,2086.0,22335
2026-07-08 12:10:00,2086.0,2089.0,2084.4,2085.7,16760
2026-07-08 12:15:00,2085.6,2088.1,2085.0,2087.7,16733
2026-07-08 12:20:00,2087.8,2088.0,2084.0,2084.3,14711
2026-07-08 12:25:00,2084.0,2086.0,2084.0,2084.1,16150
2026-07-08 12:30:00,2084.2,2084.3,2082.0,2082.2,18615
2026-07-08 12:35:00,2082.2,2082.3,2080.1,2081.1,26485
2026-07-08 12:40:00,2081.0,2082.8,2080.0,2082.8,17592
2026-07-08 12:45:00,2082.2,2083.7,2080.2,2081.3,40987
2026-07-08 12:50:00,2081.3,2082.9,2080.0,2081.3,19402
2026-07-08 12:55:00,2081.3,2082.3,2080.1,2080.1,14375
2026-07-08 13:00:00,2080.2,2080.5,2077.0,2078.3,40576
2026-07-08 13:05:00,2078.3,2078.4,2077.0,2077.4,17867
2026-07-08 13:10:00,2077.3,2081.0,2077.0,2078.7,43530
2026-07-08 13:15:00,2079.2,2083.0,2079.0,2081.7,20213
2026-07-08 13:20:00,2081.6,2082.0,2078.2,2080.3,18927
2026-07-08 13:25:00,2079.7,2080.8,2078.3,2080.1,18399
2026-07-08 13:30:00,2079.8,2080.7,2079.2,2080.1,12073
2026-07-08 13:35:00,2079.8,2081.3,2079.3,2080.0,14784
2026-07-08 13:40:00,2079.5,2082.0,2078.7,2081.2,15724
2026-07-08 13:45:00,2081.0,2081.7,2074.0,2076.0,68007
2026-07-08 13:50:00,2076.0,2077.1,2072.1,2072.8,32812
2026-07-08 13:55:00,2072.8,2074.1,2070.0,2070.4,42508
2026-07-08 14:00:00,2070.0,2072.5,2068.4,2070.1,35975
2026-07-08 14:05:00,2069.7,2069.8,2063.2,2064.2,47433
2026-07-08 14:10:00,2064.2,2065.8,2060.3,2062.2,45443
2026-07-08 14:15:00,2062.2,2066.3,2060.0,2061.3,52442
2026-07-08 14:20:00,2061.7,2063.6,2060.2,2062.2,38484
2026-07-08 14:25:00,2062.3,2062.3,2057.0,2057.9,35992
2026-07-08 14:30:00,2058.2,2060.3,2055.2,2056.2,43122
2026-07-08 14:35:00,2055.0,2058.0,2055.0,2056.8,59051
2026-07-08 14:40:00,2056.8,2058.4,2055.4,2057.4,32459
2026-07-08 14:45:00,2056.8,2058.9,2053.0,2054.1,43140
2026-07-08 14:50:00,2054.1,2054.3,2050.8,2052.6,46329
2026-07-08 14:55:00,2052.7,2053.6,2050.5,2051.3,41733
2026-07-08 15:00:00,2051.8,2056.8,2051.2,2051.5,101999
2026-07-08 15:05:00,2051.6,2053.2,2048.8,2050.0,99208
2026-07-08 15:10:00,2049.6,2062.3,2049.6,2062.2,166344
2026-07-08 15:15:00,2062.1,2064.0,2059.0,2060.2,144455
2026-07-08 15:20:00,2060.0,2063.2,2057.0,2057.0,158003
2026-07-08 15:25:00,2056.8,2061.6,2055.9,2059.6,134748
2026-07-09 09:15:00,2057.5,2065.0,2017.4,2020.5,268180
2026-07-09 09:20:00,2019.9,2029.5,2016.0,2029.4,120543
2026-07-09 09:25:00,2029.4,2029.4,2024.1,2027.0,64124
2026-07-09 09:30:00,2027.3,2035.5,2026.0,2033.7,89685
2026-07-09 09:35:00,2033.8,2035.9,2029.4,2033.4,63495
2026-07-09 09:40:00,2033.3,2040.0,2033.3,2037.7,77246
2026-07-09 09:45:00,2038.2,2038.4,2031.1,2032.5,65012
2026-07-09 09:50:00,2032.0,2036.0,2031.3,2032.9,36490
2026-07-09 09:55:00,2032.6,2037.0,2032.1,2035.5,34371
2026-07-09 10:00:00,2035.5,2036.9,2033.0,2033.0,31329
2026-07-09 10:05:00,2033.5,2036.0,2031.0,2035.0,47717
2026-07-09 10:10:00,2034.7,2036.7,2030.5,2032.5,35069
2026-07-09 10:15:00,2032.6,2033.4,2030.1,2030.9,28579
2026-07-09 10:20:00,2030.7,2037.0,2029.8,2036.2,37406
2026-07-09 10:25:00,2036.2,2037.4,2034.0,2036.9,38166
2026-07-09 10:30:00,2037.0,2043.6,2037.0,2042.6,57608
2026-07-09 10:35:00,2041.9,2042.9,2035.7,2040.0,50343
2026-07-09 10:40:00,2040.0,2046.0,2038.1,2039.5,60824
2026-07-09 10:45:00,2038.8,2039.9,2032.0,2033.1,41452
2026-07-09 10:50:00,2033.8,2036.0,2031.0,2035.5,23643
2026-07-09 10:55:00,2035.4,2037.2,2033.3,2035.2,20767
2026-07-09 11:00:00,2034.1,2036.0,2031.6,2034.9,53778
2026-07-09 11:05:00,2034.5,2035.9,2031.3,2033.6,23638
2026-07-09 11:10:00,2032.8,2034.8,2031.7,2033.0,14032
2026-07-09 11:15:00,2033.0,2034.0,2032.0,2033.3,16601
2026-07-09 11:20:00,2033.3,2034.8,2032.3,2033.6,18306
2026-07-09 11:25:00,2034.5,2036.5,2033.0,2036.0,32987
2026-07-09 11:30:00,2035.1,2037.8,2035.0,2035.5,23980
2026-07-09 11:35:00,2035.8,2037.0,2033.5,2035.6,35198
2026-07-09 11:40:00,2035.3,2041.9,2034.9,2041.0,49187
2026-07-09 11:45:00,2041.0,2045.0,2039.2,2042.6,48419
2026-07-09 11:50:00,2042.6,2046.0,2042.0,2044.6,35072
2026-07-09 11:55:00,2044.6,2049.0,2044.6,2046.0,54228
2026-07-09 12:00:00,2045.3,2049.0,2044.5,2048.8,33663
2026-07-09 12:05:00,2048.9,2050.0,2043.0,2047.0,46218
2026-07-09 12:10:00,2046.3,2047.5,2043.5,2045.3,23431
2026-07-09 12:15:00,2045.3,2048.9,2043.4,2047.5,34674
2026-07-09 12:20:00,2047.5,2051.7,2044.7,2050.9,36398
2026-07-09 12:25:00,2050.5,2052.7,2047.0,2047.2,63670
2026-07-09 12:30:00,2047.1,2050.0,2045.0,2045.5,24245
2026-07-09 12:35:00,2045.5,2048.3,2044.0,2046.2,25673
2026-07-09 12:40:00,2045.4,2046.3,2042.1,2044.4,30904
2026-07-09 12:45:00,2045.0,2058.9,2044.4,2058.5,81150
2026-07-09 12:50:00,2058.5,2059.1,2053.5,2055.6,59808
2026-07-09 12:55:00,2054.5,2056.3,2051.6,2051.6,29877
2026-07-09 13:00:00,2051.6,2055.2,2050.0,2053.7,30356
2026-07-09 13:05:00,2053.5,2053.8,2050.0,2053.4,22903
2026-07-09 13:10:00,2052.5,2053.7,2049.7,2051.3,25357
2026-07-09 13:15:00,2051.0,2052.8,2047.4,2049.7,38731
2026-07-09 13:20:00,2049.8,2053.3,2046.7,2050.2,75218
2026-07-09 13:25:00,2049.1,2052.9,2048.0,2049.6,34035
2026-07-09 13:30:00,2049.6,2053.0,2048.4,2052.4,23287
2026-07-09 13:35:00,2052.5,2053.5,2050.4,2052.8,28435
2026-07-09 13:40:00,2052.7,2053.0,2050.5,2051.6,18673
2026-07-09 13:45:00,2051.0,2051.6,2048.1,2048.8,35993
2026-07-09 13:50:00,2049.3,2050.5,2048.0,2049.2,23453
2026-07-09 13:55:00,2049.1,2053.0,2049.0,2051.2,34200
2026-07-09 14:00:00,2051.2,2053.3,2049.5,2051.1,20614
2026-07-09 14:05:00,2051.5,2053.3,2050.4,2052.0,28222
2026-07-09 14:10:00,2051.4,2056.8,2050.6,2054.9,106835
2026-07-09 14:15:00,2055.0,2057.9,2051.0,2054.0,91997
2026-07-09 14:20:00,2054.4,2054.8,2050.0,2052.5,23193
2026-07-09 14:25:00,2052.3,2055.0,2052.2,2053.9,33756
2026-07-09 14:30:00,2053.9,2058.8,2051.6,2057.4,47029
2026-07-09 14:35:00,2057.0,2058.0,2054.2,2056.2,36137
2026-07-09 14:40:00,2056.5,2056.7,2052.0,2054.9,36789
2026-07-09 14:45:00,2054.1,2055.3,2053.5,2054.7,19183
2026-07-09 14:50:00,2054.0,2056.0,2054.0,2054.6,29777
2026-07-09 14:55:00,2054.8,2059.9,2054.4,2059.0,52430
2026-07-09 15:00:00,2058.8,2059.3,2046.2,2047.1,110852
2026-07-09 15:05:00,2047.0,2050.1,2042.9,2046.1,141807
2026-07-09 15:10:00,2046.1,2047.8,2043.7,2044.3,108881
2026-07-09 15:15:00,2044.6,2050.4,2044.1,2049.6,90466
2026-07-09 15:20:00,2050.2,2055.0,2049.0,2054.3,94871
2026-07-09 15:25:00,2054.3,2061.3,2053.5,2059.0,95047
2026-07-10 09:15:00,2105.2,2133.3,2104.6,2123.0,1113604
2026-07-10 09:20:00,2123.4,2124.9,2095.8,2098.9,513548
2026-07-10 09:25:00,2097.0,2099.6,2083.4,2087.8,353735
2026-07-10 09:30:00,2088.4,2089.3,2072.0,2079.3,390106
2026-07-10 09:35:00,2079.3,2091.0,2079.0,2089.9,232081
2026-07-10 09:40:00,2090.7,2093.9,2083.0,2083.3,193768
2026-07-10 09:45:00,2083.3,2088.8,2083.0,2084.8,101306
2026-07-10 09:50:00,2084.8,2088.0,2078.7,2080.0,104853
2026-07-10 09:55:00,2079.5,2086.9,2074.2,2085.8,140837
2026-07-10 10:00:00,2085.9,2096.2,2084.0,2092.8,132857
2026-07-10 10:05:00,2092.8,2092.9,2088.0,2090.0,71045
2026-07-10 10:10:00,2090.0,2095.0,2087.4,2091.7,83209
2026-07-10 10:15:00,2091.8,2093.0,2086.2,2088.0,53531
2026-07-10 10:20:00,2088.0,2088.3,2083.3,2085.1,66644
2026-07-10 10:25:00,2085.3,2085.6,2081.0,2084.8,53413
2026-07-10 10:30:00,2084.1,2084.7,2076.2,2079.3,102449
2026-07-10 10:35:00,2079.2,2080.0,2076.0,2079.4,53804
2026-07-10 10:40:00,2079.6,2082.1,2079.0,2080.0,54970
2026-07-10 10:45:00,2080.1,2080.1,2073.3,2076.2,120671
2026-07-10 10:50:00,2076.3,2077.0,2074.3,2075.1,42677
2026-07-10 10:55:00,2075.2,2075.3,2068.6,2072.3,118328
2026-07-10 11:00:00,2072.3,2073.9,2070.6,2072.0,52632
2026-07-10 11:05:00,2071.7,2074.8,2071.7,2073.6,34957
2026-07-10 11:10:00,2073.6,2074.0,2070.0,2070.4,57422
2026-07-10 11:15:00,2070.5,2072.9,2068.8,2071.3,47514
2026-07-10 11:20:00,2071.4,2076.0,2070.6,2074.2,52605
2026-07-10 11:25:00,2074.3,2075.0,2071.4,2071.9,27854
2026-07-10 11:30:00,2072.0,2076.5,2071.4,2076.5,20559
2026-07-10 11:35:00,2076.7,2077.0,2071.5,2072.4,35842
2026-07-10 11:40:00,2072.6,2074.2,2070.1,2074.0,31769
2026-07-10 11:45:00,2074.0,2074.6,2071.1,2072.4,26877
2026-07-10 11:50:00,2072.4,2072.7,2065.3,2067.1,91369
2026-07-10 11:55:00,2067.0,2068.5,2066.0,2066.1,54757
2026-07-10 12:00:00,2066.3,2071.0,2066.0,2069.9,50460
2026-07-10 12:05:00,2069.9,2072.9,2068.6,2071.3,33613
2026-07-10 12:10:00,2071.3,2072.5,2070.2,2072.0,23841
2026-07-10 12:15:00,2072.1,2074.9,2071.4,2073.0,25577
2026-07-10 12:20:00,2073.0,2077.8,2072.7,2076.7,48442
2026-07-10 12:25:00,2076.7,2077.9,2075.0,2077.1,42259
2026-07-10 12:30:00,2077.5,2078.0,2075.0,2076.8,29970
2026-07-10 12:35:00,2076.9,2078.5,2075.6,2076.3,21287
2026-07-10 12:40:00,2076.4,2076.4,2072.9,2074.2,30630
2026-07-10 12:45:00,2074.3,2074.5,2072.0,2072.9,21074
2026-07-10 12:50:00,2072.5,2076.2,2072.0,2074.8,30456
2026-07-10 12:55:00,2074.8,2075.6,2072.1,2073.2,28684
2026-07-10 13:00:00,2074.0,2077.8,2072.2,2077.5,42432
2026-07-10 13:05:00,2077.5,2079.5,2076.4,2076.9,41002
2026-07-10 13:10:00,2077.3,2077.9,2075.7,2076.7,23320
2026-07-10 13:15:00,2076.8,2078.0,2075.0,2075.3,19270
2026-07-10 13:20:00,2075.4,2076.2,2072.2,2072.8,24432
2026-07-10 13:25:00,2072.9,2077.4,2072.7,2076.0,31753
2026-07-10 13:30:00,2075.9,2077.0,2075.8,2076.7,15622
2026-07-10 13:35:00,2076.8,2078.6,2075.7,2078.0,23851
2026-07-10 13:40:00,2078.0,2079.0,2076.5,2076.8,19120
2026-07-10 13:45:00,2076.0,2078.5,2075.9,2076.0,22792
2026-07-10 13:50:00,2076.6,2077.1,2074.4,2075.2,27953
2026-07-10 13:55:00,2075.3,2077.7,2073.3,2074.0,36764
2026-07-10 14:00:00,2074.0,2074.9,2070.1,2074.2,43502
2026-07-10 14:05:00,2074.2,2074.2,2070.8,2072.5,23705
2026-07-10 14:10:00,2072.5,2072.9,2068.3,2068.5,40769
2026-07-10 14:15:00,2068.7,2071.2,2068.5,2071.2,39829
2026-07-10 14:20:00,2071.0,2072.0,2069.7,2071.7,26653
2026-07-10 14:25:00,2071.7,2075.5,2071.7,2074.6,43182
2026-07-10 14:30:00,2074.6,2074.6,2072.7,2073.1,26395
2026-07-10 14:35:00,2073.1,2074.5,2072.7,2073.3,25534
2026-07-10 14:40:00,2073.9,2074.0,2070.4,2071.4,31309
2026-07-10 14:45:00,2071.0,2072.9,2069.0,2069.7,38097
2026-07-10 14:50:00,2069.5,2072.7,2068.0,2070.7,46084
2026-07-10 14:55:00,2070.7,2071.7,2068.2,2070.0,32188
2026-07-10 15:00:00,2069.3,2070.0,2066.3,2066.4,83542
2026-07-10 15:05:00,2066.4,2074.0,2066.0,2073.8,126374
2026-07-10 15:10:00,2073.9,2074.0,2071.1,2072.1,116828
2026-07-10 15:15:00,2072.1,2072.1,2066.6,2068.9,153078
2026-07-10 15:20:00,2068.9,2069.4,2065.0,2065.8,199976
2026-07-10 15:25:00,2065.7,2069.0,2064.6,2068.0,179682
2026-07-13 09:15:00,2075.0,2106.9,2065.1,2102.8,493330
2026-07-13 09:20:00,2102.3,2109.0,2093.3,2095.3,183858
2026-07-13 09:25:00,2096.0,2098.0,2092.7,2097.0,112692
2026-07-13 09:30:00,2097.0,2102.0,2091.2,2095.1,98444
2026-07-13 09:35:00,2095.1,2112.6,2095.1,2112.5,240790
2026-07-13 09:40:00,2112.5,2116.4,2108.7,2113.3,195279
2026-07-13 09:45:00,2114.1,2126.9,2111.5,2125.4,262659
2026-07-13 09:50:00,2125.6,2129.0,2123.3,2124.8,231069
2026-07-13 09:55:00,2125.0,2126.9,2120.0,2120.4,240626
2026-07-13 10:00:00,2120.8,2125.5,2119.0,2122.0,85927
2026-07-13 10:05:00,2122.0,2124.0,2117.4,2121.8,90739
2026-07-13 10:10:00,2121.8,2123.0,2119.9,2121.2,44583
2026-07-13 10:15:00,2121.5,2123.0,2117.0,2119.6,61765
2026-07-13 10:20:00,2119.5,2122.8,2116.0,2117.6,55791
2026-07-13 10:25:00,2117.6,2126.0,2117.1,2125.0,98196
2026-07-13 10:30:00,2125.0,2127.7,2123.5,2125.1,97673
2026-07-13 10:35:00,2125.1,2126.5,2124.0,2125.5,89207
2026-07-13 10:40:00,2125.6,2127.3,2124.7,2127.0,162211
2026-07-13 10:45:00,2126.8,2139.3,2126.0,2136.8,288494
2026-07-13 10:50:00,2136.4,2143.2,2135.1,2136.8,172462
2026-07-13 10:55:00,2136.6,2137.3,2133.4,2135.0,72247
2026-07-13 11:00:00,2135.0,2138.9,2133.5,2138.8,141682
2026-07-13 11:05:00,2138.5,2146.4,2138.0,2146.2,232195
2026-07-13 11:10:00,2145.6,2149.4,2145.0,2147.7,183620
2026-07-13 11:15:00,2147.8,2156.5,2146.2,2155.8,207008
2026-07-13 11:20:00,2155.8,2155.9,2151.0,2151.0,91360
2026-07-13 11:25:00,2151.0,2159.5,2150.1,2158.9,183904
2026-07-13 11:30:00,2158.5,2165.0,2158.0,2161.8,202413
2026-07-13 11:35:00,2161.3,2167.6,2159.2,2160.6,204672
2026-07-13 11:40:00,2159.9,2165.0,2157.5,2160.5,192126
2026-07-13 11:45:00,2160.8,2165.8,2160.5,2165.1,101000
2026-07-13 11:50:00,2165.0,2180.0,2165.0,2176.4,395649
2026-07-13 11:55:00,2177.0,2199.9,2175.6,2188.0,647891
2026-07-13 12:00:00,2187.5,2188.0,2181.8,2183.5,210249
2026-07-13 12:05:00,2183.4,2193.2,2183.0,2192.0,239430
2026-07-13 12:10:00,2192.1,2198.3,2190.9,2193.0,554586
2026-07-13 12:15:00,2193.4,2195.0,2185.2,2185.3,236821
2026-07-13 12:20:00,2186.0,2189.9,2184.0,2189.1,156416
2026-07-13 12:25:00,2189.1,2189.7,2182.0,2184.6,121256
2026-07-13 12:30:00,2184.6,2194.0,2183.7,2193.9,226344
2026-07-13 12:35:00,2193.9,2202.0,2193.6,2195.0,331577
2026-07-13 12:40:00,2194.4,2195.7,2191.4,2193.0,123942
2026-07-13 12:45:00,2193.2,2196.0,2192.0,2195.0,109927
2026-07-13 12:50:00,2195.8,2204.9,2194.9,2202.3,436215
2026-07-13 12:55:00,2202.3,2204.5,2195.1,2197.9,200845
2026-07-13 13:00:00,2197.4,2199.5,2194.1,2198.2,99257
2026-07-13 13:05:00,2198.2,2200.3,2196.3,2197.5,92925
2026-07-13 13:10:00,2197.5,2198.8,2195.2,2195.7,73694
2026-07-13 13:15:00,2195.6,2195.7,2187.6,2191.0,182256
2026-07-13 13:20:00,2190.8,2191.9,2186.0,2186.7,111510
2026-07-13 13:25:00,2186.7,2188.0,2185.0,2185.8,92401
2026-07-13 13:30:00,2185.0,2188.9,2184.3,2186.3,157906
2026-07-13 13:35:00,2186.3,2188.2,2184.1,2187.0,123063
2026-07-13 13:40:00,2186.9,2188.9,2183.0,2184.8,99251
2026-07-13 13:45:00,2184.0,2185.5,2181.1,2182.2,78510
2026-07-13 13:50:00,2182.2,2184.9,2179.1,2180.0,113975
2026-07-13 13:55:00,2179.7,2182.7,2179.7,2180.6,60841
2026-07-13 14:00:00,2181.0,2182.9,2180.1,2182.0,62410
2026-07-13 14:05:00,2182.0,2186.0,2181.1,2184.7,87197
2026-07-13 14:10:00,2184.7,2185.5,2179.1,2181.2,151207
2026-07-13 14:15:00,2181.0,2182.0,2179.5,2181.0,56305
2026-07-13 14:20:00,2180.9,2184.3,2180.6,2182.8,96206
2026-07-13 14:25:00,2182.7,2183.3,2180.6,2181.0,59221
2026-07-13 14:30:00,2181.6,2183.0,2180.1,2181.8,66320
2026-07-13 14:35:00,2181.1,2183.3,2180.1,2182.9,68936
2026-07-13 14:40:00,2183.0,2185.2,2182.3,2184.4,66773
2026-07-13 14:45:00,2184.9,2188.4,2183.0,2184.8,120177
2026-07-13 14:50:00,2184.2,2184.9,2182.1,2183.5,142762
2026-07-13 14:55:00,2183.7,2185.0,2182.1,2184.5,65485
2026-07-13 15:00:00,2183.1,2183.9,2180.2,2181.3,150382
2026-07-13 15:05:00,2181.3,2182.3,2180.1,2180.2,97027
2026-07-13 15:10:00,2180.2,2181.6,2180.1,2181.1,101643
2026-07-13 15:15:00,2181.0,2184.8,2180.5,2180.7,210903
2026-07-13 15:20:00,2180.5,2182.0,2180.3,2181.8,194130
2026-07-13 15:25:00,2181.9,2182.9,2180.9,2182.9,136301
2026-07-14 09:15:00,2182.9,2204.0,2179.0,2202.5,475140
2026-07-14 09:20:00,2202.5,2228.0,2201.1,2213.0,654165
2026-07-14 09:25:00,2212.2,2226.9,2211.2,2226.0,388323
2026-07-14 09:30:00,2225.6,2225.7,2207.0,2208.3,346853
2026-07-14 09:35:00,2207.9,2208.5,2202.8,2205.5,218910
2026-07-14 09:40:00,2205.5,2206.2,2201.0,2201.3,139759
2026-07-14 09:45:00,2201.3,2205.0,2193.7,2204.8,221880
2026-07-14 09:50:00,2204.5,2206.7,2200.0,2200.2,94420
2026-07-14 09:55:00,2200.2,2204.0,2198.0,2199.6,68170
2026-07-14 10:00:00,2199.6,2200.8,2193.1,2193.7,86901
2026-07-14 10:05:00,2193.9,2199.7,2193.2,2198.1,79147
2026-07-14 10:10:00,2198.0,2199.1,2192.4,2192.4,89371
2026-07-14 10:15:00,2192.8,2196.0,2187.3,2190.7,106032
2026-07-14 10:20:00,2190.8,2194.5,2190.6,2193.9,52895
2026-07-14 10:25:00,2193.8,2211.6,2190.0,2210.0,320839
2026-07-14 10:30:00,2210.0,2214.0,2203.4,2205.9,548963
2026-07-14 10:35:00,2205.2,2207.0,2201.4,2205.0,92208
2026-07-14 10:40:00,2205.0,2205.0,2197.0,2198.3,71273
2026-07-14 10:45:00,2198.2,2199.7,2193.9,2198.2,91100
2026-07-14 10:50:00,2198.5,2199.0,2192.8,2197.7,70121
2026-07-14 10:55:00,2197.7,2203.1,2197.2,2200.5,80573
2026-07-14 11:00:00,2200.9,2204.4,2197.8,2198.0,93452
2026-07-14 11:05:00,2198.3,2202.7,2197.7,2202.3,57141
2026-07-14 11:10:00,2202.3,2204.0,2200.7,2202.1,49056
2026-07-14 11:15:00,2202.1,2202.5,2200.0,2201.3,63751
2026-07-14 11:20:00,2201.3,2201.3,2197.5,2199.8,62027
2026-07-14 11:25:00,2199.8,2200.8,2197.0,2198.8,68513
2026-07-14 11:30:00,2198.8,2199.1,2195.3,2197.3,70336
2026-07-14 11:35:00,2197.3,2199.0,2195.1,2198.5,59673
2026-07-14 11:40:00,2198.5,2200.7,2197.7,2199.8,78958
2026-07-14 11:45:00,2199.8,2201.0,2195.9,2196.3,46754
2026-07-14 11:50:00,2196.2,2198.9,2194.0,2194.4,95205
2026-07-14 11:55:00,2194.8,2197.8,2190.0,2196.3,166690
2026-07-14 12:00:00,2196.2,2198.0,2190.5,2190.5,64180
2026-07-14 12:05:00,2190.9,2192.9,2186.0,2186.5,106032
2026-07-14 12:10:00,2186.5,2187.2,2182.2,2182.2,89531
2026-07-14 12:15:00,2182.7,2186.0,2182.0,2183.7,56306
2026-07-14 12:20:00,2183.7,2189.5,2183.1,2187.2,56941
2026-07-14 12:25:00,2187.2,2188.9,2185.3,2187.5,40902
2026-07-14 12:30:00,2187.9,2188.2,2185.4,2185.6,41555
2026-07-14 12:35:00,2186.2,2187.8,2183.5,2186.0,55636
2026-07-14 12:40:00,2186.0,2189.6,2185.1,2186.2,57620
2026-07-14 12:45:00,2186.2,2190.6,2185.0,2190.6,70104
2026-07-14 12:50:00,2190.6,2192.2,2187.2,2189.2,77885
2026-07-14 12:55:00,2189.2,2191.3,2188.6,2189.2,56959
2026-07-14 13:00:00,2189.1,2191.0,2186.5,2188.6,67175
2026-07-14 13:05:00,2189.2,2190.3,2186.0,2188.2,49731
2026-07-14 13:10:00,2188.1,2188.9,2185.7,2186.3,50817
2026-07-14 13:15:00,2186.3,2189.3,2185.1,2188.9,62765
2026-07-14 13:20:00,2188.9,2190.0,2187.6,2189.3,66316
2026-07-14 13:25:00,2189.3,2192.4,2186.0,2192.1,105179
2026-07-14 13:30:00,2192.0,2192.1,2190.0,2190.6,47178
2026-07-14 13:35:00,2190.6,2191.5,2190.0,2190.9,71703
2026-07-14 13:40:00,2191.0,2192.0,2190.0,2192.0,40905
2026-07-14 13:45:00,2192.0,2195.9,2191.9,2195.4,79234
2026-07-14 13:50:00,2195.4,2196.0,2191.2,2192.7,71734
2026-07-14 13:55:00,2192.7,2195.0,2190.7,2194.1,49223
2026-07-14 14:00:00,2194.2,2194.5,2191.0,2191.9,102318
2026-07-14 14:05:00,2192.0,2192.8,2190.0,2192.0,184611
2026-07-14 14:10:00,2192.1,2198.2,2192.1,2197.8,84600
2026-07-14 14:15:00,2198.0,2201.0,2196.0,2198.2,228030
2026-07-14 14:20:00,2198.2,2198.9,2195.2,2197.6,103024
2026-07-14 14:25:00,2197.6,2198.8,2195.6,2196.2,65879
2026-07-14 14:30:00,2196.2,2198.4,2195.5,2197.7,51221
2026-07-14 14:35:00,2198.0,2202.6,2197.0,2202.5,115757
2026-07-14 14:40:00,2202.4,2204.4,2198.2,2198.2,93068
2026-07-14 14:45:00,2198.2,2199.2,2194.5,2198.0,110491
2026-07-14 14:50:00,2197.6,2199.7,2196.5,2197.8,107023
2026-07-14 14:55:00,2197.8,2201.0,2196.3,2196.4,116285
2026-07-14 15:00:00,2197.0,2199.6,2193.0,2196.0,168211
2026-07-14 15:05:00,2195.4,2202.5,2195.3,2200.0,286167
2026-07-14 15:10:00,2200.0,2201.5,2197.9,2200.2,254319
2026-07-14 15:15:00,2200.4,2203.1,2200.0,2203.0,207132
2026-07-14 15:20:00,2203.0,2205.1,2198.4,2200.1,371890
2026-07-14 15:25:00,2200.0,2200.5,2195.0,2197.0,120555
2026-07-15 09:15:00,2174.1,2174.1,2145.4,2151.4,352312
2026-07-15 09:20:00,2151.4,2168.0,2146.0,2166.0,163447
2026-07-15 09:25:00,2166.4,2185.0,2165.0,2180.9,187343
2026-07-15 09:30:00,2181.0,2187.0,2178.0,2179.6,355181
2026-07-15 09:35:00,2180.0,2180.5,2168.8,2169.8,103751
2026-07-15 09:40:00,2169.5,2174.0,2165.7,2172.9,75570
2026-07-15 09:45:00,2173.2,2176.9,2171.0,2172.3,42469
2026-07-15 09:50:00,2172.4,2178.0,2170.8,2172.6,39886
2026-07-15 09:55:00,2172.0,2177.3,2171.6,2175.0,48479
2026-07-15 10:00:00,2174.9,2182.6,2173.2,2179.3,61768
2026-07-15 10:05:00,2179.3,2181.0,2178.2,2178.4,21617
2026-07-15 10:10:00,2179.1,2198.8,2178.2,2197.0,206662
2026-07-15 10:15:00,2197.5,2202.9,2193.0,2196.6,247851
2026-07-15 10:20:00,2196.6,2197.8,2190.0,2195.0,66288
2026-07-15 10:25:00,2194.6,2197.4,2191.2,2193.6,37119
2026-07-15 10:30:00,2193.6,2194.4,2184.0,2185.9,73080
2026-07-15 10:35:00,2185.0,2186.4,2180.1,2186.4,54996
2026-07-15 10:40:00,2186.9,2193.1,2186.9,2189.3,67108
2026-07-15 10:45:00,2189.3,2191.6,2186.3,2190.6,32292
2026-07-15 10:50:00,2191.3,2192.1,2182.6,2183.5,49541
2026-07-15 10:55:00,2183.3,2187.8,2182.5,2184.9,32460
2026-07-15 11:00:00,2184.8,2188.0,2184.1,2186.2,39894
2026-07-15 11:05:00,2186.2,2189.0,2186.1,2187.0,16685
2026-07-15 11:10:00,2187.0,2187.5,2182.4,2183.3,19671
2026-07-15 11:15:00,2183.3,2187.9,2183.3,2187.2,21163
2026-07-15 11:20:00,2187.3,2188.3,2184.2,2186.2,20984
2026-07-15 11:25:00,2186.3,2191.2,2186.3,2188.3,45888
2026-07-15 11:30:00,2188.4,2191.0,2187.5,2189.2,81990
2026-07-15 11:35:00,2189.2,2194.8,2187.9,2193.7,41254
2026-07-15 11:40:00,2193.7,2194.5,2190.8,2191.4,26965
2026-07-15 11:45:00,2191.4,2191.9,2190.1,2190.7,18542
2026-07-15 11:50:00,2191.0,2191.4,2187.4,2188.4,54375
2026-07-15 11:55:00,2188.6,2190.1,2187.7,2190.0,16433
2026-07-15 12:00:00,2189.7,2190.8,2188.6,2190.5,18473
2026-07-15 12:05:00,2190.3,2192.9,2190.3,2191.4,36925
2026-07-15 12:10:00,2191.4,2191.6,2188.8,2191.0,18307
2026-07-15 12:15:00,2191.0,2192.0,2189.2,2191.4,19247
2026-07-15 12:20:00,2191.5,2192.3,2190.3,2192.2,59001
2026-07-15 12:25:00,2192.0,2192.8,2190.2,2191.3,117611
2026-07-15 12:30:00,2191.8,2192.5,2189.9,2191.0,79332
2026-07-15 12:35:00,2191.0,2192.9,2187.5,2191.0,121519
2026-07-15 12:40:00,2191.0,2192.0,2189.5,2191.7,37794
2026-07-15 12:45:00,2192.0,2192.6,2187.5,2187.5,52789
2026-07-15 12:50:00,2187.5,2189.8,2187.5,2188.1,26691
2026-07-15 12:55:00,2188.1,2188.4,2173.6,2180.0,178202
2026-07-15 13:00:00,2179.0,2184.0,2177.8,2182.6,47700
2026-07-15 13:05:00,2183.0,2184.4,2180.6,2183.6,51824
2026-07-15 13:10:00,2183.6,2185.0,2183.0,2185.0,20096
2026-07-15 13:15:00,2185.0,2188.0,2184.2,2187.4,41226
2026-07-15 13:20:00,2187.4,2188.0,2184.8,2187.0,25555
2026-07-15 13:25:00,2187.6,2187.9,2186.2,2187.0,15917
2026-07-15 13:30:00,2187.1,2187.2,2184.6,2186.9,31353
2026-07-15 13:35:00,2186.9,2188.0,2186.0,2187.2,21600
2026-07-15 13:40:00,2187.6,2189.4,2186.5,2188.0,22799
2026-07-15 13:45:00,2188.0,2188.9,2184.0,2184.6,65887
2026-07-15 13:50:00,2185.0,2188.0,2182.3,2187.9,49267
2026-07-15 13:55:00,2187.4,2196.7,2186.5,2195.9,66051
2026-07-15 14:00:00,2195.2,2198.9,2193.0,2193.3,94519
2026-07-15 14:05:00,2193.3,2195.0,2191.4,2192.8,40736
2026-07-15 14:10:00,2192.6,2194.8,2191.1,2193.6,22851
2026-07-15 14:15:00,2193.6,2195.9,2193.4,2195.3,35495
2026-07-15 14:20:00,2195.0,2195.8,2191.6,2192.6,34555
2026-07-15 14:25:00,2192.6,2195.2,2191.8,2193.8,27242
2026-07-15 14:30:00,2193.8,2194.7,2192.2,2193.0,32926
2026-07-15 14:35:00,2193.0,2194.9,2192.5,2194.6,32268
2026-07-15 14:40:00,2194.2,2198.1,2193.0,2197.5,46412
2026-07-15 14:45:00,2197.0,2197.5,2192.0,2192.1,67319
2026-07-15 14:50:00,2192.1,2192.8,2190.1,2192.8,54530
2026-07-15 14:55:00,2192.8,2192.9,2188.2,2188.4,46856
2026-07-15 15:00:00,2188.4,2193.4,2187.0,2190.2,169913
2026-07-15 15:05:00,2190.2,2192.8,2190.0,2192.1,139786
2026-07-15 15:10:00,2192.4,2192.5,2188.1,2188.1,254352
2026-07-15 15:15:00,2188.6,2188.6,2183.6,2184.3,104999
2026-07-15 15:20:00,2184.3,2188.1,2184.3,2187.7,130074
2026-07-15 15:25:00,2187.6,2189.4,2183.9,2187.0,102164
2026-07-16 09:15:00,2206.0,2221.3,2195.0,2215.1,246314
2026-07-16 09:20:00,2215.9,2217.9,2203.9,2208.3,89165
2026-07-16 09:25:00,2208.4,2208.8,2202.0,2203.1,59806
2026-07-16 09:30:00,2203.3,2204.7,2195.0,2195.7,73206
2026-07-16 09:35:00,2195.7,2198.9,2193.9,2197.4,69310
2026-07-16 09:40:00,2197.0,2203.3,2195.9,2200.8,102106
2026-07-16 09:45:00,2201.0,2203.4,2192.5,2194.8,83397
2026-07-16 09:50:00,2195.0,2199.4,2187.8,2199.2,93745
2026-07-16 09:55:00,2199.2,2211.4,2199.2,2206.7,143678
2026-07-16 10:00:00,2206.0,2214.0,2205.7,2211.0,103870
2026-07-16 10:05:00,2211.8,2212.8,2204.0,2204.0,79349
2026-07-16 10:10:00,2204.5,2207.7,2201.0,2207.7,37673
2026-07-16 10:15:00,2207.7,2213.5,2207.1,2209.5,86669
2026-07-16 10:20:00,2209.7,2210.9,2205.1,2210.0,45914
2026-07-16 10:25:00,2210.1,2213.0,2209.9,2210.3,51224
2026-07-16 10:30:00,2210.2,2213.0,2209.0,2210.8,62117
2026-07-16 10:35:00,2210.8,2213.8,2209.5,2213.8,34704
2026-07-16 10:40:00,2213.9,2216.3,2209.8,2210.2,61136
2026-07-16 10:45:00,2209.7,2213.6,2209.7,2213.4,24145
2026-07-16 10:50:00,2213.5,2216.5,2213.0,2213.0,107651
2026-07-16 10:55:00,2213.0,2214.0,2210.1,2212.6,30975
2026-07-16 11:00:00,2213.1,2216.3,2212.5,2215.0,112795
2026-07-16 11:05:00,2214.8,2217.7,2213.9,2216.3,140544
2026-07-16 11:10:00,2216.3,2216.9,2214.2,2215.1,52022
2026-07-16 11:15:00,2215.1,2215.5,2213.4,2214.0,89370
2026-07-16 11:20:00,2214.0,2217.0,2214.0,2214.9,49143
2026-07-16 11:25:00,2215.1,2218.0,2212.0,2217.0,158769
2026-07-16 11:30:00,2216.8,2216.8,2215.0,2215.9,26248
2026-07-16 11:35:00,2215.9,2216.9,2215.0,2215.3,28663
2026-07-16 11:40:00,2215.2,2216.5,2215.0,2216.0,31682
2026-07-16 11:45:00,2216.2,2218.9,2215.0,2218.3,38000
2026-07-16 11:50:00,2218.4,2227.0,2217.0,2226.3,210473
2026-07-16 11:55:00,2226.5,2229.0,2222.9,2228.6,196259
2026-07-16 12:00:00,2228.6,2231.4,2225.0,2227.8,193412
2026-07-16 12:05:00,2227.9,2228.8,2225.0,2225.2,90254
2026-07-16 12:10:00,2225.6,2225.6,2217.3,2220.0,150536
2026-07-16 12:15:00,2220.0,2221.8,2218.0,2221.0,50414
2026-07-16 12:20:00,2221.4,2225.2,2221.0,2223.0,55836
2026-07-16 12:25:00,2223.0,2227.0,2222.7,2225.5,35492
2026-07-16 12:30:00,2225.6,2226.3,2224.7,2225.2,33056
2026-07-16 12:35:00,2225.2,2226.8,2225.0,2225.1,28203
2026-07-16 12:40:00,2225.2,2227.5,2225.0,2225.3,43427
2026-07-16 12:45:00,2225.6,2226.7,2222.1,2222.1,49212
2026-07-16 12:50:00,2222.2,2222.2,2216.3,2217.0,91204
2026-07-16 12:55:00,2217.5,2218.0,2215.0,2216.7,46731
2026-07-16 13:00:00,2216.3,2217.6,2214.6,2216.3,48538
2026-07-16 13:05:00,2216.5,2218.0,2215.5,2215.8,35325
2026-07-16 13:10:00,2215.8,2220.3,2215.5,2216.8,51012
2026-07-16 13:15:00,2217.0,2217.0,2214.0,2215.8,33112
2026-07-16 13:20:00,2215.8,2216.6,2213.6,2214.0,29452
2026-07-16 13:25:00,2214.4,2214.4,2211.8,2213.0,53181
2026-07-16 13:30:00,2213.0,2214.0,2211.8,2212.7,32029
2026-07-16 13:35:00,2213.2,2213.4,2210.3,2210.9,24716
2026-07-16 13:40:00,2211.3,2214.0,2210.0,2211.9,57811
2026-07-16 13:45:00,2212.3,2214.5,2210.1,2211.1,37848
2026-07-16 13:50:00,2211.1,2214.4,2210.5,2211.3,31740
2026-07-16 13:55:00,2211.3,2215.0,2211.3,2214.6,30714
2026-07-16 14:00:00,2214.6,2214.7,2211.4,2213.0,30524
2026-07-16 14:05:00,2213.2,2214.5,2212.8,2213.7,17690
2026-07-16 14:10:00,2214.0,2215.0,2212.6,2213.6,32211
2026-07-16 14:15:00,2213.6,2215.0,2213.2,2214.9,18168
2026-07-16 14:20:00,2215.0,2215.0,2210.6,2213.2,36244
2026-07-16 14:25:00,2213.2,2214.5,2211.3,2213.6,34687
2026-07-16 14:30:00,2213.2,2216.8,2213.0,2215.9,29724
2026-07-16 14:35:00,2215.9,2217.5,2213.0,2215.0,39679
2026-07-16 14:40:00,2214.9,2216.0,2211.2,2213.8,43425
2026-07-16 14:45:00,2213.8,2215.0,2211.2,2211.9,34065
2026-07-16 14:50:00,2211.9,2213.2,2211.0,2211.5,25349
2026-07-16 14:55:00,2211.7,2212.6,2210.4,2211.6,42175
2026-07-16 15:00:00,2211.6,2211.6,2202.3,2202.6,127793
2026-07-16 15:05:00,2202.5,2204.8,2201.2,2201.4,101130
2026-07-16 15:10:00,2201.7,2201.9,2197.4,2198.0,103116
2026-07-16 15:15:00,2198.1,2200.5,2197.2,2200.4,100581
2026-07-16 15:20:00,2200.5,2201.0,2197.1,2199.0,105966
2026-07-16 15:25:00,2199.0,2201.0,2197.1,2199.1,101486
2026-07-17 09:15:00,2224.8,2256.9,2215.1,2247.9,478788
2026-07-17 09:20:00,2248.2,2252.0,2240.8,2248.0,157838
2026-07-17 09:25:00,2248.0,2251.5,2232.0,2233.2,121333
2026-07-17 09:30:00,2232.6,2237.6,2231.0,2232.9,57782
2026-07-17 09:35:00,2233.0,2240.3,2232.0,2235.2,65603
2026-07-17 09:40:00,2235.3,2240.0,2235.0,2237.4,40088
2026-07-17 09:45:00,2238.0,2239.2,2228.1,2231.1,60755
2026-07-17 09:50:00,2230.1,2239.0,2230.1,2238.0,33916
2026-07-17 09:55:00,2238.3,2242.5,2231.0,2233.5,95081
2026-07-17 10:00:00,2233.7,2235.0,2226.1,2227.0,59265
2026-07-17 10:05:00,2227.0,2232.0,2224.0,2231.2,93813
2026-07-17 10:10:00,2231.2,2233.4,2228.1,2229.6,64767
2026-07-17 10:15:00,2230.0,2232.1,2224.1,2229.2,46923
2026-07-17 10:20:00,2229.1,2231.0,2224.6,2226.0,23045
2026-07-17 10:25:00,2226.0,2226.7,2223.0,2224.5,30297
2026-07-17 10:30:00,2224.3,2228.0,2223.5,2227.0,15905
2026-07-17 10:35:00,2227.0,2232.0,2226.3,2230.8,42602
2026-07-17 10:40:00,2230.7,2231.4,2229.3,2230.8,52768
2026-07-17 10:45:00,2230.4,2232.2,2229.5,2230.8,22137
2026-07-17 10:50:00,2231.2,2234.0,2230.0,2233.4,35380
2026-07-17 10:55:00,2233.1,2235.0,2228.0,2234.2,50847
2026-07-17 11:00:00,2234.2,2242.5,2231.3,2241.0,108479
2026-07-17 11:05:00,2241.2,2243.7,2240.0,2243.7,104301
2026-07-17 11:10:00,2243.7,2244.5,2240.0,2240.0,37671
2026-07-17 11:15:00,2240.7,2244.7,2240.0,2244.7,40370
2026-07-17 11:20:00,2244.1,2247.8,2243.9,2246.6,56200
2026-07-17 11:25:00,2245.7,2246.2,2244.0,2244.4,35467
2026-07-17 11:30:00,2245.0,2248.7,2244.4,2247.4,38605
2026-07-17 11:35:00,2247.5,2260.0,2246.8,2252.5,287586
2026-07-17 11:40:00,2252.8,2253.6,2250.2,2251.0,45168
2026-07-17 11:45:00,2251.0,2252.0,2250.0,2251.0,41814
2026-07-17 11:50:00,2250.1,2254.0,2250.1,2253.2,45526
2026-07-17 11:55:00,2253.2,2255.0,2252.0,2254.4,47985
2026-07-17 12:00:00,2254.7,2255.9,2252.0,2254.7,57881
2026-07-17 12:05:00,2254.7,2257.6,2252.9,2256.9,59440
2026-07-17 12:10:00,2256.6,2257.4,2255.1,2255.3,43669
2026-07-17 12:15:00,2255.2,2258.6,2255.0,2257.6,50780
2026-07-17 12:20:00,2258.2,2263.6,2257.5,2263.4,105919
2026-07-17 12:25:00,2263.5,2264.0,2260.3,2261.0,90425
2026-07-17 12:30:00,2260.3,2261.6,2258.8,2260.9,78876
2026-07-17 12:35:00,2260.4,2262.9,2260.4,2261.4,32456
2026-07-17 12:40:00,2260.6,2266.2,2259.4,2266.0,92185
2026-07-17 12:45:00,2265.1,2266.8,2262.0,2262.2,97589
2026-07-17 12:50:00,2263.0,2263.7,2261.2,2262.6,41118
2026-07-17 12:55:00,2262.7,2266.9,2261.6,2266.0,79218
2026-07-17 13:00:00,2266.5,2266.5,2265.0,2266.0,35706
2026-07-17 13:05:00,2266.0,2269.0,2264.4,2265.9,83705
2026-07-17 13:10:00,2266.0,2269.5,2264.6,2269.0,73167
2026-07-17 13:15:00,2268.8,2269.9,2267.1,2269.7,91546
2026-07-17 13:20:00,2269.2,2273.0,2269.1,2272.4,124343
2026-07-17 13:25:00,2272.4,2272.9,2270.1,2271.9,60182
2026-07-17 13:30:00,2272.0,2272.0,2270.5,2271.7,40512
2026-07-17 13:35:00,2271.6,2271.8,2270.0,2271.8,51345
2026-07-17 13:40:00,2271.1,2272.0,2270.0,2271.0,53445
2026-07-17 13:45:00,2271.0,2273.9,2270.0,2272.9,74168
2026-07-17 13:50:00,2273.0,2273.2,2270.0,2271.0,44745
2026-07-17 13:55:00,2270.8,2271.0,2270.0,2270.7,30035
2026-07-17 14:00:00,2270.7,2271.6,2270.0,2270.1,40497
2026-07-17 14:05:00,2270.5,2271.0,2270.0,2270.3,33591
2026-07-17 14:10:00,2270.6,2271.5,2270.0,2270.3,30335
2026-07-17 14:15:00,2270.2,2273.8,2270.0,2270.3,69806
2026-07-17 14:20:00,2270.0,2271.4,2268.1,2270.0,180219
2026-07-17 14:25:00,2269.9,2270.5,2265.5,2267.0,182961
2026-07-17 14:30:00,2267.0,2272.6,2266.1,2272.4,90210
2026-07-17 14:35:00,2272.5,2275.0,2270.0,2271.0,72577
2026-07-17 14:40:00,2271.0,2272.0,2270.0,2271.1,24882
2026-07-17 14:45:00,2271.2,2272.0,2270.0,2270.0,64528
2026-07-17 14:50:00,2270.1,2270.2,2267.0,2269.0,60629
2026-07-17 14:55:00,2268.8,2269.8,2265.8,2266.0,56455
2026-07-17 15:00:00,2266.0,2269.8,2265.9,2269.4,47494
2026-07-17 15:05:00,2269.4,2271.3,2269.0,2271.3,73552
2026-07-17 15:10:00,2271.0,2272.5,2270.0,2271.6,55125
2026-07-17 15:15:00,2271.5,2272.9,2267.2,2267.6,165442
2026-07-17 15:20:00,2267.5,2270.0,2265.0,2266.3,145754
2026-07-17 15:25:00,2266.0,2268.6,2265.0,2265.0,74564
2026-07-20 09:15:00,2280.1,2283.4,2261.4,2270.9,145405
2026-07-20 09:20:00,2270.5,2274.7,2265.0,2267.0,66304
2026-07-20 09:25:00,2268.0,2268.0,2255.5,2260.0,82874
2026-07-20 09:30:00,2260.0,2265.0,2257.0,2257.2,54257
2026-07-20 09:35:00,2258.0,2261.6,2251.0,2251.6,73309
2026-07-20 09:40:00,2252.0,2264.1,2249.0,2263.6,64673
2026-07-20 09:45:00,2263.9,2265.0,2255.6,2257.9,33265
2026-07-20 09:50:00,2258.0,2264.9,2257.0,2261.5,35738
2026-07-20 09:55:00,2261.4,2264.5,2257.4,2259.5,28111
2026-07-20 10:00:00,2259.5,2261.6,2258.4,2259.5,21543
2026-07-20 10:05:00,2259.8,2262.2,2256.1,2257.9,19131
2026-07-20 10:10:00,2257.9,2262.0,2255.8,2256.0,18059
2026-07-20 10:15:00,2256.1,2262.1,2254.0,2261.1,37595
2026-07-20 10:20:00,2261.8,2266.8,2261.0,2264.1,27858
2026-07-20 10:25:00,2264.0,2264.0,2260.0,2260.5,17457
2026-07-20 10:30:00,2260.3,2262.6,2259.9,2261.9,13901
2026-07-20 10:35:00,2261.4,2262.7,2256.9,2260.0,22748
2026-07-20 10:40:00,2260.0,2261.6,2258.0,2258.0,17416
2026-07-20 10:45:00,2258.1,2260.5,2258.0,2258.4,19581
2026-07-20 10:50:00,2258.4,2260.0,2256.9,2258.0,21347
2026-07-20 10:55:00,2258.0,2260.4,2256.3,2260.1,12277
2026-07-20 11:00:00,2260.5,2260.9,2259.0,2259.0,7854
2026-07-20 11:05:00,2259.0,2262.0,2257.0,2260.9,10745
2026-07-20 11:10:00,2260.9,2261.2,2258.0,2259.0,9055
2026-07-20 11:15:00,2259.0,2259.9,2257.0,2259.8,19661
2026-07-20 11:20:00,2259.8,2261.7,2256.1,2258.3,23774
2026-07-20 11:25:00,2258.3,2259.4,2255.0,2256.0,13948
2026-07-20 11:30:00,2256.1,2258.0,2253.0,2253.5,31387
2026-07-20 11:35:00,2253.5,2254.8,2251.1,2253.7,16131
2026-07-20 11:40:00,2253.6,2253.9,2251.9,2253.0,13233
2026-07-20 11:45:00,2253.0,2254.6,2252.4,2253.4,11450
2026-07-20 11:50:00,2253.0,2253.5,2248.2,2249.1,35319
2026-07-20 11:55:00,2248.9,2250.0,2247.6,2250.0,25718
2026-07-20 12:00:00,2250.0,2251.8,2246.1,2250.5,45463
2026-07-20 12:05:00,2250.5,2254.3,2250.4,2254.0,25416
2026-07-20 12:10:00,2254.0,2255.0,2251.0,2252.0,25359
2026-07-20 12:15:00,2251.6,2253.0,2245.1,2252.4,41387
2026-07-20 12:20:00,2252.3,2253.2,2251.7,2253.0,14842
2026-07-20 12:25:00,2252.2,2254.4,2252.0,2252.0,10400
2026-07-20 12:30:00,2252.2,2254.2,2250.0,2251.6,12449
2026-07-20 12:35:00,2251.6,2254.0,2250.8,2253.2,34466
2026-07-20 12:40:00,2253.1,2255.0,2251.0,2255.0,27819
2026-07-20 12:45:00,2255.0,2256.5,2253.7,2255.8,20857
2026-07-20 12:50:00,2255.0,2257.0,2254.2,2255.9,24458
2026-07-20 12:55:00,2255.9,2257.9,2255.3,2257.0,18769
2026-07-20 13:00:00,2257.0,2258.5,2255.8,2258.5,18340
2026-07-20 13:05:00,2258.5,2259.9,2255.0,2255.5,19207
2026-07-20 13:10:00,2256.1,2260.0,2255.5,2259.7,17455
2026-07-20 13:15:00,2259.7,2260.0,2254.2,2255.0,19329
2026-07-20 13:20:00,2255.0,2257.0,2253.1,2256.4,19017
2026-07-20 13:25:00,2256.4,2258.1,2255.5,2257.0,16457
2026-07-20 13:30:00,2256.9,2258.0,2253.7,2255.3,17316
2026-07-20 13:35:00,2255.0,2256.5,2254.0,2256.0,10787
2026-07-20 13:40:00,2256.0,2256.4,2254.1,2255.2,14782
2026-07-20 13:45:00,2255.2,2256.9,2254.2,2255.7,23835
2026-07-20 13:50:00,2255.0,2256.0,2252.2,2254.0,19779
2026-07-20 13:55:00,2253.9,2256.7,2253.0,2254.8,19566
2026-07-20 14:00:00,2253.8,2257.2,2253.1,2254.7,26474
2026-07-20 14:05:00,2254.7,2255.9,2253.2,2253.8,21169
2026-07-20 14:10:00,2254.2,2254.2,2252.2,2254.0,13480
2026-07-20 14:15:00,2253.6,2255.0,2252.6,2254.9,9020
2026-07-20 14:20:00,2254.9,2254.9,2252.8,2253.4,8596
2026-07-20 14:25:00,2253.1,2256.5,2253.1,2256.0,12014
2026-07-20 14:30:00,2256.0,2257.0,2254.8,2255.0,13978
2026-07-20 14:35:00,2255.7,2256.3,2254.3,2255.2,24117
2026-07-20 14:40:00,2255.2,2259.0,2255.2,2256.7,25503
2026-07-20 14:45:00,2256.7,2258.5,2256.6,2257.6,11430
2026-07-20 14:50:00,2257.6,2258.3,2256.4,2257.3,12709
2026-07-20 14:55:00,2257.3,2258.1,2255.6,2256.3,12684
2026-07-20 15:00:00,2256.4,2256.4,2250.5,2251.8,70358
2026-07-20 15:05:00,2251.4,2251.4,2249.1,2250.8,54528
2026-07-20 15:10:00,2250.8,2251.9,2248.6,2249.2,69268
2026-07-20 15:15:00,2249.0,2250.9,2245.2,2250.6,69393
2026-07-20 15:20:00,2250.8,2255.9,2250.0,2255.3,97798
2026-07-20 15:25:00,2255.2,2255.4,2250.0,2251.0,65726
2026-07-21 09:15:00,2255.0,2259.6,2241.3,2250.5,111498
2026-07-21 09:20:00,2250.6,2254.0,2248.7,2252.9,55476
2026-07-21 09:25:00,2253.1,2255.3,2248.5,2253.6,71414
2026-07-21 09:30:00,2253.1,2255.0,2248.1,2252.2,49082
2026-07-21 09:35:00,2253.6,2254.7,2247.5,2247.8,25676
2026-07-21 09:40:00,2248.1,2248.1,2242.1,2244.8,46316
2026-07-21 09:45:00,2245.0,2245.5,2233.6,2236.4,69186
2026-07-21 09:50:00,2236.9,2242.4,2236.4,2240.5,27305
2026-07-21 09:55:00,2240.5,2241.9,2235.0,2235.3,37216
2026-07-21 10:00:00,2235.6,2239.5,2234.0,2239.5,33523
2026-07-21 10:05:00,2239.7,2241.3,2237.1,2238.5,20468
2026-07-21 10:10:00,2239.0,2239.4,2236.6,2238.0,13726
2026-07-21 10:15:00,2238.2,2239.8,2237.1,2239.8,20683
2026-07-21 10:20:00,2239.5,2240.7,2228.0,2230.0,49443
2026-07-21 10:25:00,2229.7,2231.5,2227.0,2229.9,52981
2026-07-21 10:30:00,2230.0,2230.4,2227.4,2228.5,21775
2026-07-21 10:35:00,2228.6,2229.2,2225.8,2227.7,34103
2026-07-21 10:40:00,2227.7,2229.1,2226.2,2228.2,26756
2026-07-21 10:45:00,2228.2,2228.7,2226.0,2226.9,40455
2026-07-21 10:50:00,2226.9,2226.9,2225.0,2226.0,16434
2026-07-21 10:55:00,2226.0,2228.0,2225.1,2225.6,18414
2026-07-21 11:00:00,2225.6,2228.0,2225.3,2227.9,19111
2026-07-21 11:05:00,2227.9,2229.0,2226.9,2227.1,19184
2026-07-21 11:10:00,2227.1,2229.4,2224.1,2225.6,41055
2026-07-21 11:15:00,2225.2,2226.9,2223.9,2226.0,31858
2026-07-21 11:20:00,2226.0,2226.0,2224.0,2225.1,25097
2026-07-21 11:25:00,2225.6,2228.2,2225.1,2226.2,18401
2026-07-21 11:30:00,2226.0,2228.4,2226.0,2228.4,13011
2026-07-21 11:35:00,2227.5,2228.7,2224.0,2224.7,22597
2026-07-21 11:40:00,2224.7,2224.8,2223.0,2223.5,12957
2026-07-21 11:45:00,2223.5,2225.0,2223.0,2223.8,7519
2026-07-21 11:50:00,2224.3,2228.0,2223.4,2227.0,88382
2026-07-21 11:55:00,2226.4,2233.0,2226.3,2228.3,74239
2026-07-21 12:00:00,2228.0,2230.0,2228.0,2229.3,12437
2026-07-21 12:05:00,2229.4,2230.0,2227.1,2228.0,19348
2026-07-21 12:10:00,2228.4,2228.4,2227.2,2227.9,8391
2026-07-21 12:15:00,2227.8,2228.4,2221.0,2222.4,28680
2026-07-21 12:20:00,2222.8,2224.8,2222.0,2222.8,22148
2026-07-21 12:25:00,2222.8,2223.7,2221.1,2222.0,14164
2026-07-21 12:30:00,2222.0,2222.9,2220.5,2222.5,21465
2026-07-21 12:35:00,2222.5,2224.0,2220.5,2221.8,22898
2026-07-21 12:40:00,2221.8,2222.4,2219.0,2219.6,28383
2026-07-21 12:45:00,2219.6,2221.6,2219.0,2221.2,17135
2026-07-21 12:50:00,2221.3,2221.9,2220.0,2221.9,10679
2026-07-21 12:55:00,2221.8,2222.8,2220.5,2221.6,16274
2026-07-21 13:00:00,2221.6,2222.8,2220.2,2221.7,13058
2026-07-21 13:05:00,2221.7,2223.0,2221.7,2222.1,13069
2026-07-21 13:10:00,2222.3,2222.7,2220.0,2220.8,17940
2026-07-21 13:15:00,2220.8,2221.8,2219.2,2220.2,16909
2026-07-21 13:20:00,2220.2,2221.8,2219.1,2221.7,13348
2026-07-21 13:25:00,2221.7,2223.5,2221.0,2222.1,16296
2026-07-21 13:30:00,2222.5,2224.8,2221.9,2224.4,16310
2026-07-21 13:35:00,2224.0,2228.3,2223.9,2226.2,19996
2026-07-21 13:40:00,2226.6,2227.0,2223.3,2226.8,24425
2026-07-21 13:45:00,2226.8,2227.8,2225.6,2227.5,20354
2026-07-21 13:50:00,2226.9,2228.9,2226.2,2227.6,18369
2026-07-21 13:55:00,2227.6,2227.6,2225.5,2226.0,27561
2026-07-21 14:00:00,2226.0,2228.4,2225.7,2227.7,12840
2026-07-21 14:05:00,2227.4,2229.0,2223.5,2224.2,26130
2026-07-21 14:10:00,2224.5,2226.8,2223.7,2226.8,16287
2026-07-21 14:15:00,2226.8,2227.9,2225.2,2225.5,23298
2026-07-21 14:20:00,2225.7,2228.5,2224.4,2228.0,29036
2026-07-21 14:25:00,2228.0,2228.4,2225.7,2226.0,32246
2026-07-21 14:30:00,2226.0,2226.9,2224.3,2226.3,38017
2026-07-21 14:35:00,2226.4,2227.5,2222.2,2222.2,40838
2026-07-21 14:40:00,2222.2,2225.7,2221.5,2225.7,22806
2026-07-21 14:45:00,2224.9,2225.8,2222.6,2224.9,25113
2026-07-21 14:50:00,2224.9,2225.0,2222.0,2224.6,35720
2026-07-21 14:55:00,2224.9,2227.9,2223.8,2227.1,34690
2026-07-21 15:00:00,2227.2,2227.5,2223.0,2223.2,43329
2026-07-21 15:05:00,2223.2,2224.1,2220.0,2220.0,62284
2026-07-21 15:10:00,2220.2,2221.7,2219.0,2221.0,58063
2026-07-21 15:15:00,2221.0,2221.7,2220.0,2221.0,58369
2026-07-21 15:20:00,2221.2,2221.2,2219.0,2221.0,74211
2026-07-21 15:25:00,2221.1,2221.3,2218.5,2219.0,85477
2026-07-22 09:15:00,2216.0,2222.0,2202.0,2210.8,112659
2026-07-22 09:20:00,2211.0,2213.7,2206.2,2210.1,46513
2026-07-22 09:25:00,2210.8,2213.5,2208.1,2212.7,28679
2026-07-22 09:30:00,2212.0,2213.9,2211.0,2211.8,32999
2026-07-22 09:35:00,2212.7,2215.2,2210.8,2211.5,21379
2026-07-22 09:40:00,2212.0,2214.3,2211.0,2212.2,17865
2026-07-22 09:45:00,2213.0,2214.0,2207.7,2207.9,13072
2026-07-22 09:50:00,2207.9,2212.3,2207.6,2209.2,17337
2026-07-22 09:55:00,2209.1,2215.9,2208.1,2213.5,16767
2026-07-22 10:00:00,2213.7,2215.2,2210.0,2213.2,14661
2026-07-22 10:05:00,2213.8,2221.4,2213.1,2217.9,32384
2026-07-22 10:10:00,2217.9,2219.0,2214.5,2214.5,12630
2026-07-22 10:15:00,2214.6,2215.1,2211.3,2212.6,20194
2026-07-22 10:20:00,2212.6,2214.4,2208.5,2208.6,22376
2026-07-22 10:25:00,2209.3,2209.3,2201.1,2206.9,68772
2026-07-22 10:30:00,2207.4,2207.6,2201.0,2201.5,26037
2026-07-22 10:35:00,2201.7,2204.5,2201.3,2203.1,15291
2026-07-22 10:40:00,2204.0,2205.0,2202.5,2203.0,9501
2026-07-22 10:45:00,2203.0,2206.2,2202.0,2204.9,17866
2026-07-22 10:50:00,2205.0,2211.4,2204.4,2211.4,37673
2026-07-22 10:55:00,2211.6,2218.4,2211.2,2217.1,67297
2026-07-22 11:00:00,2217.2,2218.5,2212.2,2213.7,139256
2026-07-22 11:05:00,2213.7,2216.0,2212.0,2215.5,19156
2026-07-22 11:10:00,2216.0,2216.8,2213.2,2213.2,11674
2026-07-22 11:15:00,2213.5,2215.6,2212.0,2215.6,12584
2026-07-22 11:20:00,2215.9,2219.8,2214.2,2219.4,17257
2026-07-22 11:25:00,2219.5,2220.9,2218.9,2220.4,20117
2026-07-22 11:30:00,2220.4,2223.6,2219.0,2222.5,24365
2026-07-22 11:35:00,2222.5,2222.5,2218.7,2221.4,10675
2026-07-22 11:40:00,2221.5,2226.8,2219.8,2225.0,24501
2026-07-22 11:45:00,2225.0,2226.8,2223.7,2225.9,15599
2026-07-22 11:50:00,2225.3,2225.9,2222.2,2223.0,9518
2026-07-22 11:55:00,2223.0,2223.3,2221.0,2222.4,10116
2026-07-22 12:00:00,2222.7,2223.0,2220.0,2221.4,11799
2026-07-22 12:05:00,2221.4,2222.0,2220.0,2220.7,9305
2026-07-22 12:10:00,2220.0,2222.0,2220.0,2220.6,7998
2026-07-22 12:15:00,2221.3,2224.0,2219.3,2219.3,12690
2026-07-22 12:20:00,2218.6,2218.6,2214.3,2215.4,19922
2026-07-22 12:25:00,2215.9,2216.5,2214.0,2215.6,9192
2026-07-22 12:30:00,2215.5,2216.5,2214.0,2214.7,9173
2026-07-22 12:35:00,2215.0,2215.3,2212.0,2213.2,9514
2026-07-22 12:40:00,2213.2,2213.5,2210.1,2210.8,13010
2026-07-22 12:45:00,2211.2,2213.0,2210.4,2210.4,9471
2026-07-22 12:50:00,2211.2,2212.7,2207.7,2208.5,16360
2026-07-22 12:55:00,2208.0,2209.0,2205.4,2206.4,11023
2026-07-22 13:00:00,2206.5,2207.0,2204.0,2205.0,9154
2026-07-22 13:05:00,2204.8,2206.3,2204.4,2205.1,5891
2026-07-22 13:10:00,2205.2,2206.6,2204.0,2205.0,9421
2026-07-22 13:15:00,2204.8,2207.4,2204.7,2206.6,9041
2026-07-22 13:20:00,2206.0,2207.6,2204.2,2204.2,10487
2026-07-22 13:25:00,2204.7,2207.3,2204.3,2206.3,7655
2026-07-22 13:30:00,2205.6,2209.4,2205.6,2208.5,10644
2026-07-22 13:35:00,2208.0,2211.5,2208.0,2209.6,10108
2026-07-22 13:40:00,2209.5,2210.3,2206.5,2209.2,7701
2026-07-22 13:45:00,2209.7,2209.7,2208.0,2208.0,4857
2026-07-22 13:50:00,2208.2,2209.1,2207.1,2207.2,5695
2026-07-22 13:55:00,2207.5,2208.5,2206.0,2206.7,4121
2026-07-22 14:00:00,2206.0,2208.9,2205.6,2207.7,5076
2026-07-22 14:05:00,2208.0,2209.5,2207.1,2208.5,16556
2026-07-22 14:10:00,2208.3,2210.0,2207.5,2208.9,8965
2026-07-22 14:15:00,2209.1,2211.0,2208.0,2208.0,12517
2026-07-22 14:20:00,2208.1,2210.0,2207.0,2208.9,4911
2026-07-22 14:25:00,2208.9,2210.0,2208.0,2208.0,4382
2026-07-22 14:30:00,2208.5,2209.8,2207.0,2208.3,16076
2026-07-22 14:35:00,2209.1,2210.2,2208.0,2208.0,10113
2026-07-22 14:40:00,2208.5,2210.2,2207.2,2208.2,17003
2026-07-22 14:45:00,2208.4,2209.3,2207.3,2207.9,11772
2026-07-22 14:50:00,2207.5,2209.0,2206.3,2208.4,14285
2026-07-22 14:55:00,2208.4,2209.9,2206.5,2209.0,12022
2026-07-22 15:00:00,2209.1,2212.0,2209.1,2209.4,26225
2026-07-22 15:05:00,2209.6,2211.5,2207.6,2207.7,46801
2026-07-22 15:10:00,2207.8,2210.0,2207.0,2209.4,38231
2026-07-22 15:15:00,2209.2,2209.8,2206.0,2206.9,30402
2026-07-22 15:20:00,2206.9,2208.8,2206.2,2208.4,51001
2026-07-22 15:25:00,2208.4,2210.1,2205.8,2207.0,55449
2026-07-23 09:15:00,2204.0,2210.5,2193.8,2200.0,70383
2026-07-23 09:20:00,2200.5,2202.5,2196.3,2202.0,25995
2026-07-23 09:25:00,2201.9,2201.9,2195.0,2195.0,23744
2026-07-23 09:30:00,2194.9,2199.8,2194.0,2199.0,15294
2026-07-23 09:35:00,2198.8,2206.8,2196.7,2206.4,34025
2026-07-23 09:40:00,2206.2,2208.0,2204.3,2206.2,24596
2026-07-23 09:45:00,2206.0,2212.1,2205.7,2212.1,36745
2026-07-23 09:50:00,2212.1,2214.5,2208.4,2208.9,32580
2026-07-23 09:55:00,2208.9,2210.2,2206.6,2209.0,13642
2026-07-23 10:00:00,2209.2,2212.0,2208.0,2210.3,21255
2026-07-23 10:05:00,2210.5,2212.0,2206.6,2209.7,16830
2026-07-23 10:10:00,2210.0,2214.0,2209.1,2211.5,17771
2026-07-23 10:15:00,2211.6,2213.1,2209.5,2210.4,9395
2026-07-23 10:20:00,2210.4,2216.0,2209.5,2214.8,20299
2026-07-23 10:25:00,2214.8,2215.0,2212.0,2213.5,11523
2026-07-23 10:30:00,2213.5,2213.8,2210.0,2211.5,6333
2026-07-23 10:35:00,2211.2,2213.8,2210.8,2212.8,6061
2026-07-23 10:40:00,2212.8,2213.7,2211.0,2212.7,6305
2026-07-23 10:45:00,2212.8,2221.6,2212.8,2218.6,25133
2026-07-23 10:50:00,2219.0,2220.6,2217.0,2219.0,27501
2026-07-23 10:55:00,2218.9,2219.3,2216.6,2218.3,14597
2026-07-23 11:00:00,2218.6,2219.4,2215.0,2215.1,13773
2026-07-23 11:05:00,2215.3,2217.6,2214.2,2215.6,7529
2026-07-23 11:10:00,2216.4,2222.7,2214.1,2220.4,14291
2026-07-23 11:15:00,2220.0,2221.2,2217.7,2218.8,14594
2026-07-23 11:20:00,2219.0,2219.4,2216.2,2216.7,8779
2026-07-23 11:25:00,2216.7,2217.3,2212.6,2212.6,19263
2026-07-23 11:30:00,2212.8,2214.4,2211.4,2211.4,24056
2026-07-23 11:35:00,2211.3,2217.0,2211.2,2215.9,10019
2026-07-23 11:40:00,2216.0,2217.2,2215.5,2216.5,5040
2026-07-23 11:45:00,2216.8,2220.8,2216.6,2220.5,13603
2026-07-23 11:50:00,2220.9,2226.0,2220.3,2225.9,37275
2026-07-23 11:55:00,2225.1,2228.2,2223.7,2226.0,30371
2026-07-23 12:00:00,2225.7,2230.7,2225.3,2230.5,46444
2026-07-23 12:05:00,2230.5,2237.5,2230.0,2237.5,48140
2026-07-23 12:10:00,2237.3,2239.8,2234.9,2235.6,43842
2026-07-23 12:15:00,2235.8,2235.8,2230.0,2230.7,24513
2026-07-23 12:20:00,2230.8,2231.0,2229.0,2230.5,18295
2026-07-23 12:25:00,2230.5,2230.5,2226.9,2227.5,14102
2026-07-23 12:30:00,2227.5,2227.5,2224.0,2226.2,35301
2026-07-23 12:35:00,2226.2,2226.9,2223.0,2223.5,20349
2026-07-23 12:40:00,2223.4,2224.2,2220.1,2222.9,24783
2026-07-23 12:45:00,2222.9,2225.1,2221.2,2223.9,22940
2026-07-23 12:50:00,2223.9,2224.6,2222.1,2223.1,10401
2026-07-23 12:55:00,2223.1,2224.3,2221.2,2222.9,21303
2026-07-23 13:00:00,2223.1,2225.7,2221.2,2223.5,16871
2026-07-23 13:05:00,2223.9,2224.9,2222.3,2224.7,14976
2026-07-23 13:10:00,2224.6,2226.6,2223.2,2225.5,24766
2026-07-23 13:15:00,2225.5,2228.6,2223.5,2227.4,15846
2026-07-23 13:20:00,2227.5,2227.5,2225.5,2226.9,30501
2026-07-23 13:25:00,2227.3,2230.3,2226.0,2230.0,40596
2026-07-23 13:30:00,2231.1,2233.9,2230.1,2230.9,28627
2026-07-23 13:35:00,2230.4,2233.8,2230.4,2233.8,26574
2026-07-23 13:40:00,2233.9,2235.8,2233.0,2233.6,41003
2026-07-23 13:45:00,2234.0,2237.0,2234.0,2237.0,32640
2026-07-23 13:50:00,2237.0,2240.8,2236.9,2238.5,41230
2026-07-23 13:55:00,2238.8,2239.5,2237.9,2238.8,14690
2026-07-23 14:00:00,2239.0,2242.5,2238.1,2242.1,34351
2026-07-23 14:05:00,2242.1,2242.5,2239.5,2240.7,22431
2026-07-23 14:10:00,2240.7,2241.0,2239.8,2240.0,97891
2026-07-23 14:15:00,2240.0,2244.0,2239.1,2241.2,44601
2026-07-23 14:20:00,2241.2,2241.8,2240.0,2240.2,24152
2026-07-23 14:25:00,2240.2,2241.7,2238.6,2241.2,47480
2026-07-23 14:30:00,2241.7,2249.5,2240.9,2249.5,52977
2026-07-23 14:35:00,2249.5,2250.0,2244.2,2244.2,48373
2026-07-23 14:40:00,2244.2,2245.5,2242.0,2244.0,38926
2026-07-23 14:45:00,2244.1,2245.2,2240.2,2240.2,49309
2026-07-23 14:50:00,2240.3,2243.0,2239.9,2242.7,43480
2026-07-23 14:55:00,2243.0,2244.0,2240.7,2240.9,20844
2026-07-23 15:00:00,2240.5,2242.2,2240.0,2241.9,47392
2026-07-23 15:05:00,2242.0,2247.1,2238.0,2245.3,246483
2026-07-23 15:10:00,2245.3,2245.3,2242.2,2243.7,76059
2026-07-23 15:15:00,2243.7,2245.6,2242.0,2243.1,85042
2026-07-23 15:20:00,2243.1,2245.0,2241.6,2244.4,94361
2026-07-23 15:25:00,2244.5,2246.5,2240.5,2243.9,105745
2026-07-24 09:15:00,2205.1,2261.0,2205.1,2260.0,291490
2026-07-24 09:20:00,2259.8,2264.3,2254.8,2257.5,121253
2026-07-24 09:25:00,2257.5,2258.7,2247.0,2249.0,94208
2026-07-24 09:30:00,2248.4,2257.4,2247.0,2254.0,53802
2026-07-24 09:35:00,2254.0,2258.0,2243.0,2244.0,83345
2026-07-24 09:40:00,2243.9,2247.4,2241.0,2243.2,56695
2026-07-24 09:45:00,2243.3,2249.0,2243.0,2248.3,46137
2026-07-24 09:50:00,2248.3,2252.8,2244.2,2251.9,48922
2026-07-24 09:55:00,2252.0,2252.3,2241.8,2242.6,42844
2026-07-24 10:00:00,2242.3,2246.5,2241.6,2245.1,28697
2026-07-24 10:05:00,2245.0,2245.3,2240.0,2241.0,40522
2026-07-24 10:10:00,2241.0,2243.0,2238.0,2240.0,69105
2026-07-24 10:15:00,2240.1,2246.2,2239.0,2243.9,65582
2026-07-24 10:20:00,2243.0,2245.0,2233.0,2235.2,75526
2026-07-24 10:25:00,2235.2,2236.1,2231.3,2231.7,39840
2026-07-24 10:30:00,2231.7,2231.7,2228.0,2231.3,35709
2026-07-24 10:35:00,2231.3,2237.6,2231.1,2235.9,31850
2026-07-24 10:40:00,2235.9,2238.8,2234.1,2238.8,36877
2026-07-24 10:45:00,2238.5,2240.4,2235.2,2240.4,28365
2026-07-24 10:50:00,2240.4,2242.4,2234.9,2235.2,45454
2026-07-24 10:55:00,2235.2,2239.1,2234.8,2237.0,16808
2026-07-24 11:00:00,2237.0,2237.3,2235.0,2235.1,11971
2026-07-24 11:05:00,2235.0,2235.3,2230.1,2231.9,21779
2026-07-24 11:10:00,2231.9,2233.4,2229.5,2229.5,13442
2026-07-24 11:15:00,2229.8,2233.8,2228.0,2232.0,17721
2026-07-24 11:20:00,2231.8,2233.6,2230.7,2230.8,14062
2026-07-24 11:25:00,2230.8,2230.8,2223.7,2227.0,35776
2026-07-24 11:30:00,2227.0,2227.0,2217.2,2219.7,85647
2026-07-24 11:35:00,2221.2,2229.0,2220.1,2228.7,64953
2026-07-24 11:40:00,2228.7,2238.7,2228.1,2238.1,40751
2026-07-24 11:45:00,2238.8,2241.0,2236.8,2238.8,23305
2026-07-24 11:50:00,2239.0,2243.5,2238.3,2240.2,27167
2026-07-24 11:55:00,2240.5,2240.5,2235.7,2237.3,14877
2026-07-24 12:00:00,2237.6,2238.5,2235.1,2238.0,11027
2026-07-24 12:05:00,2238.0,2238.0,2233.6,2236.4,14806
2026-07-24 12:10:00,2236.4,2238.2,2235.1,2237.1,11786
2026-07-24 12:15:00,2237.3,2242.0,2236.0,2242.0,19093
2026-07-24 12:20:00,2241.9,2247.8,2241.0,2247.4,31846
2026-07-24 12:25:00,2247.4,2249.6,2244.6,2248.9,40337
2026-07-24 12:30:00,2248.9,2252.0,2245.0,2246.6,34859
2026-07-24 12:35:00,2246.8,2252.6,2245.7,2251.8,64218
2026-07-24 12:40:00,2251.1,2258.0,2251.0,2257.7,54542
2026-07-24 12:45:00,2258.0,2259.9,2253.2,2254.0,61551
2026-07-24 12:50:00,2254.0,2255.1,2250.1,2250.4,43334
2026-07-24 12:55:00,2251.2,2252.0,2250.0,2250.0,17251
2026-07-24 13:00:00,2250.5,2251.4,2249.0,2249.3,29383
2026-07-24 13:05:00,2249.3,2251.2,2248.6,2250.3,18890
2026-07-24 13:10:00,2250.7,2251.5,2248.4,2249.5,11123
2026-07-24 13:15:00,2248.8,2251.1,2248.2,2250.9,21581
2026-07-24 13:20:00,2251.0,2252.3,2249.3,2251.8,28061
2026-07-24 13:25:00,2251.5,2253.2,2248.4,2249.7,28464
2026-07-24 13:30:00,2249.7,2251.2,2247.1,2248.5,26467
2026-07-24 13:35:00,2247.7,2248.5,2245.3,2246.4,17249
2026-07-24 13:40:00,2246.3,2246.3,2243.0,2245.9,18196
2026-07-24 13:45:00,2245.9,2246.3,2245.0,2245.0,58257
2026-07-24 13:50:00,2245.8,2246.7,2244.0,2246.1,21635
2026-07-24 13:55:00,2246.1,2251.0,2245.1,2249.3,79999
2026-07-24 14:00:00,2249.2,2257.7,2248.0,2256.3,35753
2026-07-24 14:05:00,2257.1,2257.4,2252.8,2253.0,25501
2026-07-24 14:10:00,2253.0,2257.9,2252.3,2257.3,24982
2026-07-24 14:15:00,2257.9,2257.9,2255.0,2256.2,17150
2026-07-24 14:20:00,2256.2,2256.3,2252.0,2256.0,22478
2026-07-24 14:25:00,2255.8,2257.5,2252.8,2253.6,25329
2026-07-24 14:30:00,2253.6,2255.3,2252.1,2252.2,24778
2026-07-24 14:35:00,2252.8,2257.1,2252.1,2256.4,36828
2026-07-24 14:40:00,2256.0,2256.8,2253.0,2253.5,19606
2026-07-24 14:45:00,2254.0,2256.8,2253.2,2256.1,16468
2026-07-24 14:50:00,2256.5,2257.0,2254.3,2255.3,17974
2026-07-24 14:55:00,2255.8,2256.8,2254.1,2255.6,22385
2026-07-24 15:00:00,2255.6,2256.5,2253.0,2255.6,74644
2026-07-24 15:05:00,2255.8,2255.8,2254.0,2254.3,43441
2026-07-24 15:10:00,2254.5,2255.0,2253.0,2255.0,81880
2026-07-24 15:15:00,2255.1,2255.7,2253.0,2255.0,67576
2026-07-24 15:20:00,2255.1,2255.4,2253.1,2255.0,72819
2026-07-24 15:25:00,2254.9,2255.4,2250.1,2250.2,81041
2026-07-27 09:15:00,2286.0,2286.0,2272.4,2275.9,155606
2026-07-27 09:20:00,2276.3,2283.4,2276.3,2281.2,107430
2026-07-27 09:25:00,2281.1,2291.0,2278.7,2289.8,140452
2026-07-27 09:30:00,2289.5,2301.9,2288.1,2301.0,198073
2026-07-27 09:35:00,2301.3,2313.0,2301.2,2301.7,181967
2026-07-27 09:40:00,2302.0,2309.0,2301.6,2307.5,114458
2026-07-27 09:45:00,2307.6,2308.8,2300.0,2306.1,108861
2026-07-27 09:50:00,2306.7,2308.0,2301.4,2304.6,75326
2026-07-27 09:55:00,2304.5,2304.7,2296.6,2302.5,112218
2026-07-27 10:00:00,2302.2,2305.2,2300.5,2302.4,75886
2026-07-27 10:05:00,2302.4,2302.9,2299.5,2300.0,64150
2026-07-27 10:10:00,2300.0,2311.9,2298.7,2310.8,135055
2026-07-27 10:15:00,2310.5,2315.0,2309.4,2311.1,96992
2026-07-27 10:20:00,2311.1,2311.5,2307.8,2308.6,48324
2026-07-27 10:25:00,2309.0,2309.5,2304.0,2304.0,69239
2026-07-27 10:30:00,2304.5,2308.0,2303.1,2306.5,42809
2026-07-27 10:35:00,2307.4,2308.0,2303.5,2304.4,35754
2026-07-27 10:40:00,2304.5,2307.5,2303.9,2305.6,28059
2026-07-27 10:45:00,2305.9,2305.9,2298.4,2299.2,57597
2026-07-27 10:50:00,2299.2,2300.0,2298.4,2299.0,28244
2026-07-27 10:55:00,2299.0,2303.5,2295.6,2303.5,53540
2026-07-27 11:00:00,2303.6,2307.5,2299.0,2299.5,40016
2026-07-27 11:05:00,2299.0,2299.9,2296.0,2297.6,36295
2026-07-27 11:10:00,2298.0,2299.9,2293.8,2294.0,40949
2026-07-27 11:15:00,2294.8,2298.7,2293.2,2296.3,33163
2026-07-27 11:20:00,2296.1,2299.5,2294.4,2298.7,24263
2026-07-27 11:25:00,2298.6,2312.1,2297.3,2310.5,175439
2026-07-27 11:30:00,2310.5,2311.8,2310.0,2310.9,54218
2026-07-27 11:35:00,2310.9,2310.9,2306.9,2306.9,101057
2026-07-27 11:40:00,2307.0,2310.1,2306.0,2310.1,41749
2026-07-27 11:45:00,2309.4,2310.0,2306.0,2306.8,27334
2026-07-27 11:50:00,2306.5,2308.4,2304.4,2307.3,35093
2026-07-27 11:55:00,2307.6,2309.9,2303.4,2305.0,30495
2026-07-27 12:00:00,2305.1,2307.7,2303.8,2305.8,25585
2026-07-27 12:05:00,2305.7,2306.9,2304.4,2306.0,20628
2026-07-27 12:10:00,2305.7,2306.6,2300.0,2302.2,30313
2026-07-27 12:15:00,2302.2,2303.8,2301.4,2302.5,17512
2026-07-27 12:20:00,2302.5,2304.9,2301.0,2304.0,31705
2026-07-27 12:25:00,2303.7,2304.3,2301.4,2303.4,21466
2026-07-27 12:30:00,2303.5,2306.8,2302.5,2304.0,31595
2026-07-27 12:35:00,2303.6,2305.5,2302.6,2304.4,21722
2026-07-27 12:40:00,2304.4,2305.5,2302.0,2305.0,30138
2026-07-27 12:45:00,2305.0,2305.9,2303.5,2304.0,21579
2026-07-27 12:50:00,2304.0,2304.6,2301.4,2302.6,28582
2026-07-27 12:55:00,2303.4,2303.4,2300.1,2300.8,32465
2026-07-27 13:00:00,2301.3,2309.9,2298.1,2303.5,143968
2026-07-27 13:05:00,2304.2,2304.7,2301.1,2301.6,18026
2026-07-27 13:10:00,2301.7,2301.7,2297.0,2297.6,19762
2026-07-27 13:15:00,2297.7,2298.4,2296.1,2296.4,29151
2026-07-27 13:20:00,2296.1,2298.3,2295.8,2296.3,24910
2026-07-27 13:25:00,2296.3,2296.4,2291.7,2293.3,36702
2026-07-27 13:30:00,2293.2,2295.5,2293.0,2293.7,18167
2026-07-27 13:35:00,2293.1,2299.7,2293.1,2298.6,20520
2026-07-27 13:40:00,2299.0,2299.4,2295.4,2296.7,17849
2026-07-27 13:45:00,2297.0,2297.0,2294.3,2295.2,13953
2026-07-27 13:50:00,2294.8,2296.6,2293.7,2296.1,14391
2026-07-27 13:55:00,2295.9,2296.1,2293.1,2293.4,13290
2026-07-27 14:00:00,2293.4,2299.7,2293.1,2298.0,30209
2026-07-27 14:05:00,2297.4,2298.5,2295.4,2296.4,9341
2026-07-27 14:10:00,2296.7,2296.7,2292.8,2295.3,21100
2026-07-27 14:15:00,2294.7,2297.7,2294.7,2296.7,16665
2026-07-27 14:20:00,2296.4,2297.0,2294.5,2296.1,17031
2026-07-27 14:25:00,2296.1,2296.3,2292.2,2295.5,25856
2026-07-27 14:30:00,2294.9,2296.5,2293.1,2293.7,32008
2026-07-27 14:35:00,2293.7,2297.0,2293.4,2295.8,30690
2026-07-27 14:40:00,2296.1,2297.7,2293.2,2295.0,34102
2026-07-27 14:45:00,2295.0,2296.0,2293.3,2294.7,29176
2026-07-27 14:50:00,2295.0,2295.0,2292.1,2293.4,47905
2026-07-27 14:55:00,2293.4,2298.0,2292.6,2296.6,35099
2026-07-27 15:00:00,2296.4,2297.0,2294.0,2295.7,50311
2026-07-27 15:05:00,2295.4,2297.0,2294.1,2296.5,59432
2026-07-27 15:10:00,2296.5,2297.0,2294.6,2296.0,58160
2026-07-27 15:15:00,2295.9,2296.0,2294.2,2295.5,64448
2026-07-27 15:20:00,2295.7,2297.0,2294.5,2294.5,87931
2026-07-27 15:25:00,2295.1,2298.0,2293.6,2296.9,87616
2026-07-28 09:15:00,2325.0,2368.9,2323.0,2365.2,909225
2026-07-28 09:20:00,2365.2,2372.0,2360.0,2365.0,374974
2026-07-28 09:25:00,2364.5,2365.0,2358.7,2362.1,150337
2026-07-28 09:30:00,2362.8,2367.8,2361.0,2362.0,146892
2026-07-28 09:35:00,2362.4,2369.5,2361.3,2366.0,103514
2026-07-28 09:40:00,2366.0,2377.2,2366.0,2376.4,230042
2026-07-28 09:45:00,2377.1,2383.0,2372.6,2382.0,304949
2026-07-28 09:50:00,2383.8,2397.1,2379.0,2396.0,402397
2026-07-28 09:55:00,2396.0,2397.6,2390.0,2390.2,136271
2026-07-28 10:00:00,2390.5,2401.8,2390.2,2393.6,288361
2026-07-28 10:05:00,2393.6,2395.1,2390.7,2393.8,84652
2026-07-28 10:10:00,2393.7,2399.9,2391.5,2398.5,100765
2026-07-28 10:15:00,2398.5,2400.5,2395.8,2396.4,128092
2026-07-28 10:20:00,2396.9,2397.3,2395.0,2396.0,59281
2026-07-28 10:25:00,2395.7,2397.0,2393.5,2395.2,74320
2026-07-28 10:30:00,2395.4,2400.0,2391.0,2391.8,125809
2026-07-28 10:35:00,2391.3,2396.5,2391.3,2396.4,197969
2026-07-28 10:40:00,2396.6,2400.0,2396.0,2399.5,74523
2026-07-28 10:45:00,2399.6,2404.0,2399.6,2402.8,112108
2026-07-28 10:50:00,2402.9,2404.9,2400.0,2401.8,88023
2026-07-28 10:55:00,2401.8,2403.0,2400.0,2402.4,56367
2026-07-28 11:00:00,2402.3,2402.4,2399.6,2400.5,92822
2026-07-28 11:05:00,2400.5,2403.2,2400.1,2402.6,52607
2026-07-28 11:10:00,2402.5,2402.6,2399.6,2401.8,75217
2026-07-28 11:15:00,2401.9,2402.7,2400.6,2401.5,33478
2026-07-28 11:20:00,2401.4,2409.2,2400.8,2407.4,179774
2026-07-28 11:25:00,2407.4,2408.0,2404.0,2405.8,149355
2026-07-28 11:30:00,2405.9,2406.5,2402.7,2403.7,75765
2026-07-28 11:35:00,2403.7,2405.0,2402.9,2404.9,50607
2026-07-28 11:40:00,2404.9,2410.0,2404.9,2408.6,121960
2026-07-28 11:45:00,2408.3,2411.9,2406.4,2410.9,85449
2026-07-28 11:50:00,2410.9,2412.9,2410.0,2411.5,111851
2026-07-28 11:55:00,2411.4,2414.0,2411.0,2412.0,96658
2026-07-28 12:00:00,2412.0,2413.4,2411.0,2411.4,57484
2026-07-28 12:05:00,2411.4,2414.9,2411.0,2411.2,105323
2026-07-28 12:10:00,2411.2,2417.4,2410.7,2415.0,100639
2026-07-28 12:15:00,2414.9,2415.5,2412.6,2413.0,34217
2026-07-28 12:20:00,2413.0,2413.5,2406.2,2406.7,107440
2026-07-28 12:25:00,2407.0,2409.6,2406.2,2407.7,45177
2026-07-28 12:30:00,2407.7,2408.2,2404.3,2405.0,89298
2026-07-28 12:35:00,2405.6,2406.0,2403.1,2405.9,83657
2026-07-28 12:40:00,2406.0,2406.9,2405.0,2405.4,26022
2026-07-28 12:45:00,2405.8,2405.9,2403.2,2403.9,40583
2026-07-28 12:50:00,2404.0,2407.5,2403.0,2406.2,42952
2026-07-28 12:55:00,2406.1,2407.0,2403.6,2404.0,27999
2026-07-28 13:00:00,2404.5,2404.8,2398.3,2399.4,159951
2026-07-28 13:05:00,2400.0,2400.0,2398.5,2399.0,31705
2026-07-28 13:10:00,2399.0,2400.5,2395.6,2396.0,131392
2026-07-28 13:15:00,2396.1,2399.0,2394.0,2396.3,84339
2026-07-28 13:20:00,2396.7,2400.6,2396.1,2400.0,59008
2026-07-28 13:25:00,2400.0,2401.3,2399.2,2399.5,40315
2026-07-28 13:30:00,2399.4,2400.0,2397.1,2399.7,39910
2026-07-28 13:35:00,2399.7,2400.0,2398.1,2400.0,23059
2026-07-28 13:40:00,2400.0,2400.9,2399.2,2400.2,35998
2026-07-28 13:45:00,2400.1,2400.2,2398.0,2399.3,55809
2026-07-28 13:50:00,2399.3,2404.4,2399.1,2402.8,74502
2026-07-28 13:55:00,2402.5,2405.0,2400.7,2404.2,62234
2026-07-28 14:00:00,2404.2,2404.2,2401.0,2401.9,24242
2026-07-28 14:05:00,2401.9,2403.2,2400.5,2402.5,36328
2026-07-28 14:10:00,2403.1,2403.9,2401.8,2403.2,29318
2026-07-28 14:15:00,2403.4,2404.9,2401.5,2402.9,33548
2026-07-28 14:20:00,2402.9,2403.0,2400.0,2400.7,35251
2026-07-28 14:25:00,2400.8,2402.9,2400.6,2401.5,34819
2026-07-28 14:30:00,2401.1,2402.5,2400.5,2402.3,30613
2026-07-28 14:35:00,2402.0,2402.9,2401.0,2401.5,30554
2026-07-28 14:40:00,2401.5,2402.9,2401.0,2402.8,63380
2026-07-28 14:45:00,2402.0,2403.1,2401.2,2403.1,57553
2026-07-28 14:50:00,2403.1,2405.0,2402.4,2404.7,48241
2026-07-28 14:55:00,2404.8,2405.5,2403.0,2403.8,52668
2026-07-28 15:00:00,2404.0,2404.0,2400.8,2401.6,95586
2026-07-28 15:05:00,2401.6,2402.3,2400.0,2400.3,132189
2026-07-28 15:10:00,2400.0,2400.6,2396.9,2398.0,213116
2026-07-28 15:15:00,2397.9,2398.0,2392.7,2393.9,184045
2026-07-28 15:20:00,2393.3,2398.4,2393.0,2396.1,134369
2026-07-28 15:25:00,2396.1,2399.5,2395.7,2398.0,148222
2026-07-29 09:15:00,2440.0,2457.0,2436.0,2437.3,561096
2026-07-29 09:20:00,2437.0,2439.3,2415.1,2422.1,372169
2026-07-29 09:25:00,2422.1,2436.3,2422.0,2429.4,164233
2026-07-29 09:30:00,2429.4,2475.5,2429.4,2450.0,836805
2026-07-29 09:35:00,2450.4,2469.9,2448.0,2466.7,571697
2026-07-29 09:40:00,2467.0,2472.4,2463.4,2464.4,188283
2026-07-29 09:45:00,2464.7,2466.0,2460.0,2463.4,138415
2026-07-29 09:50:00,2464.5,2466.0,2453.8,2457.0,109702
2026-07-29 09:55:00,2456.9,2462.8,2454.0,2458.3,100516
2026-07-29 10:00:00,2458.3,2461.9,2456.0,2456.6,126610
2026-07-29 10:05:00,2457.3,2457.3,2447.3,2451.9,161415
2026-07-29 10:10:00,2452.2,2454.7,2450.0,2451.9,60622
2026-07-29 10:15:00,2451.4,2455.0,2450.0,2451.8,49219
2026-07-29 10:20:00,2451.8,2458.9,2451.8,2456.6,75265
2026-07-29 10:25:00,2456.6,2457.0,2450.1,2451.0,64898
2026-07-29 10:30:00,2451.8,2452.7,2449.6,2451.1,54572
2026-07-29 10:35:00,2451.1,2452.8,2449.7,2451.7,44524
2026-07-29 10:40:00,2451.7,2452.0,2446.0,2447.4,76045
2026-07-29 10:45:00,2447.4,2451.0,2446.6,2450.4,46549
2026-07-29 10:50:00,2450.3,2452.0,2447.6,2452.0,58757
2026-07-29 10:55:00,2451.5,2458.9,2451.5,2454.3,95638
2026-07-29 11:00:00,2455.0,2458.0,2449.0,2452.3,101906
2026-07-29 11:05:00,2453.2,2456.6,2451.7,2455.0,62276
2026-07-29 11:10:00,2454.9,2456.9,2452.1,2455.6,46957
2026-07-29 11:15:00,2455.7,2457.0,2454.0,2456.6,39361
2026-07-29 11:20:00,2457.0,2458.3,2454.4,2457.4,78637
2026-07-29 11:25:00,2457.2,2460.0,2455.3,2456.3,50949
2026-07-29 11:30:00,2456.5,2457.0,2449.0,2449.0,63320
2026-07-29 11:35:00,2449.5,2453.7,2448.0,2449.5,52607
2026-07-29 11:40:00,2450.0,2452.5,2449.5,2451.0,38679
2026-07-29 11:45:00,2451.0,2453.4,2447.2,2453.2,79259
2026-07-29 11:50:00,2453.2,2455.6,2450.7,2452.2,84297
2026-07-29 11:55:00,2452.7,2453.1,2449.2,2451.7,45711
2026-07-29 12:00:00,2451.0,2452.0,2449.1,2450.0,38307
2026-07-29 12:05:00,2450.7,2451.0,2447.3,2450.2,49995
2026-07-29 12:10:00,2450.9,2450.9,2446.8,2447.1,43027
2026-07-29 12:15:00,2447.2,2447.5,2445.3,2446.2,45024
2026-07-29 12:20:00,2446.8,2449.0,2445.6,2448.8,49463
2026-07-29 12:25:00,2448.5,2450.0,2446.8,2447.2,48804
2026-07-29 12:30:00,2447.1,2448.8,2442.3,2443.4,57006
2026-07-29 12:35:00,2443.4,2445.5,2442.5,2444.1,42394
2026-07-29 12:40:00,2444.1,2445.0,2442.8,2443.9,38664
2026-07-29 12:45:00,2443.9,2445.0,2441.4,2442.0,40404
2026-07-29 12:50:00,2442.6,2444.6,2440.8,2441.8,43539
2026-07-29 12:55:00,2442.5,2444.5,2441.1,2443.8,44252
2026-07-29 13:00:00,2443.8,2445.2,2442.5,2443.9,40669
2026-07-29 13:05:00,2444.9,2446.1,2442.0,2442.5,36762
2026-07-29 13:10:00,2443.1,2445.3,2442.0,2442.8,41166
2026-07-29 13:15:00,2443.5,2448.4,2443.0,2447.0,56802
2026-07-29 13:20:00,2447.9,2449.9,2445.0,2448.8,49382
2026-07-29 13:25:00,2448.8,2448.8,2445.6,2446.4,43103
2026-07-29 13:30:00,2445.7,2447.5,2441.5,2443.4,57459
2026-07-29 13:35:00,2443.4,2448.8,2442.9,2447.7,37519
2026-07-29 13:40:00,2447.7,2456.2,2445.7,2455.0,187468
2026-07-29 13:45:00,2455.4,2455.4,2447.4,2447.9,48609
2026-07-29 13:50:00,2447.4,2450.0,2446.0,2449.7,47932
2026-07-29 13:55:00,2449.7,2450.0,2447.6,2448.8,35222
2026-07-29 14:00:00,2449.2,2450.3,2446.8,2450.3,57093
2026-07-29 14:05:00,2450.9,2451.5,2448.3,2449.6,36722
2026-07-29 14:10:00,2449.5,2450.0,2447.3,2449.7,43241
2026-07-29 14:15:00,2449.9,2452.7,2449.4,2450.5,51919
2026-07-29 14:20:00,2450.5,2452.9,2450.4,2451.9,38863
2026-07-29 14:25:00,2451.9,2452.7,2449.5,2451.7,39659
2026-07-29 14:30:00,2451.4,2454.4,2450.2,2453.2,65412
2026-07-29 14:35:00,2453.2,2455.0,2452.3,2453.6,59821
2026-07-29 14:40:00,2453.6,2455.3,2452.5,2452.5,79723
2026-07-29 14:45:00,2453.0,2453.6,2450.4,2451.3,75857
2026-07-29 14:50:00,2451.3,2455.0,2450.0,2454.5,79170
2026-07-29 14:55:00,2454.1,2454.9,2451.2,2451.6,64688
2026-07-29 15:00:00,2452.2,2453.5,2450.5,2451.5,74899
2026-07-29 15:05:00,2451.6,2452.5,2447.4,2447.4,69811
2026-07-29 15:10:00,2447.5,2450.0,2447.0,2447.2,76947
2026-07-29 15:15:00,2447.2,2447.7,2443.8,2444.6,91092
2026-07-29 15:20:00,2444.6,2447.7,2443.3,2443.3,109696
2026-07-29 15:25:00,2444.0,2444.2,2438.2,2440.0,95337
2026-07-30 09:15:00,2440.0,2483.9,2434.4,2475.7,388798
2026-07-30 09:20:00,2475.4,2480.5,2471.6,2471.6,201907
2026-07-30 09:25:00,2471.6,2476.9,2470.0,2472.2,98795
2026-07-30 09:30:00,2472.4,2477.5,2466.9,2469.0,86479
2026-07-30 09:35:00,2469.8,2472.0,2465.7,2468.8,61092
2026-07-30 09:40:00,2469.9,2477.0,2468.4,2474.6,113195
2026-07-30 09:45:00,2475.0,2482.7,2474.4,2479.5,97205
2026-07-30 09:50:00,2479.7,2480.5,2474.3,2476.0,68015
2026-07-30 09:55:00,2477.0,2481.9,2475.0,2475.0,79609
2026-07-30 10:00:00,2475.1,2483.2,2475.0,2481.0,150155
2026-07-30 10:05:00,2481.5,2495.0,2475.8,2491.7,419023
2026-07-30 10:10:00,2491.5,2492.9,2482.4,2483.4,73369
2026-07-30 10:15:00,2483.3,2490.4,2479.4,2481.6,83174
2026-07-30 10:20:00,2481.7,2482.3,2477.0,2479.8,54482
2026-07-30 10:25:00,2479.7,2486.0,2479.4,2482.0,57178
2026-07-30 10:30:00,2482.3,2482.3,2472.0,2474.0,66528
2026-07-30 10:35:00,2473.5,2475.8,2471.2,2471.3,54496
2026-07-30 10:40:00,2471.2,2472.3,2470.2,2471.3,44829
2026-07-30 10:45:00,2471.6,2472.0,2466.0,2468.1,57832
2026-07-30 10:50:00,2468.1,2471.1,2468.0,2469.5,29276
2026-07-30 10:55:00,2469.4,2469.9,2463.6,2463.9,45060
2026-07-30 11:00:00,2463.9,2465.0,2460.5,2462.5,53542
2026-07-30 11:05:00,2462.0,2464.2,2461.7,2463.2,30007
2026-07-30 11:10:00,2463.0,2465.1,2461.2,2463.8,40258
2026-07-30 11:15:00,2463.2,2464.6,2457.6,2458.7,42925
2026-07-30 11:20:00,2458.9,2460.9,2457.5,2459.9,42605
2026-07-30 11:25:00,2460.0,2462.3,2459.0,2459.4,24264
2026-07-30 11:30:00,2459.5,2459.5,2454.1,2456.4,44631
2026-07-30 11:35:00,2456.4,2457.0,2455.0,2455.0,22591
2026-07-30 11:40:00,2455.2,2456.0,2451.3,2451.7,28943
2026-07-30 11:45:00,2451.8,2453.8,2448.6,2452.3,41825
2026-07-30 11:50:00,2453.0,2453.0,2451.3,2451.3,31919
2026-07-30 11:55:00,2451.3,2453.6,2451.0,2452.5,25976
2026-07-30 12:00:00,2452.6,2452.8,2448.6,2449.3,132791
2026-07-30 12:05:00,2449.2,2450.1,2446.8,2448.9,45972
2026-07-30 12:10:00,2448.5,2457.0,2447.5,2455.9,68592
2026-07-30 12:15:00,2455.7,2461.0,2454.7,2456.3,61822
2026-07-30 12:20:00,2456.3,2458.7,2455.8,2458.2,33971
2026-07-30 12:25:00,2458.0,2458.5,2453.0,2454.1,32541
2026-07-30 12:30:00,2454.3,2461.8,2453.7,2458.8,42081
2026-07-30 12:35:00,2459.0,2461.0,2457.4,2459.8,34892
2026-07-30 12:40:00,2460.0,2460.9,2458.0,2459.8,23495
2026-07-30 12:45:00,2459.7,2459.7,2456.1,2459.2,24329
2026-07-30 12:50:00,2459.3,2461.0,2458.1,2461.0,27316
2026-07-30 12:55:00,2461.0,2462.0,2460.1,2460.9,26422
2026-07-30 13:00:00,2460.9,2461.8,2456.8,2457.3,19796
2026-07-30 13:05:00,2460.1,2461.7,2455.2,2458.8,27535
2026-07-30 13:10:00,2458.8,2461.7,2457.5,2460.8,30735
2026-07-30 13:15:00,2460.9,2460.9,2458.3,2459.1,21700
2026-07-30 13:20:00,2459.2,2460.0,2456.7,2458.0,22599
2026-07-30 13:25:00,2457.9,2457.9,2451.6,2452.2,28811
2026-07-30 13:30:00,2452.2,2452.6,2449.2,2451.1,35770
2026-07-30 13:35:00,2451.1,2454.4,2450.8,2454.4,24129
2026-07-30 13:40:00,2455.0,2456.3,2451.0,2453.6,29172
2026-07-30 13:45:00,2454.2,2455.1,2452.0,2452.8,21882
2026-07-30 13:50:00,2452.9,2454.0,2450.0,2453.1,38159
2026-07-30 13:55:00,2453.1,2454.0,2450.7,2452.6,23213
2026-07-30 14:00:00,2450.4,2451.2,2445.6,2445.6,35687
2026-07-30 14:05:00,2445.8,2447.8,2442.0,2442.1,44154
2026-07-30 14:10:00,2442.3,2444.6,2441.0,2441.5,32074
2026-07-30 14:15:00,2441.7,2442.1,2438.5,2440.1,40445
2026-07-30 14:20:00,2440.1,2441.0,2438.0,2438.2,34549
2026-07-30 14:25:00,2438.2,2438.2,2431.1,2432.8,60059
2026-07-30 14:30:00,2432.8,2437.2,2431.1,2431.2,68515
2026-07-30 14:35:00,2431.7,2432.0,2428.7,2431.6,66258
2026-07-30 14:40:00,2431.5,2431.7,2425.0,2426.0,94171
2026-07-30 14:45:00,2426.0,2430.4,2423.0,2430.0,104921
2026-07-30 14:50:00,2429.5,2432.9,2429.4,2429.7,49093
2026-07-30 14:55:00,2429.7,2431.2,2429.0,2429.7,46197
2026-07-30 15:00:00,2429.7,2431.2,2425.0,2429.2,87335
2026-07-30 15:05:00,2429.3,2435.0,2428.7,2434.7,89598
2026-07-30 15:10:00,2434.8,2436.0,2429.7,2429.8,82003
2026-07-30 15:15:00,2429.9,2432.9,2429.5,2431.2,99155
2026-07-30 15:20:00,2431.1,2434.0,2429.4,2433.0,121298
2026-07-30 15:25:00,2432.9,2436.5,2431.1,2434.0,88101
2026-07-31 09:15:00,2385.0,2391.0,2326.1,2348.4,450853
2026-07-31 09:20:00,2346.0,2350.4,2340.2,2344.2,188347
2026-07-31 09:25:00,2344.1,2353.0,2342.0,2349.5,124445
2026-07-31 09:30:00,2349.4,2353.7,2346.0,2348.8,57231
2026-07-31 09:35:00,2348.8,2351.8,2346.8,2348.2,47358
2026-07-31 09:40:00,2348.9,2360.0,2345.3,2357.6,108409
2026-07-31 09:45:00,2357.6,2363.9,2355.7,2363.8,94923
2026-07-31 09:50:00,2363.9,2364.0,2355.0,2361.3,72189
2026-07-31 09:55:00,2361.3,2361.3,2356.0,2356.9,31671
2026-07-31 10:00:00,2356.8,2365.2,2356.0,2362.8,57110
2026-07-31 10:05:00,2362.7,2366.2,2360.6,2364.1,59711
2026-07-31 10:10:00,2364.0,2366.0,2359.1,2360.2,60634
2026-07-31 10:15:00,2360.4,2367.5,2358.0,2365.4,43561
2026-07-31 10:20:00,2365.9,2367.6,2363.0,2367.0,31559
2026-07-31 10:25:00,2367.0,2368.7,2363.1,2366.5,30133
2026-07-31 10:30:00,2366.1,2369.0,2362.6,2365.5,41619
2026-07-31 10:35:00,2365.5,2370.8,2364.6,2368.4,48481
2026-07-31 10:40:00,2369.1,2373.4,2365.1,2370.1,42501
2026-07-31 10:45:00,2370.4,2376.9,2368.2,2369.7,64831
2026-07-31 10:50:00,2369.6,2372.0,2368.3,2371.8,33771
2026-07-31 10:55:00,2372.0,2372.6,2370.1,2372.0,34169
2026-07-31 11:00:00,2372.6,2372.8,2370.2,2372.7,26231
2026-07-31 11:05:00,2372.7,2374.5,2372.1,2373.1,33198
2026-07-31 11:10:00,2373.0,2374.6,2371.2,2373.5,25704
2026-07-31 11:15:00,2373.1,2373.1,2371.2,2372.2,18167
2026-07-31 11:20:00,2372.1,2372.6,2370.1,2372.2,26039
2026-07-31 11:25:00,2372.5,2373.7,2371.0,2373.7,24358
2026-07-31 11:30:00,2373.4,2374.6,2372.0,2372.1,17417
2026-07-31 11:35:00,2372.2,2373.5,2371.4,2371.9,20405
2026-07-31 11:40:00,2371.9,2374.4,2370.0,2371.7,44406
2026-07-31 11:45:00,2371.8,2373.7,2370.0,2371.4,33986
2026-07-31 11:50:00,2371.4,2379.0,2371.3,2377.9,51356
2026-07-31 11:55:00,2377.3,2379.1,2376.9,2376.9,34224
2026-07-31 12:00:00,2377.0,2379.9,2376.2,2378.2,29817
2026-07-31 12:05:00,2378.3,2384.0,2377.9,2380.9,50636
2026-07-31 12:10:00,2381.2,2381.5,2377.0,2380.9,29117
2026-07-31 12:15:00,2380.8,2383.0,2380.0,2380.7,24812
2026-07-31 12:20:00,2381.0,2382.4,2379.6,2379.6,18488
2026-07-31 12:25:00,2379.7,2382.1,2379.5,2381.2,25152
2026-07-31 12:30:00,2381.3,2382.4,2380.0,2380.8,24562
2026-07-31 12:35:00,2380.8,2381.5,2379.0,2380.4,15582
2026-07-31 12:40:00,2380.6,2382.6,2380.0,2382.4,20481
2026-07-31 12:45:00,2382.1,2383.8,2380.8,2383.6,21746
2026-07-31 12:50:00,2382.4,2382.8,2381.4,2381.5,13951
2026-07-31 12:55:00,2381.6,2385.0,2381.5,2384.5,43992
2026-07-31 13:00:00,2384.0,2384.8,2382.0,2382.6,14053
2026-07-31 13:05:00,2382.8,2384.5,2382.2,2383.1,18137
2026-07-31 13:10:00,2383.4,2383.4,2377.4,2378.6,44913
2026-07-31 13:15:00,2378.7,2378.8,2376.2,2377.6,36640
2026-07-31 13:20:00,2377.2,2377.6,2368.6,2369.5,59124
2026-07-31 13:25:00,2369.5,2370.3,2366.1,2367.8,60662
2026-07-31 13:30:00,2367.8,2367.8,2364.6,2365.8,39693
2026-07-31 13:35:00,2365.6,2366.7,2361.8,2363.4,59323
2026-07-31 13:40:00,2363.9,2365.5,2361.8,2362.4,50492
2026-07-31 13:45:00,2362.5,2363.9,2362.4,2363.6,38506
2026-07-31 13:50:00,2363.8,2364.8,2362.5,2364.1,42901
2026-07-31 13:55:00,2364.2,2364.3,2363.0,2363.0,23868
2026-07-31 14:00:00,2363.1,2365.3,2363.0,2364.0,37273
2026-07-31 14:05:00,2363.9,2364.1,2363.2,2363.2,26360
2026-07-31 14:10:00,2363.4,2364.5,2362.7,2364.1,35787
2026-07-31 14:15:00,2364.6,2365.0,2360.6,2361.6,47245
2026-07-31 14:20:00,2361.7,2362.8,2360.5,2361.7,38738
2026-07-31 14:25:00,2361.3,2365.0,2361.1,2362.7,39553
2026-07-31 14:30:00,2362.7,2364.5,2362.7,2363.5,42132
2026-07-31 14:35:00,2363.2,2363.5,2357.8,2362.3,88059
2026-07-31 14:40:00,2362.2,2363.4,2360.5,2361.2,33859
2026-07-31 14:45:00,2361.3,2366.7,2361.2,2365.9,60012
2026-07-31 14:50:00,2365.2,2366.0,2362.0,2362.2,38032
2026-07-31 14:55:00,2362.4,2362.8,2361.4,2362.1,43092
2026-07-31 15:00:00,2362.2,2365.0,2362.2,2363.8,127805
2026-07-31 15:05:00,2363.8,2369.7,2363.7,2369.7,115179
2026-07-31 15:10:00,2369.8,2369.8,2364.2,2364.8,175683
2026-07-31 15:15:00,2364.8,2367.6,2364.2,2364.6,166510
2026-07-31 15:20:00,2364.8,2366.4,2364.4,2366.0,161564
2026-07-31 15:25:00,2366.1,2366.9,2363.8,2366.0,120009
2026-08-03 09:15:00,2383.9,2404.8,2383.0,2391.2,161549
2026-08-03 09:20:00,2391.3,2393.4,2387.2,2391.6,62472
2026-08-03 09:25:00,2392.6,2395.2,2390.1,2394.1,48885
2026-08-03 09:30:00,2394.2,2394.9,2391.1,2394.3,26030
2026-08-03 09:35:00,2394.7,2396.6,2392.5,2396.3,26453
2026-08-03 09:40:00,2393.0,2399.5,2393.0,2395.4,44786
2026-08-03 09:45:00,2395.4,2403.9,2391.2,2403.0,47782
2026-08-03 09:50:00,2403.2,2407.0,2400.5,2401.9,55643
2026-08-03 09:55:00,2401.1,2404.9,2397.1,2404.3,60713
2026-08-03 10:00:00,2404.0,2411.0,2403.3,2409.0,67231
2026-08-03 10:05:00,2409.0,2411.0,2408.5,2410.5,35756
2026-08-03 10:10:00,2410.9,2421.2,2410.7,2420.5,91651
2026-08-03 10:15:00,2420.2,2425.7,2420.0,2422.5,66467
2026-08-03 10:20:00,2422.0,2424.0,2417.9,2424.0,53044
2026-08-03 10:25:00,2424.0,2425.2,2420.6,2421.5,33919
2026-08-03 10:30:00,2421.5,2423.5,2416.6,2417.6,33824
2026-08-03 10:35:00,2418.1,2422.0,2417.5,2420.8,20938
2026-08-03 10:40:00,2420.8,2421.9,2420.0,2420.5,13798
2026-08-03 10:45:00,2420.5,2422.0,2416.9,2421.9,30464
2026-08-03 10:50:00,2421.9,2424.8,2420.7,2423.3,25670
2026-08-03 10:55:00,2423.9,2426.0,2421.8,2424.8,37706
2026-08-03 11:00:00,2424.0,2426.0,2424.0,2425.6,23679
2026-08-03 11:05:00,2426.0,2429.0,2425.6,2428.7,33939
2026-08-03 11:10:00,2428.7,2431.9,2427.1,2430.5,37541
2026-08-03 11:15:00,2430.1,2434.0,2429.3,2432.9,29931
2026-08-03 11:20:00,2432.9,2436.5,2430.2,2432.2,52682
2026-08-03 11:25:00,2432.3,2432.6,2430.2,2430.5,17147
2026-08-03 11:30:00,2430.1,2432.0,2426.5,2430.5,30176
2026-08-03 11:35:00,2430.5,2430.5,2427.7,2429.3,12744
2026-08-03 11:40:00,2429.3,2431.8,2429.3,2430.7,14297
2026-08-03 11:45:00,2430.7,2430.8,2429.3,2430.8,9697
2026-08-03 11:50:00,2430.6,2431.0,2428.6,2431.0,15828
2026-08-03 11:55:00,2430.9,2430.9,2426.3,2429.6,26015
2026-08-03 12:00:00,2428.9,2431.7,2428.2,2431.0,18096
2026-08-03 12:05:00,2431.5,2434.9,2430.8,2434.9,19701
2026-08-03 12:10:00,2434.9,2436.6,2429.9,2430.0,39050
2026-08-03 12:15:00,2430.0,2436.0,2430.0,2433.5,33336
2026-08-03 12:20:00,2432.7,2433.8,2430.1,2430.6,14789
2026-08-03 12:25:00,2430.7,2434.0,2430.4,2432.2,22132
2026-08-03 12:30:00,2432.1,2439.1,2430.7,2436.2,41325
2026-08-03 12:35:00,2436.2,2440.7,2434.7,2437.9,64415
2026-08-03 12:40:00,2437.3,2438.8,2435.2,2436.9,28780
2026-08-03 12:45:00,2437.0,2437.6,2433.4,2435.0,20323
2026-08-03 12:50:00,2435.2,2437.7,2434.2,2436.3,20270
2026-08-03 12:55:00,2436.6,2439.6,2434.1,2437.5,38667
2026-08-03 13:00:00,2437.5,2437.9,2435.0,2435.0,24188
2026-08-03 13:05:00,2435.0,2436.5,2433.3,2435.3,23004
2026-08-03 13:10:00,2435.0,2435.0,2433.5,2433.9,22671
2026-08-03 13:15:00,2434.3,2436.0,2434.3,2435.9,17681
2026-08-03 13:20:00,2436.2,2437.0,2435.2,2436.7,13718
2026-08-03 13:25:00,2436.8,2439.7,2435.9,2439.1,27698
2026-08-03 13:30:00,2439.1,2439.5,2438.0,2439.0,17990
2026-08-03 13:35:00,2438.7,2441.6,2436.9,2437.0,35173
2026-08-03 13:40:00,2437.0,2440.5,2436.1,2436.7,27065
2026-08-03 13:45:00,2436.7,2439.4,2435.4,2437.7,33713
2026-08-03 13:50:00,2437.8,2438.0,2434.5,2435.0,30068
2026-08-03 13:55:00,2435.0,2437.0,2434.2,2436.4,31230
2026-08-03 14:00:00,2436.4,2437.0,2435.0,2436.7,19098
2026-08-03 14:05:00,2437.0,2437.0,2434.0,2435.9,27681
2026-08-03 14:10:00,2435.9,2437.0,2435.4,2436.2,31906
2026-08-03 14:15:00,2436.2,2436.9,2434.0,2436.0,26467
2026-08-03 14:20:00,2436.0,2436.0,2433.0,2433.9,28409
2026-08-03 14:25:00,2433.6,2434.8,2433.0,2433.1,36648
2026-08-03 14:30:00,2433.1,2438.0,2433.0,2436.8,47331
2026-08-03 14:35:00,2436.8,2438.6,2435.4,2437.7,39989
2026-08-03 14:40:00,2437.7,2442.9,2437.0,2442.0,57158
2026-08-03 14:45:00,2442.2,2446.7,2441.4,2445.3,73403
2026-08-03 14:50:00,2444.5,2446.7,2444.3,2445.3,46759
2026-08-03 14:55:00,2445.3,2446.9,2444.0,2445.3,50664
2026-08-03 15:00:00,2446.0,2454.1,2445.0,2452.4,123104
2026-08-03 15:05:00,2451.0,2456.0,2449.3,2454.3,110749
2026-08-03 15:10:00,2453.6,2464.9,2450.0,2450.0,167571
2026-08-03 15:15:00,2451.2,2451.2,2451.2,2451.2,1
2026-08-03 15:20:00,2451.2,2451.2,2451.2,2451.2,0
2026-08-03 15:25:00,2451.2,2473.7,2451.2,2473.7,112039
2026-08-04 09:15:00,2463.1,2467.4,2435.1,2438.1,188572
2026-08-04 09:20:00,2437.9,2449.5,2437.0,2447.6,68993
2026-08-04 09:25:00,2448.3,2448.9,2438.5,2439.4,70121
2026-08-04 09:30:00,2439.4,2441.9,2437.9,2441.8,37016
2026-08-04 09:35:00,2441.9,2443.4,2439.2,2440.0,41001
2026-08-04 09:40:00,2440.6,2446.3,2439.5,2443.1,38697
2026-08-04 09:45:00,2442.1,2443.8,2440.2,2442.4,24229
2026-08-04 09:50:00,2442.4,2443.7,2436.4,2438.2,33734
2026-08-04 09:55:00,2438.1,2441.9,2437.5,2441.2,30385
2026-08-04 10:00:00,2441.2,2441.7,2438.1,2438.5,23623
2026-08-04 10:05:00,2438.9,2439.6,2436.5,2438.7,32517
2026-08-04 10:10:00,2438.7,2441.9,2438.6,2441.0,18919
2026-08-04 10:15:00,2441.0,2441.7,2439.8,2440.9,16424
2026-08-04 10:20:00,2440.7,2442.0,2439.0,2440.5,24255
2026-08-04 10:25:00,2440.8,2442.5,2440.0,2442.2,27328
2026-08-04 10:30:00,2442.3,2446.0,2442.0,2442.2,42913
2026-08-04 10:35:00,2442.2,2445.0,2442.0,2444.6,18761
2026-08-04 10:40:00,2444.6,2446.0,2443.6,2445.7,26854
2026-08-04 10:45:00,2445.7,2445.7,2443.0,2444.9,25582
2026-08-04 10:50:00,2444.9,2450.1,2444.0,2449.2,37822
2026-08-04 10:55:00,2449.5,2449.8,2446.5,2448.7,25801
2026-08-04 11:00:00,2448.7,2450.2,2448.1,2448.1,23774
2026-08-04 11:05:00,2449.0,2452.9,2447.4,2451.0,37979
2026-08-04 11:10:00,2451.4,2451.6,2448.0,2450.6,22671
2026-08-04 11:15:00,2450.3,2455.0,2449.3,2454.8,24303
2026-08-04 11:20:00,2454.7,2455.0,2453.0,2454.0,21278
2026-08-04 11:25:00,2454.0,2454.0,2453.0,2453.9,17916
2026-08-04 11:30:00,2453.9,2456.0,2453.0,2454.0,27962
2026-08-04 11:35:00,2453.9,2456.6,2453.3,2456.4,36144
2026-08-04 11:40:00,2456.4,2459.7,2455.2,2457.5,36239
2026-08-04 11:45:00,2458.0,2459.5,2455.4,2455.6,29042
2026-08-04 11:50:00,2456.5,2457.2,2451.0,2453.7,19919
2026-08-04 11:55:00,2453.7,2455.0,2451.6,2451.7,17964
2026-08-04 12:00:00,2451.8,2451.8,2448.1,2450.2,22753
2026-08-04 12:05:00,2450.6,2450.6,2446.4,2448.0,35230
2026-08-04 12:10:00,2448.9,2451.0,2447.1,2450.9,19295
2026-08-04 12:15:00,2450.9,2454.9,2445.9,2452.2,37651
2026-08-04 12:20:00,2452.7,2452.7,2447.8,2451.5,17273
2026-08-04 12:25:00,2451.3,2451.9,2450.0,2451.5,19396
2026-08-04 12:30:00,2451.6,2453.0,2450.0,2450.9,21051
2026-08-04 12:35:00,2451.8,2452.1,2449.6,2451.7,14637
2026-08-04 12:40:00,2451.9,2453.0,2449.7,2451.6,17980
2026-08-04 12:45:00,2452.0,2456.0,2451.3,2452.8,27155
2026-08-04 12:50:00,2452.8,2453.8,2451.6,2452.1,17284
2026-08-04 12:55:00,2452.1,2453.0,2450.3,2452.0,17605
2026-08-04 13:00:00,2451.9,2453.5,2450.2,2453.1,11788
2026-08-04 13:05:00,2453.5,2453.6,2450.5,2450.5,12294
2026-08-04 13:10:00,2450.5,2453.5,2450.5,2452.3,12681
2026-08-04 13:15:00,2452.9,2455.0,2452.3,2454.2,21826
2026-08-04 13:20:00,2454.9,2456.8,2454.0,2456.3,21504
2026-08-04 13:25:00,2456.8,2457.9,2455.0,2456.0,21945
2026-08-04 13:30:00,2456.0,2459.4,2455.1,2458.6,25396
2026-08-04 13:35:00,2458.6,2458.6,2456.9,2457.4,12573
2026-08-04 13:40:00,2457.7,2458.0,2454.6,2456.0,10445
2026-08-04 13:45:00,2456.0,2457.7,2454.4,2456.9,17499
2026-08-04 13:50:00,2456.9,2456.9,2454.0,2454.3,24870
2026-08-04 13:55:00,2454.1,2456.0,2454.1,2455.2,42247
2026-08-04 14:00:00,2455.8,2455.9,2453.0,2454.0,13160
2026-08-04 14:05:00,2454.1,2457.0,2453.6,2455.7,21200
2026-08-04 14:10:00,2456.0,2457.2,2454.4,2455.0,268361
2026-08-04 14:15:00,2456.1,2456.1,2451.7,2453.6,40943
2026-08-04 14:20:00,2453.5,2453.9,2449.6,2451.6,37896
2026-08-04 14:25:00,2451.6,2453.3,2448.1,2448.1,33291
2026-08-04 14:30:00,2448.2,2448.2,2443.3,2445.2,43863
2026-08-04 14:35:00,2445.4,2445.6,2442.2,2444.6,41647
2026-08-04 14:40:00,2444.4,2444.9,2443.3,2443.5,40660
2026-08-04 14:45:00,2443.4,2445.8,2442.7,2445.8,33229
2026-08-04 14:50:00,2445.4,2448.1,2445.1,2447.7,45166
2026-08-04 14:55:00,2447.6,2448.4,2445.7,2447.4,55442
2026-08-04 15:00:00,2447.4,2449.6,2443.8,2443.9,59627
2026-08-04 15:05:00,2443.9,2443.9,2440.4,2443.0,84390
2026-08-04 15:10:00,2443.0,2445.1,2440.5,2443.0,81295
2026-08-04 15:15:00,2443.8,2443.8,2443.8,2443.8,100
2026-08-04 15:20:00,2443.8,2443.8,2443.8,2443.8,0
2026-08-04 15:25:00,2443.8,2460.0,2443.8,2460.0,172564
2026-08-05 09:15:00,2460.0,2460.9,2436.9,2438.3,151851
2026-08-05 09:20:00,2438.0,2443.6,2437.6,2441.3,63386
2026-08-05 09:25:00,2441.4,2441.4,2437.8,2439.6,68047
2026-08-05 09:30:00,2439.6,2442.0,2437.0,2437.0,40198
2026-08-05 09:35:00,2437.0,2438.9,2435.0,2438.7,52157
2026-08-05 09:40:00,2438.7,2443.5,2438.6,2443.5,48865
2026-08-05 09:45:00,2443.5,2443.5,2439.1,2439.8,35819
2026-08-05 09:50:00,2439.2,2441.0,2432.0,2432.0,46086
2026-08-05 09:55:00,2432.4,2434.0,2431.3,2433.6,34879
2026-08-05 10:00:00,2433.5,2434.0,2432.1,2432.5,33594
2026-08-05 10:05:00,2432.7,2433.0,2430.0,2431.0,34251
2026-08-05 10:10:00,2430.6,2433.6,2430.0,2432.7,49896
2026-08-05 10:15:00,2433.4,2434.0,2430.7,2432.5,29895
2026-08-05 10:20:00,2432.7,2439.5,2432.4,2437.6,42570
2026-08-05 10:25:00,2437.9,2438.3,2436.1,2437.0,22398
2026-08-05 10:30:00,2437.2,2437.9,2436.0,2436.1,14443
2026-08-05 10:35:00,2436.5,2437.7,2434.6,2437.2,45525
2026-08-05 10:40:00,2437.6,2443.0,2437.1,2441.1,48688
2026-08-05 10:45:00,2441.4,2441.4,2437.3,2437.4,16471
2026-08-05 10:50:00,2437.9,2440.7,2436.2,2440.7,21469
2026-08-05 10:55:00,2440.7,2446.5,2440.4,2444.4,63302
2026-08-05 11:00:00,2444.4,2445.6,2442.6,2442.9,26146
2026-08-05 11:05:00,2442.9,2443.0,2438.9,2439.3,26290
2026-08-05 11:10:00,2438.9,2440.0,2437.2,2437.9,12536
2026-08-05 11:15:00,2437.6,2437.9,2434.6,2434.6,22296
2026-08-05 11:20:00,2435.4,2436.5,2434.6,2435.0,10980
2026-08-05 11:25:00,2435.2,2436.2,2432.3,2432.4,26513
2026-08-05 11:30:00,2432.4,2432.5,2430.5,2431.2,25169
2026-08-05 11:35:00,2431.0,2432.4,2430.1,2432.2,17210
2026-08-05 11:40:00,2432.2,2432.2,2427.6,2429.2,42264
2026-08-05 11:45:00,2429.4,2430.0,2428.0,2429.9,15829
2026-08-05 11:50:00,2429.8,2431.6,2429.8,2430.7,26095
2026-08-05 11:55:00,2430.8,2432.5,2430.0,2431.3,18157
2026-08-05 12:00:00,2431.8,2432.7,2431.0,2431.7,15452
2026-08-05 12:05:00,2431.0,2431.7,2430.0,2430.4,9887
2026-08-05 12:10:00,2430.4,2430.4,2429.0,2429.4,16186
2026-08-05 12:15:00,2429.2,2430.7,2428.0,2429.6,24111
2026-08-05 12:20:00,2429.6,2430.5,2428.0,2428.4,23789
2026-08-05 12:25:00,2428.4,2428.7,2427.4,2427.9,17714
2026-08-05 12:30:00,2428.0,2428.2,2424.3,2424.5,35384
2026-08-05 12:35:00,2425.2,2427.8,2423.0,2426.4,52557
2026-08-05 12:40:00,2426.5,2426.6,2424.9,2425.4,8589
2026-08-05 12:45:00,2426.0,2426.0,2424.0,2424.7,11295
2026-08-05 12:50:00,2424.7,2425.0,2418.4,2420.0,114009
2026-08-05 12:55:00,2420.0,2421.3,2414.0,2414.9,117572
2026-08-05 13:00:00,2414.9,2420.0,2414.0,2419.6,91924
2026-08-05 13:05:00,2419.6,2421.9,2418.1,2421.7,25304
2026-08-05 13:10:00,2421.6,2422.6,2421.0,2422.1,25645
2026-08-05 13:15:00,2422.0,2423.1,2420.5,2421.2,38056
2026-08-05 13:20:00,2421.0,2421.4,2419.0,2419.6,25315
2026-08-05 13:25:00,2419.6,2420.9,2418.0,2418.0,20727
2026-08-05 13:30:00,2418.1,2419.9,2416.0,2417.3,26544
2026-08-05 13:35:00,2417.2,2418.9,2416.5,2416.5,12725
2026-08-05 13:40:00,2416.9,2417.2,2413.1,2414.7,28315
2026-08-05 13:45:00,2415.0,2416.0,2413.3,2415.2,21453
2026-08-05 13:50:00,2415.3,2415.8,2413.6,2414.0,22030
2026-08-05 13:55:00,2414.0,2414.7,2410.9,2411.6,49150
2026-08-05 14:00:00,2411.6,2412.0,2410.7,2411.9,65141
2026-08-05 14:05:00,2411.9,2412.5,2410.3,2411.2,70470
2026-08-05 14:10:00,2411.1,2412.4,2409.6,2410.0,27170
2026-08-05 14:15:00,2410.4,2410.6,2408.7,2409.7,34824
2026-08-05 14:20:00,2409.7,2411.3,2409.6,2410.6,23462
2026-08-05 14:25:00,2410.7,2412.2,2410.0,2411.0,29460
2026-08-05 14:30:00,2411.0,2412.4,2410.2,2410.8,37274
2026-08-05 14:35:00,2410.7,2411.8,2409.8,2410.9,30194
2026-08-05 14:40:00,2410.8,2410.9,2408.8,2410.0,27623
2026-08-05 14:45:00,2409.9,2410.9,2408.2,2410.3,35328
2026-08-05 14:50:00,2409.7,2410.4,2408.3,2409.2,33763
2026-08-05 14:55:00,2409.4,2410.7,2408.0,2409.5,50414
2026-08-05 15:00:00,2409.6,2410.5,2408.5,2408.9,65690
2026-08-05 15:05:00,2408.9,2412.0,2408.0,2410.8,95720
2026-08-05 15:10:00,2411.0,2419.6,2408.8,2419.5,137708
2026-08-05 15:15:00,2414.2,2414.2,2414.2,2414.2,425
2026-08-05 15:20:00,2414.2,2414.2,2414.2,2414.2,0
2026-08-05 15:25:00,2414.2,2414.2,2413.0,2413.0,168428
2026-08-06 09:15:00,2417.0,2434.5,2417.0,2422.7,194359
2026-08-06 09:20:00,2422.8,2426.4,2410.5,2410.6,100334
2026-08-06 09:25:00,2412.4,2414.1,2403.9,2409.9,92391
2026-08-06 09:30:00,2410.0,2412.7,2406.6,2407.9,34531
2026-08-06 09:35:00,2407.5,2409.7,2407.0,2408.1,24077
2026-08-06 09:40:00,2408.4,2409.4,2407.6,2408.0,23553
2026-08-06 09:45:00,2409.8,2410.0,2407.0,2408.5,13811
2026-08-06 09:50:00,2409.1,2410.0,2405.5,2406.0,28320
2026-08-06 09:55:00,2406.3,2407.1,2400.0,2405.0,52675
2026-08-06 10:00:00,2405.0,2405.0,2401.0,2401.6,15452
2026-08-06 10:05:00,2401.9,2403.6,2400.0,2403.0,16222
2026-08-06 10:10:00,2403.1,2405.7,2402.3,2404.3,16851
2026-08-06 10:15:00,2404.4,2404.5,2396.0,2397.7,46832
2026-08-06 10:20:00,2397.8,2398.9,2397.0,2398.6,13677
2026-08-06 10:25:00,2398.7,2398.8,2397.1,2397.8,12406
2026-08-06 10:30:00,2397.8,2402.4,2397.2,2401.5,22708
2026-08-06 10:35:00,2401.2,2402.8,2400.7,2402.8,12382
2026-08-06 10:40:00,2402.8,2402.8,2399.3,2400.9,22880
2026-08-06 10:45:00,2401.1,2403.0,2399.3,2400.4,17625
2026-08-06 10:50:00,2400.4,2402.0,2398.6,2402.0,23164
2026-08-06 10:55:00,2401.8,2402.9,2397.4,2399.0,13750
2026-08-06 11:00:00,2399.3,2399.9,2398.0,2399.8,13195
2026-08-06 11:05:00,2399.9,2404.6,2399.8,2404.0,20936
2026-08-06 11:10:00,2404.2,2405.8,2402.1,2402.8,17632
2026-08-06 11:15:00,2401.8,2404.7,2401.8,2402.5,13104
2026-08-06 11:20:00,2403.9,2406.5,2403.4,2404.2,16142
2026-08-06 11:25:00,2404.5,2405.3,2403.0,2403.8,11984
2026-08-06 11:30:00,2403.9,2405.1,2402.4,2403.3,10262
2026-08-06 11:35:00,2403.3,2405.0,2402.4,2403.4,12235
2026-08-06 11:40:00,2403.2,2403.6,2400.4,2401.0,10355
2026-08-06 11:45:00,2400.9,2401.0,2400.0,2400.4,7628
2026-08-06 11:50:00,2400.5,2402.8,2400.5,2402.6,11209
2026-08-06 11:55:00,2402.5,2403.6,2400.9,2403.1,9875
2026-08-06 12:00:00,2403.0,2403.4,2400.0,2401.0,8567
2026-08-06 12:05:00,2400.8,2402.7,2400.2,2401.4,9583
2026-08-06 12:10:00,2401.3,2402.4,2398.9,2400.1,24024
2026-08-06 12:15:00,2399.7,2401.1,2399.6,2400.0,6437
2026-08-06 12:20:00,2400.0,2400.2,2389.7,2395.2,138233
2026-08-06 12:25:00,2395.1,2397.0,2389.8,2393.4,113480
2026-08-06 12:30:00,2393.4,2395.5,2392.2,2393.9,16051
2026-08-06 12:35:00,2394.3,2395.5,2392.5,2392.5,10591
2026-08-06 12:40:00,2392.6,2393.4,2389.0,2392.4,26800
2026-08-06 12:45:00,2392.5,2392.5,2391.0,2391.1,10124
2026-08-06 12:50:00,2391.0,2394.5,2391.0,2394.1,15489
2026-08-06 12:55:00,2394.5,2395.9,2391.2,2391.8,24903
2026-08-06 13:00:00,2392.6,2393.2,2391.6,2392.6,8302
2026-08-06 13:05:00,2392.5,2393.2,2391.0,2391.0,10151
2026-08-06 13:10:00,2391.1,2394.0,2388.0,2389.6,19932
2026-08-06 13:15:00,2389.6,2392.8,2388.0,2392.3,37475
2026-08-06 13:20:00,2392.3,2393.7,2387.0,2387.0,22910
2026-08-06 13:25:00,2387.1,2388.8,2386.6,2388.3,17041
2026-08-06 13:30:00,2388.3,2389.5,2388.0,2388.5,10727
2026-08-06 13:35:00,2388.5,2392.7,2387.1,2388.8,29755
2026-08-06 13:40:00,2388.8,2389.1,2387.0,2387.4,10739
2026-08-06 13:45:00,2387.4,2388.7,2386.0,2386.0,38709
2026-08-06 13:50:00,2386.1,2388.9,2384.8,2388.8,34287
2026-08-06 13:55:00,2388.7,2391.6,2387.5,2390.6,40822
2026-08-06 14:00:00,2390.2,2391.0,2387.7,2390.1,18625
2026-08-06 14:05:00,2390.4,2390.9,2388.4,2390.3,16105
2026-08-06 14:10:00,2390.3,2390.3,2388.0,2389.2,19729
2026-08-06 14:15:00,2389.1,2391.4,2388.6,2390.6,27292
2026-08-06 14:20:00,2390.6,2391.0,2385.0,2385.6,77235
2026-08-06 14:25:00,2385.9,2386.5,2383.6,2385.3,30860
2026-08-06 14:30:00,2385.4,2385.6,2383.1,2384.6,51820
2026-08-06 14:35:00,2385.1,2385.6,2382.8,2384.4,29268
2026-08-06 14:40:00,2384.0,2384.7,2380.3,2382.2,72191
2026-08-06 14:45:00,2382.2,2383.0,2380.4,2380.7,45969
2026-08-06 14:50:00,2380.6,2381.5,2378.0,2378.8,48921
2026-08-06 14:55:00,2378.8,2378.8,2374.0,2375.5,73089
2026-08-06 15:00:00,2375.0,2377.2,2371.2,2372.3,79393
2026-08-06 15:05:00,2372.4,2374.0,2368.5,2371.2,256510
2026-08-06 15:10:00,2371.5,2375.0,2369.0,2375.0,133916
2026-08-06 15:15:00,2374.9,2374.9,2374.9,2374.9,74
2026-08-06 15:20:00,2374.9,2374.9,2374.9,2374.9,0
2026-08-06 15:25:00,2374.9,2374.9,2373.0,2373.0,75735
2026-08-07 09:15:00,2375.0,2408.3,2375.0,2406.0,236999
2026-08-07 09:20:00,2406.7,2426.8,2406.0,2425.8,292530
2026-08-07 09:25:00,2425.6,2430.0,2420.9,2426.5,114716
2026-08-07 09:30:00,2425.3,2435.0,2423.0,2431.6,106359
2026-08-07 09:35:00,2430.4,2440.9,2428.3,2439.5,94344
2026-08-07 09:40:00,2439.8,2441.0,2435.0,2438.2,61456
2026-08-07 09:45:00,2438.8,2445.0,2437.3,2443.6,97301
2026-08-07 09:50:00,2444.2,2450.0,2443.4,2445.6,107540
2026-08-07 09:55:00,2446.3,2447.4,2441.0,2445.6,50464
2026-08-07 10:00:00,2445.7,2452.5,2445.3,2448.8,150340
2026-08-07 10:05:00,2448.9,2451.6,2440.2,2442.0,87594
2026-08-07 10:10:00,2442.0,2442.9,2437.5,2439.6,88881
2026-08-07 10:15:00,2439.8,2439.8,2432.1,2433.2,54391
2026-08-07 10:20:00,2433.5,2433.5,2426.3,2426.3,142596
2026-08-07 10:25:00,2426.5,2428.8,2424.0,2426.3,95775
2026-08-07 10:30:00,2426.2,2431.4,2425.3,2428.5,70668
2026-08-07 10:35:00,2428.6,2428.8,2423.2,2428.6,36298
2026-08-07 10:40:00,2428.6,2428.8,2421.7,2426.6,130684
2026-08-07 10:45:00,2426.7,2428.8,2423.8,2424.8,39509
2026-08-07 10:50:00,2424.8,2428.2,2423.6,2427.9,25951
2026-08-07 10:55:00,2427.9,2428.7,2424.2,2426.3,116501
2026-08-07 11:00:00,2426.2,2427.0,2424.5,2424.5,16994
2026-08-07 11:05:00,2424.6,2427.0,2423.4,2427.0,237198
2026-08-07 11:10:00,2426.9,2430.0,2426.5,2429.9,48897
2026-08-07 11:15:00,2429.9,2433.6,2429.1,2430.9,79225
2026-08-07 11:20:00,2431.0,2431.0,2426.8,2429.9,24928
2026-08-07 11:25:00,2429.9,2435.0,2429.3,2435.0,26945
2026-08-07 11:30:00,2435.0,2438.0,2434.5,2436.0,31839
2026-08-07 11:35:00,2436.0,2438.0,2435.5,2436.8,27550
2026-08-07 11:40:00,2436.0,2438.5,2434.0,2437.7,20306
2026-08-07 11:45:00,2437.6,2438.0,2433.6,2434.5,20110
2026-08-07 11:50:00,2434.5,2435.5,2433.0,2434.2,18631
2026-08-07 11:55:00,2434.2,2435.6,2432.1,2432.9,15818
2026-08-07 12:00:00,2432.9,2436.2,2431.6,2435.0,18934
2026-08-07 12:05:00,2435.2,2435.5,2432.7,2434.7,10978
2026-08-07 12:10:00,2434.7,2436.0,2433.0,2435.2,17121
2026-08-07 12:15:00,2435.2,2435.3,2431.3,2432.4,15983
2026-08-07 12:20:00,2432.4,2435.0,2432.0,2433.0,8541
2026-08-07 12:25:00,2433.1,2433.9,2431.3,2431.9,16843
2026-08-07 12:30:00,2431.9,2432.9,2430.3,2431.8,11600
2026-08-07 12:35:00,2431.8,2433.4,2430.5,2432.7,11246
2026-08-07 12:40:00,2432.2,2432.7,2430.8,2431.3,9007
2026-08-07 12:45:00,2431.2,2431.5,2429.6,2431.4,18367
2026-08-07 12:50:00,2431.4,2434.9,2430.5,2434.0,16672
2026-08-07 12:55:00,2433.9,2434.0,2430.5,2433.8,19214
2026-08-07 13:00:00,2433.9,2437.7,2432.1,2436.5,27765
2026-08-07 13:05:00,2436.5,2440.0,2435.9,2437.8,46209
2026-08-07 13:10:00,2437.8,2438.5,2433.5,2434.8,26214
2026-08-07 13:15:00,2434.8,2439.9,2434.8,2436.4,20727
2026-08-07 13:20:00,2436.4,2439.3,2435.0,2438.8,25166
2026-08-07 13:25:00,2438.8,2445.0,2438.4,2444.5,84252
2026-08-07 13:30:00,2444.5,2453.4,2444.0,2447.0,226280
2026-08-07 13:35:00,2447.2,2451.6,2446.1,2448.6,40169
2026-08-07 13:40:00,2449.0,2449.7,2447.2,2448.0,21977
2026-08-07 13:45:00,2448.1,2448.1,2444.5,2447.2,45183
2026-08-07 13:50:00,2447.2,2448.6,2446.6,2447.5,17881
2026-08-07 13:55:00,2447.6,2449.5,2446.8,2448.9,32889
2026-08-07 14:00:00,2449.0,2449.0,2446.0,2447.6,23991
2026-08-07 14:05:00,2447.8,2447.9,2445.8,2447.1,26877
2026-08-07 14:10:00,2447.3,2447.3,2444.8,2445.8,27101
2026-08-07 14:15:00,2445.9,2448.9,2444.1,2447.8,35636
2026-08-07 14:20:00,2448.2,2448.6,2444.4,2446.5,31648
2026-08-07 14:25:00,2446.6,2447.0,2445.0,2445.6,23046
2026-08-07 14:30:00,2445.5,2448.2,2444.9,2447.7,24920
2026-08-07 14:35:00,2447.8,2447.9,2446.1,2447.0,19871
2026-08-07 14:40:00,2446.8,2449.0,2446.0,2446.9,48837
2026-08-07 14:45:00,2447.0,2447.0,2445.0,2446.7,39215
2026-08-07 14:50:00,2446.7,2446.9,2444.3,2446.4,35431
2026-08-07 14:55:00,2446.4,2447.1,2446.0,2447.0,37141
2026-08-07 15:00:00,2447.0,2448.9,2446.4,2448.2,70527
2026-08-07 15:05:00,2448.2,2455.8,2447.5,2455.0,247040
2026-08-07 15:10:00,2455.2,2457.7,2451.1,2455.0,209931
2026-08-07 15:15:00,2455.0,2455.0,2455.0,2455.0,297
2026-08-07 15:20:00,2455.0,2455.0,2455.0,2455.0,0
2026-08-07 15:25:00,2455.0,2455.0,2452.7,2452.7,67666
2026-08-10 09:15:00,2452.7,2456.0,2443.8,2454.9,146278
2026-08-10 09:20:00,2455.0,2456.1,2449.1,2452.7,66264
2026-08-10 09:25:00,2452.9,2461.3,2452.2,2458.8,47637
2026-08-10 09:30:00,2459.0,2463.7,2453.9,2455.0,76166
2026-08-10 09:35:00,2454.9,2457.3,2451.5,2456.8,52573
2026-08-10 09:40:00,2456.8,2457.3,2452.5,2452.6,23693
2026-08-10 09:45:00,2452.6,2454.4,2448.2,2452.8,44875
2026-08-10 09:50:00,2452.8,2459.5,2447.0,2455.9,55043
2026-08-10 09:55:00,2455.9,2468.4,2450.0,2463.7,76937
2026-08-10 10:00:00,2464.2,2464.9,2458.0,2462.0,24883
2026-08-10 10:05:00,2461.9,2462.9,2457.0,2459.8,21330
2026-08-10 10:10:00,2459.0,2461.7,2457.9,2457.9,15253
2026-08-10 10:15:00,2457.8,2460.9,2457.8,2460.9,25455
2026-08-10 10:20:00,2460.8,2470.9,2459.5,2469.5,56903
2026-08-10 10:25:00,2469.0,2472.9,2466.0,2467.3,71739
2026-08-10 10:30:00,2467.0,2469.9,2466.0,2467.5,28802
2026-08-10 10:35:00,2467.6,2469.0,2466.1,2467.0,24696
2026-08-10 10:40:00,2467.0,2467.0,2465.3,2465.7,12046
2026-08-10 10:45:00,2465.6,2467.8,2464.3,2464.8,28281
2026-08-10 10:50:00,2464.8,2464.8,2462.0,2462.8,14298
2026-08-10 10:55:00,2462.8,2462.8,2459.3,2461.9,24861
2026-08-10 11:00:00,2461.9,2462.7,2460.0,2461.9,14679
2026-08-10 11:05:00,2461.9,2462.5,2459.0,2460.8,18848
2026-08-10 11:10:00,2460.7,2461.0,2455.3,2459.7,35113
2026-08-10 11:15:00,2459.7,2461.5,2458.2,2460.5,20752
2026-08-10 11:20:00,2460.3,2463.6,2459.5,2463.5,27388
2026-08-10 11:25:00,2463.3,2466.2,2461.5,2461.5,36564
2026-08-10 11:30:00,2461.8,2461.9,2458.0,2458.7,20249
2026-08-10 11:35:00,2458.9,2460.4,2456.6,2458.5,59882
2026-08-10 11:40:00,2458.8,2459.7,2451.8,2452.9,38958
2026-08-10 11:45:00,2453.0,2453.0,2445.0,2447.0,47845
2026-08-10 11:50:00,2446.5,2450.2,2445.4,2445.8,30789
2026-08-10 11:55:00,2445.5,2446.8,2443.0,2444.3,29949
2026-08-10 12:00:00,2444.7,2446.8,2443.5,2445.9,14785
2026-08-10 12:05:00,2446.2,2446.8,2443.3,2445.6,17772
2026-08-10 12:10:00,2445.7,2450.7,2444.5,2450.5,24574
2026-08-10 12:15:00,2450.3,2450.7,2447.6,2448.2,14459
2026-08-10 12:20:00,2448.2,2448.8,2441.0,2441.9,29112
2026-08-10 12:25:00,2441.9,2444.5,2440.0,2440.3,20937
2026-08-10 12:30:00,2440.6,2442.6,2440.0,2441.5,37922
2026-08-10 12:35:00,2441.5,2442.3,2437.4,2438.4,34940
2026-08-10 12:40:00,2438.8,2440.0,2436.3,2437.5,26597
2026-08-10 12:45:00,2437.0,2439.2,2436.9,2438.6,11264
2026-08-10 12:50:00,2438.6,2440.5,2438.0,2438.9,12697
2026-08-10 12:55:00,2438.9,2439.0,2436.3,2436.9,11182
2026-08-10 13:00:00,2436.9,2438.0,2435.1,2438.0,19393
2026-08-10 13:05:00,2438.0,2441.1,2437.2,2438.1,18910
2026-08-10 13:10:00,2437.8,2438.5,2436.0,2436.9,17854
2026-08-10 13:15:00,2436.9,2438.8,2435.3,2436.6,13534
2026-08-10 13:20:00,2436.1,2436.5,2435.0,2436.5,8139
2026-08-10 13:25:00,2435.9,2441.9,2435.9,2441.2,25966
2026-08-10 13:30:00,2441.1,2442.4,2440.0,2442.0,13425
2026-08-10 13:35:00,2441.6,2442.0,2440.0,2440.3,9239
2026-08-10 13:40:00,2440.4,2444.0,2440.0,2442.9,43609
2026-08-10 13:45:00,2442.7,2443.2,2441.5,2442.2,15510
2026-08-10 13:50:00,2442.2,2442.7,2440.7,2442.4,15025
2026-08-10 13:55:00,2442.4,2442.5,2440.1,2440.5,11129
2026-08-10 14:00:00,2440.7,2442.0,2438.8,2439.9,40052
2026-08-10 14:05:00,2439.9,2440.0,2437.5,2438.3,9547
2026-08-10 14:10:00,2438.4,2438.8,2435.0,2437.1,24720
2026-08-10 14:15:00,2437.1,2440.2,2436.6,2438.8,27376
2026-08-10 14:20:00,2438.8,2441.9,2438.6,2441.4,14063
2026-08-10 14:25:00,2441.1,2443.4,2438.4,2440.6,27508
2026-08-10 14:30:00,2440.5,2441.4,2436.7,2436.7,16299
2026-08-10 14:35:00,2436.3,2436.9,2435.2,2436.0,20877
2026-08-10 14:40:00,2435.2,2436.3,2434.0,2435.0,22177
2026-08-10 14:45:00,2434.7,2435.6,2432.1,2433.4,36438
2026-08-10 14:50:00,2433.7,2435.7,2433.2,2435.0,19664
2026-08-10 14:55:00,2435.3,2439.9,2435.3,2437.8,55620
2026-08-10 15:00:00,2437.8,2438.0,2433.1,2433.1,35743
2026-08-10 15:05:00,2434.4,2435.3,2427.0,2427.5,64398
2026-08-10 15:10:00,2428.6,2431.8,2423.5,2431.4,54005
2026-08-10 15:15:00,2431.4,2431.4,2431.4,2431.4,532
2026-08-10 15:20:00,2431.4,2431.4,2431.4,2431.4,0
2026-08-10 15:25:00,2431.4,2431.4,2425.7,2425.7,51309
2026-08-11 09:15:00,2438.0,2456.6,2431.1,2452.0,121789
2026-08-11 09:20:00,2453.6,2453.6,2444.4,2445.1,43201
2026-08-11 09:25:00,2445.1,2447.6,2443.0,2444.9,56317
2026-08-11 09:30:00,2445.9,2447.2,2442.8,2447.0,22382
2026-08-11 09:35:00,2446.4,2447.0,2438.5,2439.1,25437
2026-08-11 09:40:00,2438.0,2439.1,2433.4,2435.3,31013
2026-08-11 09:45:00,2436.0,2436.5,2433.0,2434.8,15096
2026-08-11 09:50:00,2434.5,2437.9,2434.5,2437.0,13020
2026-08-11 09:55:00,2437.8,2439.5,2432.1,2438.5,26228
2026-08-11 10:00:00,2438.6,2439.6,2432.6,2438.7,43897
2026-08-11 10:05:00,2438.0,2438.4,2430.8,2435.0,31685
2026-08-11 10:10:00,2435.9,2435.9,2430.8,2432.5,10960
2026-08-11 10:15:00,2432.4,2434.0,2430.0,2430.1,13637
2026-08-11 10:20:00,2429.8,2435.2,2428.0,2434.4,30188
2026-08-11 10:25:00,2434.5,2435.4,2433.3,2434.3,10656
2026-08-11 10:30:00,2434.2,2435.1,2433.2,2435.1,6058
2026-08-11 10:35:00,2435.1,2435.6,2434.0,2434.9,9336
2026-08-11 10:40:00,2434.9,2436.3,2434.0,2435.9,12007
2026-08-11 10:45:00,2435.8,2435.9,2433.6,2433.9,9446
2026-08-11 10:50:00,2434.1,2434.8,2431.7,2434.0,9891
2026-08-11 10:55:00,2434.0,2436.5,2433.9,2436.5,8386
2026-08-11 11:00:00,2436.0,2436.7,2431.1,2431.9,4645
2026-08-11 11:05:00,2431.4,2432.7,2430.5,2430.8,7170
2026-08-11 11:10:00,2431.3,2433.4,2430.3,2432.9,7779
2026-08-11 11:15:00,2432.9,2433.7,2431.1,2431.6,5764
2026-08-11 11:20:00,2432.4,2435.3,2431.5,2434.2,9014
2026-08-11 11:25:00,2434.4,2434.6,2431.8,2432.9,6139
2026-08-11 11:30:00,2432.9,2437.0,2431.2,2435.8,8285
2026-08-11 11:35:00,2435.4,2438.3,2431.1,2437.5,23561
2026-08-11 11:40:00,2437.2,2443.8,2433.9,2441.9,34536
2026-08-11 11:45:00,2441.0,2443.2,2438.9,2441.8,21598
2026-08-11 11:50:00,2441.8,2441.9,2438.8,2439.7,9504
2026-08-11 11:55:00,2439.9,2440.1,2437.6,2439.6,9208
2026-08-11 12:00:00,2439.5,2439.9,2438.1,2438.3,3651
2026-08-11 12:05:00,2438.9,2438.9,2436.9,2438.0,6840
2026-08-11 12:10:00,2437.9,2442.4,2437.5,2442.3,25837
2026-08-11 12:15:00,2441.6,2442.1,2438.9,2438.9,12732
2026-08-11 12:20:00,2438.9,2441.4,2437.0,2437.6,22774
2026-08-11 12:25:00,2437.8,2439.6,2437.2,2439.0,13254
2026-08-11 12:30:00,2438.7,2441.3,2438.7,2440.0,6575
2026-08-11 12:35:00,2439.3,2440.6,2436.8,2436.8,6226
2026-08-11 12:40:00,2438.6,2439.6,2436.8,2438.7,12684
2026-08-11 12:45:00,2438.4,2439.6,2436.3,2437.0,3699
2026-08-11 12:50:00,2437.1,2438.0,2436.0,2437.4,7517
2026-08-11 12:55:00,2437.4,2437.7,2434.1,2437.1,23450
2026-08-11 13:00:00,2437.0,2440.9,2435.9,2440.5,12756
2026-08-11 13:05:00,2440.6,2441.0,2438.1,2440.4,10597
2026-08-11 13:10:00,2440.4,2441.6,2439.1,2441.0,6946
2026-08-11 13:15:00,2440.8,2443.6,2439.2,2442.5,15326
2026-08-11 13:20:00,2442.5,2442.5,2439.0,2440.6,12844
2026-08-11 13:25:00,2440.6,2441.8,2439.5,2440.0,16686
2026-08-11 13:30:00,2440.8,2442.6,2438.4,2442.0,12144
2026-08-11 13:35:00,2442.0,2442.6,2440.7,2441.6,5031
2026-08-11 13:40:00,2441.6,2442.7,2440.5,2441.5,8236
2026-08-11 13:45:00,2441.5,2441.8,2440.4,2440.9,9178
2026-08-11 13:50:00,2441.4,2441.4,2440.0,2441.0,5376
2026-08-11 13:55:00,2441.0,2441.1,2439.3,2441.1,10699
2026-08-11 14:00:00,2440.3,2441.8,2439.2,2439.9,7782
2026-08-11 14:05:00,2439.4,2441.0,2437.0,2440.0,28989
2026-08-11 14:10:00,2440.9,2441.0,2439.2,2440.0,7814
2026-08-11 14:15:00,2440.0,2440.8,2437.1,2440.4,19983
2026-08-11 14:20:00,2440.5,2441.6,2439.6,2440.0,13671
2026-08-11 14:25:00,2440.0,2441.1,2437.8,2440.3,24055
2026-08-11 14:30:00,2440.0,2441.0,2438.7,2440.0,10646
2026-08-11 14:35:00,2440.8,2441.4,2437.8,2438.0,25860
2026-08-11 14:40:00,2438.7,2440.6,2438.0,2439.3,13759
2026-08-11 14:45:00,2439.3,2439.9,2438.0,2438.8,11732
2026-08-11 14:50:00,2439.7,2439.9,2438.1,2438.1,11580
2026-08-11 14:55:00,2438.9,2440.1,2436.7,2440.1,40038
2026-08-11 15:00:00,2440.0,2440.3,2435.2,2439.7,51099
2026-08-11 15:05:00,2439.7,2442.0,2435.0,2440.5,111944
2026-08-11 15:10:00,2440.5,2445.4,2434.9,2442.1,95534
2026-08-11 15:15:00,2442.1,2442.1,2442.1,2442.1,0
2026-08-11 15:20:00,2442.1,2442.1,2442.1,2442.1,0
2026-08-11 15:25:00,2442.1,2442.1,2442.1,2442.1,0
2026-08-12 09:15:00,2445.7,2445.8,2424.5,2432.4,87532
2026-08-12 09:20:00,2433.1,2435.3,2430.8,2435.0,77382
2026-08-12 09:25:00,2435.2,2437.8,2431.5,2437.8,31077
2026-08-12 09:30:00,2438.2,2439.4,2436.0,2436.3,15032
2026-08-12 09:35:00,2436.9,2437.5,2431.0,2434.1,16436
2026-08-12 09:40:00,2434.1,2437.1,2434.1,2436.0,19835
2026-08-12 09:45:00,2436.0,2438.1,2425.9,2426.8,36024
2026-08-12 09:50:00,2426.9,2429.8,2426.0,2428.1,17517
2026-08-12 09:55:00,2429.0,2429.0,2426.0,2426.2,14848
2026-08-12 10:00:00,2426.4,2426.5,2420.8,2422.0,26576
2026-08-12 10:05:00,2421.8,2422.6,2419.0,2420.0,21369
2026-08-12 10:10:00,2420.0,2420.3,2416.5,2417.8,18191
2026-08-12 10:15:00,2417.2,2418.9,2415.5,2417.2,18595
2026-08-12 10:20:00,2416.5,2417.6,2416.0,2416.4,13295
2026-08-12 10:25:00,2416.4,2418.9,2411.0,2411.0,25219
2026-08-12 10:30:00,2411.2,2413.8,2410.0,2410.9,18085
2026-08-12 10:35:00,2410.7,2413.3,2410.1,2412.4,14409
2026-08-12 10:40:00,2412.2,2412.3,2405.0,2406.4,30457
2026-08-12 10:45:00,2406.6,2406.6,2395.6,2396.7,51759
2026-08-12 10:50:00,2396.5,2397.1,2389.2,2393.2,61081
2026-08-12 10:55:00,2393.5,2393.8,2337.3,2345.2,474951
2026-08-12 11:00:00,2345.2,2359.6,2327.2,2331.0,339538
2026-08-12 11:05:00,2331.0,2355.5,2322.0,2342.4,507815
2026-08-12 11:10:00,2342.4,2354.0,2338.0,2346.3,256363
2026-08-12 11:15:00,2346.4,2347.5,2338.2,2347.5,137205
2026-08-12 11:20:00,2347.4,2350.0,2344.2,2344.5,127564
2026-08-12 11:25:00,2344.8,2349.6,2341.5,2343.6,82399
2026-08-12 11:30:00,2343.5,2349.5,2340.3,2348.9,51485
2026-08-12 11:35:00,2349.0,2350.0,2345.0,2348.2,42108
2026-08-12 11:40:00,2348.1,2355.0,2346.6,2351.4,89863
2026-08-12 11:45:00,2351.5,2354.3,2348.3,2349.1,61327
2026-08-12 11:50:00,2349.1,2350.0,2317.1,2319.7,285471
2026-08-12 11:55:00,2319.5,2324.4,2301.1,2302.3,272695
2026-08-12 12:00:00,2302.8,2316.0,2301.0,2303.1,498557
2026-08-12 12:05:00,2304.7,2310.7,2300.1,2307.1,138139
2026-08-12 12:10:00,2307.4,2316.0,2304.3,2315.0,151727
2026-08-12 12:15:00,2315.1,2322.3,2315.0,2321.6,88503
2026-08-12 12:20:00,2321.6,2326.2,2316.8,2325.5,111339
2026-08-12 12:25:00,2325.5,2325.8,2315.6,2317.8,74458
2026-08-12 12:30:00,2317.8,2324.2,2316.7,2323.3,45575
2026-08-12 12:35:00,2323.3,2332.7,2322.0,2331.7,106966
2026-08-12 12:40:00,2331.7,2336.7,2328.0,2332.3,180096
2026-08-12 12:45:00,2332.1,2336.0,2326.0,2335.1,83242
2026-08-12 12:50:00,2335.1,2336.6,2330.1,2336.0,81496
2026-08-12 12:55:00,2336.1,2336.5,2316.9,2317.3,227775
2026-08-12 13:00:00,2317.1,2321.6,2316.6,2320.0,99866
2026-08-12 13:05:00,2320.0,2323.9,2318.2,2323.0,53244
2026-08-12 13:10:00,2323.0,2325.6,2322.6,2325.2,55167
2026-08-12 13:15:00,2325.2,2327.2,2324.1,2324.7,56542
2026-08-12 13:20:00,2324.9,2326.3,2322.9,2323.4,27754
2026-08-12 13:25:00,2323.4,2325.5,2322.2,2323.8,51780
2026-08-12 13:30:00,2323.9,2324.1,2320.4,2322.0,34551
2026-08-12 13:35:00,2322.1,2324.7,2321.0,2321.7,30657
2026-08-12 13:40:00,2321.9,2325.0,2320.0,2324.6,63389
2026-08-12 13:45:00,2324.6,2325.3,2322.3,2323.8,28611
2026-08-12 13:50:00,2323.8,2324.0,2320.0,2322.0,34173
2026-08-12 13:55:00,2322.0,2325.0,2321.1,2325.0,37943
2026-08-12 14:00:00,2324.8,2329.7,2324.5,2326.9,50284
2026-08-12 14:05:00,2326.9,2328.0,2326.4,2327.1,27483
2026-08-12 14:10:00,2326.7,2329.3,2325.0,2327.5,87269
2026-08-12 14:15:00,2327.5,2334.6,2327.3,2333.2,70284
2026-08-12 14:20:00,2333.2,2335.2,2328.9,2329.2,64016
2026-08-12 14:25:00,2329.3,2335.1,2329.2,2333.4,108767
2026-08-12 14:30:00,2333.7,2338.2,2332.6,2333.1,108876
2026-08-12 14:35:00,2332.7,2336.0,2332.0,2334.0,58921
2026-08-12 14:40:00,2334.2,2340.4,2334.0,2336.0,96621
2026-08-12 14:45:00,2336.2,2337.1,2332.5,2334.1,47630
2026-08-12 14:50:00,2334.2,2340.5,2332.5,2340.0,98947
2026-08-12 14:55:00,2340.0,2341.4,2336.1,2336.6,64425
2026-08-12 15:00:00,2336.5,2341.0,2335.4,2340.0,99649
2026-08-12 15:05:00,2340.0,2342.0,2335.1,2338.4,117058
2026-08-12 15:10:00,2338.3,2341.2,2337.0,2339.0,133648
2026-08-12 15:15:00,2339.0,2339.0,2339.0,2339.0,0
2026-08-12 15:20:00,2339.0,2339.0,2339.0,2339.0,0
2026-08-12 15:25:00,2339.0,2349.7,2339.0,2349.7,68004
2026-08-13 09:15:00,2349.7,2354.5,2332.3,2339.0,102801
2026-08-13 09:20:00,2339.9,2345.1,2338.6,2342.0,50345
2026-08-13 09:25:00,2342.9,2349.5,2341.0,2348.8,29653
2026-08-13 09:30:00,2349.0,2349.4,2344.0,2348.4,39751
2026-08-13 09:35:00,2347.1,2348.8,2345.8,2346.6,21145
2026-08-13 09:40:00,2346.6,2348.5,2343.5,2347.0,30404
2026-08-13 09:45:00,2347.4,2347.4,2345.0,2345.4,10269
2026-08-13 09:50:00,2345.4,2345.4,2341.1,2343.5,26042
2026-08-13 09:55:00,2343.7,2343.7,2341.0,2341.0,10451
2026-08-13 10:00:00,2341.5,2341.8,2337.8,2338.0,24123
2026-08-13 10:05:00,2338.9,2345.2,2338.0,2343.2,16039
2026-08-13 10:10:00,2343.2,2346.0,2340.0,2345.0,18834
2026-08-13 10:15:00,2345.2,2345.9,2343.0,2344.4,5473
2026-08-13 10:20:00,2344.9,2345.7,2335.1,2340.3,41785
2026-08-13 10:25:00,2341.0,2342.5,2340.2,2340.4,8743
2026-08-13 10:30:00,2340.4,2342.5,2339.8,2342.4,8397
2026-08-13 10:35:00,2342.4,2343.9,2341.8,2343.4,7339
2026-08-13 10:40:00,2343.4,2344.6,2342.2,2343.1,6807
2026-08-13 10:45:00,2343.3,2347.0,2343.0,2345.9,14552
2026-08-13 10:50:00,2346.0,2346.9,2344.2,2345.5,19485
2026-08-13 10:55:00,2345.9,2346.3,2344.1,2345.9,10364
2026-08-13 11:00:00,2346.0,2346.0,2344.0,2345.6,8965
2026-08-13 11:05:00,2345.6,2347.4,2342.5,2345.9,22147
2026-08-13 11:10:00,2345.9,2346.5,2343.7,2346.5,8569
2026-08-13 11:15:00,2345.9,2347.9,2345.9,2347.7,8602
2026-08-13 11:20:00,2347.9,2349.0,2346.6,2349.0,8167
2026-08-13 11:25:00,2349.0,2351.2,2345.0,2346.5,60900
2026-08-13 11:30:00,2346.5,2347.4,2345.2,2347.2,26302
2026-08-13 11:35:00,2347.2,2347.9,2346.0,2347.0,8548
2026-08-13 11:40:00,2347.4,2350.9,2347.0,2349.8,16420
2026-08-13 11:45:00,2348.0,2357.8,2347.7,2354.4,60020
2026-08-13 11:50:00,2354.9,2362.3,2354.8,2360.0,53051
2026-08-13 11:55:00,2360.0,2367.0,2359.2,2365.4,62598
2026-08-13 12:00:00,2365.5,2369.9,2365.0,2365.8,49513
2026-08-13 12:05:00,2365.9,2368.0,2363.6,2364.4,35504
2026-08-13 12:10:00,2365.0,2365.0,2360.1,2360.8,21869
2026-08-13 12:15:00,2361.0,2361.9,2360.0,2360.0,15461
2026-08-13 12:20:00,2360.1,2363.0,2357.5,2362.8,47586
2026-08-13 12:25:00,2362.8,2363.0,2360.0,2360.8,11708
2026-08-13 12:30:00,2360.8,2364.9,2360.0,2364.9,16110
2026-08-13 12:35:00,2364.4,2364.4,2360.1,2362.0,18880
2026-08-13 12:40:00,2362.0,2363.0,2360.7,2361.3,11712
2026-08-13 12:45:00,2362.4,2365.8,2361.0,2362.1,24168
2026-08-13 12:50:00,2363.2,2364.6,2360.3,2363.2,23548
2026-08-13 12:55:00,2363.3,2363.8,2361.5,2363.4,6394
2026-08-13 13:00:00,2363.5,2363.5,2360.5,2361.2,9419
2026-08-13 13:05:00,2361.6,2363.4,2360.3,2360.3,38547
2026-08-13 13:10:00,2361.2,2364.8,2358.0,2364.0,64294
2026-08-13 13:15:00,2364.8,2367.5,2362.0,2364.7,33973
2026-08-13 13:20:00,2365.6,2368.0,2364.5,2367.7,23147
2026-08-13 13:25:00,2367.7,2367.9,2366.2,2367.5,12578
2026-08-13 13:30:00,2367.7,2367.9,2365.0,2365.2,11586
2026-08-13 13:35:00,2366.1,2369.7,2365.2,2369.4,18969
2026-08-13 13:40:00,2369.3,2372.6,2367.7,2371.5,28777
2026-08-13 13:45:00,2371.5,2372.0,2369.3,2370.5,26079
2026-08-13 13:50:00,2371.0,2373.0,2369.8,2372.0,21574
2026-08-13 13:55:00,2373.0,2374.9,2373.0,2373.9,29909
2026-08-13 14:00:00,2373.9,2374.0,2367.4,2370.0,24029
2026-08-13 14:05:00,2370.0,2370.9,2366.1,2366.4,20555
2026-08-13 14:10:00,2366.8,2368.0,2363.6,2365.9,16155
2026-08-13 14:15:00,2366.7,2368.7,2365.8,2367.9,14994
2026-08-13 14:20:00,2368.3,2370.5,2367.2,2367.4,34284
2026-08-13 14:25:00,2367.5,2367.5,2364.0,2365.6,51721
2026-08-13 14:30:00,2365.7,2367.2,2365.0,2365.0,18472
2026-08-13 14:35:00,2365.5,2365.5,2362.1,2363.0,27338
2026-08-13 14:40:00,2363.2,2363.4,2358.0,2358.0,31693
2026-08-13 14:45:00,2357.9,2358.2,2355.0,2355.8,48235
2026-08-13 14:50:00,2355.9,2361.9,2355.8,2361.0,76676
2026-08-13 14:55:00,2361.5,2364.4,2360.0,2363.3,42005
2026-08-13 15:00:00,2364.0,2370.0,2362.6,2369.0,52521
2026-08-13 15:05:00,2368.2,2370.0,2364.3,2366.5,56587
2026-08-13 15:10:00,2366.1,2369.7,2364.0,2367.0,67539
2026-08-13 15:15:00,2367.0,2367.0,2367.0,2367.0,0
2026-08-13 15:20:00,2367.0,2367.0,2367.0,2367.0,0
2026-08-13 15:25:00,2367.0,2375.0,2367.0,2375.0,72374
2026-08-14 09:15:00,2375.1,2390.0,2365.4,2369.0,122982
2026-08-14 09:20:00,2369.7,2371.1,2363.4,2366.5,82705
2026-08-14 09:25:00,2365.1,2366.7,2362.8,2363.8,26946
2026-08-14 09:30:00,2364.1,2371.0,2363.4,2368.6,23523
2026-08-14 09:35:00,2368.6,2369.4,2366.0,2366.3,18491
2026-08-14 09:40:00,2366.0,2366.8,2360.0,2361.4,27631
2026-08-14 09:45:00,2361.9,2363.0,2360.2,2360.7,16762
2026-08-14 09:50:00,2360.2,2360.6,2357.8,2357.8,17053
2026-08-14 09:55:00,2357.8,2365.0,2357.5,2363.2,21447
2026-08-14 10:00:00,2364.0,2367.2,2363.0,2364.1,15380
2026-08-14 10:05:00,2364.1,2365.2,2360.1,2364.3,10274
2026-08-14 10:10:00,2364.7,2365.4,2361.4,2362.7,9988
2026-08-14 10:15:00,2362.5,2367.0,2360.8,2362.5,11631
2026-08-14 10:20:00,2362.2,2366.2,2362.0,2364.3,9437
2026-08-14 10:25:00,2364.8,2366.0,2364.0,2365.7,5449
2026-08-14 10:30:00,2365.7,2366.0,2359.2,2364.5,16434
2026-08-14 10:35:00,2364.3,2366.8,2364.0,2365.9,8359
2026-08-14 10:40:00,2365.8,2366.0,2363.5,2365.0,6677
2026-08-14 10:45:00,2365.0,2365.0,2363.0,2364.0,5569
2026-08-14 10:50:00,2364.0,2364.0,2358.0,2358.0,10233
2026-08-14 10:55:00,2358.5,2358.5,2335.0,2336.0,83215
2026-08-14 11:00:00,2336.9,2346.7,2335.5,2344.1,44383
2026-08-14 11:05:00,2344.2,2344.3,2333.4,2340.0,43989
2026-08-14 11:10:00,2340.0,2346.4,2339.7,2344.9,17843
2026-08-14 11:15:00,2344.1,2346.3,2343.6,2345.9,10664
2026-08-14 11:20:00,2345.5,2348.7,2343.9,2345.0,18040
2026-08-14 11:25:00,2344.9,2346.5,2343.6,2345.0,11862
2026-08-14 11:30:00,2345.2,2348.0,2344.1,2347.0,14124
2026-08-14 11:35:00,2347.0,2347.9,2344.7,2347.2,8057
2026-08-14 11:40:00,2346.8,2348.4,2344.6,2348.0,6815
2026-08-14 11:45:00,2348.0,2350.0,2343.0,2344.0,67181
2026-08-14 11:50:00,2344.0,2344.9,2340.0,2344.8,93545
2026-08-14 11:55:00,2344.8,2345.7,2340.8,2341.9,30170
2026-08-14 12:00:00,2341.9,2341.9,2338.7,2338.7,35756
2026-08-14 12:05:00,2339.9,2353.9,2339.9,2352.9,81290
2026-08-14 12:10:00,2352.7,2357.0,2351.3,2351.7,20650
2026-08-14 12:15:00,2351.6,2354.8,2351.0,2354.1,11557
2026-08-14 12:20:00,2354.5,2355.0,2352.7,2354.7,9215
2026-08-14 12:25:00,2355.0,2356.0,2353.5,2355.6,6715
2026-08-14 12:30:00,2355.7,2356.0,2352.9,2352.9,5458
2026-08-14 12:35:00,2352.5,2357.4,2351.7,2356.0,18960
2026-08-14 12:40:00,2356.0,2357.5,2354.0,2355.9,11943
2026-08-14 12:45:00,2356.4,2365.6,2356.4,2364.0,45983
2026-08-14 12:50:00,2365.0,2365.5,2360.0,2360.0,35033
2026-08-14 12:55:00,2359.3,2360.5,2355.0,2355.2,36314
2026-08-14 13:00:00,2355.2,2355.8,2352.0,2352.3,26958
2026-08-14 13:05:00,2352.3,2353.4,2350.2,2351.4,28472
2026-08-14 13:10:00,2351.5,2354.8,2351.4,2353.0,29260
2026-08-14 13:15:00,2353.0,2358.1,2351.3,2352.7,66334
2026-08-14 13:20:00,2352.4,2354.0,2351.7,2352.4,22880
2026-08-14 13:25:00,2352.1,2352.9,2351.0,2351.9,21447
2026-08-14 13:30:00,2351.2,2352.9,2350.7,2352.2,23925
2026-08-14 13:35:00,2352.1,2355.0,2351.5,2355.0,24818
2026-08-14 13:40:00,2355.3,2356.4,2353.8,2355.5,29685
2026-08-14 13:45:00,2355.5,2360.0,2355.0,2358.2,40769
2026-08-14 13:50:00,2358.6,2359.6,2356.9,2357.4,26432
2026-08-14 13:55:00,2358.0,2358.0,2355.1,2356.3,21603
2026-08-14 14:00:00,2356.5,2357.1,2354.8,2356.0,25607
2026-08-14 14:05:00,2355.2,2359.0,2354.4,2354.6,35057
2026-08-14 14:10:00,2354.6,2356.0,2354.1,2355.1,23295
2026-08-14 14:15:00,2355.1,2356.0,2354.0,2355.0,23139
2026-08-14 14:20:00,2355.0,2355.9,2353.3,2354.8,25242
2026-08-14 14:25:00,2354.7,2356.0,2353.2,2353.8,25359
2026-08-14 14:30:00,2354.1,2355.2,2353.2,2354.3,25581
2026-08-14 14:35:00,2354.6,2355.7,2353.2,2354.3,24948
2026-08-14 14:40:00,2354.6,2355.1,2352.4,2352.9,23261
2026-08-14 14:45:00,2352.1,2354.1,2351.9,2353.5,28955
2026-08-14 14:50:00,2353.5,2359.9,2353.3,2359.4,52457
2026-08-14 14:55:00,2359.8,2360.0,2355.9,2356.1,47957
2026-08-14 15:00:00,2355.9,2360.0,2354.8,2357.0,45706
2026-08-14 15:05:00,2357.0,2357.9,2354.8,2355.5,84535
2026-08-14 15:10:00,2355.0,2360.0,2354.8,2356.0,65932
2026-08-14 15:15:00,2356.0,2356.0,2356.0,2356.0,0
2026-08-14 15:20:00,2356.0,2356.0,2356.0,2356.0,0
2026-08-14 15:25:00,2356.0,2361.0,2356.0,2361.0,52981
2026-08-17 09:15:00,2351.0,2361.1,2338.8,2340.9,76099
2026-08-17 09:20:00,2340.9,2340.9,2336.0,2336.1,55491
2026-08-17 09:25:00,2336.1,2336.1,2327.1,2329.4,48375
2026-08-17 09:30:00,2328.9,2329.1,2320.3,2327.9,98823
2026-08-17 09:35:00,2327.9,2334.1,2326.2,2332.2,34180
2026-08-17 09:40:00,2332.2,2338.9,2331.2,2333.1,38028
2026-08-17 09:45:00,2333.0,2333.3,2330.4,2331.9,19555
2026-08-17 09:50:00,2331.8,2332.9,2328.5,2328.7,23147
2026-08-17 09:55:00,2329.5,2330.4,2321.0,2321.5,36744
2026-08-17 10:00:00,2321.4,2324.7,2320.6,2323.0,38702
2026-08-17 10:05:00,2323.5,2325.5,2323.0,2323.0,17386
2026-08-17 10:10:00,2323.7,2323.9,2321.1,2323.6,15758
2026-08-17 10:15:00,2323.6,2325.7,2323.0,2324.0,9944
2026-08-17 10:20:00,2324.0,2324.0,2322.2,2323.0,9041
2026-08-17 10:25:00,2323.1,2325.6,2322.0,2324.9,11400
2026-08-17 10:30:00,2325.0,2330.1,2324.4,2326.3,33005
2026-08-17 10:35:00,2326.3,2331.8,2322.6,2329.3,64489
2026-08-17 10:40:00,2329.3,2329.3,2312.2,2313.7,84988
2026-08-17 10:45:00,2313.7,2316.6,2311.0,2315.5,19871
2026-08-17 10:50:00,2316.0,2316.4,2313.5,2315.2,19960
2026-08-17 10:55:00,2315.6,2316.6,2314.5,2316.2,13002
2026-08-17 11:00:00,2316.6,2318.7,2315.1,2318.4,14660
2026-08-17 11:05:00,2318.1,2318.3,2314.0,2315.0,23807
2026-08-17 11:10:00,2314.5,2318.6,2314.2,2318.0,12208
2026-08-17 11:15:00,2317.8,2319.1,2317.2,2317.6,16698
2026-08-17 11:20:00,2318.2,2318.2,2314.0,2314.9,14359
2026-08-17 11:25:00,2314.9,2317.0,2314.3,2315.6,11478
2026-08-17 11:30:00,2315.6,2318.2,2315.3,2317.9,11031
2026-08-17 11:35:00,2317.9,2319.5,2316.4,2317.4,22970
2026-08-17 11:40:00,2316.5,2319.5,2316.2,2319.5,10075
2026-08-17 11:45:00,2319.6,2325.4,2317.8,2324.2,67640
2026-08-17 11:50:00,2324.1,2327.5,2324.1,2325.8,23204
2026-08-17 11:55:00,2325.9,2328.2,2322.9,2325.8,29220
2026-08-17 12:00:00,2325.6,2326.0,2323.5,2323.7,14154
2026-08-17 12:05:00,2324.4,2327.0,2323.6,2325.9,20288
2026-08-17 12:10:00,2325.9,2327.8,2323.6,2327.0,24530
2026-08-17 12:15:00,2327.5,2329.0,2327.0,2327.0,28505
2026-08-17 12:20:00,2327.0,2329.2,2326.0,2328.7,21895
2026-08-17 12:25:00,2328.9,2329.6,2327.5,2329.0,31708
2026-08-17 12:30:00,2329.3,2329.3,2325.9,2326.2,15828
2026-08-17 12:35:00,2326.2,2328.7,2326.2,2328.2,8674
2026-08-17 12:40:00,2328.1,2328.4,2325.0,2326.2,33270
2026-08-17 12:45:00,2326.4,2328.8,2326.1,2326.5,9337
2026-08-17 12:50:00,2326.4,2328.2,2323.7,2325.5,18703
2026-08-17 12:55:00,2324.8,2325.3,2321.0,2321.5,22668
2026-08-17 13:00:00,2321.4,2323.8,2321.4,2322.3,18289
2026-08-17 13:05:00,2322.3,2324.0,2320.6,2321.4,24389
2026-08-17 13:10:00,2321.4,2323.8,2320.6,2323.0,19119
2026-08-17 13:15:00,2323.0,2324.9,2322.1,2322.5,19919
2026-08-17 13:20:00,2323.6,2323.8,2321.2,2322.3,16799
2026-08-17 13:25:00,2322.3,2323.2,2321.5,2321.8,14876
2026-08-17 13:30:00,2321.9,2322.7,2320.4,2321.0,22564
2026-08-17 13:35:00,2321.2,2321.2,2317.5,2317.5,36146
2026-08-17 13:40:00,2318.0,2320.0,2316.4,2317.9,51861
2026-08-17 13:45:00,2317.9,2322.4,2317.3,2321.4,22353
2026-08-17 13:50:00,2321.4,2322.5,2320.2,2320.2,28135
2026-08-17 13:55:00,2320.1,2321.0,2319.2,2319.9,21106
2026-08-17 14:00:00,2319.9,2322.1,2319.0,2320.0,24238
2026-08-17 14:05:00,2319.8,2321.3,2319.0,2319.8,16336
2026-08-17 14:10:00,2320.0,2321.0,2318.5,2318.5,14550
2026-08-17 14:15:00,2318.6,2320.7,2317.9,2320.0,19107
2026-08-17 14:20:00,2319.6,2320.3,2318.0,2318.7,18603
2026-08-17 14:25:00,2318.7,2319.7,2317.2,2317.4,22260
2026-08-17 14:30:00,2318.1,2320.4,2317.4,2320.0,21494
2026-08-17 14:35:00,2320.0,2320.6,2315.8,2316.8,43539
2026-08-17 14:40:00,2316.8,2319.4,2316.6,2317.1,25500
2026-08-17 14:45:00,2317.2,2318.4,2316.5,2316.5,16750
2026-08-17 14:50:00,2317.0,2317.8,2315.8,2316.8,39483
2026-08-17 14:55:00,2316.8,2317.0,2315.0,2315.1,33200
2026-08-17 15:00:00,2315.4,2317.5,2315.0,2316.0,30400
2026-08-17 15:05:00,2315.8,2316.6,2313.6,2315.5,64967
2026-08-17 15:10:00,2315.7,2317.3,2310.6,2314.1,210451
2026-08-17 15:15:00,2314.9,2314.9,2314.9,2314.9,36
2026-08-17 15:20:00,2314.9,2314.9,2314.9,2314.9,0
2026-08-17 15:25:00,2314.9,2314.9,2313.2,2313.2,58745
2026-08-18 09:15:00,2300.0,2307.0,2291.6,2292.3,114889
2026-08-18 09:20:00,2292.3,2300.1,2290.0,2294.5,55750
2026-08-18 09:25:00,2294.7,2299.8,2292.7,2295.6,50553
2026-08-18 09:30:00,2295.4,2295.6,2291.1,2293.0,38215
2026-08-18 09:35:00,2292.8,2297.9,2290.5,2291.5,26903
2026-08-18 09:40:00,2291.7,2294.9,2290.2,2294.9,19987
2026-08-18 09:45:00,2294.9,2294.9,2284.1,2291.5,53464
2026-08-18 09:50:00,2290.6,2291.5,2287.2,2289.0,27158
2026-08-18 09:55:00,2289.7,2290.8,2287.9,2289.9,10862
2026-08-18 10:00:00,2290.7,2291.9,2288.0,2290.9,17270
2026-08-18 10:05:00,2290.3,2290.3,2287.0,2287.2,19613
2026-08-18 10:10:00,2287.2,2290.0,2287.2,2289.8,14445
2026-08-18 10:15:00,2289.8,2291.5,2289.0,2289.7,7353
2026-08-18 10:20:00,2289.7,2294.0,2289.2,2292.4,23017
2026-08-18 10:25:00,2291.4,2297.0,2290.7,2295.2,17737
2026-08-18 10:30:00,2295.2,2298.1,2293.0,2296.9,18301
2026-08-18 10:35:00,2296.9,2297.7,2294.4,2295.1,20352
2026-08-18 10:40:00,2295.2,2297.5,2293.1,2293.4,22044
2026-08-18 10:45:00,2294.2,2296.6,2292.8,2294.2,16356
2026-08-18 10:50:00,2294.2,2295.9,2290.6,2291.5,11110
2026-08-18 10:55:00,2291.5,2293.2,2290.2,2293.0,16241
2026-08-18 11:00:00,2293.0,2293.5,2290.7,2292.0,11517
2026-08-18 11:05:00,2292.0,2293.1,2288.8,2289.4,15711
2026-08-18 11:10:00,2289.4,2290.0,2288.1,2289.2,9807
2026-08-18 11:15:00,2289.3,2290.6,2287.1,2288.3,12798
2026-08-18 11:20:00,2288.3,2289.7,2286.9,2288.2,10811
2026-08-18 11:25:00,2288.2,2288.3,2282.1,2284.0,82261
2026-08-18 11:30:00,2284.2,2290.0,2282.4,2289.1,26255
2026-08-18 11:35:00,2289.1,2289.5,2285.0,2285.0,16256
2026-08-18 11:40:00,2285.9,2287.7,2284.9,2286.0,13865
2026-08-18 11:45:00,2286.0,2287.4,2285.5,2286.8,11245
2026-08-18 11:50:00,2286.9,2287.9,2286.1,2286.2,10731
2026-08-18 11:55:00,2286.8,2290.0,2286.1,2289.8,20312
2026-08-18 12:00:00,2289.8,2289.8,2283.0,2284.0,23042
2026-08-18 12:05:00,2284.1,2285.3,2283.2,2284.9,9802
2026-08-18 12:10:00,2284.7,2285.7,2283.3,2283.9,18810
2026-08-18 12:15:00,2283.7,2284.9,2282.0,2282.4,28599
2026-08-18 12:20:00,2282.3,2285.2,2281.1,2284.4,16599
2026-08-18 12:25:00,2284.4,2285.2,2282.7,2284.0,10895
2026-08-18 12:30:00,2284.2,2287.0,2284.0,2286.5,17310
2026-08-18 12:35:00,2287.0,2288.8,2286.0,2287.0,9411
2026-08-18 12:40:00,2287.0,2288.0,2286.0,2286.7,5179
2026-08-18 12:45:00,2287.2,2288.8,2285.9,2288.8,9857
2026-08-18 12:50:00,2288.4,2288.6,2284.1,2284.1,20056
2026-08-18 12:55:00,2284.4,2285.8,2282.0,2282.2,15483
2026-08-18 13:00:00,2282.2,2282.7,2281.7,2282.1,11210
2026-08-18 13:05:00,2281.7,2286.9,2281.7,2286.0,14906
2026-08-18 13:10:00,2286.8,2288.2,2285.8,2287.8,10521
2026-08-18 13:15:00,2288.0,2288.8,2286.5,2286.5,8762
2026-08-18 13:20:00,2287.0,2289.0,2286.5,2288.2,18670
2026-08-18 13:25:00,2288.2,2290.0,2286.4,2290.0,27466
2026-08-18 13:30:00,2290.0,2290.5,2287.3,2287.9,14198
2026-08-18 13:35:00,2287.9,2288.0,2285.0,2285.3,11751
2026-08-18 13:40:00,2285.5,2287.4,2285.0,2285.6,10430
2026-08-18 13:45:00,2285.2,2286.8,2285.0,2285.4,8952
2026-08-18 13:50:00,2285.5,2285.8,2284.3,2285.3,13204
2026-08-18 13:55:00,2285.3,2285.8,2283.7,2284.4,17867
2026-08-18 14:00:00,2284.4,2285.8,2283.1,2285.8,18378
2026-08-18 14:05:00,2285.7,2286.0,2282.0,2284.3,26141
2026-08-18 14:10:00,2284.4,2284.4,2281.6,2281.6,10169
2026-08-18 14:15:00,2282.0,2283.8,2281.1,2282.4,6888
2026-08-18 14:20:00,2282.5,2284.4,2282.2,2283.9,10012
2026-08-18 14:25:00,2283.9,2285.5,2282.4,2284.8,14208
2026-08-18 14:30:00,2285.1,2292.5,2284.6,2292.0,53827
2026-08-18 14:35:00,2292.1,2292.6,2290.4,2291.0,26864
2026-08-18 14:40:00,2291.9,2293.2,2290.9,2292.6,15586
2026-08-18 14:45:00,2292.4,2292.8,2291.1,2291.1,17101
2026-08-18 14:50:00,2291.1,2292.7,2290.8,2291.8,18510
2026-08-18 14:55:00,2291.7,2293.4,2290.9,2292.0,29124
2026-08-18 15:00:00,2292.0,2294.8,2286.0,2286.5,47740
2026-08-18 15:05:00,2286.6,2289.0,2283.1,2284.0,79649
2026-08-18 15:10:00,2284.0,2285.9,2282.3,2284.0,89631
2026-08-18 15:15:00,2284.0,2284.0,2284.0,2284.0,171
2026-08-18 15:20:00,2284.0,2284.0,2284.0,2284.0,0
2026-08-18 15:25:00,2284.0,2284.0,2280.0,2280.0,117532
2026-08-19 09:15:00,2293.6,2308.2,2275.6,2279.2,341880
2026-08-19 09:20:00,2280.0,2280.2,2268.3,2278.0,148132
2026-08-19 09:25:00,2278.0,2289.0,2276.3,2288.1,128360
2026-08-19 09:30:00,2288.3,2288.9,2279.4,2279.5,63047
2026-08-19 09:35:00,2280.0,2288.0,2279.3,2287.7,62077
2026-08-19 09:40:00,2287.7,2287.7,2279.0,2281.0,50879
2026-08-19 09:45:00,2281.0,2281.5,2276.2,2279.1,58160
2026-08-19 09:50:00,2279.1,2281.1,2274.0,2279.3,51317
2026-08-19 09:55:00,2279.3,2279.6,2274.2,2275.7,40874
2026-08-19 10:00:00,2275.9,2276.6,2268.6,2271.7,60140
2026-08-19 10:05:00,2272.5,2273.0,2267.7,2268.1,44349
2026-08-19 10:10:00,2268.0,2269.0,2265.7,2267.0,54187
2026-08-19 10:15:00,2266.8,2268.2,2265.4,2266.8,35355
2026-08-19 10:20:00,2267.0,2267.4,2263.8,2265.0,35506
2026-08-19 10:25:00,2265.2,2265.2,2263.0,2263.9,36658
2026-08-19 10:30:00,2264.0,2265.0,2262.1,2263.4,49536
2026-08-19 10:35:00,2263.5,2268.0,2263.0,2265.0,46574
2026-08-19 10:40:00,2265.2,2267.9,2264.8,2267.5,34315
2026-08-19 10:45:00,2267.5,2269.1,2266.6,2268.5,41240
2026-08-19 10:50:00,2268.9,2269.5,2267.2,2267.2,25233
2026-08-19 10:55:00,2267.0,2267.2,2261.3,2261.3,52157
2026-08-19 11:00:00,2261.3,2262.2,2258.3,2260.0,62947
2026-08-19 11:05:00,2260.0,2263.8,2259.5,2262.7,26261
2026-08-19 11:10:00,2262.8,2266.7,2261.6,2265.9,34029
2026-08-19 11:15:00,2265.2,2266.9,2263.4,2265.8,24450
2026-08-19 11:20:00,2265.8,2268.4,2265.0,2267.7,38031
2026-08-19 11:25:00,2267.5,2277.4,2267.1,2276.9,66603
2026-08-19 11:30:00,2276.8,2279.8,2274.0,2277.0,68152
2026-08-19 11:35:00,2277.1,2279.5,2276.0,2279.4,38893
2026-08-19 11:40:00,2279.4,2279.9,2275.1,2278.0,29820
2026-08-19 11:45:00,2278.2,2281.9,2277.8,2277.8,56158
2026-08-19 11:50:00,2278.1,2280.1,2278.1,2278.7,29408
2026-08-19 11:55:00,2278.5,2279.4,2277.5,2278.8,26751
2026-08-19 12:00:00,2278.8,2279.0,2276.2,2276.2,30559
2026-08-19 12:05:00,2276.2,2279.0,2276.2,2277.7,32727
2026-08-19 12:10:00,2278.1,2278.1,2276.8,2276.9,16947
2026-08-19 12:15:00,2276.6,2280.7,2276.0,2279.4,32066
2026-08-19 12:20:00,2279.6,2280.3,2277.1,2277.6,24211
2026-08-19 12:25:00,2277.7,2278.9,2276.2,2276.8,13804
2026-08-19 12:30:00,2276.9,2277.3,2275.1,2275.3,16827
2026-08-19 12:35:00,2275.4,2277.8,2275.3,2276.9,13789
2026-08-19 12:40:00,2277.0,2277.7,2276.0,2277.5,13802
2026-08-19 12:45:00,2277.5,2278.1,2275.8,2277.9,16786
2026-08-19 12:50:00,2278.1,2280.1,2277.9,2279.0,59451
2026-08-19 12:55:00,2279.0,2279.1,2277.5,2278.7,13233
2026-08-19 13:00:00,2278.8,2281.1,2278.8,2280.0,28880
2026-08-19 13:05:00,2280.0,2283.0,2280.0,2281.7,56133
2026-08-19 13:10:00,2281.9,2282.6,2280.9,2281.1,19744
2026-08-19 13:15:00,2281.2,2284.7,2279.7,2283.0,59040
2026-08-19 13:20:00,2283.1,2283.9,2282.0,2283.8,22655
2026-08-19 13:25:00,2283.6,2283.9,2281.0,2281.0,15908
2026-08-19 13:30:00,2281.9,2282.3,2280.8,2280.9,15332
2026-08-19 13:35:00,2280.8,2283.4,2280.0,2282.6,27459
2026-08-19 13:40:00,2282.7,2283.6,2280.8,2281.1,18111
2026-08-19 13:45:00,2281.2,2281.9,2280.1,2280.1,20358
2026-08-19 13:50:00,2280.3,2281.8,2280.0,2280.4,23570
2026-08-19 13:55:00,2280.6,2281.3,2278.3,2279.3,50187
2026-08-19 14:00:00,2279.5,2282.2,2279.2,2281.9,17794
2026-08-19 14:05:00,2282.0,2283.5,2281.5,2282.9,34958
2026-08-19 14:10:00,2282.9,2294.3,2282.5,2288.2,111929
2026-08-19 14:15:00,2288.2,2289.0,2286.0,2287.2,26443
2026-08-19 14:20:00,2287.4,2287.5,2281.7,2283.1,41526
2026-08-19 14:25:00,2283.7,2285.8,2282.6,2285.2,24948
2026-08-19 14:30:00,2285.5,2286.1,2284.9,2285.7,23214
2026-08-19 14:35:00,2285.7,2288.3,2283.8,2285.3,32892
2026-08-19 14:40:00,2284.4,2284.9,2282.6,2283.0,25471
2026-08-19 14:45:00,2283.4,2284.0,2282.0,2282.8,22086
2026-08-19 14:50:00,2282.9,2283.3,2281.6,2281.8,26256
2026-08-19 14:55:00,2281.8,2283.0,2281.5,2281.5,34179
2026-08-19 15:00:00,2281.5,2284.3,2281.5,2282.8,63341
2026-08-19 15:05:00,2282.8,2283.1,2281.2,2282.8,99350
2026-08-19 15:10:00,2282.8,2288.0,2282.5,2287.0,83422
2026-08-19 15:15:00,2287.6,2287.6,2287.6,2287.6,10
2026-08-19 15:20:00,2287.6,2287.6,2287.6,2287.6,0
2026-08-19 15:25:00,2287.6,2289.0,2287.6,2289.0,79803
2026-08-20 09:15:00,2319.4,2329.0,2290.6,2304.3,150823
2026-08-20 09:20:00,2304.4,2306.9,2301.0,2304.0,38883
2026-08-20 09:25:00,2304.0,2307.0,2302.5,2302.5,37247
2026-08-20 09:30:00,2303.0,2311.9,2301.9,2311.7,35494
2026-08-20 09:35:00,2311.7,2317.0,2309.1,2312.0,53753
2026-08-20 09:40:00,2312.2,2314.9,2311.2,2312.0,16456
2026-08-20 09:45:00,2312.1,2312.5,2308.2,2309.4,20030
2026-08-20 09:50:00,2309.7,2309.8,2305.0,2307.6,15453
2026-08-20 09:55:00,2307.5,2308.6,2306.0,2306.0,12021
2026-08-20 10:00:00,2306.0,2311.0,2305.9,2310.7,14942
2026-08-20 10:05:00,2310.5,2314.0,2310.3,2312.3,27599
2026-08-20 10:10:00,2311.7,2312.3,2308.3,2310.5,15791
2026-08-20 10:15:00,2311.0,2311.4,2308.1,2310.0,10020
2026-08-20 10:20:00,2310.6,2310.6,2308.2,2309.8,10105
2026-08-20 10:25:00,2309.6,2309.8,2307.2,2308.2,12182
2026-08-20 10:30:00,2308.0,2310.9,2308.0,2309.2,12425
2026-08-20 10:35:00,2309.1,2309.3,2306.5,2306.8,8399
2026-08-20 10:40:00,2306.7,2308.8,2306.1,2308.5,7428
2026-08-20 10:45:00,2308.0,2309.6,2308.0,2309.6,8094
2026-08-20 10:50:00,2309.5,2310.8,2309.1,2310.0,9137
2026-08-20 10:55:00,2310.5,2311.8,2309.2,2310.4,8122
2026-08-20 11:00:00,2310.7,2311.9,2303.6,2305.0,22352
2026-08-20 11:05:00,2304.8,2305.7,2300.0,2300.7,36174
2026-08-20 11:10:00,2300.2,2302.4,2299.2,2300.0,26230
2026-08-20 11:15:00,2300.0,2301.7,2298.1,2298.5,22833
2026-08-20 11:20:00,2298.6,2298.8,2295.0,2296.0,36308
2026-08-20 11:25:00,2296.1,2299.5,2296.0,2299.5,25660
2026-08-20 11:30:00,2299.8,2299.8,2291.1,2291.7,44282
2026-08-20 11:35:00,2291.1,2295.7,2291.1,2294.4,21475
2026-08-20 11:40:00,2294.9,2298.8,2293.9,2297.7,16368
2026-08-20 11:45:00,2297.9,2299.4,2293.4,2293.5,21772
2026-08-20 11:50:00,2293.5,2296.4,2293.5,2294.9,12305
2026-08-20 11:55:00,2294.6,2295.3,2291.0,2291.8,20575
2026-08-20 12:00:00,2292.0,2292.8,2289.0,2290.6,34796
2026-08-20 12:05:00,2290.6,2292.3,2289.0,2289.3,19036
2026-08-20 12:10:00,2289.6,2291.5,2289.0,2291.0,15420
2026-08-20 12:15:00,2290.5,2294.5,2290.5,2293.0,18751
2026-08-20 12:20:00,2293.1,2293.1,2290.5,2290.7,17703
2026-08-20 12:25:00,2290.7,2291.6,2289.2,2290.3,12566
2026-08-20 12:30:00,2290.0,2291.8,2290.0,2290.4,12930
2026-08-20 12:35:00,2290.3,2291.7,2290.1,2291.4,12984
2026-08-20 12:40:00,2290.8,2294.2,2289.8,2292.2,39983
2026-08-20 12:45:00,2292.0,2297.6,2292.0,2296.5,55257
2026-08-20 12:50:00,2296.0,2299.0,2295.2,2297.8,32314
2026-08-20 12:55:00,2297.7,2299.9,2294.5,2298.7,103296
2026-08-20 13:00:00,2298.6,2300.0,2297.1,2297.9,24982
2026-08-20 13:05:00,2297.8,2299.9,2295.7,2299.5,22717
2026-08-20 13:10:00,2299.0,2304.0,2296.2,2303.0,31928
2026-08-20 13:15:00,2303.0,2303.0,2301.1,2302.9,14145
2026-08-20 13:20:00,2302.9,2303.9,2302.4,2303.5,19492
2026-08-20 13:25:00,2303.5,2305.7,2301.5,2305.5,29942
2026-08-20 13:30:00,2305.3,2305.5,2304.0,2305.3,14302
2026-08-20 13:35:00,2305.0,2305.3,2303.9,2304.8,19682
2026-08-20 13:40:00,2304.8,2305.9,2304.4,2305.4,17230
2026-08-20 13:45:00,2305.6,2306.8,2304.0,2306.6,15996
2026-08-20 13:50:00,2306.7,2306.7,2302.0,2302.5,27479
2026-08-20 13:55:00,2302.6,2302.7,2300.3,2301.8,25812
2026-08-20 14:00:00,2301.0,2302.0,2298.9,2299.8,22047
2026-08-20 14:05:00,2299.0,2300.9,2296.4,2299.9,29223
2026-08-20 14:10:00,2300.0,2301.0,2298.6,2300.0,11716
2026-08-20 14:15:00,2299.9,2301.5,2298.6,2301.0,15931
2026-08-20 14:20:00,2300.5,2301.3,2298.6,2300.0,32645
2026-08-20 14:25:00,2300.2,2301.5,2298.4,2300.6,20962
2026-08-20 14:30:00,2300.6,2300.6,2296.0,2297.6,11785
2026-08-20 14:35:00,2298.4,2298.8,2296.1,2296.2,12396
2026-08-20 14:40:00,2296.9,2297.4,2295.2,2296.2,13182
2026-08-20 14:45:00,2296.2,2296.4,2294.0,2294.0,27133
2026-08-20 14:50:00,2294.0,2296.3,2293.0,2294.3,50003
2026-08-20 14:55:00,2294.8,2295.0,2293.2,2294.5,16301
2026-08-20 15:00:00,2294.2,2294.6,2292.3,2294.0,32156
2026-08-20 15:05:00,2293.9,2293.9,2290.4,2290.6,87897
2026-08-20 15:10:00,2290.6,2291.6,2288.1,2290.0,116756
2026-08-20 15:15:00,2290.4,2290.4,2290.4,2290.4,814
2026-08-20 15:20:00,2290.4,2290.4,2290.4,2290.4,0
2026-08-20 15:25:00,2290.4,2298.0,2290.4,2298.0,53401
2026-08-21 09:15:00,2290.1,2292.0,2275.0,2276.3,73934
2026-08-21 09:20:00,2276.3,2276.3,2268.0,2270.0,68505
2026-08-21 09:25:00,2269.2,2270.0,2266.1,2267.4,52512
2026-08-21 09:30:00,2268.1,2268.1,2263.3,2265.8,49254
2026-08-21 09:35:00,2265.2,2268.3,2264.1,2266.2,31201
2026-08-21 09:40:00,2266.3,2272.7,2265.8,2272.5,38250
2026-08-21 09:45:00,2272.5,2277.6,2271.8,2276.1,71057
2026-08-21 09:50:00,2276.1,2289.9,2276.0,2288.0,77661
2026-08-21 09:55:00,2288.3,2288.8,2283.4,2286.2,33329
2026-08-21 10:00:00,2285.5,2286.3,2283.0,2285.6,24056
2026-08-21 10:05:00,2285.0,2288.4,2283.8,2287.0,24992
2026-08-21 10:10:00,2286.4,2291.3,2285.4,2288.0,31762
2026-08-21 10:15:00,2287.5,2288.2,2285.5,2286.7,14253
2026-08-21 10:20:00,2287.6,2297.0,2286.8,2296.2,49472
2026-08-21 10:25:00,2296.2,2297.7,2293.3,2296.0,34119
2026-08-21 10:30:00,2296.7,2300.0,2294.8,2300.0,27037
2026-08-21 10:35:00,2299.8,2300.0,2293.9,2295.0,24437
2026-08-21 10:40:00,2295.0,2297.5,2293.3,2293.4,15924
2026-08-21 10:45:00,2294.1,2296.7,2292.5,2294.0,16339
2026-08-21 10:50:00,2293.7,2296.8,2291.5,2296.0,10670
2026-08-21 10:55:00,2296.0,2298.0,2294.4,2298.0,12503
2026-08-21 11:00:00,2298.0,2298.5,2295.5,2297.6,6779
2026-08-21 11:05:00,2297.6,2297.6,2295.4,2297.6,5479
2026-08-21 11:10:00,2296.5,2299.8,2296.4,2299.7,8524
2026-08-21 11:15:00,2299.7,2302.0,2298.0,2298.9,22851
2026-08-21 11:20:00,2298.8,2300.5,2297.0,2299.9,9091
2026-08-21 11:25:00,2299.9,2299.9,2297.0,2298.6,7953
2026-08-21 11:30:00,2299.0,2301.5,2296.8,2300.5,13932
2026-08-21 11:35:00,2300.5,2304.8,2300.0,2300.0,23587
2026-08-21 11:40:00,2300.5,2300.8,2297.1,2298.0,66832
2026-08-21 11:45:00,2298.9,2302.9,2297.3,2302.2,12881
2026-08-21 11:50:00,2302.8,2304.9,2302.0,2304.0,30820
2026-08-21 11:55:00,2304.7,2307.2,2303.4,2305.4,30021
2026-08-21 12:00:00,2305.4,2306.6,2303.6,2304.1,11822
2026-08-21 12:05:00,2304.2,2305.6,2302.7,2303.9,11377
2026-08-21 12:10:00,2303.9,2305.0,2302.6,2304.8,9965
2026-08-21 12:15:00,2304.8,2305.6,2302.4,2303.6,9998
2026-08-21 12:20:00,2303.7,2306.0,2303.7,2305.0,7783
2026-08-21 12:25:00,2305.0,2305.5,2303.2,2303.8,4310
2026-08-21 12:30:00,2304.5,2304.8,2303.2,2304.5,4734
2026-08-21 12:35:00,2303.9,2305.0,2302.6,2304.6,7787
2026-08-21 12:40:00,2304.6,2305.1,2303.0,2303.6,5309
2026-08-21 12:45:00,2303.6,2305.0,2303.3,2304.2,5192
2026-08-21 12:50:00,2303.9,2304.8,2303.1,2303.6,7581
2026-08-21 12:55:00,2303.6,2305.9,2303.4,2305.5,5968
2026-08-21 13:00:00,2305.5,2306.0,2304.2,2305.0,8172
2026-08-21 13:05:00,2304.8,2306.0,2304.0,2304.0,7897
2026-08-21 13:10:00,2304.3,2304.7,2302.9,2303.6,6920
2026-08-21 13:15:00,2304.4,2306.0,2303.6,2305.7,10619
2026-08-21 13:20:00,2305.0,2305.2,2302.0,2302.2,12935
2026-08-21 13:25:00,2302.2,2302.6,2300.1,2302.3,26287
2026-08-21 13:30:00,2302.5,2302.9,2302.0,2302.0,9810
2026-08-21 13:35:00,2302.0,2302.1,2295.0,2295.1,56015
2026-08-21 13:40:00,2296.7,2297.3,2294.0,2294.7,31909
2026-08-21 13:45:00,2294.8,2296.3,2293.5,2293.8,19249
2026-08-21 13:50:00,2293.5,2294.8,2293.3,2294.6,19943
2026-08-21 13:55:00,2294.6,2298.2,2293.1,2296.3,50927
2026-08-21 14:00:00,2295.6,2295.6,2288.2,2289.3,117900
2026-08-21 14:05:00,2289.2,2290.9,2289.2,2290.9,25680
2026-08-21 14:10:00,2291.0,2292.8,2289.0,2289.7,40966
2026-08-21 14:15:00,2289.1,2290.8,2287.2,2289.5,96836
2026-08-21 14:20:00,2289.2,2292.7,2287.6,2292.0,13306
2026-08-21 14:25:00,2292.0,2292.8,2291.5,2292.0,7960
2026-08-21 14:30:00,2292.0,2293.2,2291.5,2292.2,8463
2026-08-21 14:35:00,2292.5,2294.6,2290.0,2292.3,32500
2026-08-21 14:40:00,2292.0,2292.6,2289.6,2290.7,32230
2026-08-21 14:45:00,2291.1,2294.2,2291.1,2292.6,14163
2026-08-21 14:50:00,2292.4,2295.2,2291.6,2292.5,25835
2026-08-21 14:55:00,2292.5,2292.8,2290.6,2292.1,24671
2026-08-21 15:00:00,2292.1,2293.8,2290.6,2292.9,36158
2026-08-21 15:05:00,2292.5,2295.3,2291.5,2294.1,54622
2026-08-21 15:10:00,2293.1,2295.0,2292.0,2295.0,57377
2026-08-21 15:15:00,2295.0,2295.0,2295.0,2295.0,0
2026-08-21 15:20:00,2295.0,2295.0,2295.0,2295.0,0
2026-08-21 15:25:00,2295.0,2302.0,2295.0,2302.0,95255
2026-08-24 09:15:00,2302.4,2315.7,2293.3,2315.0,60529
2026-08-24 09:20:00,2314.5,2317.0,2311.0,2314.4,28691
2026-08-24 09:25:00,2314.1,2314.9,2307.4,2312.6,43128
2026-08-24 09:30:00,2312.4,2321.6,2312.4,2314.0,59268
2026-08-24 09:35:00,2314.1,2318.0,2313.2,2316.2,29951
2026-08-24 09:40:00,2316.1,2318.8,2316.1,2317.0,17558
2026-08-24 09:45:00,2316.4,2317.4,2305.1,2305.5,29765
2026-08-24 09:50:00,2305.7,2307.9,2304.1,2305.9,22307
2026-08-24 09:55:00,2305.3,2307.3,2303.2,2304.5,15233
2026-08-24 10:00:00,2304.1,2306.0,2303.1,2303.1,12530
2026-08-24 10:05:00,2303.1,2303.9,2300.9,2303.2,19272
2026-08-24 10:10:00,2303.2,2307.3,2302.5,2306.0,15639
2026-08-24 10:15:00,2306.0,2306.7,2301.1,2301.7,15503
2026-08-24 10:20:00,2301.7,2302.3,2299.1,2302.0,30276
2026-08-24 10:25:00,2301.7,2302.7,2300.1,2300.9,9881
2026-08-24 10:30:00,2300.5,2301.4,2299.1,2300.0,8756
2026-08-24 10:35:00,2299.8,2304.0,2299.6,2302.2,13818
2026-08-24 10:40:00,2301.6,2305.2,2299.7,2303.8,8872
2026-08-24 10:45:00,2303.8,2304.8,2300.4,2302.2,7390
2026-08-24 10:50:00,2302.3,2302.5,2300.9,2301.0,5445
2026-08-24 10:55:00,2300.9,2302.3,2298.1,2298.1,19354
2026-08-24 11:00:00,2298.6,2301.4,2297.8,2298.4,11770
2026-08-24 11:05:00,2298.9,2301.1,2298.5,2299.8,7279
2026-08-24 11:10:00,2299.8,2300.9,2297.7,2298.7,8466
2026-08-24 11:15:00,2298.6,2304.0,2298.1,2299.5,8153
2026-08-24 11:20:00,2299.6,2300.1,2297.0,2297.3,7130
2026-08-24 11:25:00,2297.4,2297.9,2295.4,2295.5,9681
2026-08-24 11:30:00,2295.8,2296.3,2293.1,2294.0,28157
2026-08-24 11:35:00,2296.4,2297.0,2292.1,2295.6,14531
2026-08-24 11:40:00,2295.0,2296.8,2294.4,2295.1,8178
2026-08-24 11:45:00,2295.0,2298.0,2295.0,2297.5,6196
2026-08-24 11:50:00,2297.5,2298.8,2296.2,2297.0,8989
2026-08-24 11:55:00,2296.7,2297.0,2292.0,2292.9,12865
2026-08-24 12:00:00,2292.9,2296.5,2292.5,2295.1,8203
2026-08-24 12:05:00,2295.9,2297.0,2294.5,2295.4,8198
2026-08-24 12:10:00,2295.4,2299.0,2295.0,2299.0,13413
2026-08-24 12:15:00,2298.4,2302.0,2298.2,2301.0,17271
2026-08-24 12:20:00,2301.1,2302.2,2300.6,2301.7,29756
2026-08-24 12:25:00,2302.2,2302.8,2300.1,2300.8,16552
2026-08-24 12:30:00,2301.3,2301.6,2300.0,2300.9,4920
2026-08-24 12:35:00,2300.6,2301.6,2298.7,2299.0,6598
2026-08-24 12:40:00,2298.8,2302.4,2297.0,2302.1,28986
2026-08-24 12:45:00,2302.4,2303.2,2300.4,2300.8,25209
2026-08-24 12:50:00,2301.0,2302.9,2300.4,2302.1,7819
2026-08-24 12:55:00,2303.0,2303.7,2294.1,2295.2,25093
2026-08-24 13:00:00,2295.3,2296.0,2292.6,2295.0,19088
2026-08-24 13:05:00,2295.0,2295.3,2292.8,2293.5,19434
2026-08-24 13:10:00,2293.6,2295.7,2293.1,2295.7,16430
2026-08-24 13:15:00,2295.1,2296.0,2294.0,2295.1,12577
2026-08-24 13:20:00,2295.8,2297.1,2294.2,2295.5,13325
2026-08-24 13:25:00,2295.5,2296.4,2293.1,2293.7,14981
2026-08-24 13:30:00,2293.7,2294.2,2290.1,2291.4,47114
2026-08-24 13:35:00,2291.4,2291.4,2289.0,2290.0,18391
2026-08-24 13:40:00,2289.8,2290.9,2287.6,2288.6,12974
2026-08-24 13:45:00,2288.5,2289.6,2288.0,2288.4,8612
2026-08-24 13:50:00,2288.0,2288.8,2287.3,2287.7,9203
2026-08-24 13:55:00,2287.6,2288.6,2286.0,2286.0,16754
2026-08-24 14:00:00,2286.1,2289.1,2285.2,2287.8,22098
2026-08-24 14:05:00,2288.1,2288.1,2286.0,2286.3,11761
2026-08-24 14:10:00,2286.8,2287.7,2285.1,2285.1,12067
2026-08-24 14:15:00,2285.1,2286.8,2285.0,2285.2,14779
2026-08-24 14:20:00,2285.2,2286.5,2283.5,2285.1,16794
2026-08-24 14:25:00,2284.8,2286.4,2284.2,2285.5,15889
2026-08-24 14:30:00,2286.3,2288.1,2285.2,2285.9,17026
2026-08-24 14:35:00,2285.8,2287.7,2283.0,2283.1,18361
2026-08-24 14:40:00,2283.5,2283.9,2282.0,2282.9,25428
2026-08-24 14:45:00,2282.7,2283.3,2282.0,2282.2,17254
2026-08-24 14:50:00,2282.3,2286.4,2281.4,2284.5,44580
2026-08-24 14:55:00,2285.1,2286.8,2284.6,2285.1,35207
2026-08-24 15:00:00,2285.1,2288.1,2284.1,2284.1,53578
2026-08-24 15:05:00,2284.9,2284.9,2280.7,2280.9,91677
2026-08-24 15:10:00,2281.0,2282.2,2279.5,2281.0,84562
2026-08-24 15:15:00,2281.0,2281.0,2281.0,2281.0,0
2026-08-24 15:20:00,2281.0,2281.0,2281.0,2281.0,0
2026-08-24 15:25:00,2281.0,2284.1,2281.0,2284.1,46865
2026-08-25 09:15:00,2305.0,2313.5,2291.0,2298.4,278272
2026-08-25 09:20:00,2298.5,2301.8,2278.1,2278.9,158119
2026-08-25 09:25:00,2278.2,2281.2,2268.9,2276.0,130704
2026-08-25 09:30:00,2276.0,2281.0,2275.4,2278.0,54229
2026-08-25 09:35:00,2278.4,2279.0,2272.1,2273.8,48002
2026-08-25 09:40:00,2273.8,2276.6,2270.1,2270.3,51719
2026-08-25 09:45:00,2271.6,2271.6,2262.2,2266.9,137615
2026-08-25 09:50:00,2267.6,2268.0,2262.5,2263.3,53566
2026-08-25 09:55:00,2263.3,2268.3,2262.0,2268.0,50284
2026-08-25 10:00:00,2268.0,2272.3,2267.1,2271.4,47071
2026-08-25 10:05:00,2271.7,2273.0,2270.3,2270.5,22478
2026-08-25 10:10:00,2272.2,2276.3,2271.8,2276.0,27513
2026-08-25 10:15:00,2275.0,2278.4,2273.7,2274.8,36424
2026-08-25 10:20:00,2275.3,2275.3,2271.2,2273.0,26957
2026-08-25 10:25:00,2273.5,2273.7,2272.0,2273.2,10150
2026-08-25 10:30:00,2272.9,2273.4,2271.2,2271.2,11499
2026-08-25 10:35:00,2271.9,2272.8,2270.3,2272.0,18843
2026-08-25 10:40:00,2272.0,2273.5,2270.6,2272.6,11808
2026-08-25 10:45:00,2273.4,2277.1,2272.6,2275.7,22365
2026-08-25 10:50:00,2276.0,2276.0,2272.7,2272.7,16591
2026-08-25 10:55:00,2273.0,2274.3,2271.6,2272.0,15148
2026-08-25 11:00:00,2271.8,2276.5,2271.8,2276.3,16238
2026-08-25 11:05:00,2276.9,2279.0,2276.0,2276.1,24123
2026-08-25 11:10:00,2276.7,2276.8,2271.8,2272.6,17514
2026-08-25 11:15:00,2272.6,2276.7,2272.1,2276.3,14203
2026-08-25 11:20:00,2276.3,2281.7,2276.2,2281.5,53049
2026-08-25 11:25:00,2281.5,2284.8,2281.5,2284.7,59742
2026-08-25 11:30:00,2283.5,2286.0,2282.8,2285.1,43300
2026-08-25 11:35:00,2285.1,2288.4,2285.0,2288.3,49933
2026-08-25 11:40:00,2288.3,2288.7,2285.9,2286.0,28656
2026-08-25 11:45:00,2286.2,2287.7,2284.9,2285.4,22309
2026-08-25 11:50:00,2285.4,2287.0,2284.1,2285.7,29063
2026-08-25 11:55:00,2286.0,2288.0,2285.8,2286.7,34340
2026-08-25 12:00:00,2286.8,2286.8,2282.5,2282.6,26730
2026-08-25 12:05:00,2282.6,2284.1,2278.9,2278.9,38804
2026-08-25 12:10:00,2280.0,2280.4,2277.3,2278.2,25037
2026-08-25 12:15:00,2278.0,2282.4,2277.6,2280.4,30424
2026-08-25 12:20:00,2280.5,2281.9,2278.7,2280.5,41886
2026-08-25 12:25:00,2280.5,2280.9,2278.4,2279.6,14176
2026-08-25 12:30:00,2280.1,2280.1,2276.5,2277.3,15999
2026-08-25 12:35:00,2277.3,2279.9,2273.3,2273.3,20837
2026-08-25 12:40:00,2274.3,2276.9,2273.5,2276.7,28822
2026-08-25 12:45:00,2276.7,2277.4,2275.2,2276.2,8039
2026-08-25 12:50:00,2276.2,2276.8,2274.8,2275.0,10238
2026-08-25 12:55:00,2276.0,2278.3,2274.9,2278.3,19457
2026-08-25 13:00:00,2278.1,2279.9,2275.5,2277.0,12345
2026-08-25 13:05:00,2277.0,2279.9,2275.3,2276.6,35728
2026-08-25 13:10:00,2277.4,2277.4,2271.6,2272.0,23191
2026-08-25 13:15:00,2271.6,2273.7,2271.5,2273.0,13589
2026-08-25 13:20:00,2272.6,2273.1,2271.0,2271.3,17299
2026-08-25 13:25:00,2271.6,2273.6,2271.0,2272.6,11716
2026-08-25 13:30:00,2273.2,2276.5,2272.3,2275.9,16001
2026-08-25 13:35:00,2276.1,2276.8,2275.3,2276.0,7438
2026-08-25 13:40:00,2276.0,2277.4,2274.6,2275.9,10635
2026-08-25 13:45:00,2275.8,2277.0,2275.4,2277.0,8694
2026-08-25 13:50:00,2276.8,2280.9,2275.5,2280.9,22154
2026-08-25 13:55:00,2280.9,2281.6,2278.3,2278.7,28723
2026-08-25 14:00:00,2278.9,2279.5,2277.0,2278.5,21039
2026-08-25 14:05:00,2279.0,2279.4,2278.0,2278.7,11886
2026-08-25 14:10:00,2278.8,2279.5,2277.1,2277.4,11299
2026-08-25 14:15:00,2277.1,2278.4,2276.7,2277.8,13453
2026-08-25 14:20:00,2277.9,2283.9,2277.2,2282.1,49147
2026-08-25 14:25:00,2282.4,2284.5,2281.9,2284.4,35628
2026-08-25 14:30:00,2284.4,2289.0,2283.5,2285.8,86879
2026-08-25 14:35:00,2286.0,2287.3,2282.5,2285.7,26082
2026-08-25 14:40:00,2285.7,2286.9,2284.6,2285.6,26199
2026-08-25 14:45:00,2285.5,2289.0,2285.5,2288.9,38456
2026-08-25 14:50:00,2288.9,2290.5,2288.2,2289.0,108693
2026-08-25 14:55:00,2289.0,2289.8,2288.4,2289.0,72254
2026-08-25 15:00:00,2288.9,2290.7,2287.2,2288.9,91383
2026-08-25 15:05:00,2288.9,2289.0,2285.6,2286.8,70569
2026-08-25 15:10:00,2286.8,2288.8,2286.3,2288.5,89316
2026-08-25 15:15:00,2288.0,2288.0,2288.0,2288.0,176
2026-08-25 15:20:00,2288.0,2288.0,2288.0,2288.0,0
2026-08-25 15:25:00,2288.0,2296.2,2288.0,2296.2,143746
2026-08-26 09:15:00,2305.1,2305.1,2292.1,2297.3,66997
2026-08-26 09:20:00,2297.3,2306.3,2297.3,2304.8,22719
2026-08-26 09:25:00,2305.4,2305.4,2295.2,2297.2,21813
2026-08-26 09:30:00,2296.8,2296.8,2291.1,2292.8,32491
2026-08-26 09:35:00,2292.8,2294.7,2292.0,2293.0,16382
2026-08-26 09:40:00,2293.3,2297.3,2293.2,2295.5,24562
2026-08-26 09:45:00,2295.7,2298.9,2295.1,2298.2,9965
2026-08-26 09:50:00,2298.2,2298.5,2295.0,2296.4,19810
2026-08-26 09:55:00,2296.3,2297.0,2295.7,2296.5,7573
2026-08-26 10:00:00,2296.5,2296.6,2293.1,2293.8,11131
2026-08-26 10:05:00,2293.8,2294.0,2289.5,2290.8,28443
2026-08-26 10:10:00,2291.0,2293.0,2290.4,2291.8,11911
2026-08-26 10:15:00,2291.8,2291.8,2288.0,2290.6,25650
2026-08-26 10:20:00,2290.2,2291.5,2289.0,2290.7,9239
2026-08-26 10:25:00,2291.5,2291.5,2287.5,2288.2,9959
2026-08-26 10:30:00,2288.6,2288.9,2287.6,2288.1,13848
2026-08-26 10:35:00,2288.1,2288.5,2283.5,2285.5,30371
2026-08-26 10:40:00,2284.7,2286.8,2283.3,2285.1,10696
2026-08-26 10:45:00,2285.1,2285.5,2282.5,2284.0,13950
2026-08-26 10:50:00,2284.0,2285.3,2283.1,2283.5,13715
2026-08-26 10:55:00,2284.0,2284.9,2282.8,2283.6,8872
2026-08-26 11:00:00,2283.6,2285.0,2282.1,2283.0,9209
2026-08-26 11:05:00,2283.0,2285.6,2283.0,2285.0,10743
2026-08-26 11:10:00,2285.7,2286.0,2284.5,2285.1,9170
2026-08-26 11:15:00,2285.0,2286.0,2282.4,2283.0,11682
2026-08-26 11:20:00,2282.6,2283.7,2281.0,2281.5,9760
2026-08-26 11:25:00,2282.0,2282.1,2275.0,2275.5,67113
2026-08-26 11:30:00,2275.3,2276.6,2272.4,2275.5,34355
2026-08-26 11:35:00,2275.3,2277.0,2275.0,2276.0,18222
2026-08-26 11:40:00,2276.0,2277.0,2275.8,2276.9,11375
2026-08-26 11:45:00,2276.9,2278.0,2276.0,2276.0,58725
2026-08-26 11:50:00,2276.0,2277.0,2274.0,2274.5,18948
2026-08-26 11:55:00,2274.8,2276.6,2274.5,2275.4,15139
2026-08-26 12:00:00,2275.4,2275.8,2274.1,2274.1,9265
2026-08-26 12:05:00,2274.1,2274.8,2273.1,2274.0,10932
2026-08-26 12:10:00,2274.1,2274.1,2270.3,2271.3,29464
2026-08-26 12:15:00,2271.8,2273.6,2271.0,2272.1,22393
2026-08-26 12:20:00,2272.1,2273.5,2272.0,2272.8,12620
2026-08-26 12:25:00,2272.6,2272.8,2268.3,2269.6,66151
2026-08-26 12:30:00,2269.6,2270.0,2268.4,2268.6,14625
2026-08-26 12:35:00,2268.6,2271.0,2268.6,2268.7,15314
2026-08-26 12:40:00,2268.7,2269.7,2268.0,2269.0,18848
2026-08-26 12:45:00,2269.6,2270.3,2267.1,2268.9,25719
2026-08-26 12:50:00,2268.9,2269.5,2267.5,2267.7,17175
2026-08-26 12:55:00,2267.7,2268.9,2267.5,2268.3,23667
2026-08-26 13:00:00,2268.7,2270.4,2268.2,2270.3,16272
2026-08-26 13:05:00,2270.0,2272.9,2270.0,2271.0,29615
2026-08-26 13:10:00,2271.0,2272.9,2270.9,2271.2,29791
2026-08-26 13:15:00,2272.0,2272.7,2271.0,2271.6,15333
2026-08-26 13:20:00,2271.6,2272.5,2268.4,2269.3,30038
2026-08-26 13:25:00,2269.3,2271.0,2268.9,2269.0,13181
2026-08-26 13:30:00,2268.2,2269.1,2266.4,2269.0,22591
2026-08-26 13:35:00,2269.2,2269.8,2267.9,2268.5,11979
2026-08-26 13:40:00,2268.6,2268.6,2267.1,2268.4,12497
2026-08-26 13:45:00,2267.7,2269.1,2267.0,2268.5,9170
2026-08-26 13:50:00,2268.5,2270.5,2268.1,2268.8,10188
2026-08-26 13:55:00,2268.8,2270.4,2268.5,2269.1,14525
2026-08-26 14:00:00,2269.8,2269.9,2268.2,2268.2,18813
2026-08-26 14:05:00,2268.2,2270.6,2268.2,2269.7,14143
2026-08-26 14:10:00,2269.6,2272.0,2269.6,2270.8,13470
2026-08-26 14:15:00,2271.0,2272.0,2270.2,2271.0,14004
2026-08-26 14:20:00,2271.3,2272.8,2270.9,2271.1,22724
2026-08-26 14:25:00,2271.1,2271.6,2270.2,2270.9,13750
2026-08-26 14:30:00,2271.2,2272.5,2270.1,2271.5,31230
2026-08-26 14:35:00,2271.5,2272.4,2271.0,2271.4,7954
2026-08-26 14:40:00,2271.3,2272.0,2270.0,2270.0,11403
2026-08-26 14:45:00,2270.4,2271.9,2270.0,2271.5,13608
2026-08-26 14:50:00,2271.6,2271.9,2270.1,2271.5,22155
2026-08-26 14:55:00,2271.6,2272.4,2270.7,2270.8,29314
2026-08-26 15:00:00,2271.7,2272.0,2269.8,2270.7,55504
2026-08-26 15:05:00,2270.0,2270.7,2268.5,2270.1,86874
2026-08-26 15:10:00,2270.0,2272.5,2269.1,2271.9,68995
2026-08-26 15:15:00,2272.0,2272.0,2272.0,2272.0,134
2026-08-26 15:20:00,2272.0,2272.0,2272.0,2272.0,0
2026-08-26 15:25:00,2272.0,2272.0,2270.0,2270.0,62501
2026-08-27 09:15:00,2270.0,2283.6,2263.5,2272.0,99770
2026-08-27 09:20:00,2273.2,2273.7,2261.2,2264.7,46290
2026-08-27 09:25:00,2264.7,2265.8,2258.4,2261.0,42952
2026-08-27 09:30:00,2261.0,2264.5,2256.2,2260.8,39141
2026-08-27 09:35:00,2260.8,2263.9,2258.4,2259.2,16902
2026-08-27 09:40:00,2259.4,2259.9,2258.3,2258.9,19224
2026-08-27 09:45:00,2259.3,2260.8,2258.0,2258.7,16755
2026-08-27 09:50:00,2258.6,2258.6,2253.3,2253.8,41060
2026-08-27 09:55:00,2253.8,2254.5,2252.1,2253.0,19609
2026-08-27 10:00:00,2253.0,2253.3,2251.1,2252.9,19483
2026-08-27 10:05:00,2252.9,2257.0,2251.2,2255.5,24518
2026-08-27 10:10:00,2255.4,2255.5,2251.9,2252.8,15557
2026-08-27 10:15:00,2252.2,2254.0,2251.8,2252.0,15100
2026-08-27 10:20:00,2252.7,2254.0,2252.0,2252.3,12896
2026-08-27 10:25:00,2252.3,2253.3,2250.1,2251.1,21641
2026-08-27 10:30:00,2251.1,2251.4,2247.7,2248.6,45950
2026-08-27 10:35:00,2249.0,2250.3,2248.0,2248.0,14867
2026-08-27 10:40:00,2248.4,2248.5,2245.1,2246.3,21900
2026-08-27 10:45:00,2246.6,2248.5,2243.9,2247.3,32730
2026-08-27 10:50:00,2248.0,2251.2,2244.2,2248.4,40688
2026-08-27 10:55:00,2248.4,2250.7,2248.3,2249.4,12863
2026-08-27 11:00:00,2249.4,2251.7,2248.3,2251.5,13856
2026-08-27 11:05:00,2252.0,2252.8,2251.3,2252.4,24627
2026-08-27 11:10:00,2252.2,2252.7,2249.0,2250.3,11776
2026-08-27 11:15:00,2250.7,2251.7,2249.5,2251.4,13680
2026-08-27 11:20:00,2250.7,2251.4,2248.5,2249.1,9094
2026-08-27 11:25:00,2249.1,2251.5,2247.4,2248.0,10577
2026-08-27 11:30:00,2248.3,2250.9,2248.1,2250.9,6737
2026-08-27 11:35:00,2250.8,2251.2,2250.0,2250.0,7896
2026-08-27 11:40:00,2250.0,2251.0,2249.5,2250.4,15004
2026-08-27 11:45:00,2250.4,2250.9,2249.2,2250.0,9500
2026-08-27 11:50:00,2250.3,2251.6,2249.8,2250.5,9746
2026-08-27 11:55:00,2250.5,2251.7,2249.0,2249.0,26249
2026-08-27 12:00:00,2249.0,2249.5,2247.6,2248.8,20663
2026-08-27 12:05:00,2248.0,2249.0,2246.2,2247.9,16887
2026-08-27 12:10:00,2248.4,2248.8,2246.2,2247.8,15308
2026-08-27 12:15:00,2247.8,2250.3,2247.1,2248.7,20597
2026-08-27 12:20:00,2248.8,2251.0,2248.3,2249.1,53966
2026-08-27 12:25:00,2249.1,2251.3,2248.5,2250.0,11250
2026-08-27 12:30:00,2250.0,2256.8,2249.0,2255.6,37998
2026-08-27 12:35:00,2255.1,2260.0,2255.0,2259.2,46349
2026-08-27 12:40:00,2259.2,2259.8,2255.6,2256.5,19041
2026-08-27 12:45:00,2257.0,2257.9,2255.2,2257.5,10959
2026-08-27 12:50:00,2257.0,2260.0,2255.7,2257.3,50297
2026-08-27 12:55:00,2257.3,2257.3,2253.9,2254.6,13288
2026-08-27 13:00:00,2254.6,2256.3,2254.5,2255.1,5930
2026-08-27 13:05:00,2255.4,2259.4,2255.0,2256.9,46445
2026-08-27 13:10:00,2256.9,2258.0,2255.6,2256.2,8648
2026-08-27 13:15:00,2256.3,2257.8,2255.2,2256.9,15582
2026-08-27 13:20:00,2257.6,2257.8,2255.2,2257.5,12212
2026-08-27 13:25:00,2257.5,2258.0,2256.0,2257.0,14963
2026-08-27 13:30:00,2257.0,2257.7,2256.1,2257.5,7430
2026-08-27 13:35:00,2257.7,2258.0,2256.9,2257.5,7714
2026-08-27 13:40:00,2258.0,2258.0,2256.2,2257.3,6476
2026-08-27 13:45:00,2257.4,2257.6,2254.5,2254.6,8649
2026-08-27 13:50:00,2254.9,2254.9,2252.9,2253.9,21490
2026-08-27 13:55:00,2253.2,2254.8,2252.1,2252.7,9397
2026-08-27 14:00:00,2252.7,2253.9,2252.2,2253.6,7687
2026-08-27 14:05:00,2253.9,2254.4,2253.0,2253.9,5824
2026-08-27 14:10:00,2254.0,2256.0,2253.4,2254.7,11562
2026-08-27 14:15:00,2254.6,2255.8,2253.6,2255.8,13416
2026-08-27 14:20:00,2255.8,2255.9,2254.3,2255.5,10845
2026-08-27 14:25:00,2255.8,2255.8,2254.3,2255.2,10320
2026-08-27 14:30:00,2255.2,2256.3,2252.4,2253.4,33060
2026-08-27 14:35:00,2253.4,2255.0,2253.2,2254.8,9019
2026-08-27 14:40:00,2255.0,2255.1,2252.2,2253.0,12931
2026-08-27 14:45:00,2253.0,2254.6,2252.9,2253.8,18693
2026-08-27 14:50:00,2253.8,2258.6,2253.8,2255.0,43446
2026-08-27 14:55:00,2255.1,2257.9,2254.8,2256.6,21371
2026-08-27 15:00:00,2257.0,2259.2,2255.4,2256.3,56303
2026-08-27 15:05:00,2256.3,2258.4,2256.3,2256.3,57498
2026-08-27 15:10:00,2256.4,2258.0,2251.0,2253.6,67643
2026-08-27 15:15:00,2254.3,2254.3,2254.3,2254.3,6
2026-08-27 15:20:00,2254.3,2254.3,2254.3,2254.3,0
2026-08-27 15:25:00,2254.3,2254.3,2248.4,2248.4,49811
2026-08-28 09:15:00,2272.0,2299.5,2263.3,2293.4,249255
2026-08-28 09:20:00,2294.0,2316.0,2293.4,2310.3,234317
2026-08-28 09:25:00,2310.0,2320.5,2307.0,2319.6,170794
2026-08-28 09:30:00,2319.3,2329.0,2318.5,2328.5,224552
2026-08-28 09:35:00,2328.7,2335.0,2324.5,2332.2,203785
2026-08-28 09:40:00,2331.7,2332.7,2323.6,2330.5,97791
2026-08-28 09:45:00,2330.9,2333.4,2324.0,2328.1,89207
2026-08-28 09:50:00,2328.5,2330.0,2325.0,2326.5,34277
2026-08-28 09:55:00,2326.7,2330.0,2324.3,2328.7,47639
2026-08-28 10:00:00,2328.7,2332.1,2324.5,2325.4,59700
2026-08-28 10:05:00,2325.4,2329.0,2325.3,2327.9,30712
2026-08-28 10:10:00,2327.9,2330.0,2325.0,2326.4,34351
2026-08-28 10:15:00,2326.6,2329.5,2323.2,2325.8,35739
2026-08-28 10:20:00,2325.0,2334.1,2325.0,2333.6,60790
2026-08-28 10:25:00,2333.6,2333.9,2330.0,2330.5,31490
2026-08-28 10:30:00,2330.5,2334.0,2330.3,2333.0,30737
2026-08-28 10:35:00,2333.7,2333.8,2327.5,2328.2,39026
2026-08-28 10:40:00,2328.5,2330.5,2327.0,2330.0,20679
2026-08-28 10:45:00,2330.3,2330.5,2325.2,2325.9,33046
2026-08-28 10:50:00,2326.3,2327.7,2324.3,2327.0,63776
2026-08-28 10:55:00,2326.3,2327.0,2325.1,2326.5,15906
2026-08-28 11:00:00,2326.5,2334.5,2325.6,2334.2,60779
2026-08-28 11:05:00,2334.2,2334.2,2328.1,2328.4,32130
2026-08-28 11:10:00,2328.1,2334.1,2328.0,2330.3,76718
2026-08-28 11:15:00,2331.8,2332.0,2330.0,2331.8,14841
2026-08-28 11:20:00,2332.0,2333.0,2330.2,2330.3,13839
2026-08-28 11:25:00,2331.0,2331.0,2327.0,2327.0,19082
2026-08-28 11:30:00,2326.6,2328.3,2322.7,2325.4,38789
2026-08-28 11:35:00,2325.5,2325.6,2321.5,2322.5,39610
2026-08-28 11:40:00,2322.4,2327.8,2321.0,2327.0,26758
2026-08-28 11:45:00,2327.4,2333.0,2326.7,2332.2,58285
2026-08-28 11:50:00,2332.4,2333.9,2328.9,2329.6,24272
2026-08-28 11:55:00,2329.3,2331.7,2328.1,2331.0,30503
2026-08-28 12:00:00,2330.7,2332.0,2329.2,2331.7,22988
2026-08-28 12:05:00,2331.5,2340.0,2330.0,2339.0,90457
2026-08-28 12:10:00,2339.0,2340.4,2334.5,2335.2,62790
2026-08-28 12:15:00,2335.1,2337.0,2332.3,2335.0,24658
2026-08-28 12:20:00,2335.0,2336.9,2332.3,2333.6,20470
2026-08-28 12:25:00,2334.0,2335.6,2333.2,2335.4,21572
2026-08-28 12:30:00,2335.4,2335.7,2333.0,2333.3,19098
2026-08-28 12:35:00,2333.4,2334.0,2330.3,2333.0,18648
2026-08-28 12:40:00,2333.6,2334.4,2332.1,2333.5,14508
2026-08-28 12:45:00,2334.1,2338.0,2333.6,2337.9,24862
2026-08-28 12:50:00,2337.7,2339.8,2336.4,2338.2,33586
2026-08-28 12:55:00,2338.5,2339.8,2336.0,2338.9,25373
2026-08-28 13:00:00,2339.5,2340.0,2337.3,2338.0,40457
2026-08-28 13:05:00,2337.3,2343.2,2337.3,2342.9,48526
2026-08-28 13:10:00,2343.0,2348.5,2342.6,2343.7,92994
2026-08-28 13:15:00,2343.7,2344.0,2341.0,2342.3,65882
2026-08-28 13:20:00,2342.5,2342.6,2338.1,2339.5,27169
2026-08-28 13:25:00,2339.9,2340.0,2338.8,2339.6,13813
2026-08-28 13:30:00,2339.5,2341.0,2339.1,2339.7,16514
2026-08-28 13:35:00,2340.0,2344.0,2339.1,2340.0,30383
2026-08-28 13:40:00,2340.3,2341.0,2336.0,2336.6,34959
2026-08-28 13:45:00,2336.2,2337.0,2334.2,2335.5,36010
2026-08-28 13:50:00,2335.8,2336.7,2334.7,2336.7,30609
2026-08-28 13:55:00,2336.5,2338.0,2334.5,2334.9,51544
2026-08-28 14:00:00,2335.4,2335.6,2333.2,2334.9,59922
2026-08-28 14:05:00,2335.3,2336.4,2333.0,2333.1,33618
2026-08-28 14:10:00,2333.8,2333.9,2332.0,2332.7,22579
2026-08-28 14:15:00,2332.5,2334.4,2332.0,2332.6,28971
2026-08-28 14:20:00,2332.6,2335.5,2330.6,2334.4,40009
2026-08-28 14:25:00,2334.4,2335.6,2333.1,2334.3,22641
2026-08-28 14:30:00,2333.3,2334.2,2332.4,2332.5,23171
2026-08-28 14:35:00,2333.4,2334.0,2332.4,2333.1,17591
2026-08-28 14:40:00,2333.1,2333.8,2332.0,2333.1,40001
2026-08-28 14:45:00,2333.1,2335.9,2332.5,2335.0,50094
2026-08-28 14:50:00,2334.8,2336.0,2333.0,2335.3,129632
2026-08-28 14:55:00,2335.7,2338.9,2334.8,2337.6,68182
2026-08-28 15:00:00,2337.6,2340.0,2335.6,2339.8,91929
2026-08-28 15:05:00,2339.6,2341.8,2338.1,2339.4,125301
2026-08-28 15:10:00,2339.5,2348.0,2339.5,2342.0,132490
2026-08-28 15:15:00,2342.0,2342.0,2342.0,2342.0,0
2026-08-28 15:20:00,2342.0,2342.0,2342.0,2342.0,0
2026-08-28 15:25:00,2342.0,2342.0,2342.0,2342.0,37081
2026-08-31 09:15:00,2342.0,2344.6,2317.4,2319.9,100876
2026-08-31 09:20:00,2318.9,2329.0,2316.6,2324.0,42767
2026-08-31 09:25:00,2324.0,2326.0,2317.5,2317.5,32606
2026-08-31 09:30:00,2317.8,2318.1,2312.3,2313.6,38673
2026-08-31 09:35:00,2313.6,2313.6,2308.6,2310.9,35988
2026-08-31 09:40:00,2310.9,2311.8,2308.0,2309.2,26571
2026-08-31 09:45:00,2309.7,2311.8,2306.2,2308.5,36270
2026-08-31 09:50:00,2308.5,2311.8,2307.5,2310.3,30429
2026-08-31 09:55:00,2310.7,2314.0,2309.1,2313.8,22556
2026-08-31 10:00:00,2313.8,2313.8,2310.2,2311.7,11260
2026-08-31 10:05:00,2311.7,2313.0,2310.0,2311.0,12806
2026-08-31 10:10:00,2311.0,2314.9,2310.0,2313.5,44001
2026-08-31 10:15:00,2313.8,2314.5,2312.9,2313.0,9914
2026-08-31 10:20:00,2313.3,2316.7,2312.6,2315.0,24007
2026-08-31 10:25:00,2315.3,2328.3,2315.3,2324.0,79310
2026-08-31 10:30:00,2324.4,2326.0,2320.6,2322.4,14592
2026-08-31 10:35:00,2322.4,2322.4,2318.8,2320.1,16000
2026-08-31 10:40:00,2320.4,2320.9,2319.3,2320.0,9504
2026-08-31 10:45:00,2319.4,2322.1,2319.3,2321.4,12482
2026-08-31 10:50:00,2321.3,2322.2,2320.0,2320.2,8250
2026-08-31 10:55:00,2321.1,2322.0,2319.0,2319.1,7882
2026-08-31 11:00:00,2319.1,2319.3,2315.5,2318.6,20472
2026-08-31 11:05:00,2318.9,2319.0,2317.9,2317.9,5474
2026-08-31 11:10:00,2318.5,2319.0,2317.3,2319.0,7568
2026-08-31 11:15:00,2319.0,2321.0,2318.0,2319.8,7472
2026-08-31 11:20:00,2320.0,2321.2,2319.0,2319.0,9163
2026-08-31 11:25:00,2318.9,2319.9,2318.1,2318.5,5015
2026-08-31 11:30:00,2318.3,2319.9,2318.3,2318.6,3431
2026-08-31 11:35:00,2318.8,2321.0,2318.4,2320.5,9438
2026-08-31 11:40:00,2320.5,2321.0,2319.6,2319.9,5436
2026-08-31 11:45:00,2320.3,2321.0,2318.0,2318.9,7420
2026-08-31 11:50:00,2318.9,2325.7,2318.3,2325.0,35557
2026-08-31 11:55:00,2325.0,2327.0,2323.0,2323.3,20142
2026-08-31 12:00:00,2323.9,2323.9,2318.6,2323.2,74999
2026-08-31 12:05:00,2323.0,2323.9,2321.4,2322.5,14525
2026-08-31 12:10:00,2322.2,2323.6,2318.6,2323.3,10446
2026-08-31 12:15:00,2323.3,2323.3,2319.5,2320.8,9344
2026-08-31 12:20:00,2321.7,2322.9,2320.7,2322.4,4950
2026-08-31 12:25:00,2321.8,2323.0,2321.0,2321.5,5980
2026-08-31 12:30:00,2321.9,2322.2,2319.3,2319.3,7586
2026-08-31 12:35:00,2319.9,2326.3,2319.4,2324.8,12600
2026-08-31 12:40:00,2324.8,2325.4,2323.1,2324.0,10340
2026-08-31 12:45:00,2324.0,2324.3,2322.0,2322.7,10420
2026-08-31 12:50:00,2322.6,2322.8,2322.0,2322.1,60130
2026-08-31 12:55:00,2322.0,2324.9,2320.1,2323.8,18059
2026-08-31 13:00:00,2324.0,2325.9,2323.8,2325.8,10342
2026-08-31 13:05:00,2325.8,2325.9,2323.1,2323.6,4586
2026-08-31 13:10:00,2323.6,2324.6,2322.3,2323.4,10152
2026-08-31 13:15:00,2324.2,2324.9,2323.0,2323.7,3966
2026-08-31 13:20:00,2323.8,2325.0,2323.6,2323.9,9207
2026-08-31 13:25:00,2323.9,2324.5,2323.6,2323.8,4083
2026-08-31 13:30:00,2324.3,2325.8,2323.6,2325.2,8085
2026-08-31 13:35:00,2325.3,2325.3,2324.0,2324.2,6147
2026-08-31 13:40:00,2324.4,2325.2,2323.5,2323.9,6089
2026-08-31 13:45:00,2323.8,2325.1,2323.4,2324.8,9047
2026-08-31 13:50:00,2324.8,2325.0,2323.8,2324.3,10968
2026-08-31 13:55:00,2324.0,2324.1,2322.6,2323.7,7866
2026-08-31 14:00:00,2323.4,2325.3,2323.1,2325.1,13168
2026-08-31 14:05:00,2325.2,2326.0,2321.6,2321.6,14494
2026-08-31 14:10:00,2321.5,2323.2,2320.7,2322.0,9982
2026-08-31 14:15:00,2322.4,2323.8,2322.0,2322.8,9635
2026-08-31 14:20:00,2323.6,2324.8,2322.3,2323.0,15045
2026-08-31 14:25:00,2323.0,2325.8,2322.1,2324.0,14238
2026-08-31 14:30:00,2325.1,2326.1,2323.4,2325.0,9090
2026-08-31 14:35:00,2325.0,2325.5,2323.2,2323.3,7373
2026-08-31 14:40:00,2323.9,2325.9,2323.5,2325.4,11107
2026-08-31 14:45:00,2325.9,2331.6,2325.4,2329.1,24930
2026-08-31 14:50:00,2329.2,2335.4,2328.7,2333.4,72817
2026-08-31 14:55:00,2333.6,2334.0,2330.0,2331.5,31038
2026-08-31 15:00:00,2331.7,2335.2,2329.6,2330.4,77462
2026-08-31 15:05:00,2330.3,2333.0,2327.4,2329.0,131316
2026-08-31 15:10:00,2329.2,2330.4,2323.0,2323.0,142088
2026-08-31 15:15:00,2323.0,2323.0,2323.0,2323.0,0
2026-08-31 15:20:00,2323.0,2323.0,2323.0,2323.0,0
2026-08-31 15:25:00,2323.0,2399.3,2323.0,2399.3,1213118
2026-09-01 09:15:00,2355.0,2355.0,2325.0,2330.9,248610
2026-09-01 09:20:00,2330.7,2348.3,2330.0,2348.3,129827
2026-09-01 09:25:00,2348.3,2360.3,2347.6,2354.3,136498
2026-09-01 09:30:00,2353.9,2363.0,2353.2,2353.2,72239
2026-09-01 09:35:00,2353.7,2354.0,2342.8,2346.0,52368
2026-09-01 09:40:00,2346.0,2347.9,2342.1,2344.3,34886
2026-09-01 09:45:00,2344.8,2346.0,2343.2,2346.0,14297
2026-09-01 09:50:00,2345.6,2346.0,2344.1,2345.0,13021
2026-09-01 09:55:00,2345.1,2345.5,2339.0,2339.8,22503
2026-09-01 10:00:00,2340.1,2342.9,2336.8,2341.8,23116
2026-09-01 10:05:00,2341.8,2348.9,2340.0,2348.1,34786
2026-09-01 10:10:00,2349.3,2353.0,2346.1,2347.4,37175
2026-09-01 10:15:00,2347.4,2353.0,2346.7,2346.7,13586
2026-09-01 10:20:00,2347.4,2347.4,2342.6,2344.7,14968
2026-09-01 10:25:00,2345.5,2348.0,2343.0,2345.9,12144
2026-09-01 10:30:00,2345.7,2348.9,2345.3,2348.3,11957
2026-09-01 10:35:00,2348.0,2348.7,2346.4,2346.8,13863
2026-09-01 10:40:00,2346.8,2349.5,2346.3,2349.3,9452
2026-09-01 10:45:00,2349.3,2351.4,2348.2,2350.9,12705
2026-09-01 10:50:00,2350.9,2355.8,2349.0,2352.3,32142
2026-09-01 10:55:00,2352.3,2354.0,2345.3,2345.3,23292
2026-09-01 11:00:00,2346.4,2351.8,2346.0,2350.7,58719
2026-09-01 11:05:00,2350.9,2352.5,2350.0,2350.6,13875
2026-09-01 11:10:00,2350.5,2351.0,2348.5,2349.6,26376
2026-09-01 11:15:00,2349.3,2349.6,2346.5,2347.2,10643
2026-09-01 11:20:00,2347.1,2349.6,2347.0,2347.4,5576
2026-09-01 11:25:00,2347.7,2348.7,2347.4,2347.6,6961
2026-09-01 11:30:00,2347.6,2349.9,2347.5,2349.1,12759
2026-09-01 11:35:00,2348.8,2349.1,2346.8,2347.0,5162
2026-09-01 11:40:00,2347.0,2349.3,2346.6,2347.6,10386
2026-09-01 11:45:00,2347.5,2351.9,2346.7,2351.3,10751
2026-09-01 11:50:00,2351.3,2356.5,2350.7,2356.5,19282
2026-09-01 11:55:00,2356.6,2367.9,2356.4,2360.9,80553
2026-09-01 12:00:00,2361.7,2364.9,2359.5,2361.8,36633
2026-09-01 12:05:00,2361.8,2364.9,2361.5,2361.9,14601
2026-09-01 12:10:00,2361.9,2362.9,2361.0,2362.0,20897
2026-09-01 12:15:00,2362.0,2363.2,2359.8,2360.2,7314
2026-09-01 12:20:00,2360.7,2367.5,2360.0,2363.9,19505
2026-09-01 12:25:00,2363.9,2368.0,2363.2,2366.6,23978
2026-09-01 12:30:00,2366.6,2368.0,2359.0,2363.5,20707
2026-09-01 12:35:00,2364.2,2365.2,2361.8,2362.0,10483
2026-09-01 12:40:00,2362.2,2365.9,2361.5,2365.4,11403
2026-09-01 12:45:00,2365.4,2366.5,2363.3,2363.3,7208
2026-09-01 12:50:00,2363.5,2363.8,2361.6,2362.4,6709
2026-09-01 12:55:00,2362.5,2365.8,2361.1,2364.8,9022
2026-09-01 13:00:00,2364.7,2365.0,2363.9,2364.5,5675
2026-09-01 13:05:00,2364.4,2365.5,2362.4,2363.2,58150
2026-09-01 13:10:00,2363.2,2364.1,2359.3,2359.3,15600
2026-09-01 13:15:00,2359.6,2361.8,2356.6,2360.7,21855
2026-09-01 13:20:00,2360.7,2364.6,2360.6,2364.1,15541
2026-09-01 13:25:00,2364.1,2365.8,2363.2,2364.4,10970
2026-09-01 13:30:00,2365.0,2369.3,2363.2,2366.6,67120
2026-09-01 13:35:00,2366.8,2372.0,2364.0,2364.8,62198
2026-09-01 13:40:00,2365.3,2367.6,2362.9,2366.2,25642
2026-09-01 13:45:00,2366.2,2366.4,2363.1,2364.7,36628
2026-09-01 13:50:00,2364.6,2365.9,2360.0,2361.0,53471
2026-09-01 13:55:00,2361.4,2362.6,2359.7,2361.6,14851
2026-09-01 14:00:00,2361.5,2361.5,2357.3,2360.0,29030
2026-09-01 14:05:00,2358.9,2360.6,2357.1,2357.5,52387
2026-09-01 14:10:00,2357.5,2361.1,2356.6,2360.0,43187
2026-09-01 14:15:00,2360.7,2364.2,2360.4,2363.0,42161
2026-09-01 14:20:00,2363.9,2363.9,2360.0,2361.1,15960
2026-09-01 14:25:00,2360.9,2363.4,2360.0,2363.2,23081
2026-09-01 14:30:00,2363.4,2363.6,2359.6,2359.6,24726
2026-09-01 14:35:00,2360.0,2361.2,2355.0,2355.5,23072
2026-09-01 14:40:00,2355.5,2355.5,2350.6,2350.7,32776
2026-09-01 14:45:00,2350.9,2353.7,2350.2,2353.0,58964
2026-09-01 14:50:00,2353.1,2355.2,2352.0,2354.6,63916
2026-09-01 14:55:00,2354.6,2357.4,2354.6,2355.1,45408
2026-09-01 15:00:00,2355.3,2355.6,2352.8,2355.4,61902
2026-09-01 15:05:00,2354.8,2360.8,2353.7,2356.4,145454
2026-09-01 15:10:00,2356.9,2357.2,2351.2,2355.7,94108
2026-09-01 15:15:00,2356.0,2356.0,2356.0,2356.0,7
2026-09-01 15:20:00,2356.0,2356.0,2356.0,2356.0,0
2026-09-01 15:25:00,2356.0,2369.0,2356.0,2369.0,83544
2026-09-02 09:15:00,2347.9,2349.9,2312.3,2312.3,182933
2026-09-02 09:20:00,2313.2,2318.8,2303.5,2306.4,89098
2026-09-02 09:25:00,2306.9,2320.8,2305.5,2319.9,60571
2026-09-02 09:30:00,2320.2,2344.3,2319.4,2344.2,149291
2026-09-02 09:35:00,2344.2,2348.0,2338.7,2339.3,65414
2026-09-02 09:40:00,2338.6,2346.0,2338.6,2343.8,35810
2026-09-02 09:45:00,2343.8,2348.0,2342.8,2345.3,35633
2026-09-02 09:50:00,2345.2,2346.3,2342.1,2345.2,24886
2026-09-02 09:55:00,2345.2,2358.6,2343.7,2356.2,57984
2026-09-02 10:00:00,2356.6,2363.0,2352.2,2356.0,75403
2026-09-02 10:05:00,2355.8,2358.5,2347.2,2349.7,63278
2026-09-02 10:10:00,2349.7,2353.6,2348.2,2351.5,20129
2026-09-02 10:15:00,2350.9,2351.3,2345.0,2345.2,30607
2026-09-02 10:20:00,2345.8,2349.0,2344.5,2347.0,30383
2026-09-02 10:25:00,2347.0,2349.0,2346.0,2348.2,24664
2026-09-02 10:30:00,2347.4,2354.7,2346.1,2350.7,38995
2026-09-02 10:35:00,2350.4,2350.7,2340.5,2341.3,21815
2026-09-02 10:40:00,2341.0,2341.3,2338.2,2340.0,26973
2026-09-02 10:45:00,2340.7,2344.1,2340.5,2342.9,17930
2026-09-02 10:50:00,2343.0,2346.9,2342.9,2345.9,18869
2026-09-02 10:55:00,2345.9,2349.3,2345.0,2345.0,40574
2026-09-02 11:00:00,2345.0,2346.0,2342.6,2343.0,16047
2026-09-02 11:05:00,2343.1,2343.4,2338.2,2338.2,14560
2026-09-02 11:10:00,2338.6,2340.5,2337.0,2337.4,15859
2026-09-02 11:15:00,2337.5,2337.8,2335.2,2336.0,17284
2026-09-02 11:20:00,2336.4,2336.9,2335.5,2336.1,10971
2026-09-02 11:25:00,2336.2,2339.8,2335.6,2339.0,26733
2026-09-02 11:30:00,2338.8,2342.5,2338.3,2340.6,17398
2026-09-02 11:35:00,2340.6,2341.9,2338.2,2341.1,23305
2026-09-02 11:40:00,2341.2,2342.0,2339.0,2339.0,13916
2026-09-02 11:45:00,2339.4,2339.4,2337.1,2338.8,18437
2026-09-02 11:50:00,2339.0,2343.3,2339.0,2341.9,16038
2026-09-02 11:55:00,2341.8,2341.9,2340.4,2340.4,9655
2026-09-02 12:00:00,2340.5,2340.9,2338.6,2339.5,14049
2026-09-02 12:05:00,2339.6,2340.3,2338.8,2339.1,8365
2026-09-02 12:10:00,2339.2,2339.4,2337.2,2337.5,18704
2026-09-02 12:15:00,2337.8,2339.5,2337.8,2338.2,8828
2026-09-02 12:20:00,2338.3,2341.3,2336.6,2340.2,13949
2026-09-02 12:25:00,2340.0,2344.4,2340.0,2343.0,18188
2026-09-02 12:30:00,2343.0,2345.2,2343.0,2343.4,13244
2026-09-02 12:35:00,2343.4,2344.0,2340.0,2340.3,9574
2026-09-02 12:40:00,2340.3,2340.4,2337.6,2337.8,8325
2026-09-02 12:45:00,2337.9,2337.9,2335.7,2337.5,13458
2026-09-02 12:50:00,2337.6,2338.3,2337.0,2337.9,8221
2026-09-02 12:55:00,2337.9,2340.9,2337.3,2340.0,16967
2026-09-02 13:00:00,2340.1,2341.3,2340.0,2341.1,8213
2026-09-02 13:05:00,2341.2,2344.8,2339.8,2339.8,46000
2026-09-02 13:10:00,2340.5,2341.7,2339.3,2340.7,8767
2026-09-02 13:15:00,2340.8,2341.5,2339.8,2341.3,23442
2026-09-02 13:20:00,2341.4,2344.6,2341.4,2344.1,25189
2026-09-02 13:25:00,2344.1,2347.3,2343.0,2346.6,55554
2026-09-02 13:30:00,2346.6,2348.0,2345.0,2347.0,19016
2026-09-02 13:35:00,2347.1,2347.5,2346.4,2347.2,28795
2026-09-02 13:40:00,2347.2,2347.2,2338.1,2340.7,54979
2026-09-02 13:45:00,2340.3,2340.4,2337.6,2338.5,16939
2026-09-02 13:50:00,2338.9,2340.5,2336.8,2340.3,28082
2026-09-02 13:55:00,2340.3,2342.0,2338.3,2342.0,38184
2026-09-02 14:00:00,2341.9,2343.6,2339.4,2340.5,18456
2026-09-02 14:05:00,2340.5,2343.7,2339.3,2342.4,33940
2026-09-02 14:10:00,2342.4,2342.4,2337.0,2338.0,21197
2026-09-02 14:15:00,2338.2,2338.9,2335.4,2336.2,23990
2026-09-02 14:20:00,2336.3,2337.5,2335.0,2335.7,26258
2026-09-02 14:25:00,2335.5,2336.7,2335.0,2336.4,20268
2026-09-02 14:30:00,2336.4,2336.8,2335.1,2336.0,26284
2026-09-02 14:35:00,2336.0,2337.9,2335.0,2336.6,29369
2026-09-02 14:40:00,2336.6,2336.7,2334.4,2335.3,24253
2026-09-02 14:45:00,2335.3,2335.3,2332.6,2332.9,31512
2026-09-02 14:50:00,2333.3,2333.3,2328.8,2332.9,52891
2026-09-02 14:55:00,2332.9,2334.9,2331.9,2334.5,35916
2026-09-02 15:00:00,2333.9,2333.9,2331.0,2332.0,48361
2026-09-02 15:05:00,2332.0,2332.0,2328.2,2331.6,83997
2026-09-02 15:10:00,2331.5,2340.0,2330.2,2340.0,119661
2026-09-02 15:15:00,2340.0,2340.0,2340.0,2340.0,0
2026-09-02 15:20:00,2340.0,2340.0,2340.0,2340.0,0
2026-09-02 15:25:00,2340.0,2348.0,2340.0,2348.0,97985
2026-09-03 09:15:00,2353.6,2353.6,2328.1,2330.0,107365
2026-09-03 09:20:00,2330.4,2336.0,2320.0,2321.7,51711
2026-09-03 09:25:00,2321.7,2328.0,2316.1,2328.0,58193
2026-09-03 09:30:00,2328.0,2331.0,2326.0,2326.4,43262
2026-09-03 09:35:00,2326.7,2330.0,2326.6,2329.3,25032
2026-09-03 09:40:00,2329.3,2331.0,2327.1,2329.6,28412
2026-09-03 09:45:00,2329.6,2329.8,2327.1,2328.3,11514
2026-09-03 09:50:00,2328.5,2330.0,2327.5,2327.9,13346
2026-09-03 09:55:00,2328.0,2331.0,2327.9,2330.6,15476
2026-09-03 10:00:00,2330.7,2330.8,2323.7,2325.6,27117
2026-09-03 10:05:00,2325.6,2328.0,2323.8,2326.1,18711
2026-09-03 10:10:00,2326.6,2328.5,2324.0,2326.8,24398
2026-09-03 10:15:00,2326.8,2328.3,2325.8,2326.5,12198
2026-09-03 10:20:00,2326.5,2327.6,2326.2,2326.7,8874
2026-09-03 10:25:00,2326.9,2329.5,2325.5,2327.1,15212
2026-09-03 10:30:00,2327.1,2334.9,2325.7,2333.6,22887
2026-09-03 10:35:00,2334.0,2334.9,2330.6,2333.1,20640
2026-09-03 10:40:00,2333.2,2336.8,2331.3,2336.8,41921
2026-09-03 10:45:00,2336.8,2338.8,2333.2,2338.0,66046
2026-09-03 10:50:00,2338.3,2338.8,2333.3,2334.7,29819
2026-09-03 10:55:00,2334.9,2338.3,2332.2,2337.2,31898
2026-09-03 11:00:00,2337.2,2342.4,2336.0,2340.3,54714
2026-09-03 11:05:00,2340.9,2341.4,2338.3,2340.3,26615
2026-09-03 11:10:00,2340.3,2340.7,2335.6,2336.9,24209
2026-09-03 11:15:00,2337.6,2338.7,2332.5,2336.1,24689
2026-09-03 11:20:00,2336.1,2336.9,2333.4,2335.3,30943
2026-09-03 11:25:00,2335.3,2339.0,2335.2,2337.9,54187
2026-09-03 11:30:00,2337.9,2338.4,2336.1,2337.6,15245
2026-09-03 11:35:00,2337.6,2337.6,2334.2,2334.8,11820
2026-09-03 11:40:00,2334.9,2343.5,2333.3,2343.4,34767
2026-09-03 11:45:00,2343.6,2344.9,2340.4,2340.5,19320
2026-09-03 11:50:00,2340.6,2342.1,2340.0,2340.4,18099
2026-09-03 11:55:00,2340.5,2342.9,2340.0,2340.7,35960
2026-09-03 12:00:00,2341.3,2341.9,2335.5,2336.2,44087
2026-09-03 12:05:00,2336.3,2338.5,2335.2,2336.6,24735
2026-09-03 12:10:00,2336.6,2336.6,2330.6,2332.5,22425
2026-09-03 12:15:00,2333.0,2333.0,2327.8,2328.1,20842
2026-09-03 12:20:00,2328.6,2329.4,2326.5,2328.2,15461
2026-09-03 12:25:00,2328.1,2330.2,2327.1,2328.0,16191
2026-09-03 12:30:00,2328.1,2331.0,2328.0,2329.0,12134
2026-09-03 12:35:00,2329.4,2330.8,2328.0,2330.0,11068
2026-09-03 12:40:00,2330.2,2332.0,2328.8,2331.6,10644
2026-09-03 12:45:00,2332.0,2333.0,2331.0,2331.2,8810
2026-09-03 12:50:00,2331.5,2333.0,2330.5,2330.5,8955
2026-09-03 12:55:00,2331.2,2331.2,2327.2,2329.5,16641
2026-09-03 13:00:00,2329.7,2330.0,2327.1,2328.0,13229
2026-09-03 13:05:00,2328.0,2329.4,2327.5,2328.9,15446
2026-09-03 13:10:00,2328.9,2331.6,2328.1,2328.9,13538
2026-09-03 13:15:00,2328.9,2330.6,2328.0,2328.1,8347
2026-09-03 13:20:00,2328.6,2328.6,2326.0,2326.0,11083
2026-09-03 13:25:00,2326.3,2326.7,2325.1,2325.1,12551
2026-09-03 13:30:00,2325.3,2327.0,2325.0,2326.4,13810
2026-09-03 13:35:00,2326.3,2327.4,2325.0,2325.6,14186
2026-09-03 13:40:00,2325.7,2328.0,2325.0,2326.6,21399
2026-09-03 13:45:00,2326.0,2328.5,2325.5,2328.0,13198
2026-09-03 13:50:00,2328.3,2330.0,2327.4,2327.6,25003
2026-09-03 13:55:00,2328.3,2330.0,2327.2,2329.4,16300
2026-09-03 14:00:00,2329.0,2331.0,2327.3,2329.7,28517
2026-09-03 14:05:00,2329.6,2330.8,2327.4,2329.4,23215
2026-09-03 14:10:00,2330.1,2332.9,2329.4,2332.2,13289
2026-09-03 14:15:00,2332.2,2332.7,2330.4,2331.5,17426
2026-09-03 14:20:00,2331.8,2332.8,2330.3,2332.8,38665
2026-09-03 14:25:00,2333.1,2333.6,2331.4,2332.0,21229
2026-09-03 14:30:00,2331.7,2334.9,2330.9,2334.7,24184
2026-09-03 14:35:00,2334.8,2335.4,2333.0,2334.4,22922
2026-09-03 14:40:00,2334.3,2334.8,2332.6,2334.0,18055
2026-09-03 14:45:00,2334.0,2334.1,2332.1,2332.7,13539
2026-09-03 14:50:00,2332.6,2334.3,2332.1,2333.0,21016
2026-09-03 14:55:00,2332.8,2333.9,2332.0,2333.0,21837
2026-09-03 15:00:00,2333.0,2334.9,2332.1,2332.4,35705
2026-09-03 15:05:00,2333.5,2334.7,2330.6,2332.1,45753
2026-09-03 15:10:00,2332.1,2335.5,2331.0,2333.9,53082
2026-09-03 15:15:00,2333.9,2333.9,2333.9,2333.9,171
2026-09-03 15:20:00,2333.9,2333.9,2333.9,2333.9,0
2026-09-03 15:25:00,2333.9,2333.9,2320.1,2320.1,71032
2026-09-04 09:15:00,2330.0,2363.9,2330.0,2349.1,168146
2026-09-04 09:20:00,2349.1,2351.0,2335.8,2336.3,100436
2026-09-04 09:25:00,2336.8,2344.6,2335.0,2340.5,68063
2026-09-04 09:30:00,2340.6,2340.6,2333.0,2333.2,46742
2026-09-04 09:35:00,2333.1,2333.1,2326.1,2328.3,70258
2026-09-04 09:40:00,2328.4,2334.8,2328.2,2333.0,57170
2026-09-04 09:45:00,2333.1,2333.2,2324.0,2325.1,41358
2026-09-04 09:50:00,2326.0,2327.9,2323.4,2327.4,45185
2026-09-04 09:55:00,2327.4,2329.9,2323.2,2324.0,41684
2026-09-04 10:00:00,2324.1,2326.0,2322.5,2324.3,32586
2026-09-04 10:05:00,2324.3,2325.1,2321.2,2323.3,32529
2026-09-04 10:10:00,2323.3,2323.4,2320.1,2321.1,30875
2026-09-04 10:15:00,2321.0,2323.2,2320.1,2321.5,30350
2026-09-04 10:20:00,2321.0,2323.8,2321.0,2321.8,21833
2026-09-04 10:25:00,2321.8,2325.0,2320.7,2324.8,33941
2026-09-04 10:30:00,2324.6,2324.6,2321.1,2322.5,24225
2026-09-04 10:35:00,2322.5,2322.5,2318.3,2319.0,42801
2026-09-04 10:40:00,2319.5,2320.9,2316.6,2320.6,44077
2026-09-04 10:45:00,2320.6,2320.9,2318.8,2319.7,17251
2026-09-04 10:50:00,2319.5,2321.8,2319.2,2321.0,17167
2026-09-04 10:55:00,2321.6,2322.0,2320.0,2321.9,10751
2026-09-04 11:00:00,2321.9,2322.2,2318.3,2319.4,17017
2026-09-04 11:05:00,2319.5,2321.5,2319.2,2319.4,17534
2026-09-04 11:10:00,2319.5,2320.0,2318.0,2319.6,23342
2026-09-04 11:15:00,2319.6,2320.7,2318.9,2320.1,14897
2026-09-04 11:20:00,2320.2,2320.4,2318.0,2318.4,17962
2026-09-04 11:25:00,2318.3,2321.7,2317.4,2321.1,39620
2026-09-04 11:30:00,2321.1,2323.0,2321.0,2322.0,46527
2026-09-04 11:35:00,2321.7,2322.3,2318.0,2318.5,28246
2026-09-04 11:40:00,2318.5,2318.8,2317.2,2318.6,14867
2026-09-04 11:45:00,2318.3,2321.1,2318.2,2319.2,20977
2026-09-04 11:50:00,2319.2,2321.6,2319.0,2321.0,28490
2026-09-04 11:55:00,2321.1,2321.1,2319.8,2319.8,29151
2026-09-04 12:00:00,2320.5,2321.0,2318.0,2318.1,21892
2026-09-04 12:05:00,2318.4,2318.5,2317.6,2318.1,14858
2026-09-04 12:10:00,2318.1,2319.0,2317.4,2317.9,14748
2026-09-04 12:15:00,2317.6,2320.7,2317.0,2319.1,19095
2026-09-04 12:20:00,2319.1,2319.1,2318.0,2318.7,23015
2026-09-04 12:25:00,2318.5,2320.3,2316.3,2316.3,31867
2026-09-04 12:30:00,2316.7,2319.5,2315.0,2317.3,29314
2026-09-04 12:35:00,2317.5,2320.5,2317.3,2319.8,25335
2026-09-04 12:40:00,2320.1,2324.3,2319.8,2321.2,24521
2026-09-04 12:45:00,2321.4,2322.8,2320.0,2320.7,19626
2026-09-04 12:50:00,2321.0,2322.5,2320.0,2320.7,13581
2026-09-04 12:55:00,2320.7,2321.2,2319.7,2320.1,15522
2026-09-04 13:00:00,2320.0,2320.2,2319.2,2320.0,15300
2026-09-04 13:05:00,2320.1,2320.2,2319.9,2320.1,16076
2026-09-04 13:10:00,2320.0,2320.4,2319.7,2320.0,17337
2026-09-04 13:15:00,2320.1,2320.1,2316.7,2317.5,17760
2026-09-04 13:20:00,2317.1,2317.6,2313.0,2315.1,38828
2026-09-04 13:25:00,2315.3,2315.3,2312.9,2312.9,17112
2026-09-04 13:30:00,2313.4,2313.6,2310.8,2311.7,21660
2026-09-04 13:35:00,2311.3,2311.9,2311.1,2311.5,20395
2026-09-04 13:40:00,2311.6,2313.3,2311.2,2313.0,20710
2026-09-04 13:45:00,2313.1,2313.5,2312.0,2312.5,19325
2026-09-04 13:50:00,2312.0,2312.6,2310.8,2311.3,17736
2026-09-04 13:55:00,2311.0,2313.9,2310.0,2313.4,36240
2026-09-04 14:00:00,2313.6,2314.1,2313.0,2313.6,19796
2026-09-04 14:05:00,2313.6,2313.6,2310.0,2310.8,33620
2026-09-04 14:10:00,2311.0,2311.4,2309.0,2310.0,26756
2026-09-04 14:15:00,2310.0,2310.0,2308.5,2309.5,21941
2026-09-04 14:20:00,2309.5,2309.6,2308.0,2308.8,23027
2026-09-04 14:25:00,2308.9,2311.7,2308.5,2310.7,41524
2026-09-04 14:30:00,2310.8,2311.4,2310.0,2310.0,18368
2026-09-04 14:35:00,2310.4,2311.0,2308.9,2309.5,17378
2026-09-04 14:40:00,2309.5,2310.0,2307.6,2307.6,20916
2026-09-04 14:45:00,2307.9,2308.5,2306.0,2307.4,35351
2026-09-04 14:50:00,2307.7,2310.0,2306.6,2309.5,67548
2026-09-04 14:55:00,2309.9,2311.0,2308.4,2309.0,25836
2026-09-04 15:00:00,2309.0,2309.0,2303.8,2304.1,65280
2026-09-04 15:05:00,2303.9,2306.8,2302.4,2306.6,123331
2026-09-04 15:10:00,2306.3,2310.0,2305.7,2309.0,148970
2026-09-04 15:15:00,2309.0,2309.0,2309.0,2309.0,25
2026-09-04 15:20:00,2309.0,2309.0,2309.0,2309.0,0
2026-09-04 15:25:00,2309.0,2309.0,2304.0,2304.0,70989
2026-09-07 09:15:00,2290.1,2296.4,2272.2,2295.9,159262
2026-09-07 09:20:00,2296.4,2299.9,2285.1,2285.1,74968
2026-09-07 09:25:00,2285.8,2285.8,2280.2,2284.0,67021
2026-09-07 09:30:00,2284.0,2284.0,2278.2,2282.6,61108
2026-09-07 09:35:00,2282.1,2285.7,2280.3,2281.4,29035
2026-09-07 09:40:00,2281.8,2283.7,2280.9,2281.0,33427
2026-09-07 09:45:00,2281.5,2282.9,2280.3,2281.0,21552
2026-09-07 09:50:00,2281.3,2283.1,2281.2,2281.7,25548
2026-09-07 09:55:00,2282.6,2288.2,2282.2,2286.2,41728
2026-09-07 10:00:00,2286.9,2286.9,2281.3,2284.3,27734
2026-09-07 10:05:00,2284.1,2285.2,2282.0,2284.9,13247
2026-09-07 10:10:00,2284.9,2285.9,2282.5,2283.0,9604
2026-09-07 10:15:00,2283.4,2284.2,2278.3,2279.1,29821
2026-09-07 10:20:00,2279.7,2282.0,2279.1,2280.7,9250
2026-09-07 10:25:00,2280.4,2280.7,2279.0,2279.0,14377
2026-09-07 10:30:00,2279.0,2279.6,2277.4,2278.6,15576
2026-09-07 10:35:00,2278.6,2280.1,2278.1,2279.8,11607
2026-09-07 10:40:00,2279.8,2281.0,2278.8,2279.0,15038
2026-09-07 10:45:00,2279.2,2281.0,2278.8,2279.8,9426
2026-09-07 10:50:00,2279.8,2282.6,2278.1,2278.5,16516
2026-09-07 10:55:00,2278.5,2281.2,2278.2,2281.0,10707
2026-09-07 11:00:00,2280.8,2280.9,2276.0,2276.6,19992
2026-09-07 11:05:00,2276.7,2276.7,2273.5,2274.1,25029
2026-09-07 11:10:00,2274.1,2275.4,2273.7,2274.7,13144
2026-09-07 11:15:00,2274.9,2275.9,2273.6,2275.3,12998
2026-09-07 11:20:00,2275.3,2277.4,2274.0,2274.1,13746
2026-09-07 11:25:00,2274.1,2274.1,2271.1,2271.6,26624
2026-09-07 11:30:00,2272.0,2273.1,2271.1,2272.5,13189
2026-09-07 11:35:00,2272.5,2275.0,2272.5,2274.4,14178
2026-09-07 11:40:00,2274.7,2276.9,2273.5,2275.9,11748
2026-09-07 11:45:00,2276.2,2276.3,2273.5,2274.9,12758
2026-09-07 11:50:00,2274.7,2275.5,2271.5,2271.5,12313
2026-09-07 11:55:00,2271.7,2273.0,2263.9,2265.0,247396
2026-09-07 12:00:00,2264.9,2265.0,2263.5,2264.4,18470
2026-09-07 12:05:00,2264.3,2269.5,2264.0,2269.0,28585
2026-09-07 12:10:00,2269.2,2274.1,2268.4,2273.3,32663
2026-09-07 12:15:00,2273.0,2275.8,2271.7,2275.8,41817
2026-09-07 12:20:00,2275.9,2276.5,2273.1,2275.0,40053
2026-09-07 12:25:00,2275.0,2275.8,2274.6,2274.8,8227
2026-09-07 12:30:00,2274.8,2278.0,2274.4,2276.9,18178
2026-09-07 12:35:00,2276.9,2278.3,2275.5,2276.8,19872
2026-09-07 12:40:00,2276.8,2278.5,2275.9,2276.8,18508
2026-09-07 12:45:00,2276.7,2277.4,2275.8,2276.7,15429
2026-09-07 12:50:00,2276.7,2276.7,2271.6,2272.0,22473
2026-09-07 12:55:00,2272.0,2272.0,2270.6,2271.4,10728
2026-09-07 13:00:00,2271.5,2271.6,2269.3,2269.7,23931
2026-09-07 13:05:00,2269.7,2270.9,2268.1,2269.8,18639
2026-09-07 13:10:00,2269.6,2269.6,2268.0,2269.2,8078
2026-09-07 13:15:00,2269.1,2269.9,2268.0,2268.8,13983
2026-09-07 13:20:00,2268.8,2269.7,2265.8,2265.8,16463
2026-09-07 13:25:00,2265.8,2266.0,2262.5,2263.5,24908
2026-09-07 13:30:00,2262.7,2263.5,2260.1,2261.0,28523
2026-09-07 13:35:00,2260.8,2262.8,2260.8,2261.7,15603
2026-09-07 13:40:00,2261.6,2263.4,2261.5,2262.5,12962
2026-09-07 13:45:00,2263.0,2264.6,2262.5,2262.9,14038
2026-09-07 13:50:00,2262.8,2265.0,2262.0,2265.0,13367
2026-09-07 13:55:00,2265.0,2265.0,2263.7,2264.4,15035
2026-09-07 14:00:00,2264.4,2265.0,2264.0,2265.0,11316
2026-09-07 14:05:00,2265.0,2265.0,2263.7,2264.8,15926
2026-09-07 14:10:00,2264.9,2265.0,2264.9,2265.0,7821
2026-09-07 14:15:00,2265.0,2265.0,2263.1,2264.3,19589
2026-09-07 14:20:00,2264.9,2265.8,2264.6,2265.0,20156
2026-09-07 14:25:00,2265.0,2265.9,2264.8,2265.0,35081
2026-09-07 14:30:00,2265.0,2265.0,2263.1,2264.4,23008
2026-09-07 14:35:00,2264.7,2265.3,2264.2,2265.0,11384
2026-09-07 14:40:00,2265.0,2265.0,2263.4,2263.5,13583
2026-09-07 14:45:00,2263.4,2265.0,2263.3,2264.7,45875
2026-09-07 14:50:00,2264.9,2265.0,2264.5,2265.0,50178
2026-09-07 14:55:00,2265.0,2265.0,2264.8,2265.0,52721
2026-09-07 15:00:00,2264.8,2265.0,2263.0,2263.0,29021
2026-09-07 15:05:00,2263.0,2263.5,2261.6,2262.8,50240
2026-09-07 15:10:00,2262.6,2274.1,2262.6,2274.1,145208
2026-09-07 15:15:00,2274.1,2274.1,2274.1,2274.1,0
2026-09-07 15:20:00,2274.1,2274.1,2274.1,2274.1,0
2026-09-07 15:25:00,2274.1,2274.1,2270.0,2270.0,132757
2026-09-08 09:15:00,2270.0,2272.0,2244.0,2249.5,111161
2026-09-08 09:20:00,2249.1,2257.6,2248.2,2252.0,43864
2026-09-08 09:25:00,2252.0,2258.3,2251.1,2251.9,41411
2026-09-08 09:30:00,2251.9,2254.8,2251.0,2254.8,28653
2026-09-08 09:35:00,2254.8,2264.0,2254.2,2263.2,44924
2026-09-08 09:40:00,2263.1,2266.4,2259.3,2262.0,31727
2026-09-08 09:45:00,2262.0,2268.0,2260.0,2266.6,26945
2026-09-08 09:50:00,2266.6,2267.1,2262.6,2262.8,26067
2026-09-08 09:55:00,2262.7,2262.8,2255.6,2259.2,54851
2026-09-08 10:00:00,2259.1,2260.7,2257.8,2260.0,19364
2026-09-08 10:05:00,2260.0,2270.9,2259.8,2269.9,29950
2026-09-08 10:10:00,2269.9,2271.0,2266.5,2267.7,20387
2026-09-08 10:15:00,2267.7,2273.9,2267.4,2270.6,45927
2026-09-08 10:20:00,2270.8,2270.8,2267.7,2268.2,16429
2026-09-08 10:25:00,2269.1,2269.1,2265.9,2266.2,13940
2026-09-08 10:30:00,2266.6,2266.6,2261.0,2262.3,22539
2026-09-08 10:35:00,2262.4,2262.8,2258.2,2259.2,19370
2026-09-08 10:40:00,2259.2,2260.6,2257.5,2257.9,27363
2026-09-08 10:45:00,2259.3,2261.5,2258.3,2261.2,14318
2026-09-08 10:50:00,2261.5,2261.8,2259.6,2260.5,12204
2026-09-08 10:55:00,2260.5,2261.9,2257.6,2258.5,15397
2026-09-08 11:00:00,2258.8,2259.9,2257.1,2259.2,17404
2026-09-08 11:05:00,2258.9,2262.8,2258.9,2261.8,12692
2026-09-08 11:10:00,2261.8,2261.8,2257.2,2259.6,12649
2026-09-08 11:15:00,2259.5,2259.6,2257.2,2258.0,8026
2026-09-08 11:20:00,2258.2,2260.0,2256.0,2259.3,26882
2026-09-08 11:25:00,2259.3,2262.0,2258.4,2260.7,30703
2026-09-08 11:30:00,2260.6,2262.3,2257.1,2262.3,32327
2026-09-08 11:35:00,2262.7,2268.0,2262.5,2268.0,21616
2026-09-08 11:40:00,2267.9,2273.3,2267.4,2270.9,57000
2026-09-08 11:45:00,2271.0,2272.3,2270.0,2270.3,17489
2026-09-08 11:50:00,2270.3,2271.1,2269.4,2270.2,37411
2026-09-08 11:55:00,2270.1,2272.5,2269.3,2271.1,62682
2026-09-08 12:00:00,2271.3,2271.4,2269.6,2270.0,23965
2026-09-08 12:05:00,2270.1,2270.1,2264.9,2267.0,18531
2026-09-08 12:10:00,2267.2,2269.0,2265.1,2265.1,15869
2026-09-08 12:15:00,2265.3,2269.0,2264.3,2268.8,11214
2026-09-08 12:20:00,2268.8,2272.0,2268.4,2271.5,10985
2026-09-08 12:25:00,2271.7,2272.0,2269.0,2270.9,8427
2026-09-08 12:30:00,2271.0,2271.8,2269.2,2270.6,10727
2026-09-08 12:35:00,2270.6,2272.4,2270.0,2270.8,10459
2026-09-08 12:40:00,2270.8,2271.0,2268.5,2268.8,45489
2026-09-08 12:45:00,2269.0,2270.5,2267.5,2270.1,13600
2026-09-08 12:50:00,2270.5,2270.5,2267.5,2268.3,12738
2026-09-08 12:55:00,2268.3,2269.6,2267.4,2267.9,12517
2026-09-08 13:00:00,2267.8,2269.3,2266.8,2268.1,6967
2026-09-08 13:05:00,2268.0,2270.0,2267.0,2270.0,15141
2026-09-08 13:10:00,2269.8,2272.0,2269.7,2272.0,10310
2026-09-08 13:15:00,2272.0,2274.5,2270.4,2274.5,14268
2026-09-08 13:20:00,2274.4,2274.5,2271.6,2273.0,11226
2026-09-08 13:25:00,2273.0,2273.0,2270.5,2271.2,9314
2026-09-08 13:30:00,2271.3,2272.8,2270.6,2270.8,11481
2026-09-08 13:35:00,2270.8,2271.7,2268.1,2269.4,18687
2026-09-08 13:40:00,2269.4,2271.5,2267.9,2270.8,19270
2026-09-08 13:45:00,2270.4,2272.0,2270.0,2270.1,11279
2026-09-08 13:50:00,2270.7,2270.7,2267.5,2268.6,12411
2026-09-08 13:55:00,2268.8,2270.4,2268.3,2270.0,9721
2026-09-08 14:00:00,2270.0,2270.0,2267.0,2269.0,217676
2026-09-08 14:05:00,2269.1,2270.6,2267.2,2268.0,21966
2026-09-08 14:10:00,2268.0,2268.6,2267.2,2268.2,10557
2026-09-08 14:15:00,2268.0,2269.0,2267.0,2267.3,11885
2026-09-08 14:20:00,2267.2,2268.2,2266.2,2266.9,13851
2026-09-08 14:25:00,2266.7,2266.7,2265.0,2266.3,15883
2026-09-08 14:30:00,2266.5,2266.6,2265.0,2265.5,11355
2026-09-08 14:35:00,2265.6,2265.7,2263.2,2263.5,19260
2026-09-08 14:40:00,2263.7,2264.4,2263.4,2264.1,11695
2026-09-08 14:45:00,2264.1,2264.2,2262.2,2263.3,15653
2026-09-08 14:50:00,2263.6,2264.2,2263.1,2264.2,20822
2026-09-08 14:55:00,2264.2,2264.2,2262.1,2262.4,21154
2026-09-08 15:00:00,2262.4,2263.4,2260.7,2261.0,42935
2026-09-08 15:05:00,2261.2,2262.7,2260.5,2261.5,75362
2026-09-08 15:10:00,2261.3,2265.8,2260.0,2262.0,86348
2026-09-08 15:15:00,2262.0,2262.0,2262.0,2262.0,0
2026-09-08 15:20:00,2262.0,2262.0,2262.0,2262.0,0
2026-09-08 15:25:00,2262.0,2262.0,2255.5,2255.5,184192
2026-09-09 09:05:00,2237.0,2237.0,2237.0,2237.0,19489
2026-09-09 09:10:00,2237.0,2237.0,2237.0,2237.0,0
2026-09-09 09:15:00,2237.0,2237.0,2197.4,2208.7,203981
2026-09-09 09:20:00,2208.8,2212.8,2204.0,2207.9,73686
2026-09-09 09:25:00,2207.6,2207.9,2193.2,2196.1,136581
2026-09-09 09:30:00,2196.1,2203.0,2195.3,2200.7,63099
2026-09-09 09:35:00,2199.6,2209.0,2198.0,2206.6,44067
2026-09-09 09:40:00,2206.6,2211.0,2204.8,2208.2,37497
2026-09-09 09:45:00,2208.8,2208.8,2193.7,2197.7,83770
2026-09-09 09:50:00,2198.2,2205.7,2197.8,2203.0,56883
2026-09-09 09:55:00,2203.0,2205.5,2200.3,2202.9,31476
2026-09-09 10:00:00,2203.4,2204.2,2201.1,2203.4,29357
2026-09-09 10:05:00,2203.6,2205.8,2202.2,2204.7,23174
2026-09-09 10:10:00,2205.0,2207.4,2203.9,2205.8,32090
2026-09-09 10:15:00,2206.0,2209.0,2204.7,2206.1,19217
2026-09-09 10:20:00,2206.7,2209.5,2205.0,2208.8,27810
2026-09-09 10:25:00,2208.8,2211.8,2207.0,2207.1,33282
2026-09-09 10:30:00,2207.6,2208.0,2204.5,2205.4,19526
2026-09-09 10:35:00,2205.4,2205.7,2202.5,2202.7,19919
2026-09-09 10:40:00,2203.2,2203.2,2194.0,2201.7,143655
2026-09-09 10:45:00,2201.0,2202.2,2199.1,2202.0,29443
2026-09-09 10:50:00,2202.0,2202.1,2198.0,2199.4,19495
2026-09-09 10:55:00,2199.4,2201.0,2198.7,2200.5,12926
2026-09-09 11:00:00,2200.5,2201.5,2199.7,2200.5,15215
2026-09-09 11:05:00,2200.5,2201.4,2199.1,2200.0,16238
2026-09-09 11:10:00,2200.4,2200.7,2198.0,2198.8,53118
2026-09-09 11:15:00,2198.4,2200.0,2197.0,2198.9,21310
2026-09-09 11:20:00,2198.9,2199.9,2195.6,2196.5,25289
2026-09-09 11:25:00,2196.4,2196.7,2195.6,2196.6,17091
2026-09-09 11:30:00,2196.7,2196.9,2193.6,2194.2,27038
2026-09-09 11:35:00,2194.1,2196.9,2194.1,2196.9,29865
2026-09-09 11:40:00,2198.0,2203.4,2196.7,2202.8,67463
2026-09-09 11:45:00,2203.0,2209.8,2202.0,2205.1,34803
2026-09-09 11:50:00,2205.0,2205.6,2203.0,2203.8,10069
2026-09-09 11:55:00,2203.8,2203.8,2201.0,2201.1,14419
2026-09-09 12:00:00,2201.1,2202.5,2200.0,2201.0,47690
2026-09-09 12:05:00,2200.9,2202.0,2200.2,2200.3,19015
2026-09-09 12:10:00,2201.0,2202.6,2200.1,2201.5,9310
2026-09-09 12:15:00,2201.5,2201.8,2200.0,2200.5,14195
2026-09-09 12:20:00,2200.5,2200.9,2198.9,2200.9,34504
2026-09-09 12:25:00,2201.1,2203.0,2200.5,2202.2,22467
2026-09-09 12:30:00,2202.8,2207.2,2202.0,2205.0,27950
2026-09-09 12:35:00,2205.7,2207.7,2205.0,2207.1,27039
2026-09-09 12:40:00,2207.4,2210.5,2206.0,2210.0,46009
2026-09-09 12:45:00,2210.4,2211.0,2207.6,2210.1,25862
2026-09-09 12:50:00,2210.1,2211.7,2209.7,2210.0,23062
2026-09-09 12:55:00,2210.3,2212.3,2209.6,2211.5,23578
2026-09-09 13:00:00,2211.9,2212.0,2210.0,2210.5,18906
2026-09-09 13:05:00,2210.5,2214.9,2210.0,2213.3,32114
2026-09-09 13:10:00,2213.3,2213.4,2210.3,2211.0,16169
2026-09-09 13:15:00,2211.3,2213.5,2210.3,2211.4,43797
2026-09-09 13:20:00,2211.4,2213.1,2210.0,2212.6,33391
2026-09-09 13:25:00,2212.6,2216.0,2212.6,2215.6,35847
2026-09-09 13:30:00,2215.6,2216.0,2212.2,2215.2,47555
2026-09-09 13:35:00,2215.2,2215.4,2212.4,2213.4,52290
2026-09-09 13:40:00,2213.5,2214.2,2210.9,2211.8,33247
2026-09-09 13:45:00,2211.9,2212.5,2211.0,2212.0,19572
2026-09-09 13:50:00,2212.0,2212.5,2210.3,2210.8,17479
2026-09-09 13:55:00,2210.6,2213.2,2210.0,2213.2,22727
2026-09-09 14:00:00,2212.5,2213.5,2212.0,2213.0,20217
2026-09-09 14:05:00,2213.0,2213.7,2212.0,2212.9,28411
2026-09-09 14:10:00,2212.9,2214.0,2211.5,2213.0,22913
2026-09-09 14:15:00,2213.2,2214.0,2212.0,2213.2,16528
2026-09-09 14:20:00,2213.2,2217.3,2213.1,2214.9,64087
2026-09-09 14:25:00,2215.2,2216.6,2214.4,2214.9,37796
2026-09-09 14:30:00,2215.0,2215.6,2212.8,2215.0,48686
2026-09-09 14:35:00,2215.0,2215.2,2212.6,2213.0,21732
2026-09-09 14:40:00,2213.2,2214.0,2212.3,2213.2,26798
2026-09-09 14:45:00,2213.0,2213.4,2212.4,2213.1,38596
2026-09-09 14:50:00,2213.1,2215.4,2212.8,2213.5,45447
2026-09-09 14:55:00,2214.0,2215.1,2213.1,2214.5,45559
2026-09-09 15:00:00,2214.5,2214.8,2210.4,2210.5,87483
2026-09-09 15:05:00,2210.7,2212.5,2208.2,2210.0,151706
2026-09-09 15:10:00,2210.2,2212.0,2208.5,2211.0,373565
2026-09-09 15:15:00,2211.0,2211.0,2211.0,2211.0,0
2026-09-09 15:20:00,2211.0,2211.0,2211.0,2211.0,0
2026-09-09 15:25:00,2211.0,2211.0,2208.0,2208.0,153772
2026-09-10 09:15:00,2199.0,2220.9,2192.4,2218.1,134310
2026-09-10 09:20:00,2218.0,2218.6,2207.2,2215.0,134848
2026-09-10 09:25:00,2214.0,2214.0,2208.5,2212.1,65451
2026-09-10 09:30:00,2212.3,2224.7,2205.5,2224.0,91913
2026-09-10 09:35:00,2224.4,2231.2,2223.0,2224.0,96301
2026-09-10 09:40:00,2224.0,2232.0,2224.0,2228.3,62995
2026-09-10 09:45:00,2228.3,2229.9,2223.1,2224.0,33203
2026-09-10 09:50:00,2224.0,2226.6,2223.0,2223.1,18575
2026-09-10 09:55:00,2223.4,2223.7,2215.5,2215.6,45993
2026-09-10 10:00:00,2216.0,2216.0,2211.3,2214.6,48007
2026-09-10 10:05:00,2214.2,2214.4,2211.2,2213.3,21242
2026-09-10 10:10:00,2213.5,2213.5,2208.0,2209.2,29439
2026-09-10 10:15:00,2209.2,2211.4,2207.7,2209.2,18420
2026-09-10 10:20:00,2209.0,2209.1,2205.8,2206.4,16122
2026-09-10 10:25:00,2206.4,2208.8,2205.0,2205.1,25683
2026-09-10 10:30:00,2205.1,2209.9,2204.0,2209.4,20190
2026-09-10 10:35:00,2209.4,2211.0,2206.9,2208.8,18013
2026-09-10 10:40:00,2208.8,2209.4,2206.0,2208.9,24425
2026-09-10 10:45:00,2208.6,2210.5,2206.8,2208.5,21478
2026-09-10 10:50:00,2207.3,2208.0,2206.0,2207.1,19095
2026-09-10 10:55:00,2207.7,2207.9,2205.1,2207.0,21843
2026-09-10 11:00:00,2208.6,2210.2,2204.2,2204.2,36215
2026-09-10 11:05:00,2205.0,2206.2,2196.4,2200.5,64862
2026-09-10 11:10:00,2200.5,2202.0,2199.8,2201.5,24120
2026-09-10 11:15:00,2201.5,2203.3,2200.4,2203.2,19938
2026-09-10 11:20:00,2203.2,2204.6,2200.7,2203.6,20202
2026-09-10 11:25:00,2203.6,2204.2,2202.3,2203.7,16509
2026-09-10 11:30:00,2203.8,2206.0,2201.1,2202.5,23652
2026-09-10 11:35:00,2202.5,2204.0,2198.1,2198.9,33529
2026-09-10 11:40:00,2198.1,2202.0,2198.1,2201.5,23026
2026-09-10 11:45:00,2201.8,2203.4,2201.2,2203.2,23143
2026-09-10 11:50:00,2202.1,2205.0,2202.1,2204.9,10667
2026-09-10 11:55:00,2204.9,2204.9,2201.0,2201.6,13812
2026-09-10 12:00:00,2201.4,2201.9,2200.0,2200.3,12300
2026-09-10 12:05:00,2200.6,2200.6,2197.1,2197.4,31716
2026-09-10 12:10:00,2197.6,2200.0,2196.5,2200.0,49398
2026-09-10 12:15:00,2200.0,2200.0,2193.0,2196.7,39776
2026-09-10 12:20:00,2196.7,2198.4,2191.0,2191.0,46712
2026-09-10 12:25:00,2191.3,2193.6,2191.0,2193.3,16310
2026-09-10 12:30:00,2193.0,2195.6,2191.6,2192.5,27881
2026-09-10 12:35:00,2192.8,2193.1,2190.6,2191.3,17524
2026-09-10 12:40:00,2191.3,2195.5,2191.2,2194.5,21971
2026-09-10 12:45:00,2194.2,2195.4,2194.1,2194.8,11354
2026-09-10 12:50:00,2194.8,2195.7,2194.0,2195.0,30548
2026-09-10 12:55:00,2195.0,2197.1,2193.6,2197.0,31038
2026-09-10 13:00:00,2197.0,2197.4,2194.0,2194.7,8210
2026-09-10 13:05:00,2194.7,2194.9,2191.2,2194.1,12072
2026-09-10 13:10:00,2194.2,2195.0,2193.0,2194.5,13517
2026-09-10 13:15:00,2194.5,2198.4,2194.5,2198.0,30914
2026-09-10 13:20:00,2198.1,2199.7,2197.8,2198.7,17539
2026-09-10 13:25:00,2198.7,2198.7,2196.0,2197.5,42617
2026-09-10 13:30:00,2197.7,2199.7,2196.0,2199.0,33547
2026-09-10 13:35:00,2199.0,2200.9,2198.4,2200.7,61897
2026-09-10 13:40:00,2200.8,2203.0,2198.4,2199.0,21718
2026-09-10 13:45:00,2199.0,2199.4,2197.2,2198.0,9236
2026-09-10 13:50:00,2198.1,2199.8,2198.0,2198.5,7963
2026-09-10 13:55:00,2198.6,2198.6,2197.1,2198.1,11269
2026-09-10 14:00:00,2198.4,2199.2,2197.1,2197.4,10633
2026-09-10 14:05:00,2197.5,2199.2,2197.0,2198.8,6345
2026-09-10 14:10:00,2198.6,2198.9,2197.2,2197.8,10215
2026-09-10 14:15:00,2197.8,2199.0,2197.6,2198.5,8790
2026-09-10 14:20:00,2198.9,2200.0,2197.6,2199.7,11806
2026-09-10 14:25:00,2199.8,2202.5,2198.7,2202.0,35200
2026-09-10 14:30:00,2202.0,2205.3,2201.0,2205.0,27915
2026-09-10 14:35:00,2205.3,2205.5,2201.0,2201.8,28714
2026-09-10 14:40:00,2201.8,2203.0,2200.0,2202.8,14074
2026-09-10 14:45:00,2202.9,2203.0,2199.0,2199.6,44173
2026-09-10 14:50:00,2200.0,2203.6,2199.6,2202.6,88888
2026-09-10 14:55:00,2203.0,2205.0,2203.0,2203.1,24038
2026-09-10 15:00:00,2203.2,2203.2,2196.1,2197.9,53408
2026-09-10 15:05:00,2197.9,2199.0,2197.0,2197.6,46777
2026-09-10 15:10:00,2197.5,2199.4,2191.1,2199.4,72969
2026-09-10 15:15:00,2199.4,2199.4,2199.4,2199.4,0
2026-09-10 15:20:00,2199.4,2199.4,2199.4,2199.4,0
2026-09-10 15:25:00,2199.4,2204.1,2199.4,2204.1,94626
2026-09-11 09:15:00,2185.5,2230.0,2185.5,2223.0,238708
2026-09-11 09:20:00,2223.5,2232.6,2213.3,2218.7,135675
2026-09-11 09:25:00,2218.0,2220.4,2204.0,2212.4,87818
2026-09-11 09:30:00,2212.7,2215.6,2208.3,2212.8,62031
2026-09-11 09:35:00,2212.7,2215.7,2211.8,2214.4,41207
2026-09-11 09:40:00,2214.4,2219.9,2214.0,2216.6,47767
2026-09-11 09:45:00,2216.9,2219.6,2210.0,2212.7,59860
2026-09-11 09:50:00,2213.6,2213.6,2209.0,2210.4,13643
2026-09-11 09:55:00,2210.4,2212.0,2207.8,2210.6,26031
2026-09-11 10:00:00,2210.6,2212.2,2207.8,2209.4,16986
2026-09-11 10:05:00,2209.3,2209.9,2207.0,2208.4,21836
2026-09-11 10:10:00,2208.4,2213.0,2207.6,2212.3,27005
2026-09-11 10:15:00,2211.6,2211.6,2208.1,2210.4,13102
2026-09-11 10:20:00,2210.7,2212.0,2208.1,2210.0,17550
2026-09-11 10:25:00,2210.1,2212.0,2202.0,2203.3,34177
2026-09-11 10:30:00,2203.6,2206.8,2203.0,2203.8,16955
2026-09-11 10:35:00,2204.0,2204.0,2200.7,2201.1,34098
2026-09-11 10:40:00,2201.5,2210.0,2200.0,2210.0,31610
2026-09-11 10:45:00,2210.0,2211.8,2204.2,2205.0,23572
2026-09-11 10:50:00,2205.3,2207.8,2204.0,2207.6,15699
2026-09-11 10:55:00,2207.2,2209.1,2206.2,2207.8,15259
2026-09-11 11:00:00,2207.9,2209.7,2206.6,2209.1,25141
2026-09-11 11:05:00,2209.6,2210.7,2205.8,2206.6,15128
2026-09-11 11:10:00,2206.0,2208.8,2206.0,2208.7,11715
2026-09-11 11:15:00,2208.8,2211.0,2207.2,2211.0,21124
2026-09-11 11:20:00,2210.5,2211.4,2207.8,2210.7,17283
2026-09-11 11:25:00,2210.6,2215.0,2209.1,2211.1,57499
2026-09-11 11:30:00,2211.2,2218.8,2210.3,2216.0,49598
2026-09-11 11:35:00,2216.0,2217.0,2213.0,2215.5,17127
2026-09-11 11:40:00,2215.5,2221.0,2215.0,2215.9,22869
2026-09-11 11:45:00,2216.2,2216.6,2213.4,2214.0,14365
2026-09-11 11:50:00,2213.4,2215.2,2213.0,2214.0,13457
2026-09-11 11:55:00,2214.1,2217.8,2213.3,2217.3,69593
2026-09-11 12:00:00,2217.9,2218.0,2208.0,2210.9,27869
2026-09-11 12:05:00,2211.0,2211.8,2208.0,2209.7,12877
2026-09-11 12:10:00,2209.9,2212.0,2208.5,2209.7,15061
2026-09-11 12:15:00,2210.0,2211.4,2208.6,2210.1,16770
2026-09-11 12:20:00,2210.5,2211.7,2208.9,2211.1,11673
2026-09-11 12:25:00,2211.1,2212.2,2209.3,2210.3,9535
2026-09-11 12:30:00,2210.8,2211.8,2209.6,2210.7,13333
2026-09-11 12:35:00,2211.1,2212.0,2209.5,2211.2,15694
2026-09-11 12:40:00,2211.0,2214.5,2209.7,2213.6,58245
2026-09-11 12:45:00,2213.7,2213.7,2209.3,2211.0,14990
2026-09-11 12:50:00,2210.7,2213.1,2210.1,2213.1,11500
2026-09-11 12:55:00,2213.4,2214.6,2212.0,2213.3,21479
2026-09-11 13:00:00,2213.9,2213.9,2210.3,2210.6,10586
2026-09-11 13:05:00,2211.0,2211.2,2208.2,2208.3,11009
2026-09-11 13:10:00,2209.0,2213.0,2207.7,2210.7,47730
2026-09-11 13:15:00,2211.0,2211.4,2209.0,2209.0,17699
2026-09-11 13:20:00,2209.8,2210.2,2208.1,2209.0,12244
2026-09-11 13:25:00,2209.1,2209.2,2205.6,2206.5,15869
2026-09-11 13:30:00,2206.6,2208.0,2205.9,2206.6,16430
2026-09-11 13:35:00,2205.9,2210.0,2205.7,2209.5,34520
2026-09-11 13:40:00,2210.0,2210.8,2207.4,2208.0,33627
2026-09-11 13:45:00,2208.2,2209.0,2207.4,2208.8,10081
2026-09-11 13:50:00,2208.8,2209.1,2204.4,2206.5,36161
2026-09-11 13:55:00,2206.5,2209.5,2205.5,2207.0,35021
2026-09-11 14:00:00,2207.3,2213.5,2207.3,2211.8,36166
2026-09-11 14:05:00,2212.0,2214.0,2209.1,2210.4,41684
2026-09-11 14:10:00,2210.8,2211.3,2209.1,2211.2,27931
2026-09-11 14:15:00,2211.2,2213.1,2209.6,2210.8,44323
2026-09-11 14:20:00,2210.7,2211.6,2209.2,2210.4,31424
2026-09-11 14:25:00,2210.4,2210.6,2208.4,2210.6,36323
2026-09-11 14:30:00,2210.8,2212.7,2209.4,2210.6,37905
2026-09-11 14:35:00,2210.6,2210.9,2209.1,2210.5,30473
2026-09-11 14:40:00,2211.0,2211.9,2209.8,2210.6,30050
2026-09-11 14:45:00,2210.9,2210.9,2207.4,2208.7,36813
2026-09-11 14:50:00,2209.0,2210.9,2207.7,2209.4,48687
2026-09-11 14:55:00,2209.4,2210.4,2206.2,2206.6,52018
2026-09-11 15:00:00,2207.0,2207.0,2202.7,2203.8,60995
2026-09-11 15:05:00,2203.8,2204.6,2202.3,2203.1,80134
2026-09-11 15:10:00,2203.5,2208.9,2202.9,2207.9,91416
2026-09-11 15:15:00,2207.9,2207.9,2207.9,2207.9,0
2026-09-11 15:20:00,2207.9,2207.9,2207.9,2207.9,0
2026-09-11 15:25:00,2207.9,2207.9,2200.8,2200.8,108685
2026-09-15 09:15:00,2275.5,2317.0,2270.0,2315.6,512198
2026-09-15 09:20:00,2315.8,2320.2,2308.0,2312.0,165077
2026-09-15 09:25:00,2312.0,2322.4,2310.1,2314.7,191752
2026-09-15 09:30:00,2315.5,2321.4,2310.4,2316.5,125069
2026-09-15 09:35:00,2317.0,2320.3,2311.0,2313.8,98669
2026-09-15 09:40:00,2313.4,2318.7,2311.3,2316.3,68611
2026-09-15 09:45:00,2315.8,2316.7,2304.4,2305.7,83780
2026-09-15 09:50:00,2305.5,2305.5,2291.4,2292.7,102845
2026-09-15 09:55:00,2292.9,2292.9,2279.3,2286.0,131426
2026-09-15 10:00:00,2286.4,2291.2,2283.1,2288.2,175798
2026-09-15 10:05:00,2288.2,2295.9,2287.4,2294.9,179040
2026-09-15 10:10:00,2294.1,2298.7,2293.0,2296.7,180307
2026-09-15 10:15:00,2296.8,2309.0,2296.8,2308.8,180460
2026-09-15 10:20:00,2309.3,2311.0,2299.0,2300.8,68195
2026-09-15 10:25:00,2300.8,2305.0,2296.8,2298.4,44367
2026-09-15 10:30:00,2298.2,2303.0,2297.0,2300.0,37641
2026-09-15 10:35:00,2300.2,2303.0,2298.4,2299.7,38439
2026-09-15 10:40:00,2299.5,2302.0,2297.9,2301.2,34668
2026-09-15 10:45:00,2301.3,2302.7,2300.0,2301.8,26152
2026-09-15 10:50:00,2301.7,2309.5,2301.7,2305.6,54768
2026-09-15 10:55:00,2305.6,2318.1,2305.6,2316.0,131753
2026-09-15 11:00:00,2316.0,2321.7,2315.8,2321.7,117408
2026-09-15 11:05:00,2322.4,2323.0,2312.0,2316.4,101755
2026-09-15 11:10:00,2316.4,2319.0,2312.6,2315.0,44012
2026-09-15 11:15:00,2314.9,2315.7,2310.5,2312.9,39990
2026-09-15 11:20:00,2312.8,2318.4,2311.6,2315.5,59100
2026-09-15 11:25:00,2315.5,2317.0,2313.0,2313.8,25884
2026-09-15 11:30:00,2314.0,2318.7,2314.0,2315.4,86372
2026-09-15 11:35:00,2315.4,2321.0,2314.1,2319.6,73142
2026-09-15 11:40:00,2319.6,2320.2,2314.0,2318.6,97518
2026-09-15 11:45:00,2318.8,2319.0,2314.1,2316.0,46316
2026-09-15 11:50:00,2315.5,2316.6,2312.0,2312.2,43678
2026-09-15 11:55:00,2312.9,2312.9,2310.0,2311.5,37203
2026-09-15 12:00:00,2311.7,2312.7,2307.5,2311.2,48620
2026-09-15 12:05:00,2311.2,2312.4,2306.3,2306.3,42756
2026-09-15 12:10:00,2306.8,2310.4,2306.0,2309.6,37688
2026-09-15 12:15:00,2309.6,2312.1,2309.0,2309.9,30879
2026-09-15 12:20:00,2310.0,2311.0,2309.0,2310.0,24805
2026-09-15 12:25:00,2309.8,2310.0,2308.0,2308.6,28521
2026-09-15 12:30:00,2308.6,2308.8,2305.0,2305.1,37992
2026-09-15 12:35:00,2305.6,2305.6,2302.2,2303.0,42899
2026-09-15 12:40:00,2303.1,2305.0,2302.0,2304.1,55423
2026-09-15 12:45:00,2303.9,2304.4,2302.5,2303.9,47095
2026-09-15 12:50:00,2303.6,2304.4,2300.0,2300.6,32482
2026-09-15 12:55:00,2300.5,2301.1,2296.0,2296.1,41009
2026-09-15 13:00:00,2296.2,2297.7,2294.8,2297.4,41336
2026-09-15 13:05:00,2296.9,2297.9,2294.2,2295.6,34045
2026-09-15 13:10:00,2295.3,2296.3,2288.0,2289.9,63980
2026-09-15 13:15:00,2289.6,2290.4,2281.6,2286.7,74733
2026-09-15 13:20:00,2286.3,2286.7,2270.1,2281.3,147031
2026-09-15 13:25:00,2281.7,2283.0,2277.3,2279.6,40824
2026-09-15 13:30:00,2280.0,2280.0,2277.0,2278.7,33633
2026-09-15 13:35:00,2278.7,2281.0,2278.1,2279.0,38417
2026-09-15 13:40:00,2278.8,2280.7,2273.6,2273.7,47639
2026-09-15 13:45:00,2273.7,2275.9,2273.4,2275.1,31399
2026-09-15 13:50:00,2274.8,2277.0,2273.5,2274.4,30461
2026-09-15 13:55:00,2274.4,2276.5,2273.5,2274.6,20134
2026-09-15 14:00:00,2274.6,2275.0,2271.2,2272.6,23587
2026-09-15 14:05:00,2272.9,2279.8,2272.1,2275.5,42700
2026-09-15 14:10:00,2275.6,2276.4,2271.6,2271.7,28696
2026-09-15 14:15:00,2271.7,2272.1,2267.6,2269.5,43034
2026-09-15 14:20:00,2269.5,2274.4,2268.0,2268.3,35814
2026-09-15 14:25:00,2268.3,2272.8,2267.0,2269.3,68654
2026-09-15 14:30:00,2269.9,2271.4,2268.0,2270.1,28038
2026-09-15 14:35:00,2270.4,2273.2,2269.2,2271.8,26544
2026-09-15 14:40:00,2272.1,2272.9,2270.0,2271.2,24034
2026-09-15 14:45:00,2271.6,2271.6,2265.0,2267.9,40623
2026-09-15 14:50:00,2267.7,2272.5,2267.2,2267.9,34954
2026-09-15 14:55:00,2267.9,2270.2,2265.9,2266.6,32308
2026-09-15 15:00:00,2266.7,2267.7,2264.3,2265.7,39836
2026-09-15 15:05:00,2265.1,2266.8,2261.9,2264.4,61891
2026-09-15 15:10:00,2264.6,2267.8,2260.1,2263.8,127115
2026-09-15 15:15:00,2262.2,2262.2,2262.2,2262.2,87
2026-09-15 15:20:00,2262.2,2262.2,2262.2,2262.2,0
2026-09-15 15:25:00,2262.2,2262.2,2251.0,2251.0,200821
2026-09-16 09:15:00,2270.0,2273.9,2249.0,2251.1,158214
2026-09-16 09:20:00,2251.1,2256.9,2249.1,2254.0,48577
2026-09-16 09:25:00,2254.0,2256.8,2236.1,2243.3,87985
2026-09-16 09:30:00,2243.3,2247.2,2238.5,2240.6,32284
2026-09-16 09:35:00,2241.3,2241.3,2220.0,2223.0,60337
2026-09-16 09:40:00,2223.0,2229.9,2221.5,2224.2,37534
2026-09-16 09:45:00,2225.1,2235.0,2223.9,2233.0,27202
2026-09-16 09:50:00,2232.0,2241.0,2230.0,2236.9,43661
2026-09-16 09:55:00,2237.2,2239.5,2235.8,2239.5,19138
2026-09-16 10:00:00,2240.2,2240.2,2233.0,2233.0,22011
2026-09-16 10:05:00,2233.0,2235.7,2229.1,2233.2,22608
2026-09-16 10:10:00,2233.8,2237.6,2232.1,2233.9,15386
2026-09-16 10:15:00,2233.5,2235.2,2230.3,2230.6,13941
2026-09-16 10:20:00,2230.6,2236.6,2230.6,2235.6,10063
2026-09-16 10:25:00,2235.0,2235.0,2231.4,2231.5,11423
2026-09-16 10:30:00,2231.2,2232.3,2226.1,2229.5,17908
2026-09-16 10:35:00,2229.5,2229.6,2224.9,2228.6,26575
2026-09-16 10:40:00,2228.6,2230.0,2222.8,2224.3,20352
2026-09-16 10:45:00,2224.0,2228.9,2224.0,2226.3,30258
2026-09-16 10:50:00,2226.4,2228.7,2224.4,2227.0,18965
2026-09-16 10:55:00,2227.4,2229.6,2224.2,2225.4,18165
2026-09-16 11:00:00,2225.4,2228.4,2223.0,2227.5,30559
2026-09-16 11:05:00,2227.9,2229.0,2223.5,2224.9,38788
2026-09-16 11:10:00,2224.6,2226.3,2223.0,2223.3,14933
2026-09-16 11:15:00,2223.1,2225.0,2220.5,2221.0,16971
2026-09-16 11:20:00,2220.5,2223.3,2219.0,2221.0,51672
2026-09-16 11:25:00,2221.0,2221.6,2219.5,2220.3,37648
2026-09-16 11:30:00,2220.0,2220.7,2217.0,2217.5,25141
2026-09-16 11:35:00,2217.5,2218.0,2211.4,2212.9,40250
2026-09-16 11:40:00,2212.6,2213.3,2208.9,2211.0,29556
2026-09-16 11:45:00,2211.0,2215.2,2210.6,2213.1,16431
2026-09-16 11:50:00,2213.0,2216.0,2213.0,2215.0,18148
2026-09-16 11:55:00,2215.0,2215.0,2213.0,2213.9,12913
2026-09-16 12:00:00,2213.9,2213.9,2211.5,2212.3,9721
2026-09-16 12:05:00,2212.5,2214.8,2211.2,2212.8,44962
2026-09-16 12:10:00,2212.8,2214.1,2212.1,2212.2,14192
2026-09-16 12:15:00,2211.8,2214.3,2209.9,2213.8,26920
2026-09-16 12:20:00,2213.1,2215.0,2212.3,2213.2,12127
2026-09-16 12:25:00,2213.3,2214.6,2210.0,2213.1,14997
2026-09-16 12:30:00,2213.1,2218.9,2213.1,2216.6,24134
2026-09-16 12:35:00,2216.6,2217.7,2212.1,2213.4,19203
2026-09-16 12:40:00,2212.8,2216.6,2212.8,2215.1,14157
2026-09-16 12:45:00,2215.8,2215.8,2213.0,2213.5,15944
2026-09-16 12:50:00,2214.1,2214.8,2212.1,2214.0,11098
2026-09-16 12:55:00,2214.0,2214.0,2209.2,2209.5,24440
2026-09-16 13:00:00,2209.5,2209.9,2205.8,2208.4,33687
2026-09-16 13:05:00,2208.1,2212.4,2208.1,2210.2,19671
2026-09-16 13:10:00,2210.2,2213.7,2210.0,2210.6,28590
2026-09-16 13:15:00,2210.6,2211.6,2208.0,2210.2,20510
2026-09-16 13:20:00,2210.2,2210.2,2202.8,2203.7,49135
2026-09-16 13:25:00,2203.8,2204.7,2202.2,2202.2,21579
2026-09-16 13:30:00,2202.3,2204.0,2201.0,2203.6,33371
2026-09-16 13:35:00,2203.3,2204.5,2201.1,2202.6,64542
2026-09-16 13:40:00,2201.6,2202.9,2198.0,2199.7,96762
2026-09-16 13:45:00,2199.9,2201.0,2198.1,2198.5,18512
2026-09-16 13:50:00,2198.6,2199.0,2197.2,2197.5,58322
2026-09-16 13:55:00,2197.6,2198.9,2195.5,2198.0,19797
2026-09-16 14:00:00,2197.8,2198.9,2196.2,2197.3,28969
2026-09-16 14:05:00,2197.0,2197.3,2193.0,2194.3,27528
2026-09-16 14:10:00,2194.3,2196.4,2193.6,2195.5,24267
2026-09-16 14:15:00,2195.5,2195.5,2191.1,2191.5,31816
2026-09-16 14:20:00,2191.5,2194.5,2191.1,2192.8,30797
2026-09-16 14:25:00,2192.1,2193.9,2187.0,2188.2,69703
2026-09-16 14:30:00,2188.2,2188.3,2181.7,2182.9,65962
2026-09-16 14:35:00,2182.3,2184.9,2180.0,2180.3,50947
2026-09-16 14:40:00,2180.3,2188.3,2179.0,2184.6,55276
2026-09-16 14:45:00,2184.6,2184.8,2181.9,2183.2,30746
2026-09-16 14:50:00,2182.7,2187.0,2182.0,2184.0,54886
2026-09-16 14:55:00,2184.0,2187.0,2183.5,2185.5,36317
2026-09-16 15:00:00,2185.5,2185.8,2182.2,2183.5,77047
2026-09-16 15:05:00,2183.3,2183.6,2181.0,2183.4,81881
2026-09-16 15:10:00,2183.1,2183.4,2172.0,2181.9,169179
2026-09-16 15:15:00,2183.0,2183.0,2183.0,2183.0,9
2026-09-16 15:20:00,2183.0,2183.0,2183.0,2183.0,0
2026-09-16 15:25:00,2183.0,2188.8,2183.0,2188.8,113179
2026-09-17 09:15:00,2171.0,2186.2,2168.9,2177.4,120106
2026-09-17 09:20:00,2176.9,2179.8,2162.5,2164.0,69457
2026-09-17 09:25:00,2164.0,2175.0,2163.2,2173.9,42571
2026-09-17 09:30:00,2173.9,2177.6,2172.5,2173.0,30753
2026-09-17 09:35:00,2173.0,2177.5,2171.9,2173.0,31456
2026-09-17 09:40:00,2173.0,2173.9,2170.0,2171.0,18347
2026-09-17 09:45:00,2171.0,2177.5,2170.5,2171.5,40219
2026-09-17 09:50:00,2171.5,2173.6,2168.6,2172.0,28179
2026-09-17 09:55:00,2172.8,2175.2,2168.2,2169.3,31736
2026-09-17 10:00:00,2169.3,2172.2,2167.3,2171.2,27892
2026-09-17 10:05:00,2171.4,2174.3,2171.2,2174.0,18860
2026-09-17 10:10:00,2174.0,2175.5,2171.9,2173.2,19053
2026-09-17 10:15:00,2173.2,2175.9,2173.2,2174.8,15916
2026-09-17 10:20:00,2174.8,2177.0,2172.3,2174.2,21299
2026-09-17 10:25:00,2174.4,2174.6,2169.0,2171.0,19157
2026-09-17 10:30:00,2170.4,2175.8,2168.1,2175.8,32795
2026-09-17 10:35:00,2175.8,2178.6,2174.0,2174.6,27107
2026-09-17 10:40:00,2174.5,2174.5,2172.0,2172.5,12057
2026-09-17 10:45:00,2172.5,2173.6,2171.0,2172.5,17395
2026-09-17 10:50:00,2172.5,2173.5,2171.7,2172.9,14378
2026-09-17 10:55:00,2172.9,2175.0,2169.9,2170.0,18516
2026-09-17 11:00:00,2170.2,2173.2,2169.1,2171.4,13447
2026-09-17 11:05:00,2171.4,2172.2,2168.7,2172.2,20132
2026-09-17 11:10:00,2171.4,2172.4,2169.0,2169.0,11850
2026-09-17 11:15:00,2169.8,2174.0,2168.4,2173.9,20831
2026-09-17 11:20:00,2173.7,2176.5,2171.5,2175.9,23084
2026-09-17 11:25:00,2175.9,2177.0,2174.9,2175.9,15434
2026-09-17 11:30:00,2175.4,2191.4,2175.3,2189.8,88661
2026-09-17 11:35:00,2190.3,2190.3,2180.1,2180.6,24497
2026-09-17 11:40:00,2180.8,2182.9,2180.1,2182.2,17518
2026-09-17 11:45:00,2182.2,2184.4,2180.1,2183.7,25623
2026-09-17 11:50:00,2183.8,2186.8,2183.0,2185.7,30385
2026-09-17 11:55:00,2185.7,2187.3,2184.4,2187.0,26736
2026-09-17 12:00:00,2187.0,2187.6,2183.0,2183.0,105800
2026-09-17 12:05:00,2183.6,2190.9,2182.7,2188.8,34148
2026-09-17 12:10:00,2188.9,2189.8,2186.7,2188.9,28052
2026-09-17 12:15:00,2188.9,2193.8,2188.2,2192.3,22912
2026-09-17 12:20:00,2192.4,2193.3,2191.0,2191.6,20994
2026-09-17 12:25:00,2191.6,2191.8,2190.0,2191.2,78539
2026-09-17 12:30:00,2191.8,2195.0,2189.2,2193.4,29005
2026-09-17 12:35:00,2193.0,2198.3,2192.7,2193.6,36060
2026-09-17 12:40:00,2194.0,2194.2,2190.4,2191.6,34817
2026-09-17 12:45:00,2192.3,2193.0,2191.2,2192.7,8269
2026-09-17 12:50:00,2192.7,2193.8,2192.0,2192.4,9749
2026-09-17 12:55:00,2192.8,2194.0,2192.0,2192.3,25324
2026-09-17 13:00:00,2193.0,2193.7,2190.7,2190.8,14582
2026-09-17 13:05:00,2191.5,2192.0,2189.4,2190.0,27596
2026-09-17 13:10:00,2190.2,2192.7,2189.7,2192.4,16727
2026-09-17 13:15:00,2192.3,2194.9,2192.0,2194.9,14649
2026-09-17 13:20:00,2194.0,2195.4,2194.0,2194.0,10935
2026-09-17 13:25:00,2194.3,2194.5,2190.0,2191.1,48407
2026-09-17 13:30:00,2190.8,2194.4,2189.5,2194.1,43282
2026-09-17 13:35:00,2193.2,2193.8,2190.5,2192.5,18382
2026-09-17 13:40:00,2193.2,2194.0,2190.5,2191.6,9376
2026-09-17 13:45:00,2191.6,2194.9,2190.7,2192.8,19845
2026-09-17 13:50:00,2192.8,2192.9,2190.3,2192.6,14688
2026-09-17 13:55:00,2192.9,2193.7,2191.8,2192.0,17487
2026-09-17 14:00:00,2192.2,2192.3,2190.7,2191.8,24241
2026-09-17 14:05:00,2191.8,2193.2,2190.3,2192.5,13838
2026-09-17 14:10:00,2192.5,2193.5,2191.0,2192.3,11326
2026-09-17 14:15:00,2191.3,2194.7,2191.3,2192.9,11478
2026-09-17 14:20:00,2193.1,2194.0,2192.0,2192.0,10445
2026-09-17 14:25:00,2192.5,2193.3,2192.0,2192.1,10887
2026-09-17 14:30:00,2192.3,2196.5,2187.4,2193.6,53270
2026-09-17 14:35:00,2193.6,2234.5,2193.1,2226.3,268358
2026-09-17 14:40:00,2227.1,2229.0,2211.0,2219.3,124196
2026-09-17 14:45:00,2220.0,2263.6,2219.6,2250.0,283506
2026-09-17 14:50:00,2249.0,2250.4,2225.0,2226.3,206966
2026-09-17 14:55:00,2226.0,2234.8,2215.6,2222.0,133533
2026-09-17 15:00:00,2222.1,2223.5,2207.1,2207.3,95529
2026-09-17 15:05:00,2207.8,2210.6,2190.9,2192.5,115911
2026-09-17 15:10:00,2192.5,2194.5,2189.3,2193.5,121594
2026-09-17 15:15:00,2193.5,2193.5,2193.5,2193.5,5
2026-09-17 15:20:00,2193.5,2193.5,2193.5,2193.5,0
2026-09-17 15:25:00,2193.5,2193.5,2190.0,2190.0,135435
2026-09-18 09:15:00,2177.2,2177.3,2116.0,2124.9,522978
2026-09-18 09:20:00,2124.1,2129.0,2115.4,2129.0,204263
2026-09-18 09:25:00,2129.0,2130.0,2120.3,2126.2,151222
2026-09-18 09:30:00,2126.7,2137.1,2125.1,2134.8,157764
2026-09-18 09:35:00,2134.3,2138.8,2126.9,2128.3,139438
2026-09-18 09:40:00,2127.7,2141.4,2126.1,2129.9,184723
2026-09-18 09:45:00,2130.9,2133.0,2126.4,2128.9,68834
2026-09-18 09:50:00,2128.6,2134.8,2127.3,2134.0,65948
2026-09-18 09:55:00,2134.0,2136.0,2131.4,2133.0,50238
2026-09-18 10:00:00,2132.5,2136.0,2132.0,2133.3,49217
2026-09-18 10:05:00,2133.3,2139.1,2132.0,2137.9,48158
2026-09-18 10:10:00,2137.9,2139.7,2134.9,2138.6,40124
2026-09-18 10:15:00,2138.6,2140.0,2135.4,2136.4,42548
2026-09-18 10:20:00,2136.0,2137.1,2132.3,2133.7,52373
2026-09-18 10:25:00,2133.7,2138.0,2130.2,2135.2,51871
2026-09-18 10:30:00,2135.8,2137.5,2134.0,2136.6,26717
2026-09-18 10:35:00,2136.6,2138.0,2135.1,2136.1,36295
2026-09-18 10:40:00,2136.1,2136.8,2134.9,2136.0,19629
2026-09-18 10:45:00,2136.7,2137.9,2134.9,2135.1,21287
2026-09-18 10:50:00,2136.0,2136.0,2130.1,2131.6,39165
2026-09-18 10:55:00,2132.3,2134.5,2131.8,2133.0,18985
2026-09-18 11:00:00,2133.4,2133.5,2131.0,2131.0,21898
2026-09-18 11:05:00,2131.1,2131.1,2127.6,2130.0,43829
2026-09-18 11:10:00,2130.0,2130.7,2127.6,2129.1,29131
2026-09-18 11:15:00,2128.8,2130.7,2127.0,2129.9,27826
2026-09-18 11:20:00,2129.7,2130.6,2128.1,2129.8,17384
2026-09-18 11:25:00,2129.3,2130.4,2127.0,2127.3,26045
2026-09-18 11:30:00,2127.8,2130.0,2127.7,2129.4,48811
2026-09-18 11:35:00,2129.4,2130.0,2126.4,2126.5,68972
2026-09-18 11:40:00,2126.4,2128.2,2125.0,2126.4,32981
2026-09-18 11:45:00,2127.3,2129.6,2126.6,2129.1,49150
2026-09-18 11:50:00,2129.4,2132.0,2128.6,2130.8,35210
2026-09-18 11:55:00,2130.8,2132.3,2127.4,2128.3,34995
2026-09-18 12:00:00,2128.3,2128.7,2125.5,2127.7,41420
2026-09-18 12:05:00,2127.6,2129.3,2126.1,2127.5,26765
2026-09-18 12:10:00,2127.8,2129.6,2126.4,2127.1,68500
2026-09-18 12:15:00,2127.1,2127.7,2117.1,2118.1,136798
2026-09-18 12:20:00,2118.1,2121.7,2116.2,2120.6,60994
2026-09-18 12:25:00,2120.4,2123.5,2118.2,2121.5,58550
2026-09-18 12:30:00,2120.9,2121.9,2120.0,2120.1,71087
2026-09-18 12:35:00,2121.1,2122.9,2120.0,2121.8,31171
2026-09-18 12:40:00,2122.0,2124.9,2120.9,2123.8,35672
2026-09-18 12:45:00,2123.8,2124.0,2122.0,2124.0,17231
2026-09-18 12:50:00,2123.8,2124.0,2121.3,2122.3,15974
2026-09-18 12:55:00,2122.2,2122.8,2121.0,2121.6,21138
2026-09-18 13:00:00,2121.6,2122.9,2121.0,2121.5,19739
2026-09-18 13:05:00,2122.1,2122.1,2118.7,2119.6,41411
2026-09-18 13:10:00,2119.5,2119.5,2113.0,2114.9,99996
2026-09-18 13:15:00,2114.9,2114.9,2111.0,2114.5,67168
2026-09-18 13:20:00,2114.5,2117.0,2113.1,2114.3,31401
2026-09-18 13:25:00,2114.1,2115.4,2113.0,2114.1,28215
2026-09-18 13:30:00,2114.1,2116.0,2112.6,2115.4,51735
2026-09-18 13:35:00,2114.9,2116.9,2113.3,2116.0,40562
2026-09-18 13:40:00,2116.0,2116.9,2115.0,2116.0,25679
2026-09-18 13:45:00,2116.2,2116.2,2114.1,2115.7,29332
2026-09-18 13:50:00,2115.7,2116.5,2114.0,2116.2,25394
2026-09-18 13:55:00,2116.5,2116.9,2114.0,2114.0,39353
2026-09-18 14:00:00,2114.0,2114.9,2114.0,2114.3,29188
2026-09-18 14:05:00,2114.9,2116.4,2114.1,2115.4,51152
2026-09-18 14:10:00,2115.1,2116.0,2113.3,2114.3,51684
2026-09-18 14:15:00,2114.3,2116.8,2114.0,2116.0,51472
2026-09-18 14:20:00,2116.0,2117.6,2114.5,2115.5,69442
2026-09-18 14:25:00,2116.2,2120.0,2115.1,2118.7,53446
2026-09-18 14:30:00,2118.7,2120.6,2116.5,2118.4,67558
2026-09-18 14:35:00,2118.5,2119.1,2112.0,2113.0,175514
2026-09-18 14:40:00,2113.4,2114.0,2112.0,2112.1,77529
2026-09-18 14:45:00,2112.1,2112.5,2108.0,2112.0,152451
2026-09-18 14:50:00,2112.0,2116.7,2111.0,2113.6,127337
2026-09-18 14:55:00,2114.0,2114.5,2112.0,2113.5,98919
2026-09-18 15:00:00,2113.3,2113.3,2103.4,2104.3,284354
2026-09-18 15:05:00,2104.2,2107.1,2101.2,2106.7,253236
2026-09-18 15:10:00,2106.9,2107.4,2101.6,2104.9,285916
2026-09-18 15:15:00,2104.9,2104.9,2104.9,2104.9,0
2026-09-18 15:20:00,2104.9,2104.9,2104.9,2104.9,0
2026-09-18 15:25:00,2104.9,2105.0,2104.9,2105.0,1489733
2026-09-21 09:15:00,2090.0,2118.8,2075.3,2117.0,227718
2026-09-21 09:20:00,2118.0,2121.5,2093.8,2095.7,135753
2026-09-21 09:25:00,2095.7,2115.9,2095.0,2112.0,82393
2026-09-21 09:30:00,2111.4,2114.8,2104.5,2105.0,53998
2026-09-21 09:35:00,2105.2,2108.0,2104.0,2107.0,35358
2026-09-21 09:40:00,2107.2,2113.9,2103.7,2112.9,32260
2026-09-21 09:45:00,2112.1,2119.0,2112.0,2115.5,59702
2026-09-21 09:50:00,2115.5,2122.9,2115.4,2120.6,66356
2026-09-21 09:55:00,2119.8,2120.6,2115.5,2115.9,30034
2026-09-21 10:00:00,2115.0,2124.8,2113.0,2114.5,48860
2026-09-21 10:05:00,2114.3,2120.0,2112.4,2118.4,31757
2026-09-21 10:10:00,2119.0,2120.0,2117.9,2117.9,14205
2026-09-21 10:15:00,2118.2,2119.0,2114.3,2117.0,10948
2026-09-21 10:20:00,2117.0,2117.9,2113.0,2115.6,13739
2026-09-21 10:25:00,2115.8,2121.5,2111.2,2120.0,24101
2026-09-21 10:30:00,2121.0,2126.3,2118.8,2122.2,46011
2026-09-21 10:35:00,2121.8,2124.7,2121.0,2124.5,23674
2026-09-21 10:40:00,2124.0,2125.7,2122.7,2123.8,20390
2026-09-21 10:45:00,2123.5,2124.8,2121.3,2122.5,24425
2026-09-21 10:50:00,2122.4,2124.8,2121.5,2122.9,10790
2026-09-21 10:55:00,2122.9,2123.2,2120.0,2120.0,10873
2026-09-21 11:00:00,2118.9,2121.2,2118.1,2119.7,10343
2026-09-21 11:05:00,2119.6,2120.3,2116.4,2118.3,14179
2026-09-21 11:10:00,2118.8,2121.1,2118.1,2119.1,9975
2026-09-21 11:15:00,2119.0,2120.0,2117.7,2118.6,10864
2026-09-21 11:20:00,2118.6,2120.0,2117.4,2118.7,7180
2026-09-21 11:25:00,2118.7,2120.0,2118.0,2119.4,4604
2026-09-21 11:30:00,2119.4,2124.0,2119.4,2123.3,10210
2026-09-21 11:35:00,2123.9,2124.5,2122.0,2124.5,16732
2026-09-21 11:40:00,2124.5,2124.7,2123.2,2124.2,17676
2026-09-21 11:45:00,2124.2,2124.4,2121.9,2123.1,17586
2026-09-21 11:50:00,2123.7,2125.8,2123.0,2125.4,18347
2026-09-21 11:55:00,2125.3,2129.0,2123.6,2124.8,27978
2026-09-21 12:00:00,2124.8,2126.0,2123.0,2124.0,8452
2026-09-21 12:05:00,2124.8,2126.0,2122.2,2122.6,13897
2026-09-21 12:10:00,2122.4,2126.4,2122.0,2126.2,18900
2026-09-21 12:15:00,2126.1,2126.8,2124.7,2125.7,24396
2026-09-21 12:20:00,2125.7,2128.1,2123.2,2123.4,17607
2026-09-21 12:25:00,2123.6,2125.1,2121.5,2122.5,12296
2026-09-21 12:30:00,2122.5,2123.6,2121.7,2123.2,8560
2026-09-21 12:35:00,2123.4,2123.5,2121.1,2121.3,10796
2026-09-21 12:40:00,2121.2,2123.6,2120.8,2123.6,7550
2026-09-21 12:45:00,2123.5,2127.0,2121.7,2126.6,7908
2026-09-21 12:50:00,2126.6,2131.0,2125.3,2130.6,36020
2026-09-21 12:55:00,2130.7,2134.4,2128.8,2132.1,53398
2026-09-21 13:00:00,2132.1,2132.4,2129.0,2129.5,18221
2026-09-21 13:05:00,2129.5,2131.9,2129.0,2130.3,27377
2026-09-21 13:10:00,2130.4,2130.4,2128.0,2128.4,16160
2026-09-21 13:15:00,2128.0,2132.0,2128.0,2128.2,62125
2026-09-21 13:20:00,2128.9,2132.0,2128.2,2129.7,16707
2026-09-21 13:25:00,2130.7,2135.2,2129.3,2134.2,57698
2026-09-21 13:30:00,2133.9,2134.4,2132.6,2133.1,8767
2026-09-21 13:35:00,2133.2,2136.5,2131.2,2133.3,28715
2026-09-21 13:40:00,2133.2,2134.8,2131.0,2131.1,25594
2026-09-21 13:45:00,2131.9,2132.3,2130.0,2131.6,13020
2026-09-21 13:50:00,2131.5,2132.7,2130.5,2131.4,9849
2026-09-21 13:55:00,2131.4,2136.0,2130.9,2135.0,36901
2026-09-21 14:00:00,2134.8,2135.5,2133.0,2135.4,17409
2026-09-21 14:05:00,2135.2,2136.9,2133.0,2133.9,14468
2026-09-21 14:10:00,2134.0,2135.2,2133.6,2134.9,12359
2026-09-21 14:15:00,2134.7,2136.0,2133.7,2135.6,15684
2026-09-21 14:20:00,2135.7,2135.7,2134.0,2135.0,38580
2026-09-21 14:25:00,2134.8,2138.5,2134.2,2137.0,25945
2026-09-21 14:30:00,2137.0,2137.0,2134.6,2136.5,13348
2026-09-21 14:35:00,2136.7,2139.9,2135.8,2139.0,34448
2026-09-21 14:40:00,2139.3,2139.7,2136.5,2137.1,32816
2026-09-21 14:45:00,2137.1,2138.3,2136.6,2137.1,32104
2026-09-21 14:50:00,2137.5,2140.9,2137.0,2140.9,54727
2026-09-21 14:55:00,2140.4,2141.0,2138.3,2139.0,23969
2026-09-21 15:00:00,2139.4,2145.0,2137.2,2138.0,72176
2026-09-21 15:05:00,2138.1,2139.8,2137.5,2137.9,48184
2026-09-21 15:10:00,2137.8,2137.9,2132.1,2133.2,90083
2026-09-21 15:15:00,2133.2,2133.2,2133.2,2133.2,0
2026-09-21 15:20:00,2133.2,2133.2,2133.2,2133.2,0
2026-09-21 15:25:00,2133.2,2133.2,2128.7,2128.7,67798
2026-09-22 09:15:00,2135.1,2135.2,2114.6,2116.9,104680
2026-09-22 09:20:00,2116.5,2119.0,2111.2,2117.9,57593
2026-09-22 09:25:00,2117.2,2120.0,2112.2,2113.9,60517
2026-09-22 09:30:00,2113.9,2118.5,2110.9,2115.1,50766
2026-09-22 09:35:00,2115.6,2116.9,2108.1,2115.1,68517
2026-09-22 09:40:00,2115.0,2121.9,2115.0,2121.5,38016
2026-09-22 09:45:00,2121.5,2124.7,2121.2,2121.7,36373
2026-09-22 09:50:00,2121.9,2126.0,2121.0,2125.5,26005
2026-09-22 09:55:00,2125.8,2129.2,2121.8,2121.9,46432
2026-09-22 10:00:00,2122.0,2124.3,2121.4,2122.5,11148
2026-09-22 10:05:00,2122.0,2123.0,2120.4,2122.3,12296
2026-09-22 10:10:00,2122.4,2125.0,2121.1,2122.7,15979
2026-09-22 10:15:00,2122.2,2122.9,2119.4,2119.4,32772
2026-09-22 10:20:00,2119.9,2120.3,2113.3,2116.5,28070
2026-09-22 10:25:00,2116.3,2116.8,2114.6,2116.0,23241
2026-09-22 10:30:00,2115.5,2116.2,2112.5,2112.5,74456
2026-09-22 10:35:00,2112.6,2114.9,2110.5,2111.9,33935
2026-09-22 10:40:00,2111.7,2112.9,2100.0,2106.3,78608
2026-09-22 10:45:00,2106.6,2106.6,2102.3,2105.4,42591
2026-09-22 10:50:00,2105.1,2108.5,2103.8,2108.1,21707
2026-09-22 10:55:00,2107.5,2109.1,2107.1,2108.1,16424
2026-09-22 11:00:00,2108.1,2109.8,2106.0,2106.0,15646
2026-09-22 11:05:00,2106.0,2106.8,2101.5,2101.5,37058
2026-09-22 11:10:00,2101.5,2102.7,2101.1,2102.7,33254
2026-09-22 11:15:00,2102.4,2107.5,2101.4,2106.0,43328
2026-09-22 11:20:00,2106.3,2111.0,2106.0,2110.3,74122
2026-09-22 11:25:00,2110.4,2110.4,2107.5,2108.4,46911
2026-09-22 11:30:00,2107.8,2108.6,2104.9,2104.9,54640
2026-09-22 11:35:00,2105.0,2105.0,2102.1,2102.5,22229
2026-09-22 11:40:00,2103.0,2108.0,2102.9,2105.7,17707
2026-09-22 11:45:00,2105.7,2106.8,2103.8,2105.4,21022
2026-09-22 11:50:00,2105.9,2106.8,2105.1,2105.3,9216
2026-09-22 11:55:00,2105.1,2106.0,2104.1,2104.5,14844
2026-09-22 12:00:00,2104.6,2105.0,2102.9,2103.6,11066
2026-09-22 12:05:00,2103.2,2104.6,2102.0,2102.8,65818
2026-09-22 12:10:00,2102.7,2104.2,2101.8,2103.9,24506
2026-09-22 12:15:00,2103.6,2107.8,2103.6,2107.3,37347
2026-09-22 12:20:00,2107.7,2110.0,2107.4,2108.5,21708
2026-09-22 12:25:00,2108.4,2109.8,2107.0,2108.5,28300
2026-09-22 12:30:00,2108.2,2109.5,2107.2,2109.3,11337
2026-09-22 12:35:00,2108.8,2110.2,2107.0,2109.2,47032
2026-09-22 12:40:00,2109.0,2110.6,2108.6,2109.9,14337
2026-09-22 12:45:00,2109.3,2113.4,2109.1,2111.3,27260
2026-09-22 12:50:00,2111.1,2112.4,2110.4,2111.8,40286
2026-09-22 12:55:00,2111.8,2114.4,2111.7,2112.4,31647
2026-09-22 13:00:00,2112.3,2112.4,2106.9,2110.2,39779
2026-09-22 13:05:00,2110.0,2111.8,2109.5,2110.9,14261
2026-09-22 13:10:00,2110.5,2111.0,2109.4,2110.0,11065
2026-09-22 13:15:00,2110.5,2110.9,2109.5,2110.7,11499
2026-09-22 13:20:00,2110.7,2111.0,2108.7,2109.7,18935
2026-09-22 13:25:00,2109.0,2111.8,2109.0,2111.4,12997
2026-09-22 13:30:00,2111.5,2111.6,2110.0,2110.5,8191
2026-09-22 13:35:00,2110.5,2115.9,2110.5,2115.0,23767
2026-09-22 13:40:00,2114.9,2118.9,2114.6,2115.6,59963
2026-09-22 13:45:00,2115.6,2115.8,2113.2,2113.8,13894
2026-09-22 13:50:00,2113.3,2114.0,2104.0,2105.0,88631
2026-09-22 13:55:00,2105.0,2107.0,2104.2,2105.9,25213
2026-09-22 14:00:00,2105.8,2106.0,2103.2,2104.3,28241
2026-09-22 14:05:00,2104.3,2105.0,2103.2,2104.5,13245
2026-09-22 14:10:00,2104.5,2114.8,2104.3,2113.9,29899
2026-09-22 14:15:00,2114.6,2119.9,2110.1,2112.0,51858
2026-09-22 14:20:00,2111.9,2113.9,2109.6,2110.2,127291
2026-09-22 14:25:00,2110.0,2112.9,2109.7,2111.8,115810
2026-09-22 14:30:00,2111.9,2113.9,2108.6,2109.9,107372
2026-09-22 14:35:00,2109.9,2110.8,2107.1,2108.9,42574
2026-09-22 14:40:00,2108.9,2109.9,2106.0,2106.1,22990
2026-09-22 14:45:00,2106.5,2108.9,2106.1,2107.4,25322
2026-09-22 14:50:00,2107.4,2109.0,2107.0,2108.9,33072
2026-09-22 14:55:00,2109.0,2109.0,2106.6,2108.0,33738
2026-09-22 15:00:00,2107.0,2107.4,2105.1,2106.7,45504
2026-09-22 15:05:00,2106.7,2107.4,2101.0,2102.3,177950
2026-09-22 15:10:00,2102.1,2105.0,2098.2,2104.0,783378
2026-09-22 15:15:00,2105.0,2105.0,2105.0,2105.0,1
2026-09-22 15:20:00,2105.0,2105.0,2105.0,2105.0,0
2026-09-22 15:25:00,2105.0,2105.0,2105.0,2105.0,34398
2026-09-23 09:15:00,2099.0,2104.2,2087.6,2096.0,149734
2026-09-23 09:20:00,2096.3,2096.6,2091.9,2093.3,58421
2026-09-23 09:25:00,2093.6,2093.6,2085.6,2092.0,98539
2026-09-23 09:30:00,2092.1,2094.0,2090.4,2091.0,33081
2026-09-23 09:35:00,2091.0,2093.2,2091.0,2093.0,26230
2026-09-23 09:40:00,2093.0,2094.4,2093.0,2093.9,23038
2026-09-23 09:45:00,2093.5,2094.0,2092.5,2093.7,25584
2026-09-23 09:50:00,2093.8,2094.1,2086.8,2087.0,71751
2026-09-23 09:55:00,2087.0,2088.1,2085.2,2086.5,39534
2026-09-23 10:00:00,2086.5,2090.6,2086.5,2089.7,30694
2026-09-23 10:05:00,2089.7,2090.0,2087.1,2087.1,23716
2026-09-23 10:10:00,2087.2,2088.2,2086.6,2087.2,19948
2026-09-23 10:15:00,2087.3,2088.0,2086.0,2087.2,19671
2026-09-23 10:20:00,2087.5,2090.0,2087.1,2089.3,23860
2026-09-23 10:25:00,2089.3,2089.3,2087.5,2088.0,16096
2026-09-23 10:30:00,2087.5,2089.0,2087.5,2088.8,18003
2026-09-23 10:35:00,2088.6,2091.3,2088.1,2088.1,22619
2026-09-23 10:40:00,2088.3,2091.4,2084.6,2090.6,82533
2026-09-23 10:45:00,2090.5,2095.7,2088.6,2093.8,50742
2026-09-23 10:50:00,2093.8,2094.2,2091.8,2091.9,18357
2026-09-23 10:55:00,2091.9,2093.0,2091.5,2092.5,15436
2026-09-23 11:00:00,2092.1,2093.7,2090.4,2092.3,14993
2026-09-23 11:05:00,2092.3,2093.0,2090.5,2092.3,16248
2026-09-23 11:10:00,2092.1,2094.5,2092.1,2094.3,16930
2026-09-23 11:15:00,2094.5,2094.5,2092.2,2093.5,11919
2026-09-23 11:20:00,2093.6,2094.9,2092.1,2092.7,16539
2026-09-23 11:25:00,2092.1,2092.9,2091.8,2092.0,9145
2026-09-23 11:30:00,2092.1,2093.7,2092.0,2093.1,12832
2026-09-23 11:35:00,2093.1,2093.2,2091.1,2091.5,15076
2026-09-23 11:40:00,2091.2,2093.0,2091.1,2092.3,9912
2026-09-23 11:45:00,2092.5,2096.9,2092.3,2094.4,34434
2026-09-23 11:50:00,2094.1,2095.5,2092.4,2092.4,17091
2026-09-23 11:55:00,2092.2,2092.7,2090.3,2091.6,18871
2026-09-23 12:00:00,2091.6,2092.0,2090.7,2091.1,13265
2026-09-23 12:05:00,2091.7,2093.5,2091.1,2092.0,12744
2026-09-23 12:10:00,2092.1,2094.8,2091.6,2092.7,15503
2026-09-23 12:15:00,2092.7,2093.3,2090.1,2092.2,16442
2026-09-23 12:20:00,2092.2,2092.3,2090.6,2091.3,10262
2026-09-23 12:25:00,2091.4,2092.8,2090.9,2092.8,18950
2026-09-23 12:30:00,2092.8,2094.0,2092.2,2092.5,8727
2026-09-23 12:35:00,2092.5,2093.6,2092.5,2093.6,9396
2026-09-23 12:40:00,2093.7,2094.6,2092.3,2092.3,16266
2026-09-23 12:45:00,2092.6,2093.9,2092.0,2093.2,10156
2026-09-23 12:50:00,2093.7,2094.2,2091.0,2091.1,12306
2026-09-23 12:55:00,2091.1,2091.9,2090.6,2091.7,12642
2026-09-23 13:00:00,2091.7,2091.8,2091.0,2091.0,8734
2026-09-23 13:05:00,2091.2,2091.9,2090.7,2091.0,11098
2026-09-23 13:10:00,2091.0,2092.0,2090.0,2092.0,15277
2026-09-23 13:15:00,2091.5,2092.0,2089.0,2089.2,25662
2026-09-23 13:20:00,2089.2,2089.5,2088.0,2088.2,12274
2026-09-23 13:25:00,2088.5,2088.5,2084.2,2085.4,56078
2026-09-23 13:30:00,2085.4,2085.4,2083.0,2084.2,28422
2026-09-23 13:35:00,2084.2,2085.0,2082.5,2082.6,37450
2026-09-23 13:40:00,2082.8,2085.9,2082.4,2085.5,19998
2026-09-23 13:45:00,2085.6,2086.0,2083.8,2084.0,25807
2026-09-23 13:50:00,2084.0,2084.0,2082.1,2082.8,32931
2026-09-23 13:55:00,2082.8,2083.3,2082.6,2082.6,24756
2026-09-23 14:00:00,2083.0,2083.4,2082.2,2082.3,19725
2026-09-23 14:05:00,2082.3,2082.6,2081.1,2082.3,30636
2026-09-23 14:10:00,2082.1,2082.8,2081.8,2082.6,42550
2026-09-23 14:15:00,2082.5,2084.0,2082.1,2082.9,25512
2026-09-23 14:20:00,2082.8,2083.4,2082.3,2083.0,24390
2026-09-23 14:25:00,2083.1,2085.0,2083.0,2083.8,15753
2026-09-23 14:30:00,2084.0,2084.5,2083.8,2084.4,11616
2026-09-23 14:35:00,2084.4,2084.8,2083.0,2084.0,21365
2026-09-23 14:40:00,2084.1,2084.8,2082.0,2082.0,21108
2026-09-23 14:45:00,2082.5,2082.6,2080.0,2080.3,46813
2026-09-23 14:50:00,2080.3,2081.2,2080.1,2080.2,27224
2026-09-23 14:55:00,2080.6,2081.0,2078.9,2080.0,78756
2026-09-23 15:00:00,2080.0,2081.0,2077.6,2079.4,78203
2026-09-23 15:05:00,2079.3,2082.1,2079.1,2081.2,97465
2026-09-23 15:10:00,2081.1,2084.1,2080.0,2083.0,88288
2026-09-23 15:15:00,2082.0,2082.0,2082.0,2082.0,25
2026-09-23 15:20:00,2082.0,2082.0,2082.0,2082.0,0
2026-09-23 15:25:00,2082.0,2089.6,2082.0,2089.6,68772
2026-09-24 09:15:00,2076.0,2093.7,2067.1,2087.0,117060
2026-09-24 09:20:00,2086.9,2091.9,2085.1,2085.1,61239
2026-09-24 09:25:00,2084.8,2091.6,2082.2,2091.6,38676
2026-09-24 09:30:00,2090.3,2091.0,2086.3,2086.5,27578
2026-09-24 09:35:00,2086.5,2088.1,2083.0,2083.1,24087
2026-09-24 09:40:00,2083.1,2085.6,2081.0,2085.6,20780
2026-09-24 09:45:00,2085.6,2086.1,2082.5,2084.0,17356
2026-09-24 09:50:00,2084.0,2086.2,2082.0,2083.9,18465
2026-09-24 09:55:00,2083.9,2084.3,2079.1,2080.0,21465
2026-09-24 10:00:00,2080.0,2081.8,2079.0,2080.5,17977
2026-09-24 10:05:00,2080.5,2081.5,2079.2,2080.8,12278
2026-09-24 10:10:00,2080.8,2081.0,2078.4,2079.9,20184
2026-09-24 10:15:00,2079.9,2082.0,2078.1,2081.9,23392
2026-09-24 10:20:00,2082.6,2082.6,2077.0,2079.7,15053
2026-09-24 10:25:00,2079.7,2080.7,2078.5,2080.7,14903
2026-09-24 10:30:00,2080.7,2087.8,2080.2,2087.0,27154
2026-09-24 10:35:00,2087.5,2091.0,2086.0,2090.6,39273
2026-09-24 10:40:00,2090.2,2090.6,2088.0,2089.0,12703
2026-09-24 10:45:00,2089.0,2089.3,2087.2,2088.8,10968
2026-09-24 10:50:00,2088.8,2090.6,2088.1,2089.2,13039
2026-09-24 10:55:00,2089.0,2090.6,2089.0,2089.4,9591
2026-09-24 11:00:00,2089.7,2090.4,2088.0,2088.8,13217
2026-09-24 11:05:00,2089.0,2095.2,2088.9,2094.5,35327
2026-09-24 11:10:00,2094.0,2095.0,2090.0,2090.1,19999
2026-09-24 11:15:00,2090.0,2093.3,2089.1,2092.3,15309
2026-09-24 11:20:00,2092.0,2093.0,2087.4,2088.0,15459
2026-09-24 11:25:00,2088.0,2091.5,2086.5,2091.0,30882
2026-09-24 11:30:00,2090.3,2092.0,2089.4,2091.5,11760
2026-09-24 11:35:00,2091.4,2092.8,2088.8,2090.9,15775
2026-09-24 11:40:00,2090.9,2093.0,2090.6,2092.2,14459
2026-09-24 11:45:00,2092.2,2094.7,2090.7,2093.6,15156
2026-09-24 11:50:00,2093.2,2093.9,2092.0,2093.7,19230
2026-09-24 11:55:00,2093.7,2094.5,2091.4,2094.0,16818
2026-09-24 12:00:00,2094.0,2096.0,2093.1,2095.7,24910
2026-09-24 12:05:00,2095.6,2096.3,2094.0,2094.5,13193
2026-09-24 12:10:00,2094.5,2096.9,2093.0,2093.9,15840
2026-09-24 12:15:00,2094.0,2096.0,2092.5,2093.4,12853
2026-09-24 12:20:00,2093.0,2093.4,2089.2,2090.7,16281
2026-09-24 12:25:00,2090.7,2091.2,2087.1,2089.9,35441
2026-09-24 12:30:00,2089.8,2090.7,2088.0,2088.8,15017
2026-09-24 12:35:00,2088.6,2091.0,2087.9,2089.5,10123
2026-09-24 12:40:00,2089.5,2091.0,2088.8,2090.7,6064
2026-09-24 12:45:00,2090.5,2090.8,2087.5,2088.8,22812
2026-09-24 12:50:00,2088.8,2089.2,2087.5,2087.5,10539
2026-09-24 12:55:00,2087.1,2088.1,2087.0,2087.8,10810
2026-09-24 13:00:00,2087.8,2089.2,2087.5,2089.0,8325
2026-09-24 13:05:00,2088.4,2090.8,2088.3,2089.3,11528
2026-09-24 13:10:00,2090.0,2090.3,2088.0,2088.4,10354
2026-09-24 13:15:00,2088.4,2088.6,2087.3,2088.2,5727
2026-09-24 13:20:00,2088.1,2091.7,2088.1,2091.0,14742
2026-09-24 13:25:00,2091.0,2091.0,2084.0,2085.7,29214
2026-09-24 13:30:00,2085.8,2087.4,2085.5,2086.2,12008
2026-09-24 13:35:00,2086.2,2086.5,2083.3,2083.6,10651
2026-09-24 13:40:00,2083.9,2085.0,2080.0,2080.0,32328
2026-09-24 13:45:00,2080.5,2081.4,2075.1,2079.5,42970
2026-09-24 13:50:00,2079.3,2079.8,2074.1,2074.5,23874
2026-09-24 13:55:00,2075.0,2077.4,2072.4,2074.7,19891
2026-09-24 14:00:00,2074.4,2078.4,2073.5,2073.7,28690
2026-09-24 14:05:00,2073.7,2076.5,2073.3,2076.2,10147
2026-09-24 14:10:00,2076.9,2076.9,2075.0,2075.4,10378
2026-09-24 14:15:00,2076.0,2076.8,2074.1,2074.5,11495
2026-09-24 14:20:00,2074.5,2074.9,2070.1,2071.0,29742
2026-09-24 14:25:00,2071.1,2073.2,2070.1,2071.6,20424
2026-09-24 14:30:00,2071.7,2072.5,2068.7,2069.0,38812
2026-09-24 14:35:00,2068.9,2074.4,2068.9,2074.4,23333
2026-09-24 14:40:00,2074.4,2076.0,2071.3,2072.0,24686
2026-09-24 14:45:00,2072.2,2073.0,2070.0,2071.5,15949
2026-09-24 14:50:00,2071.5,2074.0,2071.4,2072.9,21146
2026-09-24 14:55:00,2072.7,2073.0,2071.2,2071.4,21796
2026-09-24 15:00:00,2071.7,2072.1,2069.2,2071.2,45891
2026-09-24 15:05:00,2071.2,2071.2,2069.0,2070.7,39744
2026-09-24 15:10:00,2071.4,2074.4,2070.1,2073.6,58174
2026-09-24 15:15:00,2073.6,2073.6,2073.6,2073.6,0
2026-09-24 15:20:00,2073.6,2073.6,2073.6,2073.6,0
2026-09-24 15:25:00,2073.6,2087.0,2073.6,2087.0,145656
2026-09-25 09:15:00,2054.0,2076.6,2038.1,2045.5,328261
2026-09-25 09:20:00,2045.9,2051.6,2042.0,2049.0,104927
2026-09-25 09:25:00,2050.1,2067.3,2046.4,2066.9,133912
2026-09-25 09:30:00,2066.9,2071.3,2060.7,2070.6,123054
2026-09-25 09:35:00,2071.3,2072.0,2064.1,2065.7,51294
2026-09-25 09:40:00,2065.6,2067.0,2060.6,2063.7,51083
2026-09-25 09:45:00,2063.7,2067.9,2063.0,2065.7,25297
2026-09-25 09:50:00,2066.0,2070.5,2065.7,2068.8,27447
2026-09-25 09:55:00,2068.8,2073.9,2068.6,2071.5,37894
2026-09-25 10:00:00,2072.1,2079.1,2070.0,2076.1,46497
2026-09-25 10:05:00,2076.5,2078.0,2073.3,2077.1,30994
2026-09-25 10:10:00,2077.6,2077.6,2070.6,2075.5,35341
2026-09-25 10:15:00,2075.8,2078.4,2073.5,2078.2,20576
2026-09-25 10:20:00,2078.5,2082.0,2074.3,2076.3,34825
2026-09-25 10:25:00,2076.5,2079.0,2075.4,2077.8,19599
2026-09-25 10:30:00,2077.3,2078.8,2076.1,2076.3,16263
2026-09-25 10:35:00,2076.8,2081.9,2076.1,2079.2,27798
2026-09-25 10:40:00,2079.6,2083.9,2077.1,2078.5,28103
2026-09-25 10:45:00,2078.6,2079.8,2074.4,2075.2,19698
2026-09-25 10:50:00,2076.0,2078.0,2075.1,2077.9,10784
2026-09-25 10:55:00,2077.2,2080.4,2077.0,2080.0,11603
2026-09-25 11:00:00,2080.3,2084.1,2078.4,2082.6,40117
2026-09-25 11:05:00,2081.8,2082.8,2080.7,2081.0,19736
2026-09-25 11:10:00,2081.0,2083.0,2080.4,2081.9,14350
2026-09-25 11:15:00,2082.5,2082.5,2078.0,2078.5,23280
2026-09-25 11:20:00,2079.3,2080.5,2077.2,2077.5,18377
2026-09-25 11:25:00,2077.5,2080.0,2077.0,2078.6,13247
2026-09-25 11:30:00,2078.9,2080.0,2078.0,2078.5,11048
2026-09-25 11:35:00,2079.3,2080.0,2076.2,2077.7,17774
2026-09-25 11:40:00,2078.4,2083.0,2077.4,2082.0,26754
2026-09-25 11:45:00,2082.6,2082.6,2079.7,2081.5,15694
2026-09-25 11:50:00,2081.6,2082.9,2080.0,2082.5,15976
2026-09-25 11:55:00,2081.9,2086.8,2081.5,2084.0,28926
2026-09-25 12:00:00,2084.9,2085.2,2082.1,2084.4,22291
2026-09-25 12:05:00,2084.9,2087.0,2084.4,2086.3,23919
2026-09-25 12:10:00,2086.7,2087.8,2085.0,2086.3,16088
2026-09-25 12:15:00,2087.6,2089.2,2086.5,2088.7,22702
2026-09-25 12:20:00,2088.3,2090.0,2086.5,2086.9,20298
2026-09-25 12:25:00,2087.7,2090.0,2086.6,2089.2,19509
2026-09-25 12:30:00,2089.5,2090.2,2088.0,2088.8,19592
2026-09-25 12:35:00,2089.4,2089.4,2084.1,2085.4,34777
2026-09-25 12:40:00,2084.7,2085.0,2078.6,2078.6,49695
2026-09-25 12:45:00,2078.7,2082.0,2077.9,2080.3,26374
2026-09-25 12:50:00,2080.9,2082.7,2080.0,2080.4,11564
2026-09-25 12:55:00,2080.6,2082.9,2078.8,2081.5,11765
2026-09-25 13:00:00,2081.8,2084.5,2080.8,2083.2,17154
2026-09-25 13:05:00,2083.8,2084.5,2082.0,2083.0,15894
2026-09-25 13:10:00,2083.0,2083.9,2078.6,2079.3,17973
2026-09-25 13:15:00,2080.0,2081.0,2075.9,2078.4,18171
2026-09-25 13:20:00,2079.1,2082.4,2078.2,2080.6,18150
2026-09-25 13:25:00,2081.0,2083.6,2080.2,2080.9,17566
2026-09-25 13:30:00,2081.6,2081.6,2077.3,2079.4,12679
2026-09-25 13:35:00,2079.6,2080.0,2077.7,2077.7,35286
2026-09-25 13:40:00,2078.0,2079.3,2077.0,2077.9,36563
2026-09-25 13:45:00,2077.9,2077.9,2072.6,2073.5,184894
2026-09-25 13:50:00,2073.6,2075.7,2073.0,2074.6,19565
2026-09-25 13:55:00,2074.6,2078.0,2074.0,2077.5,21315
2026-09-25 14:00:00,2077.5,2086.5,2077.5,2085.9,69286
2026-09-25 14:05:00,2085.9,2088.5,2078.0,2079.2,95404
2026-09-25 14:10:00,2078.3,2080.0,2076.4,2078.0,33357
2026-09-25 14:15:00,2078.0,2078.8,2075.6,2077.0,38501
2026-09-25 14:20:00,2076.6,2078.0,2074.6,2075.8,44245
2026-09-25 14:25:00,2075.8,2077.0,2069.7,2074.1,137861
2026-09-25 14:30:00,2073.9,2076.6,2073.1,2075.3,42116
2026-09-25 14:35:00,2076.2,2077.4,2073.6,2075.0,40622
2026-09-25 14:40:00,2075.7,2076.4,2072.2,2073.3,52277
2026-09-25 14:45:00,2073.8,2076.3,2073.0,2073.0,70756
2026-09-25 14:50:00,2073.3,2075.3,2070.7,2074.9,56015
2026-09-25 14:55:00,2074.8,2075.0,2071.1,2073.4,77842
2026-09-25 15:00:00,2073.6,2074.9,2072.6,2074.0,62773
2026-09-25 15:05:00,2074.0,2079.0,2073.2,2078.9,163277
2026-09-25 15:10:00,2078.7,2081.0,2077.1,2081.0,150109
2026-09-25 15:15:00,2080.5,2080.5,2080.5,2080.5,2
2026-09-25 15:20:00,2080.5,2080.5,2080.5,2080.5,0
2026-09-25 15:25:00,2080.5,2082.0,2080.5,2082.0,44146
2026-09-28 09:15:00,2100.0,2100.0,2085.0,2092.9,128744
2026-09-28 09:20:00,2093.6,2093.6,2083.3,2089.5,85169
2026-09-28 09:25:00,2090.3,2091.4,2080.1,2082.2,55775
2026-09-28 09:30:00,2082.2,2087.4,2081.0,2086.6,34515
2026-09-28 09:35:00,2087.2,2087.2,2080.2,2080.2,42026
2026-09-28 09:40:00,2080.5,2080.5,2060.8,2063.6,139050
2026-09-28 09:45:00,2063.9,2068.4,2061.2,2062.0,64922
2026-09-28 09:50:00,2062.6,2064.4,2055.0,2059.0,84093
2026-09-28 09:55:00,2059.2,2064.5,2059.0,2061.7,29825
2026-09-28 10:00:00,2061.7,2065.0,2057.5,2063.0,37078
2026-09-28 10:05:00,2063.8,2064.0,2059.4,2059.4,24937
2026-09-28 10:10:00,2059.4,2064.7,2058.3,2061.0,22278
2026-09-28 10:15:00,2061.3,2061.5,2057.2,2061.5,27525
2026-09-28 10:20:00,2061.5,2062.4,2058.3,2060.5,14480
2026-09-28 10:25:00,2060.6,2061.1,2058.3,2059.5,12434
2026-09-28 10:30:00,2059.7,2061.5,2059.0,2060.6,17072
2026-09-28 10:35:00,2060.6,2062.0,2053.0,2055.8,54182
2026-09-28 10:40:00,2055.3,2056.7,2051.0,2055.0,61209
2026-09-28 10:45:00,2055.2,2057.9,2054.5,2057.3,24125
2026-09-28 10:50:00,2057.5,2061.0,2056.7,2060.5,24726
2026-09-28 10:55:00,2060.2,2062.9,2058.3,2062.0,25555
2026-09-28 11:00:00,2062.1,2062.1,2057.8,2058.0,26891
2026-09-28 11:05:00,2057.9,2061.2,2057.9,2059.2,21339
2026-09-28 11:10:00,2059.3,2060.5,2056.0,2057.5,15748
2026-09-28 11:15:00,2057.7,2059.2,2056.8,2057.1,14292
2026-09-28 11:20:00,2057.1,2059.0,2055.4,2056.2,13482
2026-09-28 11:25:00,2056.0,2061.4,2056.0,2059.7,19280
2026-09-28 11:30:00,2059.9,2062.2,2058.6,2061.2,20450
2026-09-28 11:35:00,2061.2,2064.3,2060.0,2063.3,20109
2026-09-28 11:40:00,2063.5,2064.8,2062.0,2064.0,29112
2026-09-28 11:45:00,2064.0,2068.1,2063.2,2065.5,33068
2026-09-28 11:50:00,2066.1,2067.6,2065.3,2066.1,20607
2026-09-28 11:55:00,2066.5,2067.3,2064.0,2066.6,16241
2026-09-28 12:00:00,2066.6,2070.9,2066.1,2069.0,39810
2026-09-28 12:05:00,2069.1,2074.9,2068.7,2074.3,42152
2026-09-28 12:10:00,2074.5,2075.4,2072.0,2074.8,25060
2026-09-28 12:15:00,2075.0,2076.2,2071.3,2075.5,23857
2026-09-28 12:20:00,2075.3,2076.3,2073.2,2075.1,17035
2026-09-28 12:25:00,2075.5,2078.5,2075.3,2078.2,24013
2026-09-28 12:30:00,2078.3,2078.7,2074.1,2076.8,20026
2026-09-28 12:35:00,2076.9,2077.4,2072.4,2074.4,19391
2026-09-28 12:40:00,2074.2,2076.3,2073.1,2076.3,18359
2026-09-28 12:45:00,2076.4,2078.6,2076.3,2077.3,24483
2026-09-28 12:50:00,2077.6,2079.7,2077.1,2078.0,22348
2026-09-28 12:55:00,2078.1,2081.5,2076.7,2081.0,27925
2026-09-28 13:00:00,2080.7,2084.0,2080.6,2081.7,30427
2026-09-28 13:05:00,2081.8,2082.4,2079.2,2081.0,21195
2026-09-28 13:10:00,2081.0,2083.7,2080.0,2082.2,23619
2026-09-28 13:15:00,2082.9,2088.7,2081.6,2087.9,54067
2026-09-28 13:20:00,2088.0,2091.8,2086.1,2089.9,45055
2026-09-28 13:25:00,2090.1,2091.3,2084.0,2084.0,34885
2026-09-28 13:30:00,2084.3,2085.2,2079.5,2079.7,34334
2026-09-28 13:35:00,2079.9,2084.9,2079.3,2084.3,20158
2026-09-28 13:40:00,2084.5,2085.0,2082.0,2082.7,17551
2026-09-28 13:45:00,2082.8,2084.3,2081.3,2081.5,14942
2026-09-28 13:50:00,2082.2,2083.0,2080.1,2080.1,15595
2026-09-28 13:55:00,2080.1,2083.5,2079.6,2081.3,21335
2026-09-28 14:00:00,2081.1,2084.0,2080.0,2083.1,11761
2026-09-28 14:05:00,2083.5,2083.9,2081.0,2083.1,10763
2026-09-28 14:10:00,2083.1,2084.7,2079.5,2080.2,16063
2026-09-28 14:15:00,2080.3,2080.8,2077.1,2078.0,21417
2026-09-28 14:20:00,2078.2,2078.3,2073.5,2074.8,49844
2026-09-28 14:25:00,2074.8,2076.9,2073.9,2076.0,14314
2026-09-28 14:30:00,2075.6,2077.4,2073.5,2073.7,24275
2026-09-28 14:35:00,2073.9,2074.9,2071.2,2072.0,18037
2026-09-28 14:40:00,2071.8,2073.5,2071.3,2073.5,26663
2026-09-28 14:45:00,2073.6,2076.4,2073.0,2075.6,19023
2026-09-28 14:50:00,2075.2,2079.1,2075.0,2078.0,23160
2026-09-28 14:55:00,2077.8,2078.0,2075.4,2076.0,38103
2026-09-28 15:00:00,2075.4,2077.0,2074.0,2075.7,35572
2026-09-28 15:05:00,2075.2,2075.2,2070.5,2074.4,61247
2026-09-28 15:10:00,2073.7,2076.0,2073.0,2073.9,58577
2026-09-28 15:15:00,2073.9,2073.9,2073.9,2073.9,2
2026-09-28 15:20:00,2073.9,2073.9,2073.9,2073.9,0
2026-09-28 15:25:00,2073.9,2073.9,2070.7,2070.7,106942
2026-09-29 09:15:00,2065.0,2085.1,2058.4,2062.9,128714
2026-09-29 09:20:00,2063.0,2065.9,2057.4,2063.3,55212
2026-09-29 09:25:00,2063.4,2063.8,2057.3,2058.8,35836
2026-09-29 09:30:00,2059.6,2060.9,2055.6,2057.8,48117
2026-09-29 09:35:00,2057.9,2058.0,2052.7,2054.0,43643
2026-09-29 09:40:00,2054.0,2059.1,2053.1,2057.1,25849
2026-09-29 09:45:00,2058.0,2058.8,2053.8,2054.0,34753
2026-09-29 09:50:00,2053.9,2054.2,2050.0,2054.2,37647
2026-09-29 09:55:00,2053.9,2058.1,2053.7,2057.2,24552
2026-09-29 10:00:00,2057.3,2058.4,2055.0,2056.0,15745
2026-09-29 10:05:00,2056.8,2058.8,2055.0,2057.3,17621
2026-09-29 10:10:00,2057.2,2057.8,2054.5,2055.3,14967
2026-09-29 10:15:00,2055.3,2055.8,2053.2,2055.3,16097
2026-09-29 10:20:00,2055.4,2055.6,2053.1,2053.9,16689
2026-09-29 10:25:00,2053.9,2054.9,2052.5,2053.7,18271
2026-09-29 10:30:00,2053.6,2054.0,2051.7,2052.5,15317
2026-09-29 10:35:00,2052.5,2053.0,2050.4,2050.8,14478
2026-09-29 10:40:00,2050.8,2052.0,2049.0,2052.0,37055
2026-09-29 10:45:00,2051.6,2052.0,2050.1,2051.1,10498
2026-09-29 10:50:00,2050.9,2054.9,2049.0,2054.6,25771
2026-09-29 10:55:00,2054.7,2058.4,2054.6,2057.3,26907
2026-09-29 11:00:00,2057.2,2057.4,2053.3,2056.0,25426
2026-09-29 11:05:00,2056.2,2056.7,2054.0,2056.7,12919
2026-09-29 11:10:00,2056.6,2062.0,2056.5,2059.7,46538
2026-09-29 11:15:00,2059.7,2061.0,2057.2,2060.1,14496
2026-09-29 11:20:00,2060.0,2061.7,2059.3,2060.6,24215
2026-09-29 11:25:00,2060.5,2062.9,2060.5,2062.9,25577
2026-09-29 11:30:00,2062.9,2066.9,2062.6,2064.9,40352
2026-09-29 11:35:00,2065.1,2068.9,2064.3,2067.8,23624
2026-09-29 11:40:00,2067.7,2070.6,2066.7,2068.1,25591
2026-09-29 11:45:00,2068.9,2069.4,2066.9,2068.9,13834
2026-09-29 11:50:00,2068.6,2069.8,2067.0,2067.7,15855
2026-09-29 11:55:00,2067.6,2067.9,2065.6,2067.3,13489
2026-09-29 12:00:00,2067.3,2070.9,2067.1,2069.7,31783
2026-09-29 12:05:00,2069.6,2072.2,2069.1,2071.1,35813
2026-09-29 12:10:00,2071.4,2072.4,2070.0,2070.3,19473
2026-09-29 12:15:00,2070.1,2071.4,2068.2,2071.0,50457
2026-09-29 12:20:00,2071.0,2071.0,2067.5,2068.5,17851
2026-09-29 12:25:00,2068.8,2069.0,2065.0,2065.4,28956
2026-09-29 12:30:00,2065.5,2066.0,2061.0,2063.3,39572
2026-09-29 12:35:00,2063.1,2064.2,2060.8,2063.0,27506
2026-09-29 12:40:00,2062.5,2063.7,2060.0,2060.5,13160
2026-09-29 12:45:00,2060.4,2061.0,2058.6,2058.6,12356
2026-09-29 12:50:00,2059.5,2060.5,2057.7,2058.2,16331
2026-09-29 12:55:00,2058.2,2059.7,2057.6,2058.3,16632
2026-09-29 13:00:00,2058.1,2058.7,2055.7,2055.7,15876
2026-09-29 13:05:00,2056.0,2057.4,2054.4,2056.7,17087
2026-09-29 13:10:00,2055.1,2057.6,2052.7,2053.8,31906
2026-09-29 13:15:00,2053.6,2053.8,2052.2,2052.8,15362
2026-09-29 13:20:00,2052.0,2052.6,2049.6,2050.1,41553
2026-09-29 13:25:00,2050.8,2051.9,2045.1,2046.0,27588
2026-09-29 13:30:00,2046.0,2047.4,2045.2,2045.6,22662
2026-09-29 13:35:00,2045.3,2045.8,2040.0,2040.7,43054
2026-09-29 13:40:00,2040.3,2042.4,2039.0,2041.6,31517
2026-09-29 13:45:00,2042.2,2044.3,2041.2,2043.7,20388
2026-09-29 13:50:00,2043.4,2045.5,2042.8,2043.1,26263
2026-09-29 13:55:00,2043.1,2043.9,2042.4,2043.4,20996
2026-09-29 14:00:00,2043.2,2044.6,2042.1,2042.9,23452
2026-09-29 14:05:00,2043.0,2046.5,2042.7,2046.4,33407
2026-09-29 14:10:00,2046.2,2047.3,2043.0,2043.8,35594
2026-09-29 14:15:00,2041.8,2044.5,2041.6,2043.0,45820
2026-09-29 14:20:00,2043.0,2044.0,2040.5,2040.6,28991
2026-09-29 14:25:00,2040.6,2041.4,2039.5,2041.0,35668
2026-09-29 14:30:00,2040.9,2044.0,2040.5,2043.0,41532
2026-09-29 14:35:00,2043.1,2046.7,2042.8,2046.3,47170
2026-09-29 14:40:00,2046.2,2046.9,2044.2,2046.0,45525
2026-09-29 14:45:00,2046.0,2046.8,2045.0,2045.3,38719
2026-09-29 14:50:00,2044.8,2046.9,2044.6,2046.4,99954
2026-09-29 14:55:00,2046.3,2047.5,2044.6,2045.2,107111
2026-09-29 15:00:00,2045.1,2045.1,2036.4,2037.1,384217
2026-09-29 15:05:00,2037.0,2041.0,2036.7,2041.0,436764
2026-09-29 15:10:00,2041.3,2046.8,2036.3,2046.8,432190
2026-09-29 15:15:00,2046.8,2046.8,2046.8,2046.8,399
2026-09-29 15:20:00,2046.8,2046.8,2046.8,2046.8,0
2026-09-29 15:25:00,2046.8,2046.8,2032.4,2032.4,990950
2026-09-30 09:15:00,2069.0,2084.0,2055.0,2082.5,237386
2026-09-30 09:20:00,2083.3,2084.9,2075.0,2084.2,122544
2026-09-30 09:25:00,2084.5,2088.0,2079.5,2081.8,108827
2026-09-30 09:30:00,2081.0,2083.6,2078.0,2081.3,92191
2026-09-30 09:35:00,2081.6,2087.2,2081.6,2083.0,75099
2026-09-30 09:40:00,2083.1,2086.0,2082.9,2085.7,39976
2026-09-30 09:45:00,2085.7,2086.4,2078.4,2078.9,53608
2026-09-30 09:50:00,2078.7,2086.0,2078.2,2086.0,47568
2026-09-30 09:55:00,2085.9,2094.0,2085.0,2090.0,118229
2026-09-30 10:00:00,2090.6,2096.8,2087.7,2090.1,68799
2026-09-30 10:05:00,2090.3,2094.0,2088.0,2093.4,36970
2026-09-30 10:10:00,2093.5,2095.0,2091.5,2093.3,33804
2026-09-30 10:15:00,2094.0,2094.9,2090.0,2092.0,39132
2026-09-30 10:20:00,2091.6,2097.9,2091.3,2097.5,67613
2026-09-30 10:25:00,2097.2,2101.0,2095.5,2097.2,69803
2026-09-30 10:30:00,2097.5,2097.7,2090.4,2091.8,24998
2026-09-30 10:35:00,2090.7,2092.9,2090.4,2092.8,19896
2026-09-30 10:40:00,2093.2,2098.7,2090.1,2097.8,36299
2026-09-30 10:45:00,2097.8,2097.9,2092.2,2093.7,75563
2026-09-30 10:50:00,2093.7,2094.1,2088.0,2088.8,48574
2026-09-30 10:55:00,2089.3,2089.7,2080.9,2087.0,165693
2026-09-30 11:00:00,2086.9,2089.4,2082.8,2085.5,99139
2026-09-30 11:05:00,2085.0,2086.7,2076.1,2077.2,99491
2026-09-30 11:10:00,2077.4,2078.0,2071.5,2072.5,36164
2026-09-30 11:15:00,2071.9,2072.8,2069.5,2071.3,37139
2026-09-30 11:20:00,2071.3,2072.6,2070.3,2071.5,22668
2026-09-30 11:25:00,2071.3,2072.9,2070.9,2071.5,21003
2026-09-30 11:30:00,2071.5,2072.9,2070.6,2072.0,19652
2026-09-30 11:35:00,2072.0,2073.0,2070.8,2071.4,13470
2026-09-30 11:40:00,2071.2,2072.9,2070.5,2070.6,19798
2026-09-30 11:45:00,2070.6,2072.5,2069.4,2071.6,20910
2026-09-30 11:50:00,2071.6,2071.8,2069.5,2069.7,14965
2026-09-30 11:55:00,2070.0,2071.2,2069.1,2070.0,16678
2026-09-30 12:00:00,2069.5,2073.6,2069.5,2072.3,20876
2026-09-30 12:05:00,2072.3,2073.4,2072.1,2073.0,14739
2026-09-30 12:10:00,2073.0,2074.1,2067.8,2070.9,28678
2026-09-30 12:15:00,2070.7,2071.6,2067.4,2068.2,46024
2026-09-30 12:20:00,2068.5,2072.5,2068.1,2071.5,19754
2026-09-30 12:25:00,2071.4,2072.1,2069.0,2069.1,14542
2026-09-30 12:30:00,2069.3,2072.7,2068.3,2071.9,21614
2026-09-30 12:35:00,2071.6,2072.9,2070.0,2070.1,10473
2026-09-30 12:40:00,2070.4,2071.7,2069.1,2071.0,14020
2026-09-30 12:45:00,2070.9,2073.2,2070.2,2072.0,15889
2026-09-30 12:50:00,2072.2,2072.3,2069.6,2070.1,15847
2026-09-30 12:55:00,2070.1,2071.0,2068.0,2068.7,14813
2026-09-30 13:00:00,2068.5,2069.9,2067.0,2068.0,17704
2026-09-30 13:05:00,2068.0,2069.6,2067.2,2068.2,9618
2026-09-30 13:10:00,2068.2,2069.3,2067.4,2067.9,9634
2026-09-30 13:15:00,2067.7,2069.6,2066.9,2067.4,9304
2026-09-30 13:20:00,2067.4,2069.9,2067.4,2068.7,14338
2026-09-30 13:25:00,2068.7,2070.5,2067.9,2068.5,15462
2026-09-30 13:30:00,2068.1,2070.9,2068.1,2070.2,9455
2026-09-30 13:35:00,2070.2,2070.3,2068.3,2068.3,8836
2026-09-30 13:40:00,2068.1,2069.0,2064.3,2064.4,27533
2026-09-30 13:45:00,2064.4,2064.4,2062.2,2063.0,21243
2026-09-30 13:50:00,2063.0,2066.2,2062.5,2065.0,20784
2026-09-30 13:55:00,2065.0,2065.9,2063.6,2063.6,16242
2026-09-30 14:00:00,2064.0,2064.0,2061.3,2063.7,24065
2026-09-30 14:05:00,2063.7,2064.9,2062.3,2064.9,12293
2026-09-30 14:10:00,2064.4,2066.0,2063.3,2063.4,22480
2026-09-30 14:15:00,2063.4,2063.9,2061.2,2061.7,17559
2026-09-30 14:20:00,2062.4,2063.1,2058.4,2059.0,49949
2026-09-30 14:25:00,2059.4,2059.5,2052.8,2053.8,44547
2026-09-30 14:30:00,2053.8,2055.1,2052.2,2053.6,28401
2026-09-30 14:35:00,2053.6,2055.6,2052.0,2053.2,37271
2026-09-30 14:40:00,2053.3,2053.7,2051.3,2052.4,38235
2026-09-30 14:45:00,2052.4,2058.8,2052.4,2057.9,53166
2026-09-30 14:50:00,2058.0,2058.5,2056.1,2057.0,66483
2026-09-30 14:55:00,2056.9,2059.0,2055.8,2057.6,55011
2026-09-30 15:00:00,2056.8,2059.3,2056.1,2058.7,119515
2026-09-30 15:05:00,2058.7,2059.0,2056.3,2056.5,106907
2026-09-30 15:10:00,2056.5,2058.0,2054.1,2058.0,200292
2026-09-30 15:15:00,2055.7,2055.7,2055.7,2055.7,88
2026-09-30 15:20:00,2055.7,2055.7,2055.7,2055.7,0
2026-09-30 15:25:00,2055.7,2055.7,2050.6,2050.6,275712
2026-10-01 09:15:00,2052.6,2084.6,2052.6,2078.1,193604
2026-10-01 09:20:00,2078.1,2082.5,2077.5,2078.7,78698
2026-10-01 09:25:00,2078.1,2079.2,2071.1,2072.1,62890
2026-10-01 09:30:00,2072.1,2077.3,2069.1,2069.1,45596
2026-10-01 09:35:00,2069.5,2069.5,2065.0,2069.5,39365
2026-10-01 09:40:00,2069.5,2071.9,2066.3,2067.1,23848
2026-10-01 09:45:00,2067.3,2071.0,2065.8,2069.0,35330
2026-10-01 09:50:00,2069.0,2070.0,2063.3,2063.6,38740
2026-10-01 09:55:00,2063.2,2071.9,2063.0,2070.5,32851
2026-10-01 10:00:00,2070.5,2079.1,2070.0,2079.0,51185
2026-10-01 10:05:00,2079.0,2086.7,2078.9,2084.5,81498
2026-10-01 10:10:00,2085.0,2091.0,2082.6,2090.5,74191
2026-10-01 10:15:00,2091.0,2093.9,2086.2,2086.9,45301
2026-10-01 10:20:00,2086.1,2086.7,2082.2,2084.3,21303
2026-10-01 10:25:00,2084.0,2085.3,2080.1,2084.0,25023
2026-10-01 10:30:00,2083.5,2088.0,2083.5,2085.9,32325
2026-10-01 10:35:00,2085.8,2086.0,2080.4,2085.8,29466
2026-10-01 10:40:00,2086.0,2087.2,2083.3,2083.6,18079
2026-10-01 10:45:00,2082.9,2085.6,2082.9,2083.9,21339
2026-10-01 10:50:00,2083.8,2088.4,2083.8,2085.2,31313
2026-10-01 10:55:00,2085.0,2086.0,2083.0,2084.4,17344
2026-10-01 11:00:00,2083.9,2084.4,2082.2,2082.5,15254
2026-10-01 11:05:00,2082.5,2083.1,2077.0,2077.7,55043
2026-10-01 11:10:00,2077.8,2078.9,2076.0,2078.0,53374
2026-10-01 11:15:00,2077.7,2079.5,2075.3,2077.1,104893
2026-10-01 11:20:00,2077.2,2077.6,2075.2,2077.0,26004
2026-10-01 11:25:00,2076.5,2076.8,2073.8,2075.0,20144
2026-10-01 11:30:00,2075.0,2075.5,2072.5,2074.5,26667
2026-10-01 11:35:00,2074.5,2075.0,2072.9,2073.4,18662
2026-10-01 11:40:00,2073.4,2074.6,2072.2,2074.2,14789
2026-10-01 11:45:00,2074.5,2074.9,2068.0,2068.5,35514
2026-10-01 11:50:00,2069.0,2069.2,2066.5,2068.2,39831
2026-10-01 11:55:00,2068.2,2069.1,2067.2,2069.1,21225
2026-10-01 12:00:00,2069.1,2070.0,2066.2,2067.2,24014
2026-10-01 12:05:00,2067.1,2069.0,2065.8,2066.4,25608
2026-10-01 12:10:00,2066.4,2066.4,2063.6,2065.4,28921
2026-10-01 12:15:00,2065.4,2066.2,2063.2,2063.6,16195
2026-10-01 12:20:00,2063.6,2065.3,2061.2,2062.3,24401
2026-10-01 12:25:00,2062.3,2062.3,2057.6,2059.8,34346
2026-10-01 12:30:00,2059.8,2062.1,2057.3,2061.3,26073
2026-10-01 12:35:00,2061.3,2062.5,2059.6,2059.9,16346
2026-10-01 12:40:00,2060.0,2061.6,2056.9,2057.2,19241
2026-10-01 12:45:00,2057.0,2057.6,2053.0,2054.0,36704
2026-10-01 12:50:00,2054.2,2054.5,2047.5,2050.5,51362
2026-10-01 12:55:00,2050.5,2050.5,2045.3,2047.3,34071
2026-10-01 13:00:00,2046.5,2051.7,2046.2,2050.1,32460
2026-10-01 13:05:00,2049.0,2053.2,2047.8,2052.4,27593
2026-10-01 13:10:00,2052.0,2054.0,2051.0,2052.0,31634
2026-10-01 13:15:00,2051.7,2052.6,2048.8,2050.7,16930
2026-10-01 13:20:00,2050.6,2052.7,2050.0,2050.8,18918
2026-10-01 13:25:00,2050.9,2052.3,2049.3,2050.0,19089
2026-10-01 13:30:00,2050.0,2054.2,2048.8,2053.9,26097
2026-10-01 13:35:00,2053.8,2054.9,2051.4,2052.6,19107
2026-10-01 13:40:00,2052.4,2053.4,2045.1,2048.5,44928
2026-10-01 13:45:00,2048.9,2050.0,2047.5,2049.1,21365
2026-10-01 13:50:00,2049.1,2050.4,2047.8,2048.4,26803
2026-10-01 13:55:00,2048.5,2049.0,2046.6,2047.8,18322
2026-10-01 14:00:00,2047.8,2049.8,2045.5,2045.7,38213
2026-10-01 14:05:00,2045.5,2051.5,2045.5,2051.4,32243
2026-10-01 14:10:00,2051.5,2057.5,2050.0,2056.0,34896
2026-10-01 14:15:00,2056.0,2056.5,2053.0,2054.6,34735
2026-10-01 14:20:00,2054.4,2057.8,2054.3,2055.2,24505
2026-10-01 14:25:00,2055.2,2059.4,2055.0,2057.6,35267
2026-10-01 14:30:00,2057.8,2066.1,2057.8,2064.9,51135
2026-10-01 14:35:00,2065.0,2071.9,2063.5,2071.1,41330
2026-10-01 14:40:00,2071.3,2075.0,2069.2,2073.2,55677
2026-10-01 14:45:00,2073.3,2075.5,2071.0,2075.3,79328
2026-10-01 14:50:00,2075.5,2079.4,2074.2,2075.3,189587
2026-10-01 14:55:00,2075.3,2078.6,2073.5,2074.4,92258
2026-10-01 15:00:00,2072.8,2075.9,2072.8,2074.2,68572
2026-10-01 15:05:00,2074.2,2078.7,2074.2,2076.8,221131
2026-10-01 15:10:00,2076.5,2077.7,2073.4,2075.9,228263
2026-10-01 15:15:00,2075.9,2075.9,2075.9,2075.9,0
2026-10-01 15:20:00,2075.9,2075.9,2075.9,2075.9,0
2026-10-01 15:25:00,2075.9,2075.9,2075.0,2075.0,115723
2026-10-05 09:15:00,2114.0,2114.0,2063.6,2074.0,397161
2026-10-05 09:20:00,2073.1,2084.6,2067.6,2080.0,162291
2026-10-05 09:25:00,2081.0,2097.9,2080.2,2097.4,153169
2026-10-05 09:30:00,2097.4,2107.9,2096.2,2107.4,124159
2026-10-05 09:35:00,2107.3,2126.7,2103.6,2125.0,208901
2026-10-05 09:40:00,2125.0,2137.6,2118.6,2125.6,184104
2026-10-05 09:45:00,2126.1,2130.0,2124.1,2126.2,53426
2026-10-05 09:50:00,2126.9,2132.5,2125.0,2125.0,91812
2026-10-05 09:55:00,2125.2,2128.5,2120.8,2125.9,109496
2026-10-05 10:00:00,2125.9,2140.9,2125.0,2135.3,162687
2026-10-05 10:05:00,2135.3,2137.7,2128.2,2135.5,61660
2026-10-05 10:10:00,2135.8,2135.8,2126.5,2126.5,70992
2026-10-05 10:15:00,2127.1,2129.0,2125.0,2127.8,58022
2026-10-05 10:20:00,2128.0,2130.0,2122.0,2122.6,68567
2026-10-05 10:25:00,2122.9,2128.8,2120.5,2126.7,70484
2026-10-05 10:30:00,2126.2,2130.0,2126.0,2128.1,21501
2026-10-05 10:35:00,2128.3,2129.7,2123.6,2125.5,24749
2026-10-05 10:40:00,2125.5,2125.8,2115.6,2119.0,88732
2026-10-05 10:45:00,2119.0,2122.1,2115.5,2116.5,86875
2026-10-05 10:50:00,2115.8,2118.0,2110.0,2110.1,37870
2026-10-05 10:55:00,2109.6,2110.4,2106.1,2106.6,64231
2026-10-05 11:00:00,2106.6,2109.1,2106.0,2107.3,44689
2026-10-05 11:05:00,2107.9,2108.5,2104.0,2107.9,61890
2026-10-05 11:10:00,2107.9,2112.9,2106.2,2108.1,112261
2026-10-05 11:15:00,2108.1,2108.7,2106.3,2107.1,23209
2026-10-05 11:20:00,2107.1,2108.9,2105.3,2108.0,27659
2026-10-05 11:25:00,2108.0,2108.4,2105.0,2107.5,22639
2026-10-05 11:30:00,2108.0,2108.7,2107.0,2108.0,28687
2026-10-05 11:35:00,2107.5,2108.0,2094.8,2095.9,100575
2026-10-05 11:40:00,2096.0,2102.8,2095.8,2099.6,41063
2026-10-05 11:45:00,2099.5,2103.0,2097.2,2103.0,25530
2026-10-05 11:50:00,2102.9,2102.9,2097.1,2100.0,52221
2026-10-05 11:55:00,2100.3,2103.7,2096.1,2096.4,27345
2026-10-05 12:00:00,2096.4,2101.0,2096.0,2096.2,44126
2026-10-05 12:05:00,2097.0,2098.3,2094.3,2096.1,40888
2026-10-05 12:10:00,2096.7,2098.0,2095.1,2095.6,20594
2026-10-05 12:15:00,2096.0,2105.2,2095.4,2098.5,68396
2026-10-05 12:20:00,2098.5,2100.0,2096.6,2097.7,23540
2026-10-05 12:25:00,2097.7,2098.3,2094.2,2096.0,33714
2026-10-05 12:30:00,2096.0,2098.2,2094.0,2095.0,33961
2026-10-05 12:35:00,2095.3,2097.0,2090.3,2095.5,45033
2026-10-05 12:40:00,2095.5,2098.7,2095.2,2095.8,37091
2026-10-05 12:45:00,2096.4,2099.5,2095.8,2098.4,33201
2026-10-05 12:50:00,2098.4,2102.0,2097.0,2097.6,24368
2026-10-05 12:55:00,2097.6,2100.0,2095.4,2096.4,30568
2026-10-05 13:00:00,2096.3,2099.1,2095.0,2098.3,22355
2026-10-05 13:05:00,2098.3,2099.4,2095.5,2097.3,22459
2026-10-05 13:10:00,2097.3,2101.4,2097.0,2099.3,22309
2026-10-05 13:15:00,2099.3,2103.5,2099.0,2103.0,38459
2026-10-05 13:20:00,2103.5,2106.3,2100.8,2105.0,23334
2026-10-05 13:25:00,2105.0,2108.4,2102.9,2107.4,63887
2026-10-05 13:30:00,2107.8,2109.5,2103.9,2105.4,44574
2026-10-05 13:35:00,2105.5,2109.0,2102.6,2106.5,62946
2026-10-05 13:40:00,2107.5,2109.7,2105.3,2106.9,129871
2026-10-05 13:45:00,2107.0,2110.0,2107.0,2109.0,44272
2026-10-05 13:50:00,2109.0,2109.8,2108.0,2109.2,35858
2026-10-05 13:55:00,2109.2,2112.4,2108.1,2108.3,62360
2026-10-05 14:00:00,2109.2,2109.8,2101.7,2102.2,48533
2026-10-05 14:05:00,2102.2,2104.0,2100.2,2102.0,47589
2026-10-05 14:10:00,2102.0,2104.1,2100.1,2102.7,36374
2026-10-05 14:15:00,2102.7,2103.0,2098.1,2102.4,57128
2026-10-05 14:20:00,2102.3,2103.6,2101.1,2102.6,22118
2026-10-05 14:25:00,2102.6,2107.0,2102.0,2106.2,26154
2026-10-05 14:30:00,2106.5,2107.1,2103.9,2106.4,41765
2026-10-05 14:35:00,2106.4,2106.4,2103.7,2105.0,43006
2026-10-05 14:40:00,2105.0,2106.8,2104.3,2106.8,30249
2026-10-05 14:45:00,2106.0,2106.6,2103.5,2103.8,86167
2026-10-05 14:50:00,2103.8,2104.8,2102.5,2104.5,33338
2026-10-05 14:55:00,2104.2,2106.0,2103.5,2105.6,81147
2026-10-05 15:00:00,2106.0,2107.0,2103.5,2105.3,119656
2026-10-05 15:05:00,2105.4,2110.0,2104.2,2109.1,196574
2026-10-05 15:10:00,2108.7,2115.0,2105.0,2105.0,333448
2026-10-05 15:15:00,2105.0,2105.0,2105.0,2105.0,0
2026-10-05 15:20:00,2105.0,2105.0,2105.0,2105.0,0
2026-10-05 15:25:00,2105.0,2114.4,2105.0,2114.4,93495
